{
"type": "FeatureCollection",
"name": "kmeans_k200",
"crs": { "type": "name", "properties": { "name": "urn:ogc:def:crs:OGC:1.3:CRS84" } },
"features": [
{ "type": "Feature", "properties": { "cell_id": "vor_200_0", "algorithm": "kmeans", "param": 200, "seed_lon": 100.53196777179778, "seed_lat": 13.87820937567275, "type": "voronoi" }, "geometry": { "type": "Polygon", "coordinates": [ [ [ 100.549425199419844, 13.876204740296105 ], [ 100.528518254884901, 13.862688474585433 ], [ 100.518523806272995, 13.872560440523008 ], [ 100.523381270824061, 13.897669599417759 ], [ 100.543657087581479, 13.891550955348732 ], [ 100.549425199419844, 13.876204740296105 ] ] ] } },
{ "type": "Feature", "properties": { "cell_id": "vor_200_1", "algorithm": "kmeans", "param": 200, "seed_lon": 100.48370529390084, "seed_lat": 13.757057300534372, "type": "voronoi" }, "geometry": { "type": "Polygon", "coordinates": [ [ [ 100.474425540811211, 13.749469988603341 ], [ 100.477055822834856, 13.765764208159727 ], [ 100.492985012350317, 13.763642260449462 ], [ 100.493995332486634, 13.760171914634329 ], [ 100.487111921406182, 13.745718979626757 ], [ 100.474425540811211, 13.749469988603341 ] ] ] } },
{ "type": "Feature", "properties": { "cell_id": "vor_200_2", "algorithm": "kmeans", "param": 200, "seed_lon": 100.61915654626128, "seed_lat": 13.768272648922668, "type": "voronoi" }, "geometry": { "type": "Polygon", "coordinates": [ [ [ 100.632363290852027, 13.757008237000342 ], [ 100.63267099944153, 13.778125626733893 ], [ 100.628233568696729, 13.782347421971313 ], [ 100.60420409508977, 13.777066496807562 ], [ 100.602297585954261, 13.761573742726092 ], [ 100.614056642299715, 13.75333544181578 ], [ 100.632363290852027, 13.757008237000342 ] ] ] } },
{ "type": "Feature", "properties": { "cell_id": "vor_200_3", "algorithm": "kmeans", "param": 200, "seed_lon": 100.73169608917198, "seed_lat": 13.701696560509555, "type": "voronoi" }, "geometry": { "type": "Polygon", "coordinates": [ [ [ 100.720685624677344, 13.718051171561731 ], [ 100.746864080893218, 13.709608682768597 ], [ 100.733843436408492, 13.678944411795221 ], [ 100.708639772873909, 13.702819412796739 ], [ 100.720685624677344, 13.718051171561731 ] ] ] } },
{ "type": "Feature", "properties": { "cell_id": "vor_200_4", "algorithm": "kmeans", "param": 200, "seed_lon": 100.6176682281879, "seed_lat": 14.036889818791948, "type": "voronoi" }, "geometry": { "type": "Polygon", "coordinates": [ [ [ 100.650922107849823, 14.050694264592364 ], [ 100.642967177544193, 14.065171179107038 ], [ 100.634134197965878, 14.065666891463522 ], [ 100.574249287461313, 14.034950059735019 ], [ 100.575464733058496, 14.029108271906349 ], [ 100.586152903452501, 14.017672999234369 ], [ 100.632591295894258, 14.011939134797872 ], [ 100.636488618997305, 14.013219998202823 ], [ 100.643057169716258, 14.019455656716866 ], [ 100.650922107849823, 14.050694264592364 ] ] ] } },
{ "type": "Feature", "properties": { "cell_id": "vor_200_5", "algorithm": "kmeans", "param": 200, "seed_lon": 100.40562690021795, "seed_lat": 13.710348934023962, "type": "voronoi" }, "geometry": { "type": "Polygon", "coordinates": [ [ [ 100.419955428973807, 13.702166850289341 ], [ 100.417184679939709, 13.724125470756134 ], [ 100.389614819625393, 13.728185073581832 ], [ 100.387614887669997, 13.724766146161059 ], [ 100.396874855235026, 13.689746482095906 ], [ 100.419955428973807, 13.702166850289341 ] ] ] } },
{ "type": "Feature", "properties": { "cell_id": "vor_200_6", "algorithm": "kmeans", "param": 200, "seed_lon": 100.64157355441107, "seed_lat": 13.662306799742462, "type": "voronoi" }, "geometry": { "type": "Polygon", "coordinates": [ [ [ 100.656354093731579, 13.674615587622215 ], [ 100.66210826408242, 13.640171537126351 ], [ 100.655664548372229, 13.636599241716938 ], [ 100.625242797768294, 13.64920593551045 ], [ 100.625765890922509, 13.668714918082392 ], [ 100.656354093731579, 13.674615587622215 ] ] ] } },
{ "type": "Feature", "properties": { "cell_id": "vor_200_7", "algorithm": "kmeans", "param": 200, "seed_lon": 100.66985468181818, "seed_lat": 13.831287327922102, "type": "voronoi" }, "geometry": { "type": "Polygon", "coordinates": [ [ [ 100.683493674023396, 13.844432566578853 ], [ 100.660465299176678, 13.84938045757726 ], [ 100.652202981362549, 13.835219309862957 ], [ 100.676789410120435, 13.808540719704185 ], [ 100.689478063822747, 13.822241272296306 ], [ 100.683493674023396, 13.844432566578853 ] ] ] } },
{ "type": "Feature", "properties": { "cell_id": "vor_200_8", "algorithm": "kmeans", "param": 200, "seed_lon": 100.42958102664062, "seed_lat": 13.885909311241056, "type": "voronoi" }, "geometry": { "type": "Polygon", "coordinates": [ [ [ 100.420683222871716, 13.870028508816835 ], [ 100.433269655412701, 13.864519159333341 ], [ 100.440848712203703, 13.867896256968331 ], [ 100.447319508830077, 13.896972838585441 ], [ 100.417290719468895, 13.908975931610945 ], [ 100.412469593157851, 13.906199574063553 ], [ 100.420683222871716, 13.870028508816835 ] ] ] } },
{ "type": "Feature", "properties": { "cell_id": "vor_200_9", "algorithm": "kmeans", "param": 200, "seed_lon": 100.56951028531201, "seed_lat": 13.776862398731986, "type": "voronoi" }, "geometry": { "type": "Polygon", "coordinates": [ [ [ 100.554619508715405, 13.77482566719854 ], [ 100.566964882899384, 13.78947456391972 ], [ 100.58058003757597, 13.782352173351731 ], [ 100.576312130111887, 13.765964473447818 ], [ 100.559948539498194, 13.765389709082184 ], [ 100.554619508715405, 13.77482566719854 ] ] ] } },
{ "type": "Feature", "properties": { "cell_id": "vor_200_10", "algorithm": "kmeans", "param": 200, "seed_lon": 100.54181611504664, "seed_lat": 13.717355996032884, "type": "voronoi" }, "geometry": { "type": "Polygon", "coordinates": [ [ [ 100.544001468162548, 13.731783830475992 ], [ 100.551724709105599, 13.727393142214909 ], [ 100.558507648616455, 13.704284148446972 ], [ 100.532502815566929, 13.708156958813323 ], [ 100.530157395428247, 13.716980215023474 ], [ 100.544001468162548, 13.731783830475992 ] ] ] } },
{ "type": "Feature", "properties": { "cell_id": "vor_200_11", "algorithm": "kmeans", "param": 200, "seed_lon": 100.32325779638313, "seed_lat": 13.708316054922966, "type": "voronoi" }, "geometry": { "type": "Polygon", "coordinates": [ [ [ 100.338961825586495, 13.725328817118703 ], [ 100.307942607042094, 13.730922238120522 ], [ 100.303529904557109, 13.680207049883837 ], [ 100.335393544422175, 13.694008389662763 ], [ 100.338961825586495, 13.725328817118703 ] ] ] } },
{ "type": "Feature", "properties": { "cell_id": "vor_200_12", "algorithm": "kmeans", "param": 200, "seed_lon": 100.58625535919538, "seed_lat": 13.879282387452077, "type": "voronoi" }, "geometry": { "type": "Polygon", "coordinates": [ [ [ 100.567012773076442, 13.867279757573639 ], [ 100.567526496327361, 13.866864904578941 ], [ 100.597189243244742, 13.86062254142014 ], [ 100.604919650438305, 13.875889823737269 ], [ 100.59403095785089, 13.89807732158306 ], [ 100.57845559662438, 13.896107403015842 ], [ 100.567012773076442, 13.867279757573639 ] ] ] } },
{ "type": "Feature", "properties": { "cell_id": "vor_200_13", "algorithm": "kmeans", "param": 200, "seed_lon": 100.85623848791883, "seed_lat": 13.857496858924362, "type": "voronoi" }, "geometry": { "type": "Polygon", "coordinates": [ [ [ 100.788382268899582, 13.871772402840454 ], [ 100.789109797416941, 13.85183343857341 ], [ 100.790411081745603, 13.848222478669657 ], [ 100.908204534870762, 13.773429770730171 ], [ 100.970493563034552, 13.764210496683905 ], [ 100.996235712073698, 13.877185711000038 ], [ 100.957948456187466, 13.977758118793458 ], [ 100.878979634756774, 13.970119589360527 ], [ 100.788810001329395, 13.873646826455779 ], [ 100.788382268899582, 13.871772402840454 ] ] ] } },
{ "type": "Feature", "properties": { "cell_id": "vor_200_14", "algorithm": "kmeans", "param": 200, "seed_lon": 100.80054342187482, "seed_lat": 13.523885703125018, "type": "voronoi" }, "geometry": { "type": "Polygon", "coordinates": [ [ [ 100.902808534143205, 13.441073163743809 ], [ 100.899286399571508, 13.438004931778906 ], [ 100.756221419285794, 13.418089036889777 ], [ 100.736846719616793, 13.429572635969915 ], [ 100.738484788465641, 13.540226605088394 ], [ 100.739736481680808, 13.544030826080915 ], [ 100.812430803627294, 13.563941897385339 ], [ 100.867829362494149, 13.534311358664979 ], [ 100.902808534143205, 13.441073163743809 ] ] ] } },
{ "type": "Feature", "properties": { "cell_id": "vor_200_15", "algorithm": "kmeans", "param": 200, "seed_lon": 100.67884761904766, "seed_lat": 13.563926965452833, "type": "voronoi" }, "geometry": { "type": "Polygon", "coordinates": [ [ [ 100.696704299978336, 13.591661839994003 ], [ 100.739725947581206, 13.544068979008097 ], [ 100.739736481680808, 13.544030826080915 ], [ 100.738484788465641, 13.540226605088394 ], [ 100.65211278265366, 13.546734320619287 ], [ 100.650348768979811, 13.552485707854499 ], [ 100.675731290575072, 13.587722944366046 ], [ 100.696704299978336, 13.591661839994003 ] ] ] } },
{ "type": "Feature", "properties": { "cell_id": "vor_200_16", "algorithm": "kmeans", "param": 200, "seed_lon": 100.38082981990519, "seed_lat": 13.614715526066357, "type": "voronoi" }, "geometry": { "type": "Polygon", "coordinates": [ [ [ 100.402200346297676, 13.6337182333634 ], [ 100.338597047417238, 13.620575957758318 ], [ 100.400831440762985, 13.574989506143226 ], [ 100.411657608886031, 13.592355097648674 ], [ 100.402200346297676, 13.6337182333634 ] ] ] } },
{ "type": "Feature", "properties": { "cell_id": "vor_200_17", "algorithm": "kmeans", "param": 200, "seed_lon": 100.51133690721642, "seed_lat": 13.628214756995581, "type": "voronoi" }, "geometry": { "type": "Polygon", "coordinates": [ [ [ 100.470960200821381, 13.611632971758779 ], [ 100.509012148743182, 13.646646758121348 ], [ 100.531324932507971, 13.638288312822871 ], [ 100.524448647816669, 13.608495805803724 ], [ 100.473587676843479, 13.607188363020629 ], [ 100.470996007944294, 13.61037540665264 ], [ 100.470960200821381, 13.611632971758779 ] ] ] } },
{ "type": "Feature", "properties": { "cell_id": "vor_200_18", "algorithm": "kmeans", "param": 200, "seed_lon": 100.55680841444268, "seed_lat": 13.586231350078473, "type": "voronoi" }, "geometry": { "type": "Polygon", "coordinates": [ [ [ 100.582397788019847, 13.5563610616092 ], [ 100.529721197139679, 13.473221600493902 ], [ 100.535043421312125, 13.597847182857977 ], [ 100.571222656275921, 13.610454330740794 ], [ 100.581413827726024, 13.599667059027379 ], [ 100.582397788019847, 13.5563610616092 ] ] ] } },
{ "type": "Feature", "properties": { "cell_id": "vor_200_19", "algorithm": "kmeans", "param": 200, "seed_lon": 100.52958969665957, "seed_lat": 13.766574738675954, "type": "voronoi" }, "geometry": { "type": "Polygon", "coordinates": [ [ [ 100.51583306056159, 13.772998849131431 ], [ 100.517906646701761, 13.758076545231152 ], [ 100.523342543213843, 13.754165823240093 ], [ 100.535963436718362, 13.758408752216946 ], [ 100.539044244432432, 13.772338539728825 ], [ 100.526591218884718, 13.780789448918405 ], [ 100.51583306056159, 13.772998849131431 ] ] ] } },
{ "type": "Feature", "properties": { "cell_id": "vor_200_20", "algorithm": "kmeans", "param": 200, "seed_lon": 100.72366731875714, "seed_lat": 13.933383348676596, "type": "voronoi" }, "geometry": { "type": "Polygon", "coordinates": [ [ [ 100.695482437581163, 13.943649027000669 ], [ 100.734241029101369, 13.980124327584198 ], [ 100.739810832959023, 13.978659716726591 ], [ 100.749871528033481, 13.909266053695779 ], [ 100.70597655247461, 13.911816547818335 ], [ 100.695482437581163, 13.943649027000669 ] ] ] } },
{ "type": "Feature", "properties": { "cell_id": "vor_200_21", "algorithm": "kmeans", "param": 200, "seed_lon": 100.44501946782798, "seed_lat": 13.813431930333795, "type": "voronoi" }, "geometry": { "type": "Polygon", "coordinates": [ [ [ 100.461203384373974, 13.802385849630639 ], [ 100.439970986262765, 13.794450337459587 ], [ 100.426870456013077, 13.802435675224078 ], [ 100.432679256537767, 13.83110631413016 ], [ 100.457499505497083, 13.829875500379858 ], [ 100.464695458876733, 13.815635888816599 ], [ 100.461203384373974, 13.802385849630639 ] ] ] } },
{ "type": "Feature", "properties": { "cell_id": "vor_200_22", "algorithm": "kmeans", "param": 200, "seed_lon": 100.73379997648291, "seed_lat": 13.813373600731634, "type": "voronoi" }, "geometry": { "type": "Polygon", "coordinates": [ [ [ 100.713157047332984, 13.821015628542121 ], [ 100.722167202659833, 13.790577889561307 ], [ 100.767455307263774, 13.7871991844476 ], [ 100.790411081745603, 13.848222478669657 ], [ 100.789109797416941, 13.85183343857341 ], [ 100.721514180425686, 13.831057788337775 ], [ 100.713157047332984, 13.821015628542121 ] ] ] } },
{ "type": "Feature", "properties": { "cell_id": "vor_200_23", "algorithm": "kmeans", "param": 200, "seed_lon": 100.5382885447931, "seed_lat": 13.803268253751725, "type": "voronoi" }, "geometry": { "type": "Polygon", "coordinates": [ [ [ 100.541214375260125, 13.810824975394381 ], [ 100.536866346508958, 13.815400648176205 ], [ 100.524413107516807, 13.798452555476976 ], [ 100.528567999303803, 13.791817098963559 ], [ 100.543873486100793, 13.79382041387864 ], [ 100.545536851733686, 13.795780368311073 ], [ 100.546599938850576, 13.802598817232616 ], [ 100.541214375260125, 13.810824975394381 ] ] ] } },
{ "type": "Feature", "properties": { "cell_id": "vor_200_24", "algorithm": "kmeans", "param": 200, "seed_lon": 100.60050184654304, "seed_lat": 13.919089266441853, "type": "voronoi" }, "geometry": { "type": "Polygon", "coordinates": [ [ [ 100.600789328733683, 13.942690941970568 ], [ 100.617874154228943, 13.934154026067946 ], [ 100.619367304333551, 13.912041011079998 ], [ 100.59538794862965, 13.900075827908719 ], [ 100.586410053446158, 13.935423677088027 ], [ 100.600789328733683, 13.942690941970568 ] ] ] } },
{ "type": "Feature", "properties": { "cell_id": "vor_200_25", "algorithm": "kmeans", "param": 200, "seed_lon": 100.47753113141255, "seed_lat": 13.685682308503171, "type": "voronoi" }, "geometry": { "type": "Polygon", "coordinates": [ [ [ 100.46713232478605, 13.66164038012827 ], [ 100.492602130379467, 13.671271113091885 ], [ 100.488938946398378, 13.697791911032938 ], [ 100.470610371917303, 13.700721738038018 ], [ 100.46080831316003, 13.686775366172428 ], [ 100.46713232478605, 13.66164038012827 ] ] ] } },
{ "type": "Feature", "properties": { "cell_id": "vor_200_26", "algorithm": "kmeans", "param": 200, "seed_lon": 100.33018919402993, "seed_lat": 13.74675523880599, "type": "voronoi" }, "geometry": { "type": "Polygon", "coordinates": [ [ [ 100.330067176330587, 13.771175332369058 ], [ 100.285001524345489, 13.757604368608273 ], [ 100.307942607042094, 13.730922238120522 ], [ 100.338961825586495, 13.725328817118703 ], [ 100.343570605291958, 13.727575464858262 ], [ 100.350633200454837, 13.746629973095713 ], [ 100.330067176330587, 13.771175332369058 ] ] ] } },
{ "type": "Feature", "properties": { "cell_id": "vor_200_27", "algorithm": "kmeans", "param": 200, "seed_lon": 100.5199726350607, "seed_lat": 13.969726868798229, "type": "voronoi" }, "geometry": { "type": "Polygon", "coordinates": [ [ [ 100.54697496507525, 13.967123651243444 ], [ 100.537228209048862, 13.991700590618169 ], [ 100.485551830547422, 14.005936620498556 ], [ 100.510588521060043, 13.942689786967392 ], [ 100.516264739695202, 13.941454616362204 ], [ 100.54697496507525, 13.967123651243444 ] ] ] } },
{ "type": "Feature", "properties": { "cell_id": "vor_200_28", "algorithm": "kmeans", "param": 200, "seed_lon": 100.49350227760732, "seed_lat": 13.847745613496933, "type": "voronoi" }, "geometry": { "type": "Polygon", "coordinates": [ [ [ 100.500372086070271, 13.833468639530745 ], [ 100.494643852692207, 13.831246721035884 ], [ 100.470075146346574, 13.8527201065651 ], [ 100.470068743710172, 13.853819569944893 ], [ 100.498594765806757, 13.861481954580244 ], [ 100.505920381932484, 13.848817758811759 ], [ 100.500372086070271, 13.833468639530745 ] ] ] } },
{ "type": "Feature", "properties": { "cell_id": "vor_200_30", "algorithm": "kmeans", "param": 200, "seed_lon": 100.40350879395228, "seed_lat": 13.93118356891703, "type": "voronoi" }, "geometry": { "type": "Polygon", "coordinates": [ [ [ 100.390484898935767, 13.905205832969136 ], [ 100.371539818702686, 13.946120949293155 ], [ 100.395974890020881, 13.98013836204758 ], [ 100.427982875794797, 13.9385117953804 ], [ 100.417290719468895, 13.908975931610945 ], [ 100.412469593157851, 13.906199574063553 ], [ 100.390484898935767, 13.905205832969136 ] ] ] } },
{ "type": "Feature", "properties": { "cell_id": "vor_200_31", "algorithm": "kmeans", "param": 200, "seed_lon": 100.74802681759363, "seed_lat": 14.026020672703732, "type": "voronoi" }, "geometry": { "type": "Polygon", "coordinates": [ [ [ 100.734241029101369, 13.980124327584198 ], [ 100.711657120120037, 14.005852969254089 ], [ 100.710064285356864, 14.042500539608483 ], [ 100.756528429437481, 14.111796577345405 ], [ 100.822300439149927, 13.997917113488432 ], [ 100.739810832959023, 13.978659716726591 ], [ 100.734241029101369, 13.980124327584198 ] ] ] } },
{ "type": "Feature", "properties": { "cell_id": "vor_200_32", "algorithm": "kmeans", "param": 200, "seed_lon": 100.59902766947239, "seed_lat": 13.709892618520163, "type": "voronoi" }, "geometry": { "type": "Polygon", "coordinates": [ [ [ 100.61173033598449, 13.725743483040963 ], [ 100.601162106012168, 13.726604035049586 ], [ 100.579584767161109, 13.710878658810639 ], [ 100.574769268683326, 13.699670654487567 ], [ 100.594408969722707, 13.692419418330905 ], [ 100.615205171162927, 13.701573462220212 ], [ 100.614097255857359, 13.72383551104104 ], [ 100.61173033598449, 13.725743483040963 ] ] ] } },
{ "type": "Feature", "properties": { "cell_id": "vor_200_33", "algorithm": "kmeans", "param": 200, "seed_lon": 100.48072933890052, "seed_lat": 13.804020521920657, "type": "voronoi" }, "geometry": { "type": "Polygon", "coordinates": [ [ [ 100.486250818237508, 13.791857510481227 ], [ 100.465909175839855, 13.796786286281035 ], [ 100.461203384373974, 13.802385849630639 ], [ 100.464695458876733, 13.815635888816599 ], [ 100.488779551839173, 13.818020169985246 ], [ 100.497788286405978, 13.802747618126768 ], [ 100.486250818237508, 13.791857510481227 ] ] ] } },
{ "type": "Feature", "properties": { "cell_id": "vor_200_34", "algorithm": "kmeans", "param": 200, "seed_lon": 100.43647338333699, "seed_lat": 13.657139275328845, "type": "voronoi" }, "geometry": { "type": "Polygon", "coordinates": [ [ [ 100.463991686868013, 13.656570068776377 ], [ 100.430267080720483, 13.673011585779554 ], [ 100.42220696708776, 13.668049762588538 ], [ 100.417179843209865, 13.644960600522605 ], [ 100.461401686812962, 13.635382875250317 ], [ 100.463991686868013, 13.656570068776377 ] ] ] } },
{ "type": "Feature", "properties": { "cell_id": "vor_200_35", "algorithm": "kmeans", "param": 200, "seed_lon": 100.31668413654636, "seed_lat": 13.791602033132561, "type": "voronoi" }, "geometry": { "type": "Polygon", "coordinates": [ [ [ 100.335613784640984, 13.779533663549811 ], [ 100.331056141183211, 13.829672642048443 ], [ 100.326292283717365, 13.834022375536232 ], [ 100.269899725558048, 13.762819570184314 ], [ 100.285001524345489, 13.757604368608273 ], [ 100.330067176330587, 13.771175332369058 ], [ 100.335613784640984, 13.779533663549811 ] ] ] } },
{ "type": "Feature", "properties": { "cell_id": "vor_200_36", "algorithm": "kmeans", "param": 200, "seed_lon": 100.62752014634135, "seed_lat": 13.628393921200733, "type": "voronoi" }, "geometry": { "type": "Polygon", "coordinates": [ [ [ 100.655664548372229, 13.636599241716938 ], [ 100.643981907388053, 13.608020296926515 ], [ 100.630834543796908, 13.600857701522116 ], [ 100.614508377749871, 13.60918013612485 ], [ 100.609894400593447, 13.638504351961604 ], [ 100.611846819414126, 13.642316070842018 ], [ 100.625242797768294, 13.64920593551045 ], [ 100.655664548372229, 13.636599241716938 ] ] ] } },
{ "type": "Feature", "properties": { "cell_id": "vor_200_37", "algorithm": "kmeans", "param": 200, "seed_lon": 100.51304106677533, "seed_lat": 13.859047844733963, "type": "voronoi" }, "geometry": { "type": "Polygon", "coordinates": [ [ [ 100.528675825166289, 13.850904358360914 ], [ 100.528518254884901, 13.862688474585433 ], [ 100.518523806272995, 13.872560440523008 ], [ 100.502119543249393, 13.86918923617762 ], [ 100.498594765806757, 13.861481954580244 ], [ 100.505920381932484, 13.848817758811759 ], [ 100.528675825166289, 13.850904358360914 ] ] ] } },
{ "type": "Feature", "properties": { "cell_id": "vor_200_38", "algorithm": "kmeans", "param": 200, "seed_lon": 100.54985621463089, "seed_lat": 13.830033191856453, "type": "voronoi" }, "geometry": { "type": "Polygon", "coordinates": [ [ [ 100.554728034542705, 13.823735314318057 ], [ 100.559779747175853, 13.828570495461147 ], [ 100.559785562760624, 13.834894926315947 ], [ 100.544165742423218, 13.844198040643825 ], [ 100.540388989636611, 13.843457704174618 ], [ 100.542182392441291, 13.824616292656708 ], [ 100.554728034542705, 13.823735314318057 ] ] ] } },
{ "type": "Feature", "properties": { "cell_id": "vor_200_39", "algorithm": "kmeans", "param": 200, "seed_lon": 100.60115567887922, "seed_lat": 14.06908234913792, "type": "voronoi" }, "geometry": { "type": "Polygon", "coordinates": [ [ [ 100.574249287461313, 14.034950059735019 ], [ 100.634134197965878, 14.065666891463522 ], [ 100.556617113303602, 14.122566422298251 ], [ 100.555089815986889, 14.060984875687865 ], [ 100.574249287461313, 14.034950059735019 ] ] ] } },
{ "type": "Feature", "properties": { "cell_id": "vor_200_40", "algorithm": "kmeans", "param": 200, "seed_lon": 100.73917646057666, "seed_lat": 13.724891684612677, "type": "voronoi" }, "geometry": { "type": "Polygon", "coordinates": [ [ [ 100.720685624677344, 13.718051171561731 ], [ 100.720755212808129, 13.742600597651101 ], [ 100.756579326762321, 13.750288224766551 ], [ 100.758401494144252, 13.720895616043368 ], [ 100.752010180316503, 13.711643110797452 ], [ 100.746864080893218, 13.709608682768597 ], [ 100.720685624677344, 13.718051171561731 ] ] ] } },
{ "type": "Feature", "properties": { "cell_id": "vor_200_41", "algorithm": "kmeans", "param": 200, "seed_lon": 100.5552813450297, "seed_lat": 13.74104139780337, "type": "voronoi" }, "geometry": { "type": "Polygon", "coordinates": [ [ [ 100.547875260526865, 13.751005175338006 ], [ 100.54225085730657, 13.735386989453136 ], [ 100.544001468162548, 13.731783830475992 ], [ 100.551724709105599, 13.727393142214909 ], [ 100.570767734538705, 13.739003530022332 ], [ 100.55639275297429, 13.7548986927151 ], [ 100.547875260526865, 13.751005175338006 ] ] ] } },
{ "type": "Feature", "properties": { "cell_id": "vor_200_42", "algorithm": "kmeans", "param": 200, "seed_lon": 100.65217354430408, "seed_lat": 13.58314116455697, "type": "voronoi" }, "geometry": { "type": "Polygon", "coordinates": [ [ [ 100.630834543796908, 13.600857701522116 ], [ 100.643981907388053, 13.608020296926515 ], [ 100.675731290575072, 13.587722944366046 ], [ 100.650348768979811, 13.552485707854499 ], [ 100.628117816975617, 13.571532367959298 ], [ 100.630834543796908, 13.600857701522116 ] ] ] } },
{ "type": "Feature", "properties": { "cell_id": "vor_200_43", "algorithm": "kmeans", "param": 200, "seed_lon": 100.50286396309882, "seed_lat": 13.725098115279041, "type": "voronoi" }, "geometry": { "type": "Polygon", "coordinates": [ [ [ 100.487895946793159, 13.726644754777933 ], [ 100.499280886413885, 13.707127735188692 ], [ 100.502443100114419, 13.707157559626156 ], [ 100.516575772683225, 13.724834681142923 ], [ 100.515836496415304, 13.730450152189322 ], [ 100.502277883651985, 13.73800579414902 ], [ 100.492900262324497, 13.736213307315861 ], [ 100.487895946793159, 13.726644754777933 ] ] ] } },
{ "type": "Feature", "properties": { "cell_id": "vor_200_44", "algorithm": "kmeans", "param": 200, "seed_lon": 100.46108202772059, "seed_lat": 13.72344940195075, "type": "voronoi" }, "geometry": { "type": "Polygon", "coordinates": [ [ [ 100.459567504732391, 13.742414679167428 ], [ 100.442458397794155, 13.730455935923688 ], [ 100.447234583288662, 13.716182584344583 ], [ 100.467156335460231, 13.709670125754478 ], [ 100.474803376267204, 13.724677195964611 ], [ 100.459567504732391, 13.742414679167428 ] ] ] } },
{ "type": "Feature", "properties": { "cell_id": "vor_200_45", "algorithm": "kmeans", "param": 200, "seed_lon": 100.40025038853508, "seed_lat": 13.78908091719747, "type": "voronoi" }, "geometry": { "type": "Polygon", "coordinates": [ [ [ 100.410352486846477, 13.777191916185291 ], [ 100.417346661495031, 13.799709914130764 ], [ 100.392298989442736, 13.811338674175332 ], [ 100.384833540536846, 13.774327318424939 ], [ 100.410352486846477, 13.777191916185291 ] ] ] } },
{ "type": "Feature", "properties": { "cell_id": "vor_200_46", "algorithm": "kmeans", "param": 200, "seed_lon": 100.61409159545533, "seed_lat": 13.791319387503137, "type": "voronoi" }, "geometry": { "type": "Polygon", "coordinates": [ [ [ 100.618624246023984, 13.809769746803115 ], [ 100.627599021107841, 13.804512494964854 ], [ 100.628233568696729, 13.782347421971313 ], [ 100.60420409508977, 13.777066496807562 ], [ 100.596449049479119, 13.78780332299648 ], [ 100.618624246023984, 13.809769746803115 ] ] ] } },
{ "type": "Feature", "properties": { "cell_id": "vor_200_47", "algorithm": "kmeans", "param": 200, "seed_lon": 100.83914952986038, "seed_lat": 13.596065381194398, "type": "voronoi" }, "geometry": { "type": "Polygon", "coordinates": [ [ [ 100.867829362494149, 13.534311358664979 ], [ 100.812430803627294, 13.563941897385339 ], [ 100.806810731985934, 13.650701543408646 ], [ 100.903326245955625, 13.65504203622341 ], [ 100.867829362494149, 13.534311358664979 ] ] ] } },
{ "type": "Feature", "properties": { "cell_id": "vor_200_48", "algorithm": "kmeans", "param": 200, "seed_lon": 100.6698976562501, "seed_lat": 13.713558917824102, "type": "voronoi" }, "geometry": { "type": "Polygon", "coordinates": [ [ [ 100.669331440058414, 13.690399514229869 ], [ 100.686657396865186, 13.692078120330306 ], [ 100.69296488726205, 13.699772358624282 ], [ 100.67848263879938, 13.740716765041427 ], [ 100.66813939088405, 13.735830446437442 ], [ 100.650129459894004, 13.713591602501371 ], [ 100.650145276349605, 13.713294863958321 ], [ 100.669331440058414, 13.690399514229869 ] ] ] } },
{ "type": "Feature", "properties": { "cell_id": "vor_200_49", "algorithm": "kmeans", "param": 200, "seed_lon": 100.72609542101995, "seed_lat": 13.606636696373693, "type": "voronoi" }, "geometry": { "type": "Polygon", "coordinates": [ [ [ 100.698353961946651, 13.612733751379414 ], [ 100.73585976158239, 13.646813394064624 ], [ 100.743838811389423, 13.648457457427757 ], [ 100.764904663347721, 13.642225160295542 ], [ 100.739725947581206, 13.544068979008097 ], [ 100.696704299978336, 13.591661839994003 ], [ 100.698353961946651, 13.612733751379414 ] ] ] } },
{ "type": "Feature", "properties": { "cell_id": "vor_200_50", "algorithm": "kmeans", "param": 200, "seed_lon": 100.44135184210511, "seed_lat": 13.960282287449388, "type": "voronoi" }, "geometry": { "type": "Polygon", "coordinates": [ [ [ 100.395974890020881, 13.98013836204758 ], [ 100.397195601344379, 13.99025364877202 ], [ 100.468697137493223, 14.013201073252784 ], [ 100.461429223719662, 13.939088652413917 ], [ 100.427982875794797, 13.9385117953804 ], [ 100.395974890020881, 13.98013836204758 ] ] ] } },
{ "type": "Feature", "properties": { "cell_id": "vor_200_51", "algorithm": "kmeans", "param": 200, "seed_lon": 100.62033589350204, "seed_lat": 13.545980776173291, "type": "voronoi" }, "geometry": { "type": "Polygon", "coordinates": [ [ [ 100.628117816975617, 13.571532367959298 ], [ 100.650348768979811, 13.552485707854499 ], [ 100.65211278265366, 13.546734320619287 ], [ 100.608604044285258, 13.427206325346422 ], [ 100.52374327098471, 13.457908397099965 ], [ 100.529721197139679, 13.473221600493902 ], [ 100.582397788019847, 13.5563610616092 ], [ 100.628117816975617, 13.571532367959298 ] ] ] } },
{ "type": "Feature", "properties": { "cell_id": "vor_200_52", "algorithm": "kmeans", "param": 200, "seed_lon": 100.67433294117652, "seed_lat": 13.667779532749288, "type": "voronoi" }, "geometry": { "type": "Polygon", "coordinates": [ [ [ 100.656354093731579, 13.674615587622215 ], [ 100.66210826408242, 13.640171537126351 ], [ 100.665783105578498, 13.639891071842454 ], [ 100.696166246170804, 13.663204198802841 ], [ 100.686657396865186, 13.692078120330306 ], [ 100.669331440058414, 13.690399514229869 ], [ 100.657435124812437, 13.677688126342742 ], [ 100.656354093731579, 13.674615587622215 ] ] ] } },
{ "type": "Feature", "properties": { "cell_id": "vor_200_53", "algorithm": "kmeans", "param": 200, "seed_lon": 100.54518636078781, "seed_lat": 13.763125273052802, "type": "voronoi" }, "geometry": { "type": "Polygon", "coordinates": [ [ [ 100.554619508715405, 13.77482566719854 ], [ 100.559948539498194, 13.765389709082184 ], [ 100.55639275297429, 13.7548986927151 ], [ 100.547875260526865, 13.751005175338006 ], [ 100.535963436718362, 13.758408752216946 ], [ 100.539044244432432, 13.772338539728825 ], [ 100.553112394674613, 13.775328627585525 ], [ 100.554619508715405, 13.77482566719854 ] ] ] } },
{ "type": "Feature", "properties": { "cell_id": "vor_200_54", "algorithm": "kmeans", "param": 200, "seed_lon": 100.65237150530896, "seed_lat": 13.946429312929402, "type": "voronoi" }, "geometry": { "type": "Polygon", "coordinates": [ [ [ 100.658407121593683, 13.925611689019393 ], [ 100.632588575699572, 13.941452494973856 ], [ 100.639467749379293, 13.962666806453404 ], [ 100.655063342080368, 13.969913161824332 ], [ 100.662591959283048, 13.968822161059075 ], [ 100.679741591903536, 13.945995814151406 ], [ 100.658407121593683, 13.925611689019393 ] ] ] } },
{ "type": "Feature", "properties": { "cell_id": "vor_200_55", "algorithm": "kmeans", "param": 200, "seed_lon": 100.58459988289879, "seed_lat": 13.729689489198432, "type": "voronoi" }, "geometry": { "type": "Polygon", "coordinates": [ [ [ 100.571701437491967, 13.73885551016561 ], [ 100.585155393454414, 13.746578239093973 ], [ 100.601162106012168, 13.726604035049586 ], [ 100.579584767161109, 13.710878658810639 ], [ 100.571701437491967, 13.73885551016561 ] ] ] } },
{ "type": "Feature", "properties": { "cell_id": "vor_200_56", "algorithm": "kmeans", "param": 200, "seed_lon": 100.72105044613699, "seed_lat": 13.888345973884613, "type": "voronoi" }, "geometry": { "type": "Polygon", "coordinates": [ [ [ 100.690134027194404, 13.889784322369524 ], [ 100.701763669517135, 13.870085336478164 ], [ 100.788382268899582, 13.871772402840454 ], [ 100.788810001329395, 13.873646826455779 ], [ 100.749871528033481, 13.909266053695779 ], [ 100.70597655247461, 13.911816547818335 ], [ 100.690134027194404, 13.889784322369524 ] ] ] } },
{ "type": "Feature", "properties": { "cell_id": "vor_200_57", "algorithm": "kmeans", "param": 200, "seed_lon": 100.61870112105986, "seed_lat": 13.862853861031475, "type": "voronoi" }, "geometry": { "type": "Polygon", "coordinates": [ [ [ 100.622948240389093, 13.846038194221229 ], [ 100.637861641489067, 13.868501614552978 ], [ 100.629802665552788, 13.880092697376128 ], [ 100.604919650438305, 13.875889823737269 ], [ 100.597189243244742, 13.86062254142014 ], [ 100.598772397400566, 13.856475039199433 ], [ 100.622948240389093, 13.846038194221229 ] ] ] } },
{ "type": "Feature", "properties": { "cell_id": "vor_200_58", "algorithm": "kmeans", "param": 200, "seed_lon": 100.44670753911807, "seed_lat": 13.847473108108076, "type": "voronoi" }, "geometry": { "type": "Polygon", "coordinates": [ [ [ 100.470068743710172, 13.853819569944893 ], [ 100.467782226969291, 13.857795907588416 ], [ 100.440848712203703, 13.867896256968331 ], [ 100.433269655412701, 13.864519159333341 ], [ 100.428530576419135, 13.835915137165239 ], [ 100.432679256537767, 13.83110631413016 ], [ 100.457499505497083, 13.829875500379858 ], [ 100.470075146346574, 13.8527201065651 ], [ 100.470068743710172, 13.853819569944893 ] ] ] } },
{ "type": "Feature", "properties": { "cell_id": "vor_200_59", "algorithm": "kmeans", "param": 200, "seed_lon": 100.36622003964298, "seed_lat": 13.733400327056502, "type": "voronoi" }, "geometry": { "type": "Polygon", "coordinates": [ [ [ 100.389614819625393, 13.728185073581832 ], [ 100.387614887669997, 13.724766146161059 ], [ 100.365487126307315, 13.715300480074935 ], [ 100.343570605291958, 13.727575464858262 ], [ 100.350633200454837, 13.746629973095713 ], [ 100.37802138927556, 13.756583649218257 ], [ 100.386686890100222, 13.7459052658351 ], [ 100.389614819625393, 13.728185073581832 ] ] ] } },
{ "type": "Feature", "properties": { "cell_id": "vor_200_60", "algorithm": "kmeans", "param": 200, "seed_lon": 100.50948199600809, "seed_lat": 14.071355968063875, "type": "voronoi" }, "geometry": { "type": "Polygon", "coordinates": [ [ [ 100.473441446996347, 14.022981580406915 ], [ 100.434071773229917, 14.142004866502006 ], [ 100.446676234126357, 14.234261654465158 ], [ 100.552751223023776, 14.139984173348122 ], [ 100.556617113303602, 14.122566422298251 ], [ 100.555089815986889, 14.060984875687865 ], [ 100.473441446996347, 14.022981580406915 ] ] ] } },
{ "type": "Feature", "properties": { "cell_id": "vor_200_61", "algorithm": "kmeans", "param": 200, "seed_lon": 100.68040428781191, "seed_lat": 14.071362701908949, "type": "voronoi" }, "geometry": { "type": "Polygon", "coordinates": [ [ [ 100.650922107849823, 14.050694264592364 ], [ 100.642967177544193, 14.065171179107038 ], [ 100.676938011820681, 14.146742122023625 ], [ 100.75408584123943, 14.188381590507705 ], [ 100.756528429437481, 14.111796577345405 ], [ 100.710064285356864, 14.042500539608483 ], [ 100.650922107849823, 14.050694264592364 ] ] ] } },
{ "type": "Feature", "properties": { "cell_id": "vor_200_62", "algorithm": "kmeans", "param": 200, "seed_lon": 100.50788931306003, "seed_lat": 13.91419803964159, "type": "voronoi" }, "geometry": { "type": "Polygon", "coordinates": [ [ [ 100.485361428129693, 13.898313896956543 ], [ 100.522617752660395, 13.898631187158594 ], [ 100.526830713492757, 13.926412770462838 ], [ 100.516264739695202, 13.941454616362204 ], [ 100.510588521060043, 13.942689786967392 ], [ 100.475353474395888, 13.923589711591923 ], [ 100.47468410216446, 13.908993166798274 ], [ 100.480651698307028, 13.900548723284917 ], [ 100.485361428129693, 13.898313896956543 ] ] ] } },
{ "type": "Feature", "properties": { "cell_id": "vor_200_63", "algorithm": "kmeans", "param": 200, "seed_lon": 100.64589263380461, "seed_lat": 13.767883068397307, "type": "voronoi" }, "geometry": { "type": "Polygon", "coordinates": [ [ [ 100.632363290852027, 13.757008237000342 ], [ 100.63267099944153, 13.778125626733893 ], [ 100.657662201173522, 13.78230639036248 ], [ 100.664410438188668, 13.765353965712094 ], [ 100.635391860583312, 13.75455324814555 ], [ 100.632363290852027, 13.757008237000342 ] ] ] } },
{ "type": "Feature", "properties": { "cell_id": "vor_200_64", "algorithm": "kmeans", "param": 200, "seed_lon": 100.52287475300379, "seed_lat": 13.659014917668056, "type": "voronoi" }, "geometry": { "type": "Polygon", "coordinates": [ [ [ 100.531324932507971, 13.638288312822871 ], [ 100.509012148743182, 13.646646758121348 ], [ 100.503377682677396, 13.667831149454242 ], [ 100.517526441985808, 13.677043714380334 ], [ 100.555698537970358, 13.652202106642335 ], [ 100.531324932507971, 13.638288312822871 ] ] ] } },
{ "type": "Feature", "properties": { "cell_id": "vor_200_65", "algorithm": "kmeans", "param": 200, "seed_lon": 100.54408725283014, "seed_lat": 13.859462976100591, "type": "voronoi" }, "geometry": { "type": "Polygon", "coordinates": [ [ [ 100.540388989636611, 13.843457704174618 ], [ 100.531653748502507, 13.846408339692463 ], [ 100.528675825166289, 13.850904358360914 ], [ 100.528518254884901, 13.862688474585433 ], [ 100.549425199419844, 13.876204740296105 ], [ 100.56472932619377, 13.867380508771516 ], [ 100.544165742423218, 13.844198040643825 ], [ 100.540388989636611, 13.843457704174618 ] ] ] } },
{ "type": "Feature", "properties": { "cell_id": "vor_200_66", "algorithm": "kmeans", "param": 200, "seed_lon": 100.61582706117028, "seed_lat": 14.191008630319137, "type": "voronoi" }, "geometry": { "type": "Polygon", "coordinates": [ [ [ 100.75408584123943, 14.188381590507705 ], [ 100.786420259708905, 14.250181399720532 ], [ 100.756221419285794, 14.277421877970644 ], [ 100.613156439000079, 14.319354364885083 ], [ 100.470091458714364, 14.274169400728818 ], [ 100.441805418256806, 14.248011276900966 ], [ 100.446676234126357, 14.234261654465158 ], [ 100.552751223023776, 14.139984173348122 ], [ 100.676938011820681, 14.146742122023625 ], [ 100.75408584123943, 14.188381590507705 ] ] ] } },
{ "type": "Feature", "properties": { "cell_id": "vor_200_67", "algorithm": "kmeans", "param": 200, "seed_lon": 100.64982848765419, "seed_lat": 13.884495902777786, "type": "voronoi" }, "geometry": { "type": "Polygon", "coordinates": [ [ [ 100.657154851812521, 13.907722533073636 ], [ 100.634307466278329, 13.899885250675261 ], [ 100.629802665552788, 13.880092697376128 ], [ 100.637861641489067, 13.868501614552978 ], [ 100.655163003397263, 13.863803014046661 ], [ 100.677555150171614, 13.890333206585908 ], [ 100.657154851812521, 13.907722533073636 ] ] ] } },
{ "type": "Feature", "properties": { "cell_id": "vor_200_68", "algorithm": "kmeans", "param": 200, "seed_lon": 100.77698575151506, "seed_lat": 13.727235636363638, "type": "voronoi" }, "geometry": { "type": "Polygon", "coordinates": [ [ [ 100.758401494144252, 13.720895616043368 ], [ 100.756579326762321, 13.750288224766551 ], [ 100.771779707563013, 13.76845465801822 ], [ 100.814405049330944, 13.743953516494866 ], [ 100.801553479358461, 13.705745296583032 ], [ 100.758401494144252, 13.720895616043368 ] ] ] } },
{ "type": "Feature", "properties": { "cell_id": "vor_200_69", "algorithm": "kmeans", "param": 200, "seed_lon": 100.49807509509505, "seed_lat": 13.785643650316972, "type": "voronoi" }, "geometry": { "type": "Polygon", "coordinates": [ [ [ 100.497915853911735, 13.773439441403205 ], [ 100.507679299988055, 13.77615275996966 ], [ 100.503820424066106, 13.801481820198591 ], [ 100.497788286405978, 13.802747618126768 ], [ 100.486250818237508, 13.791857510481227 ], [ 100.487018410110849, 13.783599416610713 ], [ 100.497915853911735, 13.773439441403205 ] ] ] } },
{ "type": "Feature", "properties": { "cell_id": "vor_200_70", "algorithm": "kmeans", "param": 200, "seed_lon": 100.44227714475875, "seed_lat": 13.750353128119782, "type": "voronoi" }, "geometry": { "type": "Polygon", "coordinates": [ [ [ 100.459567504732391, 13.742414679167428 ], [ 100.442458397794155, 13.730455935923688 ], [ 100.429613392289639, 13.734121973907619 ], [ 100.422734703242384, 13.756938080493208 ], [ 100.423875192939065, 13.760370217213652 ], [ 100.441684469717643, 13.770086257761816 ], [ 100.451146830694128, 13.766094663408717 ], [ 100.459607975975231, 13.742532536636689 ], [ 100.459567504732391, 13.742414679167428 ] ] ] } },
{ "type": "Feature", "properties": { "cell_id": "vor_200_71", "algorithm": "kmeans", "param": 200, "seed_lon": 100.45869202793334, "seed_lat": 13.879430854748618, "type": "voronoi" }, "geometry": { "type": "Polygon", "coordinates": [ [ [ 100.467782226969291, 13.857795907588416 ], [ 100.440848712203703, 13.867896256968331 ], [ 100.447319508830077, 13.896972838585441 ], [ 100.47468410216446, 13.908993166798274 ], [ 100.480651698307028, 13.900548723284917 ], [ 100.467782226969291, 13.857795907588416 ] ] ] } },
{ "type": "Feature", "properties": { "cell_id": "vor_200_72", "algorithm": "kmeans", "param": 200, "seed_lon": 100.55410379263755, "seed_lat": 13.789846237757493, "type": "voronoi" }, "geometry": { "type": "Polygon", "coordinates": [ [ [ 100.554619508715405, 13.77482566719854 ], [ 100.566964882899384, 13.78947456391972 ], [ 100.565978619671867, 13.794619292159458 ], [ 100.545536851733686, 13.795780368311073 ], [ 100.543873486100793, 13.79382041387864 ], [ 100.553112394674613, 13.775328627585525 ], [ 100.554619508715405, 13.77482566719854 ] ] ] } },
{ "type": "Feature", "properties": { "cell_id": "vor_200_73", "algorithm": "kmeans", "param": 200, "seed_lon": 100.67612425377459, "seed_lat": 13.77991734320557, "type": "voronoi" }, "geometry": { "type": "Polygon", "coordinates": [ [ [ 100.657662201173522, 13.78230639036248 ], [ 100.662965005013405, 13.7972130311884 ], [ 100.675519776172905, 13.804412649916275 ], [ 100.703828930616041, 13.775590302088037 ], [ 100.699215412849796, 13.757228191101463 ], [ 100.683136535967876, 13.749584235332065 ], [ 100.664410438188668, 13.765353965712094 ], [ 100.657662201173522, 13.78230639036248 ] ] ] } },
{ "type": "Feature", "properties": { "cell_id": "vor_200_74", "algorithm": "kmeans", "param": 200, "seed_lon": 100.56124022058815, "seed_lat": 13.889211877450956, "type": "voronoi" }, "geometry": { "type": "Polygon", "coordinates": [ [ [ 100.567012773076442, 13.867279757573639 ], [ 100.57845559662438, 13.896107403015842 ], [ 100.561818138878849, 13.909731467157499 ], [ 100.543657087581479, 13.891550955348732 ], [ 100.549425199419844, 13.876204740296105 ], [ 100.56472932619377, 13.867380508771516 ], [ 100.567012773076442, 13.867279757573639 ] ] ] } },
{ "type": "Feature", "properties": { "cell_id": "vor_200_75", "algorithm": "kmeans", "param": 200, "seed_lon": 100.37908323511547, "seed_lat": 13.703330206561334, "type": "voronoi" }, "geometry": { "type": "Polygon", "coordinates": [ [ [ 100.396874855235026, 13.689746482095906 ], [ 100.387614887669997, 13.724766146161059 ], [ 100.365487126307315, 13.715300480074935 ], [ 100.363287230431865, 13.681946433853645 ], [ 100.368934582410006, 13.673553576165919 ], [ 100.375655305045683, 13.673106372094487 ], [ 100.395130610867653, 13.685807881405504 ], [ 100.396874855235026, 13.689746482095906 ] ] ] } },
{ "type": "Feature", "properties": { "cell_id": "vor_200_76", "algorithm": "kmeans", "param": 200, "seed_lon": 100.45623147775726, "seed_lat": 13.783432876294956, "type": "voronoi" }, "geometry": { "type": "Polygon", "coordinates": [ [ [ 100.451146830694128, 13.766094663408717 ], [ 100.466073751566256, 13.773465742584644 ], [ 100.465909175839855, 13.796786286281035 ], [ 100.461203384373974, 13.802385849630639 ], [ 100.439970986262765, 13.794450337459587 ], [ 100.441684469717643, 13.770086257761816 ], [ 100.451146830694128, 13.766094663408717 ] ] ] } },
{ "type": "Feature", "properties": { "cell_id": "vor_200_77", "algorithm": "kmeans", "param": 200, "seed_lon": 100.60175942276601, "seed_lat": 13.743440616485787, "type": "voronoi" }, "geometry": { "type": "Polygon", "coordinates": [ [ [ 100.61173033598449, 13.725743483040963 ], [ 100.601162106012168, 13.726604035049586 ], [ 100.585155393454414, 13.746578239093973 ], [ 100.587965384942493, 13.754490518533482 ], [ 100.602297585954261, 13.761573742726092 ], [ 100.614056642299715, 13.75333544181578 ], [ 100.61173033598449, 13.725743483040963 ] ] ] } },
{ "type": "Feature", "properties": { "cell_id": "vor_200_78", "algorithm": "kmeans", "param": 200, "seed_lon": 100.42970539701258, "seed_lat": 13.625890432389937, "type": "voronoi" }, "geometry": { "type": "Polygon", "coordinates": [ [ [ 100.461401686812962, 13.635382875250317 ], [ 100.470960200821381, 13.611632971758779 ], [ 100.470996007944294, 13.61037540665264 ], [ 100.411657608886031, 13.592355097648674 ], [ 100.402200346297676, 13.6337182333634 ], [ 100.402749770160995, 13.63550525549857 ], [ 100.417179843209865, 13.644960600522605 ], [ 100.461401686812962, 13.635382875250317 ] ] ] } },
{ "type": "Feature", "properties": { "cell_id": "vor_200_79", "algorithm": "kmeans", "param": 200, "seed_lon": 100.61041427789198, "seed_lat": 13.684024466119105, "type": "voronoi" }, "geometry": { "type": "Polygon", "coordinates": [ [ [ 100.625697924172414, 13.693899917613127 ], [ 100.615205171162927, 13.701573462220212 ], [ 100.594408969722707, 13.692419418330905 ], [ 100.600517744198001, 13.673947799767474 ], [ 100.623079284558742, 13.673107765681552 ], [ 100.625697924172414, 13.693899917613127 ] ] ] } },
{ "type": "Feature", "properties": { "cell_id": "vor_200_80", "algorithm": "kmeans", "param": 200, "seed_lon": 100.76814774193555, "seed_lat": 13.939832121588076, "type": "voronoi" }, "geometry": { "type": "Polygon", "coordinates": [ [ [ 100.739810832959023, 13.978659716726591 ], [ 100.822300439149927, 13.997917113488432 ], [ 100.878979634756774, 13.970119589360527 ], [ 100.788810001329395, 13.873646826455779 ], [ 100.749871528033481, 13.909266053695779 ], [ 100.739810832959023, 13.978659716726591 ] ] ] } },
{ "type": "Feature", "properties": { "cell_id": "vor_200_81", "algorithm": "kmeans", "param": 200, "seed_lon": 100.43180236643147, "seed_lat": 13.713651766633042, "type": "voronoi" }, "geometry": { "type": "Polygon", "coordinates": [ [ [ 100.43614489667938, 13.6946881594607 ], [ 100.447234583288662, 13.716182584344583 ], [ 100.442458397794155, 13.730455935923688 ], [ 100.429613392289639, 13.734121973907619 ], [ 100.417184679939709, 13.724125470756134 ], [ 100.419955428973807, 13.702166850289341 ], [ 100.43614489667938, 13.6946881594607 ] ] ] } },
{ "type": "Feature", "properties": { "cell_id": "vor_200_82", "algorithm": "kmeans", "param": 200, "seed_lon": 100.64643007447226, "seed_lat": 13.693893227141087, "type": "voronoi" }, "geometry": { "type": "Polygon", "coordinates": [ [ [ 100.657435124812437, 13.677688126342742 ], [ 100.669331440058414, 13.690399514229869 ], [ 100.650145276349605, 13.713294863958321 ], [ 100.629935294755214, 13.694938734807243 ], [ 100.657435124812437, 13.677688126342742 ] ] ] } },
{ "type": "Feature", "properties": { "cell_id": "vor_200_83", "algorithm": "kmeans", "param": 200, "seed_lon": 100.61204749024343, "seed_lat": 13.991367634344044, "type": "voronoi" }, "geometry": { "type": "Polygon", "coordinates": [ [ [ 100.600317303185662, 13.970874131526131 ], [ 100.589171614834513, 13.980589810912113 ], [ 100.586152903452501, 14.017672999234369 ], [ 100.632591295894258, 14.011939134797872 ], [ 100.619346091202573, 13.975006360049669 ], [ 100.600317303185662, 13.970874131526131 ] ] ] } },
{ "type": "Feature", "properties": { "cell_id": "vor_200_84", "algorithm": "kmeans", "param": 200, "seed_lon": 100.5489104470938, "seed_lat": 13.81336170640834, "type": "voronoi" }, "geometry": { "type": "Polygon", "coordinates": [ [ [ 100.556207194226218, 13.812909802338597 ], [ 100.555011729575568, 13.815628619493074 ], [ 100.536860115269647, 13.81605589524367 ], [ 100.536866346508958, 13.815400648176205 ], [ 100.541214375260125, 13.810824975394381 ], [ 100.556207194226218, 13.812909802338597 ] ] ] } },
{ "type": "Feature", "properties": { "cell_id": "vor_200_85", "algorithm": "kmeans", "param": 200, "seed_lon": 100.63250100215046, "seed_lat": 13.822746507526885, "type": "voronoi" }, "geometry": { "type": "Polygon", "coordinates": [ [ [ 100.613564512416545, 13.819217817902205 ], [ 100.618624246023984, 13.809769746803115 ], [ 100.627599021107841, 13.804512494964854 ], [ 100.64077220756171, 13.808528211376284 ], [ 100.646689156000491, 13.832652922824893 ], [ 100.6253932074153, 13.83889503669708 ], [ 100.613564512416545, 13.819217817902205 ] ] ] } },
{ "type": "Feature", "properties": { "cell_id": "vor_200_86", "algorithm": "kmeans", "param": 200, "seed_lon": 100.73028869297163, "seed_lat": 13.766308417591455, "type": "voronoi" }, "geometry": { "type": "Polygon", "coordinates": [ [ [ 100.722167202659833, 13.790577889561307 ], [ 100.767455307263774, 13.7871991844476 ], [ 100.771779707563013, 13.76845465801822 ], [ 100.756579326762321, 13.750288224766551 ], [ 100.720755212808129, 13.742600597651101 ], [ 100.699215412849796, 13.757228191101463 ], [ 100.703828930616041, 13.775590302088037 ], [ 100.722167202659833, 13.790577889561307 ] ] ] } },
{ "type": "Feature", "properties": { "cell_id": "vor_200_87", "algorithm": "kmeans", "param": 200, "seed_lon": 100.70223386603215, "seed_lat": 13.724996402584138, "type": "voronoi" }, "geometry": { "type": "Polygon", "coordinates": [ [ [ 100.720685624677344, 13.718051171561731 ], [ 100.720755212808129, 13.742600597651101 ], [ 100.699215412849796, 13.757228191101463 ], [ 100.683136535967876, 13.749584235332065 ], [ 100.67848263879938, 13.740716765041427 ], [ 100.69296488726205, 13.699772358624282 ], [ 100.708639772873909, 13.702819412796739 ], [ 100.720685624677344, 13.718051171561731 ] ] ] } },
{ "type": "Feature", "properties": { "cell_id": "vor_200_88", "algorithm": "kmeans", "param": 200, "seed_lon": 100.58907725719439, "seed_lat": 13.824444401978411, "type": "voronoi" }, "geometry": { "type": "Polygon", "coordinates": [ [ [ 100.605356079713602, 13.821172860029124 ], [ 100.584773860262388, 13.809218212078305 ], [ 100.584152218076483, 13.809432594771152 ], [ 100.577305921473808, 13.819976795276078 ], [ 100.58165841016968, 13.835112388085273 ], [ 100.59250924125277, 13.8394582901237 ], [ 100.605356079713602, 13.821172860029124 ] ] ] } },
{ "type": "Feature", "properties": { "cell_id": "vor_200_89", "algorithm": "kmeans", "param": 200, "seed_lon": 100.68694485754982, "seed_lat": 13.972404572649564, "type": "voronoi" }, "geometry": { "type": "Polygon", "coordinates": [ [ [ 100.695482437581163, 13.943649027000669 ], [ 100.734241029101369, 13.980124327584198 ], [ 100.711657120120037, 14.005852969254089 ], [ 100.685047530459627, 13.998844624649042 ], [ 100.662591959283048, 13.968822161059075 ], [ 100.679741591903536, 13.945995814151406 ], [ 100.695482437581163, 13.943649027000669 ] ] ] } },
{ "type": "Feature", "properties": { "cell_id": "vor_200_90", "algorithm": "kmeans", "param": 200, "seed_lon": 100.41566374741201, "seed_lat": 14.040323436853013, "type": "voronoi" }, "geometry": { "type": "Polygon", "coordinates": [ [ [ 100.472223616699821, 14.01611011451272 ], [ 100.473441446996347, 14.022981580406915 ], [ 100.434071773229917, 14.142004866502006 ], [ 100.354065431113341, 14.033264868008153 ], [ 100.397195601344379, 13.99025364877202 ], [ 100.468697137493223, 14.013201073252784 ], [ 100.472223616699821, 14.01611011451272 ] ] ] } },
{ "type": "Feature", "properties": { "cell_id": "vor_200_91", "algorithm": "kmeans", "param": 200, "seed_lon": 100.50815657761399, "seed_lat": 13.882815743896831, "type": "voronoi" }, "geometry": { "type": "Polygon", "coordinates": [ [ [ 100.485361428129693, 13.898313896956543 ], [ 100.522617752660395, 13.898631187158594 ], [ 100.523381270824061, 13.897669599417759 ], [ 100.518523806272995, 13.872560440523008 ], [ 100.502119543249393, 13.86918923617762 ], [ 100.485361428129693, 13.898313896956543 ] ] ] } },
{ "type": "Feature", "properties": { "cell_id": "vor_200_92", "algorithm": "kmeans", "param": 200, "seed_lon": 100.70000027146251, "seed_lat": 13.803368238887018, "type": "voronoi" }, "geometry": { "type": "Polygon", "coordinates": [ [ [ 100.713157047332984, 13.821015628542121 ], [ 100.722167202659833, 13.790577889561307 ], [ 100.703828930616041, 13.775590302088037 ], [ 100.675519776172905, 13.804412649916275 ], [ 100.676789410120435, 13.808540719704185 ], [ 100.689478063822747, 13.822241272296306 ], [ 100.713157047332984, 13.821015628542121 ] ] ] } },
{ "type": "Feature", "properties": { "cell_id": "vor_200_93", "algorithm": "kmeans", "param": 200, "seed_lon": 100.83507441926344, "seed_lat": 14.076295722379607, "type": "voronoi" }, "geometry": { "type": "Polygon", "coordinates": [ [ [ 100.822300439149927, 13.997917113488432 ], [ 100.878979634756774, 13.970119589360527 ], [ 100.957948456187466, 13.977758118793458 ], [ 100.982288798305632, 14.033975820428612 ], [ 100.962001727209355, 14.190765929857188 ], [ 100.926602529682995, 14.241939638936136 ], [ 100.899286399571508, 14.252544405565542 ], [ 100.786420259708905, 14.250181399720532 ], [ 100.75408584123943, 14.188381590507705 ], [ 100.756528429437481, 14.111796577345405 ], [ 100.822300439149927, 13.997917113488432 ] ] ] } },
{ "type": "Feature", "properties": { "cell_id": "vor_200_94", "algorithm": "kmeans", "param": 200, "seed_lon": 100.36224980456026, "seed_lat": 13.912079263843641, "type": "voronoi" }, "geometry": { "type": "Polygon", "coordinates": [ [ [ 100.372495464759709, 13.880390308296329 ], [ 100.309697302260545, 13.875128129519078 ], [ 100.255741203154329, 13.916819847237004 ], [ 100.371539818702686, 13.946120949293155 ], [ 100.390484898935767, 13.905205832969136 ], [ 100.372495464759709, 13.880390308296329 ] ] ] } },
{ "type": "Feature", "properties": { "cell_id": "vor_200_95", "algorithm": "kmeans", "param": 200, "seed_lon": 100.33752841714752, "seed_lat": 13.675368969497111, "type": "voronoi" }, "geometry": { "type": "Polygon", "coordinates": [ [ [ 100.363287230431865, 13.681946433853645 ], [ 100.335393544422175, 13.694008389662763 ], [ 100.303529904557109, 13.680207049883837 ], [ 100.300081594261997, 13.67554538969388 ], [ 100.334952882910912, 13.634532031181008 ], [ 100.368934582410006, 13.673553576165919 ], [ 100.363287230431865, 13.681946433853645 ] ] ] } },
{ "type": "Feature", "properties": { "cell_id": "vor_200_96", "algorithm": "kmeans", "param": 200, "seed_lon": 100.47814062526741, "seed_lat": 13.830169627408969, "type": "voronoi" }, "geometry": { "type": "Polygon", "coordinates": [ [ [ 100.464695458876733, 13.815635888816599 ], [ 100.457499505497083, 13.829875500379858 ], [ 100.470075146346574, 13.8527201065651 ], [ 100.494643852692207, 13.831246721035884 ], [ 100.488779551839173, 13.818020169985246 ], [ 100.464695458876733, 13.815635888816599 ] ] ] } },
{ "type": "Feature", "properties": { "cell_id": "vor_200_97", "algorithm": "kmeans", "param": 200, "seed_lon": 100.51356325574386, "seed_lat": 13.744298014717018, "type": "voronoi" }, "geometry": { "type": "Polygon", "coordinates": [ [ [ 100.515836496415304, 13.730450152189322 ], [ 100.52563387889353, 13.740578417201043 ], [ 100.523342543213843, 13.754165823240093 ], [ 100.517906646701761, 13.758076545231152 ], [ 100.50810751016158, 13.753266039772395 ], [ 100.502277883651985, 13.73800579414902 ], [ 100.515836496415304, 13.730450152189322 ] ] ] } },
{ "type": "Feature", "properties": { "cell_id": "vor_200_98", "algorithm": "kmeans", "param": 200, "seed_lon": 100.34247429718869, "seed_lat": 14.094173172690763, "type": "voronoi" }, "geometry": { "type": "Polygon", "coordinates": [ [ [ 100.284119956710342, 14.256165275208771 ], [ 100.234372846557079, 14.190765929857188 ], [ 100.221969985499229, 14.033975820428612 ], [ 100.225374051185426, 14.028325516113357 ], [ 100.354065431113341, 14.033264868008153 ], [ 100.434071773229917, 14.142004866502006 ], [ 100.446676234126357, 14.234261654465158 ], [ 100.441805418256806, 14.248011276900966 ], [ 100.32702647842865, 14.267413831165358 ], [ 100.284119956710342, 14.256165275208771 ] ] ] } },
{ "type": "Feature", "properties": { "cell_id": "vor_200_99", "algorithm": "kmeans", "param": 200, "seed_lon": 100.59622505040342, "seed_lat": 13.623469838709674, "type": "voronoi" }, "geometry": { "type": "Polygon", "coordinates": [ [ [ 100.570065503894583, 13.630285946152071 ], [ 100.571222656275921, 13.610454330740794 ], [ 100.581413827726024, 13.599667059027379 ], [ 100.614508377749871, 13.60918013612485 ], [ 100.609894400593447, 13.638504351961604 ], [ 100.570065503894583, 13.630285946152071 ] ] ] } },
{ "type": "Feature", "properties": { "cell_id": "vor_200_100", "algorithm": "kmeans", "param": 200, "seed_lon": 100.75170512870878, "seed_lat": 13.693200334053829, "type": "voronoi" }, "geometry": { "type": "Polygon", "coordinates": [ [ [ 100.746864080893218, 13.709608682768597 ], [ 100.752010180316503, 13.711643110797452 ], [ 100.791671440543823, 13.650210266616222 ], [ 100.764904663347721, 13.642225160295542 ], [ 100.743838811389423, 13.648457457427757 ], [ 100.733843436408492, 13.678944411795221 ], [ 100.746864080893218, 13.709608682768597 ] ] ] } },
{ "type": "Feature", "properties": { "cell_id": "vor_200_101", "algorithm": "kmeans", "param": 200, "seed_lon": 100.53365982791594, "seed_lat": 14.019410984703629, "type": "voronoi" }, "geometry": { "type": "Polygon", "coordinates": [ [ [ 100.472223616699821, 14.01611011451272 ], [ 100.473441446996347, 14.022981580406915 ], [ 100.555089815986889, 14.060984875687865 ], [ 100.574249287461313, 14.034950059735019 ], [ 100.575464733058496, 14.029108271906349 ], [ 100.537228209048862, 13.991700590618169 ], [ 100.485551830547422, 14.005936620498556 ], [ 100.472223616699821, 14.01611011451272 ] ] ] } },
{ "type": "Feature", "properties": { "cell_id": "vor_200_102", "algorithm": "kmeans", "param": 200, "seed_lon": 100.67892831242135, "seed_lat": 13.918634378920981, "type": "voronoi" }, "geometry": { "type": "Polygon", "coordinates": [ [ [ 100.657154851812521, 13.907722533073636 ], [ 100.677555150171614, 13.890333206585908 ], [ 100.690134027194404, 13.889784322369524 ], [ 100.70597655247461, 13.911816547818335 ], [ 100.695482437581163, 13.943649027000669 ], [ 100.679741591903536, 13.945995814151406 ], [ 100.658407121593683, 13.925611689019393 ], [ 100.657154851812521, 13.907722533073636 ] ] ] } },
{ "type": "Feature", "properties": { "cell_id": "vor_200_103", "algorithm": "kmeans", "param": 200, "seed_lon": 100.92536931216935, "seed_lat": 13.570715291005305, "type": "voronoi" }, "geometry": { "type": "Polygon", "coordinates": [ [ [ 100.987414203041666, 13.456943456141362 ], [ 101.035793075609661, 13.563605492142889 ], [ 100.9815564069592, 13.707034894011038 ], [ 100.903326245955625, 13.65504203622341 ], [ 100.867829362494149, 13.534311358664979 ], [ 100.902808534143205, 13.441073163743809 ], [ 100.987414203041666, 13.456943456141362 ] ] ] } },
{ "type": "Feature", "properties": { "cell_id": "vor_200_104", "algorithm": "kmeans", "param": 200, "seed_lon": 100.5490238686132, "seed_lat": 13.81818010218975, "type": "voronoi" }, "geometry": { "type": "Polygon", "coordinates": [ [ [ 100.555011729575568, 13.815628619493074 ], [ 100.554728034542705, 13.823735314318057 ], [ 100.542182392441291, 13.824616292656708 ], [ 100.536763101106416, 13.816520307811283 ], [ 100.536860115269647, 13.81605589524367 ], [ 100.555011729575568, 13.815628619493074 ] ] ] } },
{ "type": "Feature", "properties": { "cell_id": "vor_200_105", "algorithm": "kmeans", "param": 200, "seed_lon": 100.35408880658437, "seed_lat": 13.766780205761304, "type": "voronoi" }, "geometry": { "type": "Polygon", "coordinates": [ [ [ 100.37802138927556, 13.756583649218257 ], [ 100.350633200454837, 13.746629973095713 ], [ 100.330067176330587, 13.771175332369058 ], [ 100.335613784640984, 13.779533663549811 ], [ 100.363717848892918, 13.781570195946687 ], [ 100.378895665330305, 13.769118059312124 ], [ 100.37802138927556, 13.756583649218257 ] ] ] } },
{ "type": "Feature", "properties": { "cell_id": "vor_200_106", "algorithm": "kmeans", "param": 200, "seed_lon": 100.58756572449637, "seed_lat": 13.772160155945382, "type": "voronoi" }, "geometry": { "type": "Polygon", "coordinates": [ [ [ 100.576312130111887, 13.765964473447818 ], [ 100.587965384942493, 13.754490518533482 ], [ 100.602297585954261, 13.761573742726092 ], [ 100.60420409508977, 13.777066496807562 ], [ 100.596449049479119, 13.78780332299648 ], [ 100.595447914925117, 13.788181661046391 ], [ 100.58058003757597, 13.782352173351731 ], [ 100.576312130111887, 13.765964473447818 ] ] ] } },
{ "type": "Feature", "properties": { "cell_id": "vor_200_107", "algorithm": "kmeans", "param": 200, "seed_lon": 100.56485376121468, "seed_lat": 13.987525886818432, "type": "voronoi" }, "geometry": { "type": "Polygon", "coordinates": [ [ [ 100.556628399686048, 13.963031876884553 ], [ 100.589171614834513, 13.980589810912113 ], [ 100.586152903452501, 14.017672999234369 ], [ 100.575464733058496, 14.029108271906349 ], [ 100.537228209048862, 13.991700590618169 ], [ 100.54697496507525, 13.967123651243444 ], [ 100.556628399686048, 13.963031876884553 ] ] ] } },
{ "type": "Feature", "properties": { "cell_id": "vor_200_108", "algorithm": "kmeans", "param": 200, "seed_lon": 100.50492642010605, "seed_lat": 13.81829351859418, "type": "voronoi" }, "geometry": { "type": "Polygon", "coordinates": [ [ [ 100.503820424066106, 13.801481820198591 ], [ 100.497788286405978, 13.802747618126768 ], [ 100.488779551839173, 13.818020169985246 ], [ 100.494643852692207, 13.831246721035884 ], [ 100.500372086070271, 13.833468639530745 ], [ 100.517484312805166, 13.825717415314418 ], [ 100.511835479569996, 13.803894017914235 ], [ 100.503820424066106, 13.801481820198591 ] ] ] } },
{ "type": "Feature", "properties": { "cell_id": "vor_200_109", "algorithm": "kmeans", "param": 200, "seed_lon": 100.41443276657034, "seed_lat": 13.819628933717503, "type": "voronoi" }, "geometry": { "type": "Polygon", "coordinates": [ [ [ 100.392298989442736, 13.811338674175332 ], [ 100.384616182255172, 13.822714588472051 ], [ 100.39286292738349, 13.836583011943205 ], [ 100.428530576419135, 13.835915137165239 ], [ 100.432679256537767, 13.83110631413016 ], [ 100.426870456013077, 13.802435675224078 ], [ 100.417346661495031, 13.799709914130764 ], [ 100.392298989442736, 13.811338674175332 ] ] ] } },
{ "type": "Feature", "properties": { "cell_id": "vor_200_110", "algorithm": "kmeans", "param": 200, "seed_lon": 100.35692266724573, "seed_lat": 13.58207760208516, "type": "voronoi" }, "geometry": { "type": "Polygon", "coordinates": [ [ [ 100.338597047417238, 13.620575957758318 ], [ 100.33562179182934, 13.621465621849039 ], [ 100.314348201382401, 13.597853252281356 ], [ 100.345790476410386, 13.450004510489181 ], [ 100.390774496620111, 13.45738836426216 ], [ 100.400831440762985, 13.574989506143226 ], [ 100.338597047417238, 13.620575957758318 ] ] ] } },
{ "type": "Feature", "properties": { "cell_id": "vor_200_111", "algorithm": "kmeans", "param": 200, "seed_lon": 100.41889063516851, "seed_lat": 13.685701145181456, "type": "voronoi" }, "geometry": { "type": "Polygon", "coordinates": [ [ [ 100.430267080720483, 13.673011585779554 ], [ 100.43628672614156, 13.694384238817756 ], [ 100.43614489667938, 13.6946881594607 ], [ 100.419955428973807, 13.702166850289341 ], [ 100.396874855235026, 13.689746482095906 ], [ 100.395130610867653, 13.685807881405504 ], [ 100.42220696708776, 13.668049762588538 ], [ 100.430267080720483, 13.673011585779554 ] ] ] } },
{ "type": "Feature", "properties": { "cell_id": "vor_200_112", "algorithm": "kmeans", "param": 200, "seed_lon": 100.76894360909752, "seed_lat": 13.704329557610603, "type": "voronoi" }, "geometry": { "type": "Polygon", "coordinates": [ [ [ 100.758401494144252, 13.720895616043368 ], [ 100.801553479358461, 13.705745296583032 ], [ 100.804614139918925, 13.65169517809513 ], [ 100.791671440543823, 13.650210266616222 ], [ 100.752010180316503, 13.711643110797452 ], [ 100.758401494144252, 13.720895616043368 ] ] ] } },
{ "type": "Feature", "properties": { "cell_id": "vor_200_113", "algorithm": "kmeans", "param": 200, "seed_lon": 100.69493417967266, "seed_lat": 13.640930696612136, "type": "voronoi" }, "geometry": { "type": "Polygon", "coordinates": [ [ [ 100.665783105578498, 13.639891071842454 ], [ 100.698353961946651, 13.612733751379414 ], [ 100.73585976158239, 13.646813394064624 ], [ 100.696166246170804, 13.663204198802841 ], [ 100.665783105578498, 13.639891071842454 ] ] ] } },
{ "type": "Feature", "properties": { "cell_id": "vor_200_114", "algorithm": "kmeans", "param": 200, "seed_lon": 100.67596964878054, "seed_lat": 13.525729834146377, "type": "voronoi" }, "geometry": { "type": "Polygon", "coordinates": [ [ [ 100.65211278265366, 13.546734320619287 ], [ 100.738484788465641, 13.540226605088394 ], [ 100.736846719616793, 13.429572635969915 ], [ 100.613156439000079, 13.424106653839276 ], [ 100.608604044285258, 13.427206325346422 ], [ 100.65211278265366, 13.546734320619287 ] ] ] } },
{ "type": "Feature", "properties": { "cell_id": "vor_200_115", "algorithm": "kmeans", "param": 200, "seed_lon": 100.50320227104716, "seed_lat": 13.689228133470229, "type": "voronoi" }, "geometry": { "type": "Polygon", "coordinates": [ [ [ 100.488938946398378, 13.697791911032938 ], [ 100.499280886413885, 13.707127735188692 ], [ 100.502443100114419, 13.707157559626156 ], [ 100.52087152323486, 13.693392516578829 ], [ 100.521491560384476, 13.690421664439759 ], [ 100.517526441985808, 13.677043714380334 ], [ 100.503377682677396, 13.667831149454242 ], [ 100.492602130379467, 13.671271113091885 ], [ 100.488938946398378, 13.697791911032938 ] ] ] } },
{ "type": "Feature", "properties": { "cell_id": "vor_200_116", "algorithm": "kmeans", "param": 200, "seed_lon": 100.53581711753048, "seed_lat": 13.748050833126651, "type": "voronoi" }, "geometry": { "type": "Polygon", "coordinates": [ [ [ 100.547875260526865, 13.751005175338006 ], [ 100.54225085730657, 13.735386989453136 ], [ 100.52563387889353, 13.740578417201043 ], [ 100.523342543213843, 13.754165823240093 ], [ 100.535963436718362, 13.758408752216946 ], [ 100.547875260526865, 13.751005175338006 ] ] ] } },
{ "type": "Feature", "properties": { "cell_id": "vor_200_117", "algorithm": "kmeans", "param": 200, "seed_lon": 100.78179100383628, "seed_lat": 13.592349840153448, "type": "voronoi" }, "geometry": { "type": "Polygon", "coordinates": [ [ [ 100.791671440543823, 13.650210266616222 ], [ 100.764904663347721, 13.642225160295542 ], [ 100.739725947581206, 13.544068979008097 ], [ 100.739736481680808, 13.544030826080915 ], [ 100.812430803627294, 13.563941897385339 ], [ 100.806810731985934, 13.650701543408646 ], [ 100.804614139918925, 13.65169517809513 ], [ 100.791671440543823, 13.650210266616222 ] ] ] } },
{ "type": "Feature", "properties": { "cell_id": "vor_200_118", "algorithm": "kmeans", "param": 200, "seed_lon": 100.5865647024952, "seed_lat": 13.676137140115159, "type": "voronoi" }, "geometry": { "type": "Polygon", "coordinates": [ [ [ 100.574769268683326, 13.699670654487567 ], [ 100.594408969722707, 13.692419418330905 ], [ 100.600517744198001, 13.673947799767474 ], [ 100.59399433850561, 13.662346671979108 ], [ 100.5599838295241, 13.656733111888229 ], [ 100.561807403935617, 13.684429256681394 ], [ 100.566857016850363, 13.696208119576712 ], [ 100.574769268683326, 13.699670654487567 ] ] ] } },
{ "type": "Feature", "properties": { "cell_id": "vor_200_119", "algorithm": "kmeans", "param": 200, "seed_lon": 100.83411471193425, "seed_lat": 13.708019958847732, "type": "voronoi" }, "geometry": { "type": "Polygon", "coordinates": [ [ [ 100.804614139918925, 13.65169517809513 ], [ 100.806810731985934, 13.650701543408646 ], [ 100.903326245955625, 13.65504203622341 ], [ 100.9815564069592, 13.707034894011038 ], [ 100.984709242185986, 13.720395601571465 ], [ 100.970493563034552, 13.764210496683905 ], [ 100.908204534870762, 13.773429770730171 ], [ 100.814405049330944, 13.743953516494866 ], [ 100.801553479358461, 13.705745296583032 ], [ 100.804614139918925, 13.65169517809513 ] ] ] } },
{ "type": "Feature", "properties": { "cell_id": "vor_200_120", "algorithm": "kmeans", "param": 200, "seed_lon": 100.64183909709006, "seed_lat": 13.79211375033988, "type": "voronoi" }, "geometry": { "type": "Polygon", "coordinates": [ [ [ 100.657662201173522, 13.78230639036248 ], [ 100.662965005013405, 13.7972130311884 ], [ 100.64077220756171, 13.808528211376284 ], [ 100.627599021107841, 13.804512494964854 ], [ 100.628233568696729, 13.782347421971313 ], [ 100.63267099944153, 13.778125626733893 ], [ 100.657662201173522, 13.78230639036248 ] ] ] } },
{ "type": "Feature", "properties": { "cell_id": "vor_200_121", "algorithm": "kmeans", "param": 200, "seed_lon": 100.70189258736977, "seed_lat": 13.839927081545051, "type": "voronoi" }, "geometry": { "type": "Polygon", "coordinates": [ [ [ 100.683493674023396, 13.844432566578853 ], [ 100.689478063822747, 13.822241272296306 ], [ 100.713157047332984, 13.821015628542121 ], [ 100.721514180425686, 13.831057788337775 ], [ 100.700498519486601, 13.864009549295925 ], [ 100.683493674023396, 13.844432566578853 ] ] ] } },
{ "type": "Feature", "properties": { "cell_id": "vor_200_122", "algorithm": "kmeans", "param": 200, "seed_lon": 100.51985098511544, "seed_lat": 13.711517169996061, "type": "voronoi" }, "geometry": { "type": "Polygon", "coordinates": [ [ [ 100.530157395428247, 13.716980215023474 ], [ 100.532502815566929, 13.708156958813323 ], [ 100.52087152323486, 13.693392516578829 ], [ 100.502443100114419, 13.707157559626156 ], [ 100.516575772683225, 13.724834681142923 ], [ 100.530157395428247, 13.716980215023474 ] ] ] } },
{ "type": "Feature", "properties": { "cell_id": "vor_200_123", "algorithm": "kmeans", "param": 200, "seed_lon": 100.46800446859901, "seed_lat": 13.759591794340899, "type": "voronoi" }, "geometry": { "type": "Polygon", "coordinates": [ [ [ 100.459607975975231, 13.742532536636689 ], [ 100.451146830694128, 13.766094663408717 ], [ 100.466073751566256, 13.773465742584644 ], [ 100.473142763319586, 13.771175173581799 ], [ 100.477055822834856, 13.765764208159727 ], [ 100.474425540811211, 13.749469988603341 ], [ 100.459607975975231, 13.742532536636689 ] ] ] } },
{ "type": "Feature", "properties": { "cell_id": "vor_200_125", "algorithm": "kmeans", "param": 200, "seed_lon": 100.5547206339356, "seed_lat": 13.800706271918022, "type": "voronoi" }, "geometry": { "type": "Polygon", "coordinates": [ [ [ 100.55874148373691, 13.809316623905284 ], [ 100.559067075523004, 13.809205838041432 ], [ 100.567009854040478, 13.798666095502176 ], [ 100.565978619671867, 13.794619292159458 ], [ 100.545536851733686, 13.795780368311073 ], [ 100.546599938850576, 13.802598817232616 ], [ 100.55874148373691, 13.809316623905284 ] ] ] } },
{ "type": "Feature", "properties": { "cell_id": "vor_200_126", "algorithm": "kmeans", "param": 200, "seed_lon": 100.28720060227262, "seed_lat": 13.8149529659091, "type": "voronoi" }, "geometry": { "type": "Polygon", "coordinates": [ [ [ 100.309697302260545, 13.875128129519078 ], [ 100.326292283717365, 13.834022375536232 ], [ 100.269899725558048, 13.762819570184314 ], [ 100.203991671052222, 13.761705152854159 ], [ 100.193312403955076, 13.877185711000038 ], [ 100.232394057534435, 13.925756213506176 ], [ 100.255741203154329, 13.916819847237004 ], [ 100.309697302260545, 13.875128129519078 ] ] ] } },
{ "type": "Feature", "properties": { "cell_id": "vor_200_127", "algorithm": "kmeans", "param": 200, "seed_lon": 100.48730484653204, "seed_lat": 13.870817811540848, "type": "voronoi" }, "geometry": { "type": "Polygon", "coordinates": [ [ [ 100.470068743710172, 13.853819569944893 ], [ 100.467782226969291, 13.857795907588416 ], [ 100.480651698307028, 13.900548723284917 ], [ 100.485361428129693, 13.898313896956543 ], [ 100.502119543249393, 13.86918923617762 ], [ 100.498594765806757, 13.861481954580244 ], [ 100.470068743710172, 13.853819569944893 ] ] ] } },
{ "type": "Feature", "properties": { "cell_id": "vor_200_128", "algorithm": "kmeans", "param": 200, "seed_lon": 100.50434918168907, "seed_lat": 13.763067345825419, "type": "voronoi" }, "geometry": { "type": "Polygon", "coordinates": [ [ [ 100.497915853911735, 13.773439441403205 ], [ 100.507679299988055, 13.77615275996966 ], [ 100.51583306056159, 13.772998849131431 ], [ 100.517906646701761, 13.758076545231152 ], [ 100.50810751016158, 13.753266039772395 ], [ 100.493995332486634, 13.760171914634329 ], [ 100.492985012350317, 13.763642260449462 ], [ 100.497915853911735, 13.773439441403205 ] ] ] } },
{ "type": "Feature", "properties": { "cell_id": "vor_200_129", "algorithm": "kmeans", "param": 200, "seed_lon": 100.49806209927617, "seed_lat": 13.750219672526718, "type": "voronoi" }, "geometry": { "type": "Polygon", "coordinates": [ [ [ 100.492900262324497, 13.736213307315861 ], [ 100.502277883651985, 13.73800579414902 ], [ 100.50810751016158, 13.753266039772395 ], [ 100.493995332486634, 13.760171914634329 ], [ 100.487111921406182, 13.745718979626757 ], [ 100.492900262324497, 13.736213307315861 ] ] ] } },
{ "type": "Feature", "properties": { "cell_id": "vor_200_130", "algorithm": "kmeans", "param": 200, "seed_lon": 100.4818745801221, "seed_lat": 13.712854296146009, "type": "voronoi" }, "geometry": { "type": "Polygon", "coordinates": [ [ [ 100.487895946793159, 13.726644754777933 ], [ 100.499280886413885, 13.707127735188692 ], [ 100.488938946398378, 13.697791911032938 ], [ 100.470610371917303, 13.700721738038018 ], [ 100.467156335460231, 13.709670125754478 ], [ 100.474803376267204, 13.724677195964611 ], [ 100.487895946793159, 13.726644754777933 ] ] ] } },
{ "type": "Feature", "properties": { "cell_id": "vor_200_131", "algorithm": "kmeans", "param": 200, "seed_lon": 100.6136550501886, "seed_lat": 13.892729005646204, "type": "voronoi" }, "geometry": { "type": "Polygon", "coordinates": [ [ [ 100.619367304333551, 13.912041011079998 ], [ 100.634307466278329, 13.899885250675261 ], [ 100.629802665552788, 13.880092697376128 ], [ 100.604919650438305, 13.875889823737269 ], [ 100.59403095785089, 13.89807732158306 ], [ 100.59538794862965, 13.900075827908719 ], [ 100.619367304333551, 13.912041011079998 ] ] ] } },
{ "type": "Feature", "properties": { "cell_id": "vor_200_132", "algorithm": "kmeans", "param": 200, "seed_lon": 100.4100884854014, "seed_lat": 13.740648765206819, "type": "voronoi" }, "geometry": { "type": "Polygon", "coordinates": [ [ [ 100.389614819625393, 13.728185073581832 ], [ 100.417184679939709, 13.724125470756134 ], [ 100.429613392289639, 13.734121973907619 ], [ 100.422734703242384, 13.756938080493208 ], [ 100.386686890100222, 13.7459052658351 ], [ 100.389614819625393, 13.728185073581832 ] ] ] } },
{ "type": "Feature", "properties": { "cell_id": "vor_200_133", "algorithm": "kmeans", "param": 200, "seed_lon": 100.56548623119991, "seed_lat": 13.724303635886654, "type": "voronoi" }, "geometry": { "type": "Polygon", "coordinates": [ [ [ 100.571701437491967, 13.73885551016561 ], [ 100.579584767161109, 13.710878658810639 ], [ 100.574769268683326, 13.699670654487567 ], [ 100.566857016850363, 13.696208119576712 ], [ 100.558507648616455, 13.704284148446972 ], [ 100.551724709105599, 13.727393142214909 ], [ 100.570767734538705, 13.739003530022332 ], [ 100.571701437491967, 13.73885551016561 ] ] ] } },
{ "type": "Feature", "properties": { "cell_id": "vor_200_134", "algorithm": "kmeans", "param": 200, "seed_lon": 100.57966208519271, "seed_lat": 13.847952166328627, "type": "voronoi" }, "geometry": { "type": "Polygon", "coordinates": [ [ [ 100.59250924125277, 13.8394582901237 ], [ 100.58165841016968, 13.835112388085273 ], [ 100.570028588685318, 13.841567568673041 ], [ 100.567526496327361, 13.866864904578941 ], [ 100.597189243244742, 13.86062254142014 ], [ 100.598772397400566, 13.856475039199433 ], [ 100.59250924125277, 13.8394582901237 ] ] ] } },
{ "type": "Feature", "properties": { "cell_id": "vor_200_135", "algorithm": "kmeans", "param": 200, "seed_lon": 100.58161613654607, "seed_lat": 13.956457220883545, "type": "voronoi" }, "geometry": { "type": "Polygon", "coordinates": [ [ [ 100.600789328733683, 13.942690941970568 ], [ 100.600317303185662, 13.970874131526131 ], [ 100.589171614834513, 13.980589810912113 ], [ 100.556628399686048, 13.963031876884553 ], [ 100.568923572169069, 13.935338686549091 ], [ 100.586410053446158, 13.935423677088027 ], [ 100.600789328733683, 13.942690941970568 ] ] ] } },
{ "type": "Feature", "properties": { "cell_id": "vor_200_136", "algorithm": "kmeans", "param": 200, "seed_lon": 100.42541260477127, "seed_lat": 13.781265438426813, "type": "voronoi" }, "geometry": { "type": "Polygon", "coordinates": [ [ [ 100.441684469717643, 13.770086257761816 ], [ 100.439970986262765, 13.794450337459587 ], [ 100.426870456013077, 13.802435675224078 ], [ 100.417346661495031, 13.799709914130764 ], [ 100.410352486846477, 13.777191916185291 ], [ 100.423875192939065, 13.760370217213652 ], [ 100.441684469717643, 13.770086257761816 ] ] ] } },
{ "type": "Feature", "properties": { "cell_id": "vor_200_137", "algorithm": "kmeans", "param": 200, "seed_lon": 100.48524127562634, "seed_lat": 13.955978223234617, "type": "voronoi" }, "geometry": { "type": "Polygon", "coordinates": [ [ [ 100.472223616699821, 14.01611011451272 ], [ 100.485551830547422, 14.005936620498556 ], [ 100.510588521060043, 13.942689786967392 ], [ 100.475353474395888, 13.923589711591923 ], [ 100.461429223719662, 13.939088652413917 ], [ 100.468697137493223, 14.013201073252784 ], [ 100.472223616699821, 14.01611011451272 ] ] ] } },
{ "type": "Feature", "properties": { "cell_id": "vor_200_138", "algorithm": "kmeans", "param": 200, "seed_lon": 100.3471770087335, "seed_lat": 13.971647292576419, "type": "voronoi" }, "geometry": { "type": "Polygon", "coordinates": [ [ [ 100.371539818702686, 13.946120949293155 ], [ 100.255741203154329, 13.916819847237004 ], [ 100.232394057534435, 13.925756213506176 ], [ 100.225374051185426, 14.028325516113357 ], [ 100.354065431113341, 14.033264868008153 ], [ 100.397195601344379, 13.99025364877202 ], [ 100.395974890020881, 13.98013836204758 ], [ 100.371539818702686, 13.946120949293155 ] ] ] } },
{ "type": "Feature", "properties": { "cell_id": "vor_200_139", "algorithm": "kmeans", "param": 200, "seed_lon": 100.54487620355422, "seed_lat": 13.620473691437834, "type": "voronoi" }, "geometry": { "type": "Polygon", "coordinates": [ [ [ 100.55746600714167, 13.652462804877123 ], [ 100.555698537970358, 13.652202106642335 ], [ 100.531324932507971, 13.638288312822871 ], [ 100.524448647816669, 13.608495805803724 ], [ 100.535043421312125, 13.597847182857977 ], [ 100.571222656275921, 13.610454330740794 ], [ 100.570065503894583, 13.630285946152071 ], [ 100.55746600714167, 13.652462804877123 ] ] ] } },
{ "type": "Feature", "properties": { "cell_id": "vor_200_140", "algorithm": "kmeans", "param": 200, "seed_lon": 100.54931057341885, "seed_lat": 13.810484239013917, "type": "voronoi" }, "geometry": { "type": "Polygon", "coordinates": [ [ [ 100.556207194226218, 13.812909802338597 ], [ 100.541214375260125, 13.810824975394381 ], [ 100.546599938850576, 13.802598817232616 ], [ 100.55874148373691, 13.809316623905284 ], [ 100.556207194226218, 13.812909802338597 ] ] ] } },
{ "type": "Feature", "properties": { "cell_id": "vor_200_141", "algorithm": "kmeans", "param": 200, "seed_lon": 100.54090825553824, "seed_lat": 13.783253453322798, "type": "voronoi" }, "geometry": { "type": "Polygon", "coordinates": [ [ [ 100.526591218884718, 13.780789448918405 ], [ 100.539044244432432, 13.772338539728825 ], [ 100.553112394674613, 13.775328627585525 ], [ 100.543873486100793, 13.79382041387864 ], [ 100.528567999303803, 13.791817098963559 ], [ 100.526591218884718, 13.780789448918405 ] ] ] } },
{ "type": "Feature", "properties": { "cell_id": "vor_200_142", "algorithm": "kmeans", "param": 200, "seed_lon": 100.53873144672815, "seed_lat": 13.696643315305588, "type": "voronoi" }, "geometry": { "type": "Polygon", "coordinates": [ [ [ 100.558507648616455, 13.704284148446972 ], [ 100.532502815566929, 13.708156958813323 ], [ 100.52087152323486, 13.693392516578829 ], [ 100.521491560384476, 13.690421664439759 ], [ 100.561807403935617, 13.684429256681394 ], [ 100.566857016850363, 13.696208119576712 ], [ 100.558507648616455, 13.704284148446972 ] ] ] } },
{ "type": "Feature", "properties": { "cell_id": "vor_200_143", "algorithm": "kmeans", "param": 200, "seed_lon": 100.6520525922509, "seed_lat": 13.75133294280444, "type": "voronoi" }, "geometry": { "type": "Polygon", "coordinates": [ [ [ 100.635391860583312, 13.75455324814555 ], [ 100.664410438188668, 13.765353965712094 ], [ 100.683136535967876, 13.749584235332065 ], [ 100.67848263879938, 13.740716765041427 ], [ 100.66813939088405, 13.735830446437442 ], [ 100.638597100429564, 13.745560096987496 ], [ 100.635391860583312, 13.75455324814555 ] ] ] } },
{ "type": "Feature", "properties": { "cell_id": "vor_200_144", "algorithm": "kmeans", "param": 200, "seed_lon": 100.36766641233764, "seed_lat": 13.847438165584407, "type": "voronoi" }, "geometry": { "type": "Polygon", "coordinates": [ [ [ 100.372495464759709, 13.880390308296329 ], [ 100.309697302260545, 13.875128129519078 ], [ 100.326292283717365, 13.834022375536232 ], [ 100.331056141183211, 13.829672642048443 ], [ 100.365147519449806, 13.819559850149412 ], [ 100.384616182255172, 13.822714588472051 ], [ 100.39286292738349, 13.836583011943205 ], [ 100.390264951217134, 13.859900888829806 ], [ 100.372495464759709, 13.880390308296329 ] ] ] } },
{ "type": "Feature", "properties": { "cell_id": "vor_200_145", "algorithm": "kmeans", "param": 200, "seed_lon": 100.71100843205581, "seed_lat": 13.679857619047651, "type": "voronoi" }, "geometry": { "type": "Polygon", "coordinates": [ [ [ 100.708639772873909, 13.702819412796739 ], [ 100.69296488726205, 13.699772358624282 ], [ 100.686657396865186, 13.692078120330306 ], [ 100.696166246170804, 13.663204198802841 ], [ 100.73585976158239, 13.646813394064624 ], [ 100.743838811389423, 13.648457457427757 ], [ 100.733843436408492, 13.678944411795221 ], [ 100.708639772873909, 13.702819412796739 ] ] ] } },
{ "type": "Feature", "properties": { "cell_id": "vor_200_146", "algorithm": "kmeans", "param": 200, "seed_lon": 100.44659395847997, "seed_lat": 13.677898455313121, "type": "voronoi" }, "geometry": { "type": "Polygon", "coordinates": [ [ [ 100.463991686868013, 13.656570068776377 ], [ 100.46713232478605, 13.66164038012827 ], [ 100.46080831316003, 13.686775366172428 ], [ 100.43628672614156, 13.694384238817756 ], [ 100.430267080720483, 13.673011585779554 ], [ 100.463991686868013, 13.656570068776377 ] ] ] } },
{ "type": "Feature", "properties": { "cell_id": "vor_200_147", "algorithm": "kmeans", "param": 200, "seed_lon": 100.52975220124843, "seed_lat": 13.728637949459637, "type": "voronoi" }, "geometry": { "type": "Polygon", "coordinates": [ [ [ 100.515836496415304, 13.730450152189322 ], [ 100.516575772683225, 13.724834681142923 ], [ 100.530157395428247, 13.716980215023474 ], [ 100.544001468162548, 13.731783830475992 ], [ 100.54225085730657, 13.735386989453136 ], [ 100.52563387889353, 13.740578417201043 ], [ 100.515836496415304, 13.730450152189322 ] ] ] } },
{ "type": "Feature", "properties": { "cell_id": "vor_200_148", "algorithm": "kmeans", "param": 200, "seed_lon": 100.40313776637734, "seed_lat": 13.763359037095498, "type": "voronoi" }, "geometry": { "type": "Polygon", "coordinates": [ [ [ 100.386686890100222, 13.7459052658351 ], [ 100.37802138927556, 13.756583649218257 ], [ 100.378895665330305, 13.769118059312124 ], [ 100.384833540536846, 13.774327318424939 ], [ 100.410352486846477, 13.777191916185291 ], [ 100.423875192939065, 13.760370217213652 ], [ 100.422734703242384, 13.756938080493208 ], [ 100.386686890100222, 13.7459052658351 ] ] ] } },
{ "type": "Feature", "properties": { "cell_id": "vor_200_149", "algorithm": "kmeans", "param": 200, "seed_lon": 100.64598878391975, "seed_lat": 13.732921306532669, "type": "voronoi" }, "geometry": { "type": "Polygon", "coordinates": [ [ [ 100.631254327304887, 13.727232946795777 ], [ 100.650129459894004, 13.713591602501371 ], [ 100.66813939088405, 13.735830446437442 ], [ 100.638597100429564, 13.745560096987496 ], [ 100.631254327304887, 13.727232946795777 ] ] ] } },
{ "type": "Feature", "properties": { "cell_id": "vor_200_150", "algorithm": "kmeans", "param": 200, "seed_lon": 100.63805562785384, "seed_lat": 13.68054321347034, "type": "voronoi" }, "geometry": { "type": "Polygon", "coordinates": [ [ [ 100.656354093731579, 13.674615587622215 ], [ 100.625765890922509, 13.668714918082392 ], [ 100.623079284558742, 13.673107765681552 ], [ 100.625697924172414, 13.693899917613127 ], [ 100.629935294755214, 13.694938734807243 ], [ 100.657435124812437, 13.677688126342742 ], [ 100.656354093731579, 13.674615587622215 ] ] ] } },
{ "type": "Feature", "properties": { "cell_id": "vor_200_151", "algorithm": "kmeans", "param": 200, "seed_lon": 100.59139038028167, "seed_lat": 13.646900122065725, "type": "voronoi" }, "geometry": { "type": "Polygon", "coordinates": [ [ [ 100.5599838295241, 13.656733111888229 ], [ 100.59399433850561, 13.662346671979108 ], [ 100.611846819414126, 13.642316070842018 ], [ 100.609894400593447, 13.638504351961604 ], [ 100.570065503894583, 13.630285946152071 ], [ 100.55746600714167, 13.652462804877123 ], [ 100.5599838295241, 13.656733111888229 ] ] ] } },
{ "type": "Feature", "properties": { "cell_id": "vor_200_153", "algorithm": "kmeans", "param": 200, "seed_lon": 100.60660408247431, "seed_lat": 13.587362762886602, "type": "voronoi" }, "geometry": { "type": "Polygon", "coordinates": [ [ [ 100.630834543796908, 13.600857701522116 ], [ 100.628117816975617, 13.571532367959298 ], [ 100.582397788019847, 13.5563610616092 ], [ 100.581413827726024, 13.599667059027379 ], [ 100.614508377749871, 13.60918013612485 ], [ 100.630834543796908, 13.600857701522116 ] ] ] } },
{ "type": "Feature", "properties": { "cell_id": "vor_200_154", "algorithm": "kmeans", "param": 200, "seed_lon": 100.56080658165203, "seed_lat": 13.81859244004567, "type": "voronoi" }, "geometry": { "type": "Polygon", "coordinates": [ [ [ 100.556207194226218, 13.812909802338597 ], [ 100.555011729575568, 13.815628619493074 ], [ 100.554728034542705, 13.823735314318057 ], [ 100.559779747175853, 13.828570495461147 ], [ 100.570199021189808, 13.820452745817789 ], [ 100.559067075523004, 13.809205838041432 ], [ 100.55874148373691, 13.809316623905284 ], [ 100.556207194226218, 13.812909802338597 ] ] ] } },
{ "type": "Feature", "properties": { "cell_id": "vor_200_155", "algorithm": "kmeans", "param": 200, "seed_lon": 100.67367475851144, "seed_lat": 14.02278906571658, "type": "voronoi" }, "geometry": { "type": "Polygon", "coordinates": [ [ [ 100.711657120120037, 14.005852969254089 ], [ 100.710064285356864, 14.042500539608483 ], [ 100.650922107849823, 14.050694264592364 ], [ 100.643057169716258, 14.019455656716866 ], [ 100.685047530459627, 13.998844624649042 ], [ 100.711657120120037, 14.005852969254089 ] ] ] } },
{ "type": "Feature", "properties": { "cell_id": "vor_200_156", "algorithm": "kmeans", "param": 200, "seed_lon": 100.57029167490734, "seed_lat": 13.75461617016887, "type": "voronoi" }, "geometry": { "type": "Polygon", "coordinates": [ [ [ 100.559948539498194, 13.765389709082184 ], [ 100.576312130111887, 13.765964473447818 ], [ 100.587965384942493, 13.754490518533482 ], [ 100.585155393454414, 13.746578239093973 ], [ 100.571701437491967, 13.73885551016561 ], [ 100.570767734538705, 13.739003530022332 ], [ 100.55639275297429, 13.7548986927151 ], [ 100.559948539498194, 13.765389709082184 ] ] ] } },
{ "type": "Feature", "properties": { "cell_id": "vor_200_157", "algorithm": "kmeans", "param": 200, "seed_lon": 100.67000165227397, "seed_lat": 13.611028123200928, "type": "voronoi" }, "geometry": { "type": "Polygon", "coordinates": [ [ [ 100.66210826408242, 13.640171537126351 ], [ 100.665783105578498, 13.639891071842454 ], [ 100.698353961946651, 13.612733751379414 ], [ 100.696704299978336, 13.591661839994003 ], [ 100.675731290575072, 13.587722944366046 ], [ 100.643981907388053, 13.608020296926515 ], [ 100.655664548372229, 13.636599241716938 ], [ 100.66210826408242, 13.640171537126351 ] ] ] } },
{ "type": "Feature", "properties": { "cell_id": "vor_200_158", "algorithm": "kmeans", "param": 200, "seed_lon": 100.63711398448851, "seed_lat": 13.921561449345585, "type": "voronoi" }, "geometry": { "type": "Polygon", "coordinates": [ [ [ 100.657154851812521, 13.907722533073636 ], [ 100.634307466278329, 13.899885250675261 ], [ 100.619367304333551, 13.912041011079998 ], [ 100.617874154228943, 13.934154026067946 ], [ 100.632588575699572, 13.941452494973856 ], [ 100.658407121593683, 13.925611689019393 ], [ 100.657154851812521, 13.907722533073636 ] ] ] } },
{ "type": "Feature", "properties": { "cell_id": "vor_200_159", "algorithm": "kmeans", "param": 200, "seed_lon": 100.54474632385133, "seed_lat": 13.940087828227535, "type": "voronoi" }, "geometry": { "type": "Polygon", "coordinates": [ [ [ 100.568923572169069, 13.935338686549091 ], [ 100.556628399686048, 13.963031876884553 ], [ 100.54697496507525, 13.967123651243444 ], [ 100.516264739695202, 13.941454616362204 ], [ 100.526830713492757, 13.926412770462838 ], [ 100.560149458361465, 13.922702550658668 ], [ 100.568923572169069, 13.935338686549091 ] ] ] } },
{ "type": "Feature", "properties": { "cell_id": "vor_200_160", "algorithm": "kmeans", "param": 200, "seed_lon": 100.60013183774804, "seed_lat": 13.805411821192068, "type": "voronoi" }, "geometry": { "type": "Polygon", "coordinates": [ [ [ 100.613564512416545, 13.819217817902205 ], [ 100.618624246023984, 13.809769746803115 ], [ 100.596449049479119, 13.78780332299648 ], [ 100.595447914925117, 13.788181661046391 ], [ 100.584773860262388, 13.809218212078305 ], [ 100.605356079713602, 13.821172860029124 ], [ 100.613564512416545, 13.819217817902205 ] ] ] } },
{ "type": "Feature", "properties": { "cell_id": "vor_200_161", "algorithm": "kmeans", "param": 200, "seed_lon": 100.49083677419299, "seed_lat": 13.650493695529109, "type": "voronoi" }, "geometry": { "type": "Polygon", "coordinates": [ [ [ 100.463991686868013, 13.656570068776377 ], [ 100.46713232478605, 13.66164038012827 ], [ 100.492602130379467, 13.671271113091885 ], [ 100.503377682677396, 13.667831149454242 ], [ 100.509012148743182, 13.646646758121348 ], [ 100.470960200821381, 13.611632971758779 ], [ 100.461401686812962, 13.635382875250317 ], [ 100.463991686868013, 13.656570068776377 ] ] ] } },
{ "type": "Feature", "properties": { "cell_id": "vor_200_162", "algorithm": "kmeans", "param": 200, "seed_lon": 100.52486320032241, "seed_lat": 13.813133022974577, "type": "voronoi" }, "geometry": { "type": "Polygon", "coordinates": [ [ [ 100.536860115269647, 13.81605589524367 ], [ 100.536763101106416, 13.816520307811283 ], [ 100.519392016411814, 13.826431762465894 ], [ 100.517484312805166, 13.825717415314418 ], [ 100.511835479569996, 13.803894017914235 ], [ 100.524413107516807, 13.798452555476976 ], [ 100.536866346508958, 13.815400648176205 ], [ 100.536860115269647, 13.81605589524367 ] ] ] } },
{ "type": "Feature", "properties": { "cell_id": "vor_200_163", "algorithm": "kmeans", "param": 200, "seed_lon": 100.62099145631065, "seed_lat": 14.096105623599707, "type": "voronoi" }, "geometry": { "type": "Polygon", "coordinates": [ [ [ 100.634134197965878, 14.065666891463522 ], [ 100.642967177544193, 14.065171179107038 ], [ 100.676938011820681, 14.146742122023625 ], [ 100.552751223023776, 14.139984173348122 ], [ 100.556617113303602, 14.122566422298251 ], [ 100.634134197965878, 14.065666891463522 ] ] ] } },
{ "type": "Feature", "properties": { "cell_id": "vor_200_164", "algorithm": "kmeans", "param": 200, "seed_lon": 100.64009399535425, "seed_lat": 13.848651192411911, "type": "voronoi" }, "geometry": { "type": "Polygon", "coordinates": [ [ [ 100.660465299176678, 13.84938045757726 ], [ 100.655163003397263, 13.863803014046661 ], [ 100.637861641489067, 13.868501614552978 ], [ 100.622948240389093, 13.846038194221229 ], [ 100.6253932074153, 13.83889503669708 ], [ 100.646689156000491, 13.832652922824893 ], [ 100.652202981362549, 13.835219309862957 ], [ 100.660465299176678, 13.84938045757726 ] ] ] } },
{ "type": "Feature", "properties": { "cell_id": "vor_200_165", "algorithm": "kmeans", "param": 200, "seed_lon": 100.58182081926194, "seed_lat": 13.914344527829927, "type": "voronoi" }, "geometry": { "type": "Polygon", "coordinates": [ [ [ 100.561818138878849, 13.909731467157499 ], [ 100.560149458361465, 13.922702550658668 ], [ 100.568923572169069, 13.935338686549091 ], [ 100.586410053446158, 13.935423677088027 ], [ 100.59538794862965, 13.900075827908719 ], [ 100.59403095785089, 13.89807732158306 ], [ 100.57845559662438, 13.896107403015842 ], [ 100.561818138878849, 13.909731467157499 ] ] ] } },
{ "type": "Feature", "properties": { "cell_id": "vor_200_166", "algorithm": "kmeans", "param": 200, "seed_lon": 100.4541157905236, "seed_lat": 13.702139531172055, "type": "voronoi" }, "geometry": { "type": "Polygon", "coordinates": [ [ [ 100.43628672614156, 13.694384238817756 ], [ 100.43614489667938, 13.6946881594607 ], [ 100.447234583288662, 13.716182584344583 ], [ 100.467156335460231, 13.709670125754478 ], [ 100.470610371917303, 13.700721738038018 ], [ 100.46080831316003, 13.686775366172428 ], [ 100.43628672614156, 13.694384238817756 ] ] ] } },
{ "type": "Feature", "properties": { "cell_id": "vor_200_167", "algorithm": "kmeans", "param": 200, "seed_lon": 100.5147828068594, "seed_lat": 13.84005327166067, "type": "voronoi" }, "geometry": { "type": "Polygon", "coordinates": [ [ [ 100.519392016411814, 13.826431762465894 ], [ 100.531653748502507, 13.846408339692463 ], [ 100.528675825166289, 13.850904358360914 ], [ 100.505920381932484, 13.848817758811759 ], [ 100.500372086070271, 13.833468639530745 ], [ 100.517484312805166, 13.825717415314418 ], [ 100.519392016411814, 13.826431762465894 ] ] ] } },
{ "type": "Feature", "properties": { "cell_id": "vor_200_168", "algorithm": "kmeans", "param": 200, "seed_lon": 100.63047674239341, "seed_lat": 13.711457744421896, "type": "voronoi" }, "geometry": { "type": "Polygon", "coordinates": [ [ [ 100.614097255857359, 13.72383551104104 ], [ 100.615205171162927, 13.701573462220212 ], [ 100.625697924172414, 13.693899917613127 ], [ 100.629935294755214, 13.694938734807243 ], [ 100.650145276349605, 13.713294863958321 ], [ 100.650129459894004, 13.713591602501371 ], [ 100.631254327304887, 13.727232946795777 ], [ 100.614097255857359, 13.72383551104104 ] ] ] } },
{ "type": "Feature", "properties": { "cell_id": "vor_200_169", "algorithm": "kmeans", "param": 200, "seed_lon": 100.61949076819377, "seed_lat": 13.95709156334234, "type": "voronoi" }, "geometry": { "type": "Polygon", "coordinates": [ [ [ 100.600789328733683, 13.942690941970568 ], [ 100.600317303185662, 13.970874131526131 ], [ 100.619346091202573, 13.975006360049669 ], [ 100.639467749379293, 13.962666806453404 ], [ 100.632588575699572, 13.941452494973856 ], [ 100.617874154228943, 13.934154026067946 ], [ 100.600789328733683, 13.942690941970568 ] ] ] } },
{ "type": "Feature", "properties": { "cell_id": "vor_200_170", "algorithm": "kmeans", "param": 200, "seed_lon": 100.4757743736933, "seed_lat": 13.783570792731924, "type": "voronoi" }, "geometry": { "type": "Polygon", "coordinates": [ [ [ 100.473142763319586, 13.771175173581799 ], [ 100.466073751566256, 13.773465742584644 ], [ 100.465909175839855, 13.796786286281035 ], [ 100.486250818237508, 13.791857510481227 ], [ 100.487018410110849, 13.783599416610713 ], [ 100.473142763319586, 13.771175173581799 ] ] ] } },
{ "type": "Feature", "properties": { "cell_id": "vor_200_171", "algorithm": "kmeans", "param": 200, "seed_lon": 100.60779746717493, "seed_lat": 13.83759670478611, "type": "voronoi" }, "geometry": { "type": "Polygon", "coordinates": [ [ [ 100.613564512416545, 13.819217817902205 ], [ 100.6253932074153, 13.83889503669708 ], [ 100.622948240389093, 13.846038194221229 ], [ 100.598772397400566, 13.856475039199433 ], [ 100.59250924125277, 13.8394582901237 ], [ 100.605356079713602, 13.821172860029124 ], [ 100.613564512416545, 13.819217817902205 ] ] ] } },
{ "type": "Feature", "properties": { "cell_id": "vor_200_172", "algorithm": "kmeans", "param": 200, "seed_lon": 100.4057993588417, "seed_lat": 13.880509033092045, "type": "voronoi" }, "geometry": { "type": "Polygon", "coordinates": [ [ [ 100.372495464759709, 13.880390308296329 ], [ 100.390484898935767, 13.905205832969136 ], [ 100.412469593157851, 13.906199574063553 ], [ 100.420683222871716, 13.870028508816835 ], [ 100.390264951217134, 13.859900888829806 ], [ 100.372495464759709, 13.880390308296329 ] ] ] } },
{ "type": "Feature", "properties": { "cell_id": "vor_200_173", "algorithm": "kmeans", "param": 200, "seed_lon": 100.55933101694917, "seed_lat": 13.845941274325192, "type": "voronoi" }, "geometry": { "type": "Polygon", "coordinates": [ [ [ 100.559785562760624, 13.834894926315947 ], [ 100.570028588685318, 13.841567568673041 ], [ 100.567526496327361, 13.866864904578941 ], [ 100.567012773076442, 13.867279757573639 ], [ 100.56472932619377, 13.867380508771516 ], [ 100.544165742423218, 13.844198040643825 ], [ 100.559785562760624, 13.834894926315947 ] ] ] } },
{ "type": "Feature", "properties": { "cell_id": "vor_200_174", "algorithm": "kmeans", "param": 200, "seed_lon": 100.51402151195258, "seed_lat": 13.788073082893497, "type": "voronoi" }, "geometry": { "type": "Polygon", "coordinates": [ [ [ 100.507679299988055, 13.77615275996966 ], [ 100.503820424066106, 13.801481820198591 ], [ 100.511835479569996, 13.803894017914235 ], [ 100.524413107516807, 13.798452555476976 ], [ 100.528567999303803, 13.791817098963559 ], [ 100.526591218884718, 13.780789448918405 ], [ 100.51583306056159, 13.772998849131431 ], [ 100.507679299988055, 13.77615275996966 ] ] ] } },
{ "type": "Feature", "properties": { "cell_id": "vor_200_175", "algorithm": "kmeans", "param": 200, "seed_lon": 100.62452356067567, "seed_lat": 13.741521348694327, "type": "voronoi" }, "geometry": { "type": "Polygon", "coordinates": [ [ [ 100.61173033598449, 13.725743483040963 ], [ 100.614056642299715, 13.75333544181578 ], [ 100.632363290852027, 13.757008237000342 ], [ 100.635391860583312, 13.75455324814555 ], [ 100.638597100429564, 13.745560096987496 ], [ 100.631254327304887, 13.727232946795777 ], [ 100.614097255857359, 13.72383551104104 ], [ 100.61173033598449, 13.725743483040963 ] ] ] } },
{ "type": "Feature", "properties": { "cell_id": "vor_200_176", "algorithm": "kmeans", "param": 200, "seed_lon": 100.6353791666667, "seed_lat": 13.98300019290123, "type": "voronoi" }, "geometry": { "type": "Polygon", "coordinates": [ [ [ 100.639467749379293, 13.962666806453404 ], [ 100.655063342080368, 13.969913161824332 ], [ 100.636488618997305, 14.013219998202823 ], [ 100.632591295894258, 14.011939134797872 ], [ 100.619346091202573, 13.975006360049669 ], [ 100.639467749379293, 13.962666806453404 ] ] ] } },
{ "type": "Feature", "properties": { "cell_id": "vor_200_177", "algorithm": "kmeans", "param": 200, "seed_lon": 100.53617660547172, "seed_lat": 13.679454802015867, "type": "voronoi" }, "geometry": { "type": "Polygon", "coordinates": [ [ [ 100.5599838295241, 13.656733111888229 ], [ 100.561807403935617, 13.684429256681394 ], [ 100.521491560384476, 13.690421664439759 ], [ 100.517526441985808, 13.677043714380334 ], [ 100.555698537970358, 13.652202106642335 ], [ 100.55746600714167, 13.652462804877123 ], [ 100.5599838295241, 13.656733111888229 ] ] ] } },
{ "type": "Feature", "properties": { "cell_id": "vor_200_178", "algorithm": "kmeans", "param": 200, "seed_lon": 100.60963754633713, "seed_lat": 13.663163097969958, "type": "voronoi" }, "geometry": { "type": "Polygon", "coordinates": [ [ [ 100.625765890922509, 13.668714918082392 ], [ 100.625242797768294, 13.64920593551045 ], [ 100.611846819414126, 13.642316070842018 ], [ 100.59399433850561, 13.662346671979108 ], [ 100.600517744198001, 13.673947799767474 ], [ 100.623079284558742, 13.673107765681552 ], [ 100.625765890922509, 13.668714918082392 ] ] ] } },
{ "type": "Feature", "properties": { "cell_id": "vor_200_179", "algorithm": "kmeans", "param": 200, "seed_lon": 100.47808721530266, "seed_lat": 13.738056257414028, "type": "voronoi" }, "geometry": { "type": "Polygon", "coordinates": [ [ [ 100.459567504732391, 13.742414679167428 ], [ 100.474803376267204, 13.724677195964611 ], [ 100.487895946793159, 13.726644754777933 ], [ 100.492900262324497, 13.736213307315861 ], [ 100.487111921406182, 13.745718979626757 ], [ 100.474425540811211, 13.749469988603341 ], [ 100.459607975975231, 13.742532536636689 ], [ 100.459567504732391, 13.742414679167428 ] ] ] } },
{ "type": "Feature", "properties": { "cell_id": "vor_200_180", "algorithm": "kmeans", "param": 200, "seed_lon": 100.4453061569415, "seed_lat": 13.574519275653927, "type": "voronoi" }, "geometry": { "type": "Polygon", "coordinates": [ [ [ 100.470996007944294, 13.61037540665264 ], [ 100.473587676843479, 13.607188363020629 ], [ 100.504327692061537, 13.455721203259012 ], [ 100.470091458714364, 13.442321883875701 ], [ 100.390774496620111, 13.45738836426216 ], [ 100.400831440762985, 13.574989506143226 ], [ 100.411657608886031, 13.592355097648674 ], [ 100.470996007944294, 13.61037540665264 ] ] ] } },
{ "type": "Feature", "properties": { "cell_id": "vor_200_181", "algorithm": "kmeans", "param": 200, "seed_lon": 100.81001756255802, "seed_lat": 13.784702029657108, "type": "voronoi" }, "geometry": { "type": "Polygon", "coordinates": [ [ [ 100.767455307263774, 13.7871991844476 ], [ 100.771779707563013, 13.76845465801822 ], [ 100.814405049330944, 13.743953516494866 ], [ 100.908204534870762, 13.773429770730171 ], [ 100.790411081745603, 13.848222478669657 ], [ 100.767455307263774, 13.7871991844476 ] ] ] } },
{ "type": "Feature", "properties": { "cell_id": "vor_200_182", "algorithm": "kmeans", "param": 200, "seed_lon": 100.51236735399274, "seed_lat": 13.588129237187113, "type": "voronoi" }, "geometry": { "type": "Polygon", "coordinates": [ [ [ 100.473587676843479, 13.607188363020629 ], [ 100.504327692061537, 13.455721203259012 ], [ 100.52374327098471, 13.457908397099965 ], [ 100.529721197139679, 13.473221600493902 ], [ 100.535043421312125, 13.597847182857977 ], [ 100.524448647816669, 13.608495805803724 ], [ 100.473587676843479, 13.607188363020629 ] ] ] } },
{ "type": "Feature", "properties": { "cell_id": "vor_200_183", "algorithm": "kmeans", "param": 200, "seed_lon": 100.57877673291195, "seed_lat": 13.794576130683538, "type": "voronoi" }, "geometry": { "type": "Polygon", "coordinates": [ [ [ 100.565978619671867, 13.794619292159458 ], [ 100.566964882899384, 13.78947456391972 ], [ 100.58058003757597, 13.782352173351731 ], [ 100.595447914925117, 13.788181661046391 ], [ 100.584773860262388, 13.809218212078305 ], [ 100.584152218076483, 13.809432594771152 ], [ 100.567009854040478, 13.798666095502176 ], [ 100.565978619671867, 13.794619292159458 ] ] ] } },
{ "type": "Feature", "properties": { "cell_id": "vor_200_184", "algorithm": "kmeans", "param": 200, "seed_lon": 100.44209462909424, "seed_lat": 13.9172152697495, "type": "voronoi" }, "geometry": { "type": "Polygon", "coordinates": [ [ [ 100.427982875794797, 13.9385117953804 ], [ 100.461429223719662, 13.939088652413917 ], [ 100.475353474395888, 13.923589711591923 ], [ 100.47468410216446, 13.908993166798274 ], [ 100.447319508830077, 13.896972838585441 ], [ 100.417290719468895, 13.908975931610945 ], [ 100.427982875794797, 13.9385117953804 ] ] ] } },
{ "type": "Feature", "properties": { "cell_id": "vor_200_185", "algorithm": "kmeans", "param": 200, "seed_lon": 100.72174687214587, "seed_lat": 13.852589558599698, "type": "voronoi" }, "geometry": { "type": "Polygon", "coordinates": [ [ [ 100.700498519486601, 13.864009549295925 ], [ 100.701763669517135, 13.870085336478164 ], [ 100.788382268899582, 13.871772402840454 ], [ 100.789109797416941, 13.85183343857341 ], [ 100.721514180425686, 13.831057788337775 ], [ 100.700498519486601, 13.864009549295925 ] ] ] } },
{ "type": "Feature", "properties": { "cell_id": "vor_200_186", "algorithm": "kmeans", "param": 200, "seed_lon": 100.37634126012586, "seed_lat": 13.793903555355525, "type": "voronoi" }, "geometry": { "type": "Polygon", "coordinates": [ [ [ 100.378895665330305, 13.769118059312124 ], [ 100.384833540536846, 13.774327318424939 ], [ 100.392298989442736, 13.811338674175332 ], [ 100.384616182255172, 13.822714588472051 ], [ 100.365147519449806, 13.819559850149412 ], [ 100.363717848892918, 13.781570195946687 ], [ 100.378895665330305, 13.769118059312124 ] ] ] } },
{ "type": "Feature", "properties": { "cell_id": "vor_200_187", "algorithm": "kmeans", "param": 200, "seed_lon": 100.65914851428566, "seed_lat": 13.993195097142877, "type": "voronoi" }, "geometry": { "type": "Polygon", "coordinates": [ [ [ 100.685047530459627, 13.998844624649042 ], [ 100.643057169716258, 14.019455656716866 ], [ 100.636488618997305, 14.013219998202823 ], [ 100.655063342080368, 13.969913161824332 ], [ 100.662591959283048, 13.968822161059075 ], [ 100.685047530459627, 13.998844624649042 ] ] ] } },
{ "type": "Feature", "properties": { "cell_id": "vor_200_188", "algorithm": "kmeans", "param": 200, "seed_lon": 100.56843531060601, "seed_lat": 13.811041689393923, "type": "voronoi" }, "geometry": { "type": "Polygon", "coordinates": [ [ [ 100.567009854040478, 13.798666095502176 ], [ 100.584152218076483, 13.809432594771152 ], [ 100.577305921473808, 13.819976795276078 ], [ 100.570199021189808, 13.820452745817789 ], [ 100.559067075523004, 13.809205838041432 ], [ 100.567009854040478, 13.798666095502176 ] ] ] } },
{ "type": "Feature", "properties": { "cell_id": "vor_200_189", "algorithm": "kmeans", "param": 200, "seed_lon": 100.40469594973396, "seed_lat": 13.664058066698907, "type": "voronoi" }, "geometry": { "type": "Polygon", "coordinates": [ [ [ 100.417179843209865, 13.644960600522605 ], [ 100.402749770160995, 13.63550525549857 ], [ 100.375655305045683, 13.673106372094487 ], [ 100.395130610867653, 13.685807881405504 ], [ 100.42220696708776, 13.668049762588538 ], [ 100.417179843209865, 13.644960600522605 ] ] ] } },
{ "type": "Feature", "properties": { "cell_id": "vor_200_190", "algorithm": "kmeans", "param": 200, "seed_lon": 100.41505235191629, "seed_lat": 13.852717700348414, "type": "voronoi" }, "geometry": { "type": "Polygon", "coordinates": [ [ [ 100.390264951217134, 13.859900888829806 ], [ 100.39286292738349, 13.836583011943205 ], [ 100.428530576419135, 13.835915137165239 ], [ 100.433269655412701, 13.864519159333341 ], [ 100.420683222871716, 13.870028508816835 ], [ 100.390264951217134, 13.859900888829806 ] ] ] } },
{ "type": "Feature", "properties": { "cell_id": "vor_200_191", "algorithm": "kmeans", "param": 200, "seed_lon": 100.65468352658571, "seed_lat": 13.817305909673319, "type": "voronoi" }, "geometry": { "type": "Polygon", "coordinates": [ [ [ 100.652202981362549, 13.835219309862957 ], [ 100.646689156000491, 13.832652922824893 ], [ 100.64077220756171, 13.808528211376284 ], [ 100.662965005013405, 13.7972130311884 ], [ 100.675519776172905, 13.804412649916275 ], [ 100.676789410120435, 13.808540719704185 ], [ 100.652202981362549, 13.835219309862957 ] ] ] } },
{ "type": "Feature", "properties": { "cell_id": "vor_200_192", "algorithm": "kmeans", "param": 200, "seed_lon": 100.48575268604458, "seed_lat": 13.772426810966831, "type": "voronoi" }, "geometry": { "type": "Polygon", "coordinates": [ [ [ 100.497915853911735, 13.773439441403205 ], [ 100.487018410110849, 13.783599416610713 ], [ 100.473142763319586, 13.771175173581799 ], [ 100.477055822834856, 13.765764208159727 ], [ 100.492985012350317, 13.763642260449462 ], [ 100.497915853911735, 13.773439441403205 ] ] ] } },
{ "type": "Feature", "properties": { "cell_id": "vor_200_193", "algorithm": "kmeans", "param": 200, "seed_lon": 100.54129917987795, "seed_lat": 13.909131573170738, "type": "voronoi" }, "geometry": { "type": "Polygon", "coordinates": [ [ [ 100.561818138878849, 13.909731467157499 ], [ 100.560149458361465, 13.922702550658668 ], [ 100.526830713492757, 13.926412770462838 ], [ 100.522617752660395, 13.898631187158594 ], [ 100.523381270824061, 13.897669599417759 ], [ 100.543657087581479, 13.891550955348732 ], [ 100.561818138878849, 13.909731467157499 ] ] ] } },
{ "type": "Feature", "properties": { "cell_id": "vor_200_194", "algorithm": "kmeans", "param": 200, "seed_lon": 100.37504849148405, "seed_lat": 13.642694817518239, "type": "voronoi" }, "geometry": { "type": "Polygon", "coordinates": [ [ [ 100.375655305045683, 13.673106372094487 ], [ 100.368934582410006, 13.673553576165919 ], [ 100.334952882910912, 13.634532031181008 ], [ 100.33562179182934, 13.621465621849039 ], [ 100.338597047417238, 13.620575957758318 ], [ 100.402200346297676, 13.6337182333634 ], [ 100.402749770160995, 13.63550525549857 ], [ 100.375655305045683, 13.673106372094487 ] ] ] } },
{ "type": "Feature", "properties": { "cell_id": "vor_200_195", "algorithm": "kmeans", "param": 200, "seed_lon": 100.35205711664484, "seed_lat": 13.794817444298786, "type": "voronoi" }, "geometry": { "type": "Polygon", "coordinates": [ [ [ 100.363717848892918, 13.781570195946687 ], [ 100.365147519449806, 13.819559850149412 ], [ 100.331056141183211, 13.829672642048443 ], [ 100.335613784640984, 13.779533663549811 ], [ 100.363717848892918, 13.781570195946687 ] ] ] } },
{ "type": "Feature", "properties": { "cell_id": "vor_200_196", "algorithm": "kmeans", "param": 200, "seed_lon": 100.35043661530558, "seed_lat": 13.705219619928075, "type": "voronoi" }, "geometry": { "type": "Polygon", "coordinates": [ [ [ 100.363287230431865, 13.681946433853645 ], [ 100.335393544422175, 13.694008389662763 ], [ 100.338961825586495, 13.725328817118703 ], [ 100.343570605291958, 13.727575464858262 ], [ 100.365487126307315, 13.715300480074935 ], [ 100.363287230431865, 13.681946433853645 ] ] ] } },
{ "type": "Feature", "properties": { "cell_id": "vor_200_197", "algorithm": "kmeans", "param": 200, "seed_lon": 100.53362442512096, "seed_lat": 13.828488183574862, "type": "voronoi" }, "geometry": { "type": "Polygon", "coordinates": [ [ [ 100.536763101106416, 13.816520307811283 ], [ 100.519392016411814, 13.826431762465894 ], [ 100.531653748502507, 13.846408339692463 ], [ 100.540388989636611, 13.843457704174618 ], [ 100.542182392441291, 13.824616292656708 ], [ 100.536763101106416, 13.816520307811283 ] ] ] } },
{ "type": "Feature", "properties": { "cell_id": "vor_200_198", "algorithm": "kmeans", "param": 200, "seed_lon": 100.67645792159318, "seed_lat": 13.862019993777215, "type": "voronoi" }, "geometry": { "type": "Polygon", "coordinates": [ [ [ 100.683493674023396, 13.844432566578853 ], [ 100.660465299176678, 13.84938045757726 ], [ 100.655163003397263, 13.863803014046661 ], [ 100.677555150171614, 13.890333206585908 ], [ 100.690134027194404, 13.889784322369524 ], [ 100.701763669517135, 13.870085336478164 ], [ 100.700498519486601, 13.864009549295925 ], [ 100.683493674023396, 13.844432566578853 ] ] ] } },
{ "type": "Feature", "properties": { "cell_id": "vor_200_199", "algorithm": "kmeans", "param": 200, "seed_lon": 100.56970595296053, "seed_lat": 13.830014939172761, "type": "voronoi" }, "geometry": { "type": "Polygon", "coordinates": [ [ [ 100.559785562760624, 13.834894926315947 ], [ 100.570028588685318, 13.841567568673041 ], [ 100.58165841016968, 13.835112388085273 ], [ 100.577305921473808, 13.819976795276078 ], [ 100.570199021189808, 13.820452745817789 ], [ 100.559779747175853, 13.828570495461147 ], [ 100.559785562760624, 13.834894926315947 ] ] ] } }
]
}
