{
"type": "FeatureCollection",
"name": "level_12",
"crs": { "type": "name", "properties": { "name": "urn:ogc:def:crs:OGC:1.3:CRS84" } },
"features": [
{ "type": "Feature", "properties": { "cell_id": "3539073324149637120", "token": "311d507", "level": 12, "type": "s2" }, "geometry": { "type": "Polygon", "coordinates": [ [ [ 100.75488506669916, 13.473852944759921 ], [ 100.75488506669916, 13.496657996591019 ], [ 100.777442383505004, 13.495684616272072 ], [ 100.777442383505004, 13.472881085941514 ], [ 100.75488506669916, 13.473852944759921 ] ] ] } },
{ "type": "Feature", "properties": { "cell_id": "3539083632071147520", "token": "311d59d", "level": 12, "type": "s2" }, "geometry": { "type": "Polygon", "coordinates": [ [ [ 100.664710070014337, 13.500528963299544 ], [ 100.664710070014337, 13.523344165833247 ], [ 100.687245658281014, 13.522378298538012 ], [ 100.687245658281014, 13.499564602961403 ], [ 100.664710070014337, 13.500528963299544 ] ] ] } },
{ "type": "Feature", "properties": { "cell_id": "3539081845364752384", "token": "311d583", "level": 12, "type": "s2" }, "geometry": { "type": "Polygon", "coordinates": [ [ [ 100.642179939261865, 13.501491070960332 ], [ 100.642179939261865, 13.524307776905163 ], [ 100.664710070014337, 13.523344165833247 ], [ 100.664710070014337, 13.500528963299544 ], [ 100.642179939261865, 13.501491070960332 ] ] ] } },
{ "type": "Feature", "properties": { "cell_id": "3539081707925798912", "token": "311d581", "level": 12, "type": "s2" }, "geometry": { "type": "Polygon", "coordinates": [ [ [ 100.619655276155143, 13.502450926879073 ], [ 100.619655276155129, 13.525269132690704 ], [ 100.642179939261865, 13.524307776905163 ], [ 100.642179939261865, 13.501491070960332 ], [ 100.619655276155143, 13.502450926879073 ] ] ] } },
{ "type": "Feature", "properties": { "cell_id": "3539072774393823232", "token": "311d4ff", "level": 12, "type": "s2" }, "geometry": { "type": "Polygon", "coordinates": [ [ [ 100.800005107015735, 13.471906973385272 ], [ 100.800005107015735, 13.494708978660544 ], [ 100.822573227039285, 13.493731082845686 ], [ 100.822573227039285, 13.470930606182066 ], [ 100.800005107015735, 13.471906973385272 ] ] ] } },
{ "type": "Feature", "properties": { "cell_id": "3539072911832776704", "token": "311d501", "level": 12, "type": "s2" }, "geometry": { "type": "Polygon", "coordinates": [ [ [ 100.777442383505004, 13.472881085941514 ], [ 100.777442383505004, 13.495684616272072 ], [ 100.800005107015735, 13.494708978660544 ], [ 100.800005107015735, 13.471906973385272 ], [ 100.777442383505004, 13.472881085941514 ] ] ] } },
{ "type": "Feature", "properties": { "cell_id": "3539061229521731584", "token": "311d457", "level": 12, "type": "s2" }, "geometry": { "type": "Polygon", "coordinates": [ [ [ 100.822573227039285, 13.493731082845686 ], [ 100.822573227039285, 13.516535662123237 ], [ 100.845146733373554, 13.515553975374104 ], [ 100.845146733373554, 13.492750927920875 ], [ 100.822573227039285, 13.493731082845686 ] ] ] } },
{ "type": "Feature", "properties": { "cell_id": "3539061092082778112", "token": "311d455", "level": 12, "type": "s2" }, "geometry": { "type": "Polygon", "coordinates": [ [ [ 100.800005107015735, 13.494708978660544 ], [ 100.800005107015735, 13.517515086205131 ], [ 100.822573227039285, 13.516535662123237 ], [ 100.822573227039285, 13.493731082845686 ], [ 100.800005107015735, 13.494708978660544 ] ] ] } },
{ "type": "Feature", "properties": { "cell_id": "3539084594143821824", "token": "311d5ab", "level": 12, "type": "s2" }, "geometry": { "type": "Polygon", "coordinates": [ [ [ 100.777442383505004, 13.495684616272072 ], [ 100.777442383505004, 13.518492248528004 ], [ 100.800005107015735, 13.517515086205131 ], [ 100.800005107015735, 13.494708978660544 ], [ 100.777442383505004, 13.495684616272072 ] ] ] } },
{ "type": "Feature", "properties": { "cell_id": "3539084456704868352", "token": "311d5a9", "level": 12, "type": "s2" }, "geometry": { "type": "Polygon", "coordinates": [ [ [ 100.75488506669916, 13.496657996591019 ], [ 100.75488506669916, 13.519467150004211 ], [ 100.777442383505004, 13.518492248528004 ], [ 100.777442383505004, 13.495684616272072 ], [ 100.75488506669916, 13.496657996591019 ] ] ] } },
{ "type": "Feature", "properties": { "cell_id": "3539060817204871168", "token": "311d451", "level": 12, "type": "s2" }, "geometry": { "type": "Polygon", "coordinates": [ [ [ 100.822573227039285, 13.516535662123237 ], [ 100.822573227039285, 13.539344333189209 ], [ 100.845146733373554, 13.53836111496306 ], [ 100.845146733373554, 13.515553975374104 ], [ 100.822573227039285, 13.516535662123237 ] ] ] } },
{ "type": "Feature", "properties": { "cell_id": "3539060954643824640", "token": "311d453", "level": 12, "type": "s2" }, "geometry": { "type": "Polygon", "coordinates": [ [ [ 100.800005107015735, 13.517515086205131 ], [ 100.800005107015735, 13.540325285191496 ], [ 100.822573227039285, 13.539344333189209 ], [ 100.822573227039285, 13.516535662123237 ], [ 100.800005107015735, 13.517515086205131 ] ] ] } },
{ "type": "Feature", "properties": { "cell_id": "3539084731582775296", "token": "311d5ad", "level": 12, "type": "s2" }, "geometry": { "type": "Polygon", "coordinates": [ [ [ 100.777442383505004, 13.518492248528004 ], [ 100.777442383505004, 13.541303971879746 ], [ 100.800005107015735, 13.540325285191496 ], [ 100.800005107015735, 13.517515086205131 ], [ 100.777442383505004, 13.518492248528004 ] ] ] } },
{ "type": "Feature", "properties": { "cell_id": "3539084869021728768", "token": "311d5af", "level": 12, "type": "s2" }, "geometry": { "type": "Polygon", "coordinates": [ [ [ 100.75488506669916, 13.519467150004211 ], [ 100.75488506669916, 13.542280394167914 ], [ 100.777442383505004, 13.541303971879746 ], [ 100.777442383505004, 13.518492248528004 ], [ 100.75488506669916, 13.519467150004211 ] ] ] } },
{ "type": "Feature", "properties": { "cell_id": "3539073461588590592", "token": "311d509", "level": 12, "type": "s2" }, "geometry": { "type": "Polygon", "coordinates": [ [ [ 100.732333166780251, 13.474822550753744 ], [ 100.732333166780251, 13.497629120532238 ], [ 100.75488506669916, 13.496657996591019 ], [ 100.75488506669916, 13.473852944759921 ], [ 100.732333166780251, 13.474822550753744 ] ] ] } },
{ "type": "Feature", "properties": { "cell_id": "3539084319265914880", "token": "311d5a7", "level": 12, "type": "s2" }, "geometry": { "type": "Polygon", "coordinates": [ [ [ 100.732333166780251, 13.497629120532238 ], [ 100.732333166780251, 13.520439791550215 ], [ 100.75488506669916, 13.519467150004211 ], [ 100.75488506669916, 13.496657996591019 ], [ 100.732333166780251, 13.497629120532238 ] ] ] } },
{ "type": "Feature", "properties": { "cell_id": "3539083906949054464", "token": "311d5a1", "level": 12, "type": "s2" }, "geometry": { "type": "Polygon", "coordinates": [ [ [ 100.709786693920236, 13.49859798901468 ], [ 100.70978669392025, 13.52141017408659 ], [ 100.732333166780251, 13.520439791550215 ], [ 100.732333166780251, 13.497629120532238 ], [ 100.709786693920236, 13.49859798901468 ] ] ] } },
{ "type": "Feature", "properties": { "cell_id": "3539083769510100992", "token": "311d59f", "level": 12, "type": "s2" }, "geometry": { "type": "Polygon", "coordinates": [ [ [ 100.687245658281014, 13.499564602961403 ], [ 100.687245658281014, 13.522378298538012 ], [ 100.70978669392025, 13.52141017408659 ], [ 100.709786693920236, 13.49859798901468 ], [ 100.687245658281014, 13.499564602961403 ] ] ] } },
{ "type": "Feature", "properties": { "cell_id": "3539084181826961408", "token": "311d5a5", "level": 12, "type": "s2" }, "geometry": { "type": "Polygon", "coordinates": [ [ [ 100.732333166780251, 13.520439791550215 ], [ 100.732333166780251, 13.543254552974082 ], [ 100.75488506669916, 13.542280394167914 ], [ 100.75488506669916, 13.519467150004211 ], [ 100.732333166780251, 13.520439791550215 ] ] ] } },
{ "type": "Feature", "properties": { "cell_id": "3539084044388007936", "token": "311d5a3", "level": 12, "type": "s2" }, "geometry": { "type": "Polygon", "coordinates": [ [ [ 100.70978669392025, 13.52141017408659 ], [ 100.709786693920236, 13.544226449220433 ], [ 100.732333166780251, 13.543254552974082 ], [ 100.732333166780251, 13.520439791550215 ], [ 100.70978669392025, 13.52141017408659 ] ] ] } },
{ "type": "Feature", "properties": { "cell_id": "3539083357193240576", "token": "311d599", "level": 12, "type": "s2" }, "geometry": { "type": "Polygon", "coordinates": [ [ [ 100.687245658281014, 13.522378298538012 ], [ 100.687245658281014, 13.545196083833273 ], [ 100.709786693920236, 13.544226449220433 ], [ 100.70978669392025, 13.52141017408659 ], [ 100.687245658281014, 13.522378298538012 ] ] ] } },
{ "type": "Feature", "properties": { "cell_id": "3539083494632194048", "token": "311d59b", "level": 12, "type": "s2" }, "geometry": { "type": "Polygon", "coordinates": [ [ [ 100.664710070014337, 13.523344165833247 ], [ 100.664710070014337, 13.546163457743003 ], [ 100.687245658281014, 13.545196083833273 ], [ 100.687245658281014, 13.522378298538012 ], [ 100.664710070014337, 13.523344165833247 ] ] ] } },
{ "type": "Feature", "properties": { "cell_id": "3539081982803705856", "token": "311d585", "level": 12, "type": "s2" }, "geometry": { "type": "Polygon", "coordinates": [ [ [ 100.642179939261865, 13.524307776905163 ], [ 100.642179939261865, 13.547128571884118 ], [ 100.664710070014337, 13.546163457743003 ], [ 100.664710070014337, 13.523344165833247 ], [ 100.642179939261865, 13.524307776905163 ] ] ] } },
{ "type": "Feature", "properties": { "cell_id": "3539082120242659328", "token": "311d587", "level": 12, "type": "s2" }, "geometry": { "type": "Polygon", "coordinates": [ [ [ 100.619655276155129, 13.525269132690704 ], [ 100.619655276155143, 13.548091427195203 ], [ 100.642179939261865, 13.547128571884118 ], [ 100.642179939261865, 13.524307776905163 ], [ 100.619655276155129, 13.525269132690704 ] ] ] } },
{ "type": "Feature", "properties": { "cell_id": "3539082669998473216", "token": "311d58f", "level": 12, "type": "s2" }, "geometry": { "type": "Polygon", "coordinates": [ [ [ 100.642179939261865, 13.547128571884118 ], [ 100.642179939261865, 13.569953445048306 ], [ 100.664710070014337, 13.568986828181922 ], [ 100.664710070014337, 13.546163457743003 ], [ 100.642179939261865, 13.547128571884118 ] ] ] } },
{ "type": "Feature", "properties": { "cell_id": "3539082257681612800", "token": "311d589", "level": 12, "type": "s2" }, "geometry": { "type": "Polygon", "coordinates": [ [ [ 100.619655276155143, 13.548091427195203 ], [ 100.619655276155143, 13.570917799541691 ], [ 100.642179939261865, 13.569953445048306 ], [ 100.642179939261865, 13.547128571884118 ], [ 100.619655276155143, 13.548091427195203 ] ] ] } },
{ "type": "Feature", "properties": { "cell_id": "3539082944876380160", "token": "311d593", "level": 12, "type": "s2" }, "geometry": { "type": "Polygon", "coordinates": [ [ [ 100.664710070014337, 13.568986828181922 ], [ 100.664710070014337, 13.591814266295859 ], [ 100.687245658281014, 13.590843880192965 ], [ 100.687245658281014, 13.568017948002307 ], [ 100.664710070014337, 13.568986828181922 ] ] ] } },
{ "type": "Feature", "properties": { "cell_id": "3539082532559519744", "token": "311d58d", "level": 12, "type": "s2" }, "geometry": { "type": "Polygon", "coordinates": [ [ [ 100.642179939261865, 13.569953445048306 ], [ 100.642179939261865, 13.592782385541595 ], [ 100.664710070014337, 13.591814266295859 ], [ 100.664710070014337, 13.568986828181922 ], [ 100.642179939261865, 13.569953445048306 ] ] ] } },
{ "type": "Feature", "properties": { "cell_id": "3539082395120566272", "token": "311d58b", "level": 12, "type": "s2" }, "geometry": { "type": "Polygon", "coordinates": [ [ [ 100.619655276155143, 13.570917799541691 ], [ 100.619655276155129, 13.59374823887204 ], [ 100.642179939261865, 13.592782385541595 ], [ 100.642179939261865, 13.569953445048306 ], [ 100.619655276155143, 13.570917799541691 ] ] ] } },
{ "type": "Feature", "properties": { "cell_id": "3539089129629286400", "token": "311d5ed", "level": 12, "type": "s2" }, "geometry": { "type": "Polygon", "coordinates": [ [ [ 100.664710070014337, 13.591814266295859 ], [ 100.664710070014337, 13.614645761223461 ], [ 100.687245658281014, 13.613673869545893 ], [ 100.687245658281014, 13.590843880192965 ], [ 100.664710070014337, 13.591814266295859 ] ] ] } },
{ "type": "Feature", "properties": { "cell_id": "3539089541946146816", "token": "311d5f3", "level": 12, "type": "s2" }, "geometry": { "type": "Polygon", "coordinates": [ [ [ 100.642179939261865, 13.592782385541595 ], [ 100.642179939261865, 13.615615382500623 ], [ 100.664710070014337, 13.614645761223461 ], [ 100.664710070014337, 13.591814266295859 ], [ 100.642179939261865, 13.592782385541595 ] ] ] } },
{ "type": "Feature", "properties": { "cell_id": "3539089679385100288", "token": "311d5f5", "level": 12, "type": "s2" }, "geometry": { "type": "Polygon", "coordinates": [ [ [ 100.619655276155129, 13.59374823887204 ], [ 100.619655276155143, 13.616582734320902 ], [ 100.642179939261865, 13.615615382500623 ], [ 100.642179939261865, 13.592782385541595 ], [ 100.619655276155129, 13.59374823887204 ] ] ] } },
{ "type": "Feature", "properties": { "cell_id": "3539085693655449600", "token": "311d5bb", "level": 12, "type": "s2" }, "geometry": { "type": "Polygon", "coordinates": [ [ [ 100.732333166780251, 13.543254552974082 ], [ 100.732333166780251, 13.566073393962959 ], [ 100.75488506669916, 13.565097718243269 ], [ 100.75488506669916, 13.542280394167914 ], [ 100.732333166780251, 13.543254552974082 ] ] ] } },
{ "type": "Feature", "properties": { "cell_id": "3539085831094403072", "token": "311d5bd", "level": 12, "type": "s2" }, "geometry": { "type": "Polygon", "coordinates": [ [ [ 100.709786693920236, 13.544226449220433 ], [ 100.70978669392025, 13.567046803573326 ], [ 100.732333166780251, 13.566073393962959 ], [ 100.732333166780251, 13.543254552974082 ], [ 100.709786693920236, 13.544226449220433 ] ] ] } },
{ "type": "Feature", "properties": { "cell_id": "3539083219754287104", "token": "311d597", "level": 12, "type": "s2" }, "geometry": { "type": "Polygon", "coordinates": [ [ [ 100.687245658281014, 13.545196083833273 ], [ 100.687245658281014, 13.568017948002307 ], [ 100.70978669392025, 13.567046803573326 ], [ 100.709786693920236, 13.544226449220433 ], [ 100.687245658281014, 13.545196083833273 ] ] ] } },
{ "type": "Feature", "properties": { "cell_id": "3539082807437426688", "token": "311d591", "level": 12, "type": "s2" }, "geometry": { "type": "Polygon", "coordinates": [ [ [ 100.664710070014337, 13.546163457743003 ], [ 100.664710070014337, 13.568986828181922 ], [ 100.687245658281014, 13.568017948002307 ], [ 100.687245658281014, 13.545196083833273 ], [ 100.664710070014337, 13.546163457743003 ] ] ] } },
{ "type": "Feature", "properties": { "cell_id": "3539085418777542656", "token": "311d5b7", "level": 12, "type": "s2" }, "geometry": { "type": "Polygon", "coordinates": [ [ [ 100.75488506669916, 13.565097718243269 ], [ 100.75488506669916, 13.587919111384169 ], [ 100.777442383505004, 13.586939648516042 ], [ 100.777442383505004, 13.564119775490454 ], [ 100.75488506669916, 13.565097718243269 ] ] ] } },
{ "type": "Feature", "properties": { "cell_id": "3539085556216496128", "token": "311d5b9", "level": 12, "type": "s2" }, "geometry": { "type": "Polygon", "coordinates": [ [ [ 100.732333166780251, 13.566073393962959 ], [ 100.732333166780251, 13.588896303668726 ], [ 100.75488506669916, 13.587919111384169 ], [ 100.75488506669916, 13.565097718243269 ], [ 100.732333166780251, 13.566073393962959 ] ] ] } },
{ "type": "Feature", "properties": { "cell_id": "3539085968533356544", "token": "311d5bf", "level": 12, "type": "s2" }, "geometry": { "type": "Polygon", "coordinates": [ [ [ 100.70978669392025, 13.567046803573326 ], [ 100.70978669392025, 13.589871226295141 ], [ 100.732333166780251, 13.588896303668726 ], [ 100.732333166780251, 13.566073393962959 ], [ 100.70978669392025, 13.567046803573326 ] ] ] } },
{ "type": "Feature", "properties": { "cell_id": "3539083082315333632", "token": "311d595", "level": 12, "type": "s2" }, "geometry": { "type": "Polygon", "coordinates": [ [ [ 100.687245658281014, 13.568017948002307 ], [ 100.687245658281014, 13.590843880192965 ], [ 100.70978669392025, 13.589871226295141 ], [ 100.70978669392025, 13.567046803573326 ], [ 100.687245658281014, 13.568017948002307 ] ] ] } },
{ "type": "Feature", "properties": { "cell_id": "3539086518289170432", "token": "311d5c7", "level": 12, "type": "s2" }, "geometry": { "type": "Polygon", "coordinates": [ [ [ 100.732333166780251, 13.588896303668726 ], [ 100.732333166780251, 13.611723271236039 ], [ 100.75488506669916, 13.610744562737283 ], [ 100.75488506669916, 13.587919111384169 ], [ 100.732333166780251, 13.588896303668726 ] ] ] } },
{ "type": "Feature", "properties": { "cell_id": "3539086105972310016", "token": "311d5c1", "level": 12, "type": "s2" }, "geometry": { "type": "Polygon", "coordinates": [ [ [ 100.70978669392025, 13.589871226295141 ], [ 100.709786693920236, 13.612699706528518 ], [ 100.732333166780251, 13.611723271236039 ], [ 100.732333166780251, 13.588896303668726 ], [ 100.70978669392025, 13.589871226295141 ] ] ] } },
{ "type": "Feature", "properties": { "cell_id": "3539060679765917696", "token": "311d44f", "level": 12, "type": "s2" }, "geometry": { "type": "Polygon", "coordinates": [ [ [ 100.822573227039285, 13.539344333189209 ], [ 100.822573227039285, 13.56215708521081 ], [ 100.845146733373554, 13.561172335856989 ], [ 100.845146733373554, 13.53836111496306 ], [ 100.822573227039285, 13.539344333189209 ] ] ] } },
{ "type": "Feature", "properties": { "cell_id": "3539060542326964224", "token": "311d44d", "level": 12, "type": "s2" }, "geometry": { "type": "Polygon", "coordinates": [ [ [ 100.800005107015735, 13.540325285191496 ], [ 100.800005107015735, 13.563139564784821 ], [ 100.822573227039285, 13.56215708521081 ], [ 100.822573227039285, 13.539344333189209 ], [ 100.800005107015735, 13.540325285191496 ] ] ] } },
{ "type": "Feature", "properties": { "cell_id": "3539085143899635712", "token": "311d5b3", "level": 12, "type": "s2" }, "geometry": { "type": "Polygon", "coordinates": [ [ [ 100.777442383505004, 13.541303971879746 ], [ 100.777442383505004, 13.564119775490454 ], [ 100.800005107015735, 13.563139564784821 ], [ 100.800005107015735, 13.540325285191496 ], [ 100.777442383505004, 13.541303971879746 ] ] ] } },
{ "type": "Feature", "properties": { "cell_id": "3539085006460682240", "token": "311d5b1", "level": 12, "type": "s2" }, "geometry": { "type": "Polygon", "coordinates": [ [ [ 100.75488506669916, 13.542280394167914 ], [ 100.75488506669916, 13.565097718243269 ], [ 100.777442383505004, 13.564119775490454 ], [ 100.777442383505004, 13.541303971879746 ], [ 100.75488506669916, 13.542280394167914 ] ] ] } },
{ "type": "Feature", "properties": { "cell_id": "3539060404888010752", "token": "311d44b", "level": 12, "type": "s2" }, "geometry": { "type": "Polygon", "coordinates": [ [ [ 100.800005107015735, 13.563139564784821 ], [ 100.800005107015735, 13.585957914143046 ], [ 100.822573227039285, 13.584973907348004 ], [ 100.822573227039285, 13.56215708521081 ], [ 100.800005107015735, 13.563139564784821 ] ] ] } },
{ "type": "Feature", "properties": { "cell_id": "3539085281338589184", "token": "311d5b5", "level": 12, "type": "s2" }, "geometry": { "type": "Polygon", "coordinates": [ [ [ 100.777442383505004, 13.564119775490454 ], [ 100.777442383505004, 13.586939648516042 ], [ 100.800005107015735, 13.585957914143046 ], [ 100.800005107015735, 13.563139564784821 ], [ 100.777442383505004, 13.564119775490454 ] ] ] } },
{ "type": "Feature", "properties": { "cell_id": "3539058893059522560", "token": "311d435", "level": 12, "type": "s2" }, "geometry": { "type": "Polygon", "coordinates": [ [ [ 100.800005107015735, 13.585957914143046 ], [ 100.800005107015735, 13.608780322416877 ], [ 100.822573227039285, 13.607794788753534 ], [ 100.822573227039285, 13.584973907348004 ], [ 100.800005107015735, 13.585957914143046 ] ] ] } },
{ "type": "Feature", "properties": { "cell_id": "3539086793167077376", "token": "311d5cb", "level": 12, "type": "s2" }, "geometry": { "type": "Polygon", "coordinates": [ [ [ 100.777442383505004, 13.586939648516042 ], [ 100.777442383505004, 13.609763580105202 ], [ 100.800005107015735, 13.608780322416877 ], [ 100.800005107015735, 13.585957914143046 ], [ 100.777442383505004, 13.586939648516042 ] ] ] } },
{ "type": "Feature", "properties": { "cell_id": "3539086655728123904", "token": "311d5c9", "level": 12, "type": "s2" }, "geometry": { "type": "Polygon", "coordinates": [ [ [ 100.75488506669916, 13.587919111384169 ], [ 100.75488506669916, 13.610744562737283 ], [ 100.777442383505004, 13.609763580105202 ], [ 100.777442383505004, 13.586939648516042 ], [ 100.75488506669916, 13.587919111384169 ] ] ] } },
{ "type": "Feature", "properties": { "cell_id": "3539058755620569088", "token": "311d433", "level": 12, "type": "s2" }, "geometry": { "type": "Polygon", "coordinates": [ [ [ 100.800005107015735, 13.608780322416877 ], [ 100.800005107015735, 13.631606778749822 ], [ 100.822573227039285, 13.630619718572929 ], [ 100.822573227039285, 13.607794788753534 ], [ 100.800005107015735, 13.608780322416877 ] ] ] } },
{ "type": "Feature", "properties": { "cell_id": "3539088992190332928", "token": "311d5eb", "level": 12, "type": "s2" }, "geometry": { "type": "Polygon", "coordinates": [ [ [ 100.687245658281014, 13.590843880192965 ], [ 100.687245658281014, 13.613673869545893 ], [ 100.709786693920236, 13.612699706528518 ], [ 100.70978669392025, 13.589871226295141 ], [ 100.687245658281014, 13.590843880192965 ] ] ] } },
{ "type": "Feature", "properties": { "cell_id": "3539086380850216960", "token": "311d5c5", "level": 12, "type": "s2" }, "geometry": { "type": "Polygon", "coordinates": [ [ [ 100.732333166780251, 13.611723271236039 ], [ 100.732333166780251, 13.634554285802343 ], [ 100.75488506669916, 13.633574061442072 ], [ 100.75488506669916, 13.610744562737283 ], [ 100.732333166780251, 13.611723271236039 ] ] ] } },
{ "type": "Feature", "properties": { "cell_id": "3539086243411263488", "token": "311d5c3", "level": 12, "type": "s2" }, "geometry": { "type": "Polygon", "coordinates": [ [ [ 100.709786693920236, 13.612699706528518 ], [ 100.70978669392025, 13.635532233408892 ], [ 100.732333166780251, 13.634554285802343 ], [ 100.732333166780251, 13.611723271236039 ], [ 100.709786693920236, 13.612699706528518 ] ] ] } },
{ "type": "Feature", "properties": { "cell_id": "3539088854751379456", "token": "311d5e9", "level": 12, "type": "s2" }, "geometry": { "type": "Polygon", "coordinates": [ [ [ 100.687245658281014, 13.613673869545893 ], [ 100.687245658281014, 13.636507905194518 ], [ 100.70978669392025, 13.635532233408892 ], [ 100.709786693920236, 13.612699706528518 ], [ 100.687245658281014, 13.613673869545893 ] ] ] } },
{ "type": "Feature", "properties": { "cell_id": "3539087892678705152", "token": "311d5db", "level": 12, "type": "s2" }, "geometry": { "type": "Polygon", "coordinates": [ [ [ 100.732333166780251, 13.634554285802343 ], [ 100.732333166780251, 13.657389336497904 ], [ 100.75488506669916, 13.656407596630816 ], [ 100.75488506669916, 13.633574061442072 ], [ 100.732333166780251, 13.634554285802343 ] ] ] } },
{ "type": "Feature", "properties": { "cell_id": "3539088030117658624", "token": "311d5dd", "level": 12, "type": "s2" }, "geometry": { "type": "Polygon", "coordinates": [ [ [ 100.70978669392025, 13.635532233408892 ], [ 100.709786693920236, 13.658368796064519 ], [ 100.732333166780251, 13.657389336497904 ], [ 100.732333166780251, 13.634554285802343 ], [ 100.70978669392025, 13.635532233408892 ] ] ] } },
{ "type": "Feature", "properties": { "cell_id": "3539088717312425984", "token": "311d5e7", "level": 12, "type": "s2" }, "geometry": { "type": "Polygon", "coordinates": [ [ [ 100.687245658281014, 13.636507905194518 ], [ 100.687245658281014, 13.65934597626509 ], [ 100.709786693920236, 13.658368796064519 ], [ 100.70978669392025, 13.635532233408892 ], [ 100.687245658281014, 13.636507905194518 ] ] ] } },
{ "type": "Feature", "properties": { "cell_id": "3539087755239751680", "token": "311d5d9", "level": 12, "type": "s2" }, "geometry": { "type": "Polygon", "coordinates": [ [ [ 100.732333166780251, 13.657389336497904 ], [ 100.732333166780251, 13.680228412445834 ], [ 100.75488506669916, 13.679245157428641 ], [ 100.75488506669916, 13.656407596630816 ], [ 100.732333166780251, 13.657389336497904 ] ] ] } },
{ "type": "Feature", "properties": { "cell_id": "3539088167556612096", "token": "311d5df", "level": 12, "type": "s2" }, "geometry": { "type": "Polygon", "coordinates": [ [ [ 100.709786693920236, 13.658368796064519 ], [ 100.709786693920236, 13.681209383616503 ], [ 100.732333166780251, 13.680228412445834 ], [ 100.732333166780251, 13.657389336497904 ], [ 100.709786693920236, 13.658368796064519 ] ] ] } },
{ "type": "Feature", "properties": { "cell_id": "3539088304995565568", "token": "311d5e1", "level": 12, "type": "s2" }, "geometry": { "type": "Polygon", "coordinates": [ [ [ 100.687245658281014, 13.65934597626509 ], [ 100.687245658281014, 13.682188071876705 ], [ 100.709786693920236, 13.681209383616503 ], [ 100.709786693920236, 13.658368796064519 ], [ 100.687245658281014, 13.65934597626509 ] ] ] } },
{ "type": "Feature", "properties": { "cell_id": "3522563332424859648", "token": "30e2a8b", "level": 12, "type": "s2" }, "geometry": { "type": "Polygon", "coordinates": [ [ [ 100.52961150246017, 13.483447780299581 ], [ 100.52961150246017, 13.506267851982013 ], [ 100.552114193872114, 13.505316993597084 ], [ 100.552114193872114, 13.482498407957243 ], [ 100.52961150246017, 13.483447780299581 ] ] ] } },
{ "type": "Feature", "properties": { "cell_id": "3522562370352185344", "token": "30e2a7d", "level": 12, "type": "s2" }, "geometry": { "type": "Polygon", "coordinates": [ [ [ 100.574622393354161, 13.504363887251976 ], [ 100.574622393354161, 13.527185082170819 ], [ 100.597136090815511, 13.526228234130889 ], [ 100.597136090815511, 13.503408531995142 ], [ 100.574622393354161, 13.504363887251976 ] ] ] } },
{ "type": "Feature", "properties": { "cell_id": "3522560583645790208", "token": "30e2a63", "level": 12, "type": "s2" }, "geometry": { "type": "Polygon", "coordinates": [ [ [ 100.552114193872114, 13.505316993597084 ], [ 100.552114193872114, 13.528139677759645 ], [ 100.574622393354161, 13.527185082170819 ], [ 100.574622393354161, 13.504363887251976 ], [ 100.552114193872114, 13.505316993597084 ] ] ] } },
{ "type": "Feature", "properties": { "cell_id": "3522570616689393664", "token": "30e2af5", "level": 12, "type": "s2" }, "geometry": { "type": "Polygon", "coordinates": [ [ [ 100.507114329198885, 13.48439490917405 ], [ 100.507114329198885, 13.507216463362367 ], [ 100.52961150246017, 13.506267851982013 ], [ 100.52961150246017, 13.483447780299581 ], [ 100.507114329198885, 13.48439490917405 ] ] ] } },
{ "type": "Feature", "properties": { "cell_id": "3522570754128347136", "token": "30e2af7", "level": 12, "type": "s2" }, "geometry": { "type": "Polygon", "coordinates": [ [ [ 100.48462268415858, 13.485339795538618 ], [ 100.48462268415858, 13.508162828697783 ], [ 100.507114329198885, 13.507216463362367 ], [ 100.507114329198885, 13.48439490917405 ], [ 100.48462268415858, 13.485339795538618 ] ] ] } },
{ "type": "Feature", "properties": { "cell_id": "3522570891567300608", "token": "30e2af9", "level": 12, "type": "s2" }, "geometry": { "type": "Polygon", "coordinates": [ [ [ 100.462136577399363, 13.486282440355275 ], [ 100.462136577399363, 13.509106948951938 ], [ 100.48462268415858, 13.508162828697783 ], [ 100.48462268415858, 13.485339795538618 ], [ 100.462136577399363, 13.486282440355275 ] ] ] } },
{ "type": "Feature", "properties": { "cell_id": "3522560446206836736", "token": "30e2a61", "level": 12, "type": "s2" }, "geometry": { "type": "Polygon", "coordinates": [ [ [ 100.52961150246017, 13.506267851982013 ], [ 100.52961150246017, 13.529092021850593 ], [ 100.552114193872114, 13.528139677759645 ], [ 100.552114193872114, 13.505316993597084 ], [ 100.52961150246017, 13.506267851982013 ] ] ] } },
{ "type": "Feature", "properties": { "cell_id": "3522560308767883264", "token": "30e2a5f", "level": 12, "type": "s2" }, "geometry": { "type": "Polygon", "coordinates": [ [ [ 100.507114329198885, 13.507216463362367 ], [ 100.507114329198885, 13.53004211540093 ], [ 100.52961150246017, 13.529092021850593 ], [ 100.52961150246017, 13.506267851982013 ], [ 100.507114329198885, 13.507216463362367 ] ] ] } },
{ "type": "Feature", "properties": { "cell_id": "3522559896451022848", "token": "30e2a59", "level": 12, "type": "s2" }, "geometry": { "type": "Polygon", "coordinates": [ [ [ 100.48462268415858, 13.508162828697783 ], [ 100.48462268415858, 13.530989959371972 ], [ 100.507114329198885, 13.53004211540093 ], [ 100.507114329198885, 13.507216463362367 ], [ 100.48462268415858, 13.508162828697783 ] ] ] } },
{ "type": "Feature", "properties": { "cell_id": "3522559759012069376", "token": "30e2a57", "level": 12, "type": "s2" }, "geometry": { "type": "Polygon", "coordinates": [ [ [ 100.462136577399363, 13.509106948951938 ], [ 100.462136577399363, 13.531935554729076 ], [ 100.48462268415858, 13.530989959371972 ], [ 100.48462268415858, 13.508162828697783 ], [ 100.462136577399363, 13.509106948951938 ] ] ] } },
{ "type": "Feature", "properties": { "cell_id": "3522560171328929792", "token": "30e2a5d", "level": 12, "type": "s2" }, "geometry": { "type": "Polygon", "coordinates": [ [ [ 100.507114329198885, 13.53004211540093 ], [ 100.507114329198885, 13.552871854436239 ], [ 100.52961150246017, 13.551920279053791 ], [ 100.52961150246017, 13.529092021850593 ], [ 100.507114329198885, 13.53004211540093 ] ] ] } },
{ "type": "Feature", "properties": { "cell_id": "3522582986195206144", "token": "30e2ba9", "level": 12, "type": "s2" }, "geometry": { "type": "Polygon", "coordinates": [ [ [ 100.394711587254605, 13.511925848923978 ], [ 100.394711587254605, 13.534758858830799 ], [ 100.417181018913027, 13.533820003483058 ], [ 100.417181018913027, 13.510988458091306 ], [ 100.394711587254605, 13.511925848923978 ] ] ] } },
{ "type": "Feature", "properties": { "cell_id": "3522559484134162432", "token": "30e2a53", "level": 12, "type": "s2" }, "geometry": { "type": "Polygon", "coordinates": [ [ [ 100.439656018971021, 13.532878902441631 ], [ 100.439656018971021, 13.555713065777937 ], [ 100.462136577399363, 13.554768246829253 ], [ 100.462136577399363, 13.531935554729076 ], [ 100.439656018971021, 13.532878902441631 ] ] ] } },
{ "type": "Feature", "properties": { "cell_id": "3522583261073113088", "token": "30e2bad", "level": 12, "type": "s2" }, "geometry": { "type": "Polygon", "coordinates": [ [ [ 100.417181018913027, 13.533820003483058 ], [ 100.417181018913027, 13.556655634526871 ], [ 100.439656018971021, 13.555713065777937 ], [ 100.439656018971021, 13.532878902441631 ], [ 100.417181018913027, 13.533820003483058 ] ] ] } },
{ "type": "Feature", "properties": { "cell_id": "3522583398512066560", "token": "30e2baf", "level": 12, "type": "s2" }, "geometry": { "type": "Polygon", "coordinates": [ [ [ 100.394711587254605, 13.534758858830799 ], [ 100.394711587254605, 13.557595954055202 ], [ 100.417181018913027, 13.556655634526871 ], [ 100.417181018913027, 13.533820003483058 ], [ 100.394711587254605, 13.534758858830799 ] ] ] } },
{ "type": "Feature", "properties": { "cell_id": "3522559071817302016", "token": "30e2a4d", "level": 12, "type": "s2" }, "geometry": { "type": "Polygon", "coordinates": [ [ [ 100.439656018971021, 13.555713065777937 ], [ 100.439656018971021, 13.578551304234795 ], [ 100.462136577399363, 13.577605014387776 ], [ 100.462136577399363, 13.554768246829253 ], [ 100.439656018971021, 13.555713065777937 ] ] ] } },
{ "type": "Feature", "properties": { "cell_id": "3522583673389973504", "token": "30e2bb3", "level": 12, "type": "s2" }, "geometry": { "type": "Polygon", "coordinates": [ [ [ 100.417181018913027, 13.556655634526871 ], [ 100.417181018913027, 13.579495340354137 ], [ 100.439656018971021, 13.578551304234795 ], [ 100.439656018971021, 13.555713065777937 ], [ 100.417181018913027, 13.556655634526871 ] ] ] } },
{ "type": "Feature", "properties": { "cell_id": "3522583535951020032", "token": "30e2bb1", "level": 12, "type": "s2" }, "geometry": { "type": "Polygon", "coordinates": [ [ [ 100.394711587254605, 13.557595954055202 ], [ 100.394711587254605, 13.580437123726643 ], [ 100.417181018913027, 13.579495340354137 ], [ 100.417181018913027, 13.556655634526871 ], [ 100.394711587254605, 13.557595954055202 ] ] ] } },
{ "type": "Feature", "properties": { "cell_id": "3522558934378348544", "token": "30e2a4b", "level": 12, "type": "s2" }, "geometry": { "type": "Polygon", "coordinates": [ [ [ 100.439656018971021, 13.578551304234795 ], [ 100.439656018971021, 13.601393606938306 ], [ 100.462136577399363, 13.600445846532695 ], [ 100.462136577399363, 13.577605014387776 ], [ 100.439656018971021, 13.578551304234795 ] ] ] } },
{ "type": "Feature", "properties": { "cell_id": "3522583810828926976", "token": "30e2bb5", "level": 12, "type": "s2" }, "geometry": { "type": "Polygon", "coordinates": [ [ [ 100.417181018913027, 13.579495340354137 ], [ 100.417181018913027, 13.602339110088996 ], [ 100.439656018971021, 13.601393606938306 ], [ 100.439656018971021, 13.578551304234795 ], [ 100.417181018913027, 13.579495340354137 ] ] ] } },
{ "type": "Feature", "properties": { "cell_id": "3522583948267880448", "token": "30e2bb7", "level": 12, "type": "s2" }, "geometry": { "type": "Polygon", "coordinates": [ [ [ 100.394711587254605, 13.580437123726643 ], [ 100.394711587254605, 13.603282356967307 ], [ 100.417181018913027, 13.602339110088996 ], [ 100.417181018913027, 13.579495340354137 ], [ 100.394711587254605, 13.580437123726643 ] ] ] } },
{ "type": "Feature", "properties": { "cell_id": "3522562095474278400", "token": "30e2a79", "level": 12, "type": "s2" }, "geometry": { "type": "Polygon", "coordinates": [ [ [ 100.597136090815511, 13.526228234130889 ], [ 100.597136090815511, 13.549052024618929 ], [ 100.619655276155143, 13.548091427195203 ], [ 100.619655276155129, 13.525269132690704 ], [ 100.597136090815511, 13.526228234130889 ] ] ] } },
{ "type": "Feature", "properties": { "cell_id": "3522562232913231872", "token": "30e2a7b", "level": 12, "type": "s2" }, "geometry": { "type": "Polygon", "coordinates": [ [ [ 100.574622393354161, 13.527185082170819 ], [ 100.574622393354176, 13.550010365102048 ], [ 100.597136090815511, 13.549052024618929 ], [ 100.597136090815511, 13.526228234130889 ], [ 100.574622393354161, 13.527185082170819 ] ] ] } },
{ "type": "Feature", "properties": { "cell_id": "3522560721084743680", "token": "30e2a65", "level": 12, "type": "s2" }, "geometry": { "type": "Polygon", "coordinates": [ [ [ 100.552114193872114, 13.528139677759645 ], [ 100.552114193872114, 13.550966449595373 ], [ 100.574622393354176, 13.550010365102048 ], [ 100.574622393354161, 13.527185082170819 ], [ 100.552114193872114, 13.528139677759645 ] ] ] } },
{ "type": "Feature", "properties": { "cell_id": "3522560858523697152", "token": "30e2a67", "level": 12, "type": "s2" }, "geometry": { "type": "Polygon", "coordinates": [ [ [ 100.52961150246017, 13.529092021850593 ], [ 100.52961150246017, 13.551920279053791 ], [ 100.552114193872114, 13.550966449595373 ], [ 100.552114193872114, 13.528139677759645 ], [ 100.52961150246017, 13.529092021850593 ] ] ] } },
{ "type": "Feature", "properties": { "cell_id": "3522561958035324928", "token": "30e2a77", "level": 12, "type": "s2" }, "geometry": { "type": "Polygon", "coordinates": [ [ [ 100.597136090815511, 13.549052024618929 ], [ 100.597136090815511, 13.571879892606393 ], [ 100.619655276155143, 13.570917799541691 ], [ 100.619655276155143, 13.548091427195203 ], [ 100.597136090815511, 13.549052024618929 ] ] ] } },
{ "type": "Feature", "properties": { "cell_id": "3522561545718464512", "token": "30e2a71", "level": 12, "type": "s2" }, "geometry": { "type": "Polygon", "coordinates": [ [ [ 100.574622393354176, 13.550010365102048 ], [ 100.574622393354176, 13.572839725190816 ], [ 100.597136090815511, 13.571879892606393 ], [ 100.597136090815511, 13.549052024618929 ], [ 100.574622393354176, 13.550010365102048 ] ] ] } },
{ "type": "Feature", "properties": { "cell_id": "3522561408279511040", "token": "30e2a6f", "level": 12, "type": "s2" }, "geometry": { "type": "Polygon", "coordinates": [ [ [ 100.552114193872114, 13.550966449595373 ], [ 100.552114193872114, 13.573797298247435 ], [ 100.574622393354176, 13.572839725190816 ], [ 100.574622393354176, 13.550010365102048 ], [ 100.552114193872114, 13.550966449595373 ] ] ] } },
{ "type": "Feature", "properties": { "cell_id": "3522560995962650624", "token": "30e2a69", "level": 12, "type": "s2" }, "geometry": { "type": "Polygon", "coordinates": [ [ [ 100.52961150246017, 13.551920279053791 ], [ 100.52961150246017, 13.5747526127328 ], [ 100.552114193872114, 13.573797298247435 ], [ 100.552114193872114, 13.550966449595373 ], [ 100.52961150246017, 13.551920279053791 ] ] ] } },
{ "type": "Feature", "properties": { "cell_id": "3522561820596371456", "token": "30e2a75", "level": 12, "type": "s2" }, "geometry": { "type": "Polygon", "coordinates": [ [ [ 100.597136090815511, 13.571879892606393 ], [ 100.597136090815496, 13.594711827233166 ], [ 100.619655276155129, 13.59374823887204 ], [ 100.619655276155143, 13.570917799541691 ], [ 100.597136090815511, 13.571879892606393 ] ] ] } },
{ "type": "Feature", "properties": { "cell_id": "3522561683157417984", "token": "30e2a73", "level": 12, "type": "s2" }, "geometry": { "type": "Polygon", "coordinates": [ [ [ 100.574622393354176, 13.572839725190816 ], [ 100.574622393354176, 13.595673151575024 ], [ 100.597136090815496, 13.594711827233166 ], [ 100.597136090815511, 13.571879892606393 ], [ 100.574622393354176, 13.572839725190816 ] ] ] } },
{ "type": "Feature", "properties": { "cell_id": "3522560033889976320", "token": "30e2a5b", "level": 12, "type": "s2" }, "geometry": { "type": "Polygon", "coordinates": [ [ [ 100.48462268415858, 13.530989959371972 ], [ 100.48462268415858, 13.553821176705714 ], [ 100.507114329198885, 13.552871854436239 ], [ 100.507114329198885, 13.53004211540093 ], [ 100.48462268415858, 13.530989959371972 ] ] ] } },
{ "type": "Feature", "properties": { "cell_id": "3522559346695208960", "token": "30e2a51", "level": 12, "type": "s2" }, "geometry": { "type": "Polygon", "coordinates": [ [ [ 100.462136577399363, 13.531935554729076 ], [ 100.462136577399363, 13.554768246829253 ], [ 100.48462268415858, 13.553821176705714 ], [ 100.48462268415858, 13.530989959371972 ], [ 100.462136577399363, 13.531935554729076 ] ] ] } },
{ "type": "Feature", "properties": { "cell_id": "3522558384622534656", "token": "30e2a43", "level": 12, "type": "s2" }, "geometry": { "type": "Polygon", "coordinates": [ [ [ 100.507114329198885, 13.552871854436239 ], [ 100.507114329198885, 13.575705669607524 ], [ 100.52961150246017, 13.5747526127328 ], [ 100.52961150246017, 13.551920279053791 ], [ 100.507114329198885, 13.552871854436239 ] ] ] } },
{ "type": "Feature", "properties": { "cell_id": "3522558522061488128", "token": "30e2a45", "level": 12, "type": "s2" }, "geometry": { "type": "Polygon", "coordinates": [ [ [ 100.48462268415858, 13.553821176705714 ], [ 100.48462268415858, 13.576656469836275 ], [ 100.507114329198885, 13.575705669607524 ], [ 100.507114329198885, 13.552871854436239 ], [ 100.48462268415858, 13.553821176705714 ] ] ] } },
{ "type": "Feature", "properties": { "cell_id": "3522559209256255488", "token": "30e2a4f", "level": 12, "type": "s2" }, "geometry": { "type": "Polygon", "coordinates": [ [ [ 100.462136577399363, 13.554768246829253 ], [ 100.462136577399363, 13.577605014387776 ], [ 100.48462268415858, 13.576656469836275 ], [ 100.48462268415858, 13.553821176705714 ], [ 100.462136577399363, 13.554768246829253 ] ] ] } },
{ "type": "Feature", "properties": { "cell_id": "3522558247183581184", "token": "30e2a41", "level": 12, "type": "s2" }, "geometry": { "type": "Polygon", "coordinates": [ [ [ 100.507114329198885, 13.575705669607524 ], [ 100.507114329198885, 13.59854355004676 ], [ 100.52961150246017, 13.597589012021572 ], [ 100.52961150246017, 13.5747526127328 ], [ 100.507114329198885, 13.575705669607524 ] ] ] } },
{ "type": "Feature", "properties": { "cell_id": "3522558659500441600", "token": "30e2a47", "level": 12, "type": "s2" }, "geometry": { "type": "Polygon", "coordinates": [ [ [ 100.48462268415858, 13.576656469836275 ], [ 100.48462268415858, 13.599495827893666 ], [ 100.507114329198885, 13.59854355004676 ], [ 100.507114329198885, 13.575705669607524 ], [ 100.48462268415858, 13.576656469836275 ] ] ] } },
{ "type": "Feature", "properties": { "cell_id": "3522558796939395072", "token": "30e2a49", "level": 12, "type": "s2" }, "geometry": { "type": "Polygon", "coordinates": [ [ [ 100.462136577399363, 13.577605014387776 ], [ 100.462136577399363, 13.600445846532695 ], [ 100.48462268415858, 13.599495827893666 ], [ 100.48462268415858, 13.576656469836275 ], [ 100.462136577399363, 13.577605014387776 ] ] ] } },
{ "type": "Feature", "properties": { "cell_id": "3522555223526604800", "token": "30e2a15", "level": 12, "type": "s2" }, "geometry": { "type": "Polygon", "coordinates": [ [ [ 100.52961150246017, 13.597589012021572 ], [ 100.52961150246017, 13.620429466046827 ], [ 100.552114193872114, 13.619471182537028 ], [ 100.552114193872114, 13.596632212851755 ], [ 100.52961150246017, 13.597589012021572 ] ] ] } },
{ "type": "Feature", "properties": { "cell_id": "3522558109744627712", "token": "30e2a3f", "level": 12, "type": "s2" }, "geometry": { "type": "Polygon", "coordinates": [ [ [ 100.507114329198885, 13.59854355004676 ], [ 100.507114329198885, 13.621385484878703 ], [ 100.52961150246017, 13.620429466046827 ], [ 100.52961150246017, 13.597589012021572 ], [ 100.507114329198885, 13.59854355004676 ] ] ] } },
{ "type": "Feature", "properties": { "cell_id": "3522561270840557568", "token": "30e2a6d", "level": 12, "type": "s2" }, "geometry": { "type": "Polygon", "coordinates": [ [ [ 100.552114193872114, 13.573797298247435 ], [ 100.552114193872114, 13.596632212851755 ], [ 100.574622393354176, 13.595673151575024 ], [ 100.574622393354176, 13.572839725190816 ], [ 100.552114193872114, 13.573797298247435 ] ] ] } },
{ "type": "Feature", "properties": { "cell_id": "3522561133401604096", "token": "30e2a6b", "level": 12, "type": "s2" }, "geometry": { "type": "Polygon", "coordinates": [ [ [ 100.52961150246017, 13.5747526127328 ], [ 100.52961150246017, 13.597589012021572 ], [ 100.552114193872114, 13.596632212851755 ], [ 100.552114193872114, 13.573797298247435 ], [ 100.52961150246017, 13.5747526127328 ] ] ] } },
{ "type": "Feature", "properties": { "cell_id": "3522554536331837440", "token": "30e2a0b", "level": 12, "type": "s2" }, "geometry": { "type": "Polygon", "coordinates": [ [ [ 100.597136090815496, 13.594711827233166 ], [ 100.597136090815511, 13.617547817631905 ], [ 100.619655276155143, 13.616582734320902 ], [ 100.619655276155129, 13.59374823887204 ], [ 100.597136090815496, 13.594711827233166 ] ] ] } },
{ "type": "Feature", "properties": { "cell_id": "3522554673770790912", "token": "30e2a0d", "level": 12, "type": "s2" }, "geometry": { "type": "Polygon", "coordinates": [ [ [ 100.574622393354176, 13.595673151575024 ], [ 100.574622393354176, 13.61851063338535 ], [ 100.597136090815511, 13.617547817631905 ], [ 100.597136090815496, 13.594711827233166 ], [ 100.574622393354176, 13.595673151575024 ] ] ] } },
{ "type": "Feature", "properties": { "cell_id": "3522555086087651328", "token": "30e2a13", "level": 12, "type": "s2" }, "geometry": { "type": "Polygon", "coordinates": [ [ [ 100.552114193872114, 13.596632212851755 ], [ 100.552114193872114, 13.619471182537028 ], [ 100.574622393354176, 13.61851063338535 ], [ 100.574622393354176, 13.595673151575024 ], [ 100.552114193872114, 13.596632212851755 ] ] ] } },
{ "type": "Feature", "properties": { "cell_id": "3522554398892883968", "token": "30e2a09", "level": 12, "type": "s2" }, "geometry": { "type": "Polygon", "coordinates": [ [ [ 100.597136090815511, 13.617547817631905 ], [ 100.597136090815511, 13.640387852928063 ], [ 100.619655276155143, 13.639421275015707 ], [ 100.619655276155143, 13.616582734320902 ], [ 100.597136090815511, 13.617547817631905 ] ] ] } },
{ "type": "Feature", "properties": { "cell_id": "3522554811209744384", "token": "30e2a0f", "level": 12, "type": "s2" }, "geometry": { "type": "Polygon", "coordinates": [ [ [ 100.574622393354176, 13.61851063338535 ], [ 100.574622393354176, 13.64135215974526 ], [ 100.597136090815511, 13.640387852928063 ], [ 100.597136090815511, 13.617547817631905 ], [ 100.574622393354176, 13.61851063338535 ] ] ] } },
{ "type": "Feature", "properties": { "cell_id": "3522554948648697856", "token": "30e2a11", "level": 12, "type": "s2" }, "geometry": { "type": "Polygon", "coordinates": [ [ [ 100.552114193872114, 13.619471182537028 ], [ 100.552114193872114, 13.642314196424749 ], [ 100.574622393354176, 13.64135215974526 ], [ 100.574622393354176, 13.61851063338535 ], [ 100.552114193872114, 13.619471182537028 ] ] ] } },
{ "type": "Feature", "properties": { "cell_id": "3522554261453930496", "token": "30e2a07", "level": 12, "type": "s2" }, "geometry": { "type": "Polygon", "coordinates": [ [ [ 100.597136090815511, 13.640387852928063 ], [ 100.597136090815511, 13.66323192223992 ], [ 100.619655276155143, 13.662263850076727 ], [ 100.619655276155143, 13.639421275015707 ], [ 100.597136090815511, 13.640387852928063 ] ] ] } },
{ "type": "Feature", "properties": { "cell_id": "3522554124014977024", "token": "30e2a05", "level": 12, "type": "s2" }, "geometry": { "type": "Polygon", "coordinates": [ [ [ 100.574622393354176, 13.64135215974526 ], [ 100.574622393354176, 13.664197719771042 ], [ 100.597136090815511, 13.66323192223992 ], [ 100.597136090815511, 13.640387852928063 ], [ 100.574622393354176, 13.64135215974526 ] ] ] } },
{ "type": "Feature", "properties": { "cell_id": "3522557697427767296", "token": "30e2a39", "level": 12, "type": "s2" }, "geometry": { "type": "Polygon", "coordinates": [ [ [ 100.48462268415858, 13.599495827893666 ], [ 100.48462268415858, 13.622339240000674 ], [ 100.507114329198885, 13.621385484878703 ], [ 100.507114329198885, 13.59854355004676 ], [ 100.48462268415858, 13.599495827893666 ] ] ] } },
{ "type": "Feature", "properties": { "cell_id": "3522557559988813824", "token": "30e2a37", "level": 12, "type": "s2" }, "geometry": { "type": "Polygon", "coordinates": [ [ [ 100.462136577399363, 13.600445846532695 ], [ 100.462136577399363, 13.62329073238484 ], [ 100.48462268415858, 13.622339240000674 ], [ 100.48462268415858, 13.599495827893666 ], [ 100.462136577399363, 13.600445846532695 ] ] ] } },
{ "type": "Feature", "properties": { "cell_id": "3522557422549860352", "token": "30e2a35", "level": 12, "type": "s2" }, "geometry": { "type": "Polygon", "coordinates": [ [ [ 100.439656018971021, 13.601393606938306 ], [ 100.439656018971021, 13.624239963007339 ], [ 100.462136577399363, 13.62329073238484 ], [ 100.462136577399363, 13.600445846532695 ], [ 100.439656018971021, 13.601393606938306 ] ] ] } },
{ "type": "Feature", "properties": { "cell_id": "3522555360965558272", "token": "30e2a17", "level": 12, "type": "s2" }, "geometry": { "type": "Polygon", "coordinates": [ [ [ 100.52961150246017, 13.620429466046827 ], [ 100.52961150246017, 13.643273963928085 ], [ 100.552114193872114, 13.642314196424749 ], [ 100.552114193872114, 13.619471182537028 ], [ 100.52961150246017, 13.620429466046827 ] ] ] } },
{ "type": "Feature", "properties": { "cell_id": "3522557972305674240", "token": "30e2a3d", "level": 12, "type": "s2" }, "geometry": { "type": "Polygon", "coordinates": [ [ [ 100.507114329198885, 13.621385484878703 ], [ 100.507114329198885, 13.644231463220896 ], [ 100.52961150246017, 13.643273963928085 ], [ 100.52961150246017, 13.620429466046827 ], [ 100.507114329198885, 13.621385484878703 ] ] ] } },
{ "type": "Feature", "properties": { "cell_id": "3522557834866720768", "token": "30e2a3b", "level": 12, "type": "s2" }, "geometry": { "type": "Polygon", "coordinates": [ [ [ 100.48462268415858, 13.622339240000674 ], [ 100.48462268415858, 13.645186695272885 ], [ 100.507114329198885, 13.644231463220896 ], [ 100.507114329198885, 13.621385484878703 ], [ 100.48462268415858, 13.622339240000674 ] ] ] } },
{ "type": "Feature", "properties": { "cell_id": "3522557147671953408", "token": "30e2a31", "level": 12, "type": "s2" }, "geometry": { "type": "Polygon", "coordinates": [ [ [ 100.462136577399363, 13.62329073238484 ], [ 100.462136577399363, 13.646139661057827 ], [ 100.48462268415858, 13.645186695272885 ], [ 100.48462268415858, 13.622339240000674 ], [ 100.462136577399363, 13.62329073238484 ] ] ] } },
{ "type": "Feature", "properties": { "cell_id": "3522555498404511744", "token": "30e2a19", "level": 12, "type": "s2" }, "geometry": { "type": "Polygon", "coordinates": [ [ [ 100.52961150246017, 13.643273963928085 ], [ 100.52961150246017, 13.66612249477768 ], [ 100.552114193872114, 13.665161243629226 ], [ 100.552114193872114, 13.642314196424749 ], [ 100.52961150246017, 13.643273963928085 ] ] ] } },
{ "type": "Feature", "properties": { "cell_id": "3522556185599279104", "token": "30e2a23", "level": 12, "type": "s2" }, "geometry": { "type": "Polygon", "coordinates": [ [ [ 100.507114329198885, 13.644231463220896 ], [ 100.507114329198885, 13.667081474183709 ], [ 100.52961150246017, 13.66612249477768 ], [ 100.52961150246017, 13.643273963928085 ], [ 100.507114329198885, 13.644231463220896 ] ] ] } },
{ "type": "Feature", "properties": { "cell_id": "3522556323038232576", "token": "30e2a25", "level": 12, "type": "s2" }, "geometry": { "type": "Polygon", "coordinates": [ [ [ 100.48462268415858, 13.645186695272885 ], [ 100.48462268415858, 13.668038182818696 ], [ 100.507114329198885, 13.667081474183709 ], [ 100.507114329198885, 13.644231463220896 ], [ 100.48462268415858, 13.645186695272885 ] ] ] } },
{ "type": "Feature", "properties": { "cell_id": "3522585322657415168", "token": "30e2bcb", "level": 12, "type": "s2" }, "geometry": { "type": "Polygon", "coordinates": [ [ [ 100.417181018913027, 13.602339110088996 ], [ 100.417181018913027, 13.62518693284837 ], [ 100.439656018971021, 13.624239963007339 ], [ 100.439656018971021, 13.601393606938306 ], [ 100.417181018913027, 13.602339110088996 ] ] ] } },
{ "type": "Feature", "properties": { "cell_id": "3522585185218461696", "token": "30e2bc9", "level": 12, "type": "s2" }, "geometry": { "type": "Polygon", "coordinates": [ [ [ 100.394711587254605, 13.603282356967307 ], [ 100.394711587254605, 13.626131642892174 ], [ 100.417181018913027, 13.62518693284837 ], [ 100.417181018913027, 13.602339110088996 ], [ 100.394711587254605, 13.603282356967307 ] ] ] } },
{ "type": "Feature", "properties": { "cell_id": "3522557285110906880", "token": "30e2a33", "level": 12, "type": "s2" }, "geometry": { "type": "Polygon", "coordinates": [ [ [ 100.439656018971021, 13.624239963007339 ], [ 100.439656018971021, 13.647090361553559 ], [ 100.462136577399363, 13.646139661057827 ], [ 100.462136577399363, 13.62329073238484 ], [ 100.439656018971021, 13.624239963007339 ] ] ] } },
{ "type": "Feature", "properties": { "cell_id": "3522585460096368640", "token": "30e2bcd", "level": 12, "type": "s2" }, "geometry": { "type": "Polygon", "coordinates": [ [ [ 100.417181018913027, 13.62518693284837 ], [ 100.417181018913027, 13.64803879774197 ], [ 100.439656018971021, 13.647090361553559 ], [ 100.439656018971021, 13.624239963007339 ], [ 100.417181018913027, 13.62518693284837 ] ] ] } },
{ "type": "Feature", "properties": { "cell_id": "3522585597535322112", "token": "30e2bcf", "level": 12, "type": "s2" }, "geometry": { "type": "Polygon", "coordinates": [ [ [ 100.394711587254605, 13.626131642892174 ], [ 100.394711587254605, 13.648984970609005 ], [ 100.417181018913027, 13.64803879774197 ], [ 100.417181018913027, 13.62518693284837 ], [ 100.394711587254605, 13.626131642892174 ] ] ] } },
{ "type": "Feature", "properties": { "cell_id": "3522556872794046464", "token": "30e2a2d", "level": 12, "type": "s2" }, "geometry": { "type": "Polygon", "coordinates": [ [ [ 100.439656018971021, 13.647090361553559 ], [ 100.439656018971021, 13.66994479168145 ], [ 100.462136577399363, 13.668992621658102 ], [ 100.462136577399363, 13.646139661057827 ], [ 100.439656018971021, 13.647090361553559 ] ] ] } },
{ "type": "Feature", "properties": { "cell_id": "3522585872413229056", "token": "30e2bd3", "level": 12, "type": "s2" }, "geometry": { "type": "Polygon", "coordinates": [ [ [ 100.417181018913027, 13.64803879774197 ], [ 100.417181018913027, 13.670894693872331 ], [ 100.439656018971021, 13.66994479168145 ], [ 100.439656018971021, 13.647090361553559 ], [ 100.417181018913027, 13.64803879774197 ] ] ] } },
{ "type": "Feature", "properties": { "cell_id": "3522585734974275584", "token": "30e2bd1", "level": 12, "type": "s2" }, "geometry": { "type": "Polygon", "coordinates": [ [ [ 100.394711587254605, 13.648984970609005 ], [ 100.394711587254605, 13.671842329218387 ], [ 100.417181018913027, 13.670894693872331 ], [ 100.417181018913027, 13.64803879774197 ], [ 100.394711587254605, 13.648984970609005 ] ] ] } },
{ "type": "Feature", "properties": { "cell_id": "3522556735355092992", "token": "30e2a2b", "level": 12, "type": "s2" }, "geometry": { "type": "Polygon", "coordinates": [ [ [ 100.439656018971021, 13.66994479168145 ], [ 100.439656018971021, 13.692803242488342 ], [ 100.462136577399363, 13.691849603284947 ], [ 100.462136577399363, 13.668992621658102 ], [ 100.439656018971021, 13.66994479168145 ] ] ] } },
{ "type": "Feature", "properties": { "cell_id": "3522586009852182528", "token": "30e2bd5", "level": 12, "type": "s2" }, "geometry": { "type": "Polygon", "coordinates": [ [ [ 100.417181018913027, 13.670894693872331 ], [ 100.417181018913027, 13.69375461033483 ], [ 100.439656018971021, 13.692803242488342 ], [ 100.439656018971021, 13.66994479168145 ], [ 100.417181018913027, 13.670894693872331 ] ] ] } },
{ "type": "Feature", "properties": { "cell_id": "3539072087199055872", "token": "311d4f5", "level": 12, "type": "s2" }, "geometry": { "type": "Polygon", "coordinates": [ [ [ 100.867725615806393, 13.468971104218735 ], [ 100.867725615806393, 13.491768512983599 ], [ 100.890309864115707, 13.49078383713548 ], [ 100.890309864115707, 13.467987967660903 ], [ 100.867725615806393, 13.468971104218735 ] ] ] } },
{ "type": "Feature", "properties": { "cell_id": "3539072224638009344", "token": "311d4f7", "level": 12, "type": "s2" }, "geometry": { "type": "Polygon", "coordinates": [ [ [ 100.845146733373554, 13.469951983426858 ], [ 100.845146733373554, 13.492750927920875 ], [ 100.867725615806393, 13.491768512983599 ], [ 100.867725615806393, 13.468971104218735 ], [ 100.845146733373554, 13.469951983426858 ] ] ] } },
{ "type": "Feature", "properties": { "cell_id": "3539072362076962816", "token": "311d4f9", "level": 12, "type": "s2" }, "geometry": { "type": "Polygon", "coordinates": [ [ [ 100.822573227039285, 13.470930606182066 ], [ 100.822573227039285, 13.493731082845686 ], [ 100.845146733373554, 13.492750927920875 ], [ 100.845146733373554, 13.469951983426858 ], [ 100.822573227039285, 13.470930606182066 ] ] ] } },
{ "type": "Feature", "properties": { "cell_id": "3539061779277545472", "token": "311d45f", "level": 12, "type": "s2" }, "geometry": { "type": "Polygon", "coordinates": [ [ [ 100.867725615806393, 13.491768512983599 ], [ 100.867725615806393, 13.514570025053619 ], [ 100.890309864115707, 13.513583810261819 ], [ 100.890309864115707, 13.49078383713548 ], [ 100.867725615806393, 13.491768512983599 ] ] ] } },
{ "type": "Feature", "properties": { "cell_id": "3539061366960685056", "token": "311d459", "level": 12, "type": "s2" }, "geometry": { "type": "Polygon", "coordinates": [ [ [ 100.845146733373554, 13.492750927920875 ], [ 100.845146733373554, 13.515553975374104 ], [ 100.867725615806393, 13.514570025053619 ], [ 100.867725615806393, 13.491768512983599 ], [ 100.845146733373554, 13.492750927920875 ] ] ] } },
{ "type": "Feature", "properties": { "cell_id": "3539061641838592000", "token": "311d45d", "level": 12, "type": "s2" }, "geometry": { "type": "Polygon", "coordinates": [ [ [ 100.867725615806393, 13.514570025053619 ], [ 100.867725615806393, 13.537375629607347 ], [ 100.890309864115707, 13.536387876220518 ], [ 100.890309864115707, 13.513583810261819 ], [ 100.867725615806393, 13.514570025053619 ] ] ] } },
{ "type": "Feature", "properties": { "cell_id": "3539061504399638528", "token": "311d45b", "level": 12, "type": "s2" }, "geometry": { "type": "Polygon", "coordinates": [ [ [ 100.845146733373554, 13.515553975374104 ], [ 100.845146733373554, 13.53836111496306 ], [ 100.867725615806393, 13.537375629607347 ], [ 100.867725615806393, 13.514570025053619 ], [ 100.845146733373554, 13.515553975374104 ] ] ] } },
{ "type": "Feature", "properties": { "cell_id": "3539062466472312832", "token": "311d469", "level": 12, "type": "s2" }, "geometry": { "type": "Polygon", "coordinates": [ [ [ 100.890309864115707, 13.536387876220518 ], [ 100.890309864115707, 13.559196024184903 ], [ 100.912899468069369, 13.558204460064493 ], [ 100.912899468069369, 13.535397853905156 ], [ 100.890309864115707, 13.536387876220518 ] ] ] } },
{ "type": "Feature", "properties": { "cell_id": "3539059855132196864", "token": "311d443", "level": 12, "type": "s2" }, "geometry": { "type": "Polygon", "coordinates": [ [ [ 100.867725615806393, 13.537375629607347 ], [ 100.867725615806393, 13.560185315816069 ], [ 100.890309864115707, 13.559196024184903 ], [ 100.890309864115707, 13.536387876220518 ], [ 100.867725615806393, 13.537375629607347 ] ] ] } },
{ "type": "Feature", "properties": { "cell_id": "3539059992571150336", "token": "311d445", "level": 12, "type": "s2" }, "geometry": { "type": "Polygon", "coordinates": [ [ [ 100.845146733373554, 13.53836111496306 ], [ 100.845146733373554, 13.561172335856989 ], [ 100.867725615806393, 13.560185315816069 ], [ 100.867725615806393, 13.537375629607347 ], [ 100.845146733373554, 13.53836111496306 ] ] ] } },
{ "type": "Feature", "properties": { "cell_id": "3539062603911266304", "token": "311d46b", "level": 12, "type": "s2" }, "geometry": { "type": "Polygon", "coordinates": [ [ [ 100.890309864115707, 13.559196024184903 ], [ 100.890309864115707, 13.582008243321051 ], [ 100.912899468069369, 13.581015137749009 ], [ 100.912899468069369, 13.558204460064493 ], [ 100.890309864115707, 13.559196024184903 ] ] ] } },
{ "type": "Feature", "properties": { "cell_id": "3539059717693243392", "token": "311d441", "level": 12, "type": "s2" }, "geometry": { "type": "Polygon", "coordinates": [ [ [ 100.867725615806393, 13.560185315816069 ], [ 100.867725615806393, 13.582999072843821 ], [ 100.890309864115707, 13.582008243321051 ], [ 100.890309864115707, 13.559196024184903 ], [ 100.867725615806393, 13.560185315816069 ] ] ] } },
{ "type": "Feature", "properties": { "cell_id": "3539060130010103808", "token": "311d447", "level": 12, "type": "s2" }, "geometry": { "type": "Polygon", "coordinates": [ [ [ 100.845146733373554, 13.561172335856989 ], [ 100.845146733373554, 13.583987627217892 ], [ 100.867725615806393, 13.582999072843821 ], [ 100.867725615806393, 13.560185315816069 ], [ 100.845146733373554, 13.561172335856989 ] ] ] } },
{ "type": "Feature", "properties": { "cell_id": "3539060267449057280", "token": "311d449", "level": 12, "type": "s2" }, "geometry": { "type": "Polygon", "coordinates": [ [ [ 100.822573227039285, 13.56215708521081 ], [ 100.822573227039285, 13.584973907348004 ], [ 100.845146733373554, 13.583987627217892 ], [ 100.845146733373554, 13.561172335856989 ], [ 100.822573227039285, 13.56215708521081 ] ] ] } },
{ "type": "Feature", "properties": { "cell_id": "3539056694036267008", "token": "311d415", "level": 12, "type": "s2" }, "geometry": { "type": "Polygon", "coordinates": [ [ [ 100.890309864115707, 13.582008243321051 ], [ 100.890309864115707, 13.604824522787814 ], [ 100.912899468069369, 13.603829876119596 ], [ 100.912899468069369, 13.581015137749009 ], [ 100.890309864115707, 13.582008243321051 ] ] ] } },
{ "type": "Feature", "properties": { "cell_id": "3539059580254289920", "token": "311d43f", "level": 12, "type": "s2" }, "geometry": { "type": "Polygon", "coordinates": [ [ [ 100.867725615806393, 13.582999072843821 ], [ 100.867725615806393, 13.605816889847405 ], [ 100.890309864115707, 13.604824522787814 ], [ 100.890309864115707, 13.582008243321051 ], [ 100.867725615806393, 13.582999072843821 ] ] ] } },
{ "type": "Feature", "properties": { "cell_id": "3539062741350219776", "token": "311d46d", "level": 12, "type": "s2" }, "geometry": { "type": "Polygon", "coordinates": [ [ [ 100.912899468069369, 13.558204460064493 ], [ 100.912899468069369, 13.581015137749009 ], [ 100.935494417425332, 13.580019755231277 ], [ 100.935494417425332, 13.557210622560008 ], [ 100.912899468069369, 13.558204460064493 ] ] ] } },
{ "type": "Feature", "properties": { "cell_id": "3539056556597313536", "token": "311d413", "level": 12, "type": "s2" }, "geometry": { "type": "Polygon", "coordinates": [ [ [ 100.912899468069369, 13.581015137749009 ], [ 100.912899468069369, 13.603829876119596 ], [ 100.935494417425332, 13.60283294894476 ], [ 100.935494417425332, 13.580019755231277 ], [ 100.912899468069369, 13.581015137749009 ] ] ] } },
{ "type": "Feature", "properties": { "cell_id": "3539056281719406592", "token": "311d40f", "level": 12, "type": "s2" }, "geometry": { "type": "Polygon", "coordinates": [ [ [ 100.935494417425332, 13.60283294894476 ], [ 100.935494417425332, 13.625650192856201 ], [ 100.958094701931614, 13.624649436420205 ], [ 100.958094701931614, 13.601833740369488 ], [ 100.935494417425332, 13.60283294894476 ] ] ] } },
{ "type": "Feature", "properties": { "cell_id": "3539056419158360064", "token": "311d411", "level": 12, "type": "s2" }, "geometry": { "type": "Polygon", "coordinates": [ [ [ 100.912899468069369, 13.603829876119596 ], [ 100.912899468069369, 13.626648664329947 ], [ 100.935494417425332, 13.625650192856201 ], [ 100.935494417425332, 13.60283294894476 ], [ 100.912899468069369, 13.603829876119596 ] ] ] } },
{ "type": "Feature", "properties": { "cell_id": "3539059167937429504", "token": "311d439", "level": 12, "type": "s2" }, "geometry": { "type": "Polygon", "coordinates": [ [ [ 100.845146733373554, 13.583987627217892 ], [ 100.845146733373554, 13.606806978200538 ], [ 100.867725615806393, 13.605816889847405 ], [ 100.867725615806393, 13.582999072843821 ], [ 100.845146733373554, 13.583987627217892 ] ] ] } },
{ "type": "Feature", "properties": { "cell_id": "3539059030498476032", "token": "311d437", "level": 12, "type": "s2" }, "geometry": { "type": "Polygon", "coordinates": [ [ [ 100.822573227039285, 13.584973907348004 ], [ 100.822573227039285, 13.607794788753534 ], [ 100.845146733373554, 13.606806978200538 ], [ 100.845146733373554, 13.583987627217892 ], [ 100.822573227039285, 13.584973907348004 ] ] ] } },
{ "type": "Feature", "properties": { "cell_id": "3539056831475220480", "token": "311d417", "level": 12, "type": "s2" }, "geometry": { "type": "Polygon", "coordinates": [ [ [ 100.890309864115707, 13.604824522787814 ], [ 100.890309864115707, 13.627644851736834 ], [ 100.912899468069369, 13.626648664329947 ], [ 100.912899468069369, 13.603829876119596 ], [ 100.890309864115707, 13.604824522787814 ] ] ] } },
{ "type": "Feature", "properties": { "cell_id": "3539059442815336448", "token": "311d43d", "level": 12, "type": "s2" }, "geometry": { "type": "Polygon", "coordinates": [ [ [ 100.867725615806393, 13.605816889847405 ], [ 100.867725615806393, 13.628638755976432 ], [ 100.890309864115707, 13.627644851736834 ], [ 100.890309864115707, 13.604824522787814 ], [ 100.867725615806393, 13.605816889847405 ] ] ] } },
{ "type": "Feature", "properties": { "cell_id": "3539059305376382976", "token": "311d43b", "level": 12, "type": "s2" }, "geometry": { "type": "Polygon", "coordinates": [ [ [ 100.845146733373554, 13.606806978200538 ], [ 100.845146733373554, 13.629630377952493 ], [ 100.867725615806393, 13.628638755976432 ], [ 100.867725615806393, 13.605816889847405 ], [ 100.845146733373554, 13.606806978200538 ] ] ] } },
{ "type": "Feature", "properties": { "cell_id": "3539058618181615616", "token": "311d431", "level": 12, "type": "s2" }, "geometry": { "type": "Polygon", "coordinates": [ [ [ 100.822573227039285, 13.607794788753534 ], [ 100.822573227039285, 13.630619718572929 ], [ 100.845146733373554, 13.629630377952493 ], [ 100.845146733373554, 13.606806978200538 ], [ 100.822573227039285, 13.607794788753534 ] ] ] } },
{ "type": "Feature", "properties": { "cell_id": "3539056968914173952", "token": "311d419", "level": 12, "type": "s2" }, "geometry": { "type": "Polygon", "coordinates": [ [ [ 100.890309864115707, 13.627644851736834 ], [ 100.890309864115707, 13.650469219312576 ], [ 100.912899468069369, 13.649471491526571 ], [ 100.912899468069369, 13.626648664329947 ], [ 100.890309864115707, 13.627644851736834 ] ] ] } },
{ "type": "Feature", "properties": { "cell_id": "3539057656108941312", "token": "311d423", "level": 12, "type": "s2" }, "geometry": { "type": "Polygon", "coordinates": [ [ [ 100.867725615806393, 13.628638755976432 ], [ 100.867725615806393, 13.651464660373321 ], [ 100.890309864115707, 13.650469219312576 ], [ 100.890309864115707, 13.627644851736834 ], [ 100.867725615806393, 13.628638755976432 ] ] ] } },
{ "type": "Feature", "properties": { "cell_id": "3539057793547894784", "token": "311d425", "level": 12, "type": "s2" }, "geometry": { "type": "Polygon", "coordinates": [ [ [ 100.845146733373554, 13.629630377952493 ], [ 100.845146733373554, 13.652457815614142 ], [ 100.867725615806393, 13.651464660373321 ], [ 100.867725615806393, 13.628638755976432 ], [ 100.845146733373554, 13.629630377952493 ] ] ] } },
{ "type": "Feature", "properties": { "cell_id": "3539058480742662144", "token": "311d42f", "level": 12, "type": "s2" }, "geometry": { "type": "Polygon", "coordinates": [ [ [ 100.822573227039285, 13.630619718572929 ], [ 100.822573227039285, 13.653448685944545 ], [ 100.845146733373554, 13.652457815614142 ], [ 100.845146733373554, 13.629630377952493 ], [ 100.822573227039285, 13.630619718572929 ] ] ] } },
{ "type": "Feature", "properties": { "cell_id": "3539055731963592704", "token": "311d407", "level": 12, "type": "s2" }, "geometry": { "type": "Polygon", "coordinates": [ [ [ 100.958094701931614, 13.624649436420205 ], [ 100.958094701931614, 13.647469172178365 ], [ 100.98070031132626, 13.646464578826428 ], [ 100.98070031132626, 13.62364639413075 ], [ 100.958094701931614, 13.624649436420205 ] ] ] } },
{ "type": "Feature", "properties": { "cell_id": "3539055594524639232", "token": "311d405", "level": 12, "type": "s2" }, "geometry": { "type": "Polygon", "coordinates": [ [ [ 100.935494417425332, 13.625650192856201 ], [ 100.935494417425332, 13.648471476114157 ], [ 100.958094701931614, 13.647469172178365 ], [ 100.958094701931614, 13.624649436420205 ], [ 100.935494417425332, 13.625650192856201 ] ] ] } },
{ "type": "Feature", "properties": { "cell_id": "3539057106353127424", "token": "311d41b", "level": 12, "type": "s2" }, "geometry": { "type": "Polygon", "coordinates": [ [ [ 100.912899468069369, 13.626648664329947 ], [ 100.912899468069369, 13.649471491526571 ], [ 100.935494417425332, 13.648471476114157 ], [ 100.935494417425332, 13.625650192856201 ], [ 100.912899468069369, 13.626648664329947 ] ] ] } },
{ "type": "Feature", "properties": { "cell_id": "3539055457085685760", "token": "311d403", "level": 12, "type": "s2" }, "geometry": { "type": "Polygon", "coordinates": [ [ [ 100.935494417425332, 13.648471476114157 ], [ 100.935494417425332, 13.671296787860035 ], [ 100.958094701931614, 13.67029293678744 ], [ 100.958094701931614, 13.647469172178365 ], [ 100.935494417425332, 13.648471476114157 ] ] ] } },
{ "type": "Feature", "properties": { "cell_id": "3539057243792080896", "token": "311d41d", "level": 12, "type": "s2" }, "geometry": { "type": "Polygon", "coordinates": [ [ [ 100.912899468069369, 13.649471491526571 ], [ 100.912899468069369, 13.672298346848827 ], [ 100.935494417425332, 13.671296787860035 ], [ 100.935494417425332, 13.648471476114157 ], [ 100.912899468069369, 13.649471491526571 ] ] ] } },
{ "type": "Feature", "properties": { "cell_id": "3539101911451959296", "token": "311d6a7", "level": 12, "type": "s2" }, "geometry": { "type": "Polygon", "coordinates": [ [ [ 100.912899468069369, 13.672298346848827 ], [ 100.912899468069369, 13.695129219428923 ], [ 100.935494417425332, 13.694126117228102 ], [ 100.935494417425332, 13.671296787860035 ], [ 100.912899468069369, 13.672298346848827 ] ] ] } },
{ "type": "Feature", "properties": { "cell_id": "3539057381231034368", "token": "311d41f", "level": 12, "type": "s2" }, "geometry": { "type": "Polygon", "coordinates": [ [ [ 100.890309864115707, 13.650469219312576 ], [ 100.890309864115707, 13.673297614652348 ], [ 100.912899468069369, 13.672298346848827 ], [ 100.912899468069369, 13.649471491526571 ], [ 100.890309864115707, 13.650469219312576 ] ] ] } },
{ "type": "Feature", "properties": { "cell_id": "3539057518669987840", "token": "311d421", "level": 12, "type": "s2" }, "geometry": { "type": "Polygon", "coordinates": [ [ [ 100.867725615806393, 13.651464660373321 ], [ 100.867725615806393, 13.674294592173341 ], [ 100.890309864115707, 13.673297614652348 ], [ 100.890309864115707, 13.650469219312576 ], [ 100.867725615806393, 13.651464660373321 ] ] ] } },
{ "type": "Feature", "properties": { "cell_id": "3539057930986848256", "token": "311d427", "level": 12, "type": "s2" }, "geometry": { "type": "Polygon", "coordinates": [ [ [ 100.845146733373554, 13.652457815614142 ], [ 100.845146733373554, 13.675289280318715 ], [ 100.867725615806393, 13.674294592173341 ], [ 100.867725615806393, 13.651464660373321 ], [ 100.845146733373554, 13.652457815614142 ] ] ] } },
{ "type": "Feature", "properties": { "cell_id": "3539058068425801728", "token": "311d429", "level": 12, "type": "s2" }, "geometry": { "type": "Polygon", "coordinates": [ [ [ 100.822573227039285, 13.653448685944545 ], [ 100.822573227039285, 13.676281679999576 ], [ 100.845146733373554, 13.675289280318715 ], [ 100.845146733373554, 13.652457815614142 ], [ 100.822573227039285, 13.653448685944545 ] ] ] } },
{ "type": "Feature", "properties": { "cell_id": "3539101499135098880", "token": "311d6a1", "level": 12, "type": "s2" }, "geometry": { "type": "Polygon", "coordinates": [ [ [ 100.890309864115707, 13.673297614652348 ], [ 100.890309864115707, 13.696130026886324 ], [ 100.912899468069369, 13.695129219428923 ], [ 100.912899468069369, 13.672298346848827 ], [ 100.890309864115707, 13.673297614652348 ] ] ] } },
{ "type": "Feature", "properties": { "cell_id": "3539101361696145408", "token": "311d69f", "level": 12, "type": "s2" }, "geometry": { "type": "Polygon", "coordinates": [ [ [ 100.867725615806393, 13.674294592173341 ], [ 100.867725615806393, 13.697128540504615 ], [ 100.890309864115707, 13.696130026886324 ], [ 100.890309864115707, 13.673297614652348 ], [ 100.867725615806393, 13.674294592173341 ] ] ] } },
{ "type": "Feature", "properties": { "cell_id": "3539101224257191936", "token": "311d69d", "level": 12, "type": "s2" }, "geometry": { "type": "Polygon", "coordinates": [ [ [ 100.845146733373554, 13.675289280318715 ], [ 100.845146733373554, 13.698124761192304 ], [ 100.867725615806393, 13.697128540504615 ], [ 100.867725615806393, 13.674294592173341 ], [ 100.845146733373554, 13.675289280318715 ] ] ] } },
{ "type": "Feature", "properties": { "cell_id": "3539101086818238464", "token": "311d69b", "level": 12, "type": "s2" }, "geometry": { "type": "Polygon", "coordinates": [ [ [ 100.845146733373554, 13.698124761192304 ], [ 100.845146733373554, 13.720964247353885 ], [ 100.867725615806393, 13.719966494488162 ], [ 100.867725615806393, 13.697128540504615 ], [ 100.845146733373554, 13.698124761192304 ] ] ] } },
{ "type": "Feature", "properties": { "cell_id": "3539086930606030848", "token": "311d5cd", "level": 12, "type": "s2" }, "geometry": { "type": "Polygon", "coordinates": [ [ [ 100.777442383505004, 13.609763580105202 ], [ 100.777442383505004, 13.632591559399408 ], [ 100.800005107015735, 13.631606778749822 ], [ 100.800005107015735, 13.608780322416877 ], [ 100.777442383505004, 13.609763580105202 ] ] ] } },
{ "type": "Feature", "properties": { "cell_id": "3539087068044984320", "token": "311d5cf", "level": 12, "type": "s2" }, "geometry": { "type": "Polygon", "coordinates": [ [ [ 100.75488506669916, 13.610744562737283 ], [ 100.75488506669916, 13.633574061442072 ], [ 100.777442383505004, 13.632591559399408 ], [ 100.777442383505004, 13.609763580105202 ], [ 100.75488506669916, 13.610744562737283 ] ] ] } },
{ "type": "Feature", "properties": { "cell_id": "3539058343303708672", "token": "311d42d", "level": 12, "type": "s2" }, "geometry": { "type": "Polygon", "coordinates": [ [ [ 100.800005107015735, 13.631606778749822 ], [ 100.800005107015735, 13.654437272278207 ], [ 100.822573227039285, 13.653448685944545 ], [ 100.822573227039285, 13.630619718572929 ], [ 100.800005107015735, 13.631606778749822 ] ] ] } },
{ "type": "Feature", "properties": { "cell_id": "3539087342922891264", "token": "311d5d3", "level": 12, "type": "s2" }, "geometry": { "type": "Polygon", "coordinates": [ [ [ 100.777442383505004, 13.632591559399408 ], [ 100.777442383505004, 13.655423575532964 ], [ 100.800005107015735, 13.654437272278207 ], [ 100.800005107015735, 13.631606778749822 ], [ 100.777442383505004, 13.632591559399408 ] ] ] } },
{ "type": "Feature", "properties": { "cell_id": "3539087205483937792", "token": "311d5d1", "level": 12, "type": "s2" }, "geometry": { "type": "Polygon", "coordinates": [ [ [ 100.75488506669916, 13.633574061442072 ], [ 100.75488506669916, 13.656407596630816 ], [ 100.777442383505004, 13.655423575532964 ], [ 100.777442383505004, 13.632591559399408 ], [ 100.75488506669916, 13.633574061442072 ] ] ] } },
{ "type": "Feature", "properties": { "cell_id": "3539058205864755200", "token": "311d42b", "level": 12, "type": "s2" }, "geometry": { "type": "Polygon", "coordinates": [ [ [ 100.800005107015735, 13.654437272278207 ], [ 100.800005107015735, 13.677271792131194 ], [ 100.822573227039285, 13.676281679999576 ], [ 100.822573227039285, 13.653448685944545 ], [ 100.800005107015735, 13.654437272278207 ] ] ] } },
{ "type": "Feature", "properties": { "cell_id": "3539087480361844736", "token": "311d5d5", "level": 12, "type": "s2" }, "geometry": { "type": "Polygon", "coordinates": [ [ [ 100.777442383505004, 13.655423575532964 ], [ 100.777442383505004, 13.678259617633016 ], [ 100.800005107015735, 13.677271792131194 ], [ 100.800005107015735, 13.654437272278207 ], [ 100.777442383505004, 13.655423575532964 ] ] ] } },
{ "type": "Feature", "properties": { "cell_id": "3539087617800798208", "token": "311d5d7", "level": 12, "type": "s2" }, "geometry": { "type": "Polygon", "coordinates": [ [ [ 100.75488506669916, 13.656407596630816 ], [ 100.75488506669916, 13.679245157428641 ], [ 100.777442383505004, 13.678259617633016 ], [ 100.777442383505004, 13.655423575532964 ], [ 100.75488506669916, 13.656407596630816 ] ] ] } },
{ "type": "Feature", "properties": { "cell_id": "3539099437550796800", "token": "311d683", "level": 12, "type": "s2" }, "geometry": { "type": "Polygon", "coordinates": [ [ [ 100.822573227039285, 13.676281679999576 ], [ 100.822573227039285, 13.699118689862082 ], [ 100.845146733373554, 13.698124761192304 ], [ 100.845146733373554, 13.675289280318715 ], [ 100.822573227039285, 13.676281679999576 ] ] ] } },
{ "type": "Feature", "properties": { "cell_id": "3539099300111843328", "token": "311d681", "level": 12, "type": "s2" }, "geometry": { "type": "Polygon", "coordinates": [ [ [ 100.800005107015735, 13.677271792131194 ], [ 100.800005107015735, 13.700110327430819 ], [ 100.822573227039285, 13.699118689862082 ], [ 100.822573227039285, 13.676281679999576 ], [ 100.800005107015735, 13.677271792131194 ] ] ] } },
{ "type": "Feature", "properties": { "cell_id": "3539089267068239872", "token": "311d5ef", "level": 12, "type": "s2" }, "geometry": { "type": "Polygon", "coordinates": [ [ [ 100.664710070014337, 13.614645761223461 ], [ 100.664710070014337, 13.637481302096147 ], [ 100.687245658281014, 13.636507905194518 ], [ 100.687245658281014, 13.613673869545893 ], [ 100.664710070014337, 13.614645761223461 ] ] ] } },
{ "type": "Feature", "properties": { "cell_id": "3539089404507193344", "token": "311d5f1", "level": 12, "type": "s2" }, "geometry": { "type": "Polygon", "coordinates": [ [ [ 100.642179939261865, 13.615615382500623 ], [ 100.642179939261865, 13.638452425054824 ], [ 100.664710070014337, 13.637481302096147 ], [ 100.664710070014337, 13.614645761223461 ], [ 100.642179939261865, 13.615615382500623 ] ] ] } },
{ "type": "Feature", "properties": { "cell_id": "3539089816824053760", "token": "311d5f7", "level": 12, "type": "s2" }, "geometry": { "type": "Polygon", "coordinates": [ [ [ 100.619655276155143, 13.616582734320902 ], [ 100.619655276155143, 13.639421275015707 ], [ 100.642179939261865, 13.638452425054824 ], [ 100.642179939261865, 13.615615382500623 ], [ 100.619655276155143, 13.616582734320902 ] ] ] } },
{ "type": "Feature", "properties": { "cell_id": "3539088579873472512", "token": "311d5e5", "level": 12, "type": "s2" }, "geometry": { "type": "Polygon", "coordinates": [ [ [ 100.664710070014337, 13.637481302096147 ], [ 100.664710070014337, 13.660320878038172 ], [ 100.687245658281014, 13.65934597626509 ], [ 100.687245658281014, 13.636507905194518 ], [ 100.664710070014337, 13.637481302096147 ] ] ] } },
{ "type": "Feature", "properties": { "cell_id": "3539090091701960704", "token": "311d5fb", "level": 12, "type": "s2" }, "geometry": { "type": "Polygon", "coordinates": [ [ [ 100.642179939261865, 13.638452425054824 ], [ 100.642179939261865, 13.661293502326451 ], [ 100.664710070014337, 13.660320878038172 ], [ 100.664710070014337, 13.637481302096147 ], [ 100.642179939261865, 13.638452425054824 ] ] ] } },
{ "type": "Feature", "properties": { "cell_id": "3539089954263007232", "token": "311d5f9", "level": 12, "type": "s2" }, "geometry": { "type": "Polygon", "coordinates": [ [ [ 100.619655276155143, 13.639421275015707 ], [ 100.619655276155143, 13.662263850076727 ], [ 100.642179939261865, 13.661293502326451 ], [ 100.642179939261865, 13.638452425054824 ], [ 100.619655276155143, 13.639421275015707 ] ] ] } },
{ "type": "Feature", "properties": { "cell_id": "3539088442434519040", "token": "311d5e3", "level": 12, "type": "s2" }, "geometry": { "type": "Polygon", "coordinates": [ [ [ 100.664710070014337, 13.660320878038172 ], [ 100.664710070014337, 13.68316447816663 ], [ 100.687245658281014, 13.682188071876705 ], [ 100.687245658281014, 13.65934597626509 ], [ 100.664710070014337, 13.660320878038172 ] ] ] } },
{ "type": "Feature", "properties": { "cell_id": "3539090229140914176", "token": "311d5fd", "level": 12, "type": "s2" }, "geometry": { "type": "Polygon", "coordinates": [ [ [ 100.642179939261865, 13.661293502326451 ], [ 100.642179939261865, 13.684138603430597 ], [ 100.664710070014337, 13.68316447816663 ], [ 100.664710070014337, 13.660320878038172 ], [ 100.642179939261865, 13.661293502326451 ] ] ] } },
{ "type": "Feature", "properties": { "cell_id": "3539090366579867648", "token": "311d5ff", "level": 12, "type": "s2" }, "geometry": { "type": "Polygon", "coordinates": [ [ [ 100.619655276155143, 13.662263850076727 ], [ 100.619655276155129, 13.68511044861706 ], [ 100.642179939261865, 13.684138603430597 ], [ 100.642179939261865, 13.661293502326451 ], [ 100.619655276155143, 13.662263850076727 ] ] ] } },
{ "type": "Feature", "properties": { "cell_id": "3539091053774635008", "token": "311d609", "level": 12, "type": "s2" }, "geometry": { "type": "Polygon", "coordinates": [ [ [ 100.664710070014337, 13.68316447816663 ], [ 100.664710070014337, 13.706012091591472 ], [ 100.687245658281014, 13.705034181141317 ], [ 100.687245658281014, 13.682188071876705 ], [ 100.664710070014337, 13.68316447816663 ] ] ] } },
{ "type": "Feature", "properties": { "cell_id": "3522555635843465216", "token": "30e2a1b", "level": 12, "type": "s2" }, "geometry": { "type": "Polygon", "coordinates": [ [ [ 100.552114193872114, 13.642314196424749 ], [ 100.552114193872114, 13.665161243629226 ], [ 100.574622393354176, 13.664197719771042 ], [ 100.574622393354176, 13.64135215974526 ], [ 100.552114193872114, 13.642314196424749 ] ] ] } },
{ "type": "Feature", "properties": { "cell_id": "3522553849137070080", "token": "30e2a01", "level": 12, "type": "s2" }, "geometry": { "type": "Polygon", "coordinates": [ [ [ 100.597136090815511, 13.66323192223992 ], [ 100.597136090815496, 13.686080014678579 ], [ 100.619655276155129, 13.68511044861706 ], [ 100.619655276155143, 13.662263850076727 ], [ 100.597136090815511, 13.66323192223992 ] ] ] } },
{ "type": "Feature", "properties": { "cell_id": "3522553986576023552", "token": "30e2a03", "level": 12, "type": "s2" }, "geometry": { "type": "Polygon", "coordinates": [ [ [ 100.574622393354176, 13.664197719771042 ], [ 100.574622393354176, 13.687047302571838 ], [ 100.597136090815496, 13.686080014678579 ], [ 100.597136090815511, 13.66323192223992 ], [ 100.574622393354176, 13.664197719771042 ] ] ] } },
{ "type": "Feature", "properties": { "cell_id": "3522555773282418688", "token": "30e2a1d", "level": 12, "type": "s2" }, "geometry": { "type": "Polygon", "coordinates": [ [ [ 100.552114193872114, 13.665161243629226 ], [ 100.552114193872114, 13.688012313257614 ], [ 100.574622393354176, 13.687047302571838 ], [ 100.574622393354176, 13.664197719771042 ], [ 100.552114193872114, 13.665161243629226 ] ] ] } },
{ "type": "Feature", "properties": { "cell_id": "3522553711698116608", "token": "30e29ff", "level": 12, "type": "s2" }, "geometry": { "type": "Polygon", "coordinates": [ [ [ 100.597136090815496, 13.686080014678579 ], [ 100.597136090815496, 13.708932119348031 ], [ 100.619655276155143, 13.707961059742672 ], [ 100.619655276155129, 13.68511044861706 ], [ 100.597136090815496, 13.686080014678579 ] ] ] } },
{ "type": "Feature", "properties": { "cell_id": "3522553299381256192", "token": "30e29f9", "level": 12, "type": "s2" }, "geometry": { "type": "Polygon", "coordinates": [ [ [ 100.574622393354176, 13.687047302571838 ], [ 100.574622393354176, 13.709900897249632 ], [ 100.597136090815496, 13.708932119348031 ], [ 100.597136090815496, 13.686080014678579 ], [ 100.574622393354176, 13.687047302571838 ] ] ] } },
{ "type": "Feature", "properties": { "cell_id": "3522553161942302720", "token": "30e29f7", "level": 12, "type": "s2" }, "geometry": { "type": "Polygon", "coordinates": [ [ [ 100.552114193872114, 13.688012313257614 ], [ 100.552114193872114, 13.710867394409929 ], [ 100.574622393354176, 13.709900897249632 ], [ 100.574622393354176, 13.687047302571838 ], [ 100.552114193872114, 13.688012313257614 ] ] ] } },
{ "type": "Feature", "properties": { "cell_id": "3522553574259163136", "token": "30e29fd", "level": 12, "type": "s2" }, "geometry": { "type": "Polygon", "coordinates": [ [ [ 100.597136090815496, 13.708932119348031 ], [ 100.597136090815496, 13.731788225345138 ], [ 100.619655276155143, 13.730815672552424 ], [ 100.619655276155143, 13.707961059742672 ], [ 100.597136090815496, 13.708932119348031 ] ] ] } },
{ "type": "Feature", "properties": { "cell_id": "3522553436820209664", "token": "30e29fb", "level": 12, "type": "s2" }, "geometry": { "type": "Polygon", "coordinates": [ [ [ 100.574622393354176, 13.709900897249632 ], [ 100.574622393354176, 13.73275849289932 ], [ 100.597136090815496, 13.731788225345138 ], [ 100.597136090815496, 13.708932119348031 ], [ 100.574622393354176, 13.709900897249632 ] ] ] } },
{ "type": "Feature", "properties": { "cell_id": "3522552749625442304", "token": "30e29f1", "level": 12, "type": "s2" }, "geometry": { "type": "Polygon", "coordinates": [ [ [ 100.552114193872114, 13.710867394409929 ], [ 100.552114193872114, 13.733726476179079 ], [ 100.574622393354176, 13.73275849289932 ], [ 100.574622393354176, 13.709900897249632 ], [ 100.552114193872114, 13.710867394409929 ] ] ] } },
{ "type": "Feature", "properties": { "cell_id": "3539099162672889856", "token": "311d67f", "level": 12, "type": "s2" }, "geometry": { "type": "Polygon", "coordinates": [ [ [ 100.777442383505004, 13.678259617633016 ], [ 100.777442383505004, 13.701099674819567 ], [ 100.800005107015735, 13.700110327430819 ], [ 100.800005107015735, 13.677271792131194 ], [ 100.777442383505004, 13.678259617633016 ] ] ] } },
{ "type": "Feature", "properties": { "cell_id": "3539098750356029440", "token": "311d679", "level": 12, "type": "s2" }, "geometry": { "type": "Polygon", "coordinates": [ [ [ 100.75488506669916, 13.679245157428641 ], [ 100.75488506669916, 13.702086732953536 ], [ 100.777442383505004, 13.701099674819567 ], [ 100.777442383505004, 13.678259617633016 ], [ 100.75488506669916, 13.679245157428641 ] ] ] } },
{ "type": "Feature", "properties": { "cell_id": "3539099574989750272", "token": "311d685", "level": 12, "type": "s2" }, "geometry": { "type": "Polygon", "coordinates": [ [ [ 100.822573227039285, 13.699118689862082 ], [ 100.822573227039285, 13.721959704649008 ], [ 100.845146733373554, 13.720964247353885 ], [ 100.845146733373554, 13.698124761192304 ], [ 100.822573227039285, 13.699118689862082 ] ] ] } },
{ "type": "Feature", "properties": { "cell_id": "3539099712428703744", "token": "311d687", "level": 12, "type": "s2" }, "geometry": { "type": "Polygon", "coordinates": [ [ [ 100.800005107015735, 13.700110327430819 ], [ 100.800005107015735, 13.722952867291999 ], [ 100.822573227039285, 13.721959704649008 ], [ 100.822573227039285, 13.699118689862082 ], [ 100.800005107015735, 13.700110327430819 ] ] ] } },
{ "type": "Feature", "properties": { "cell_id": "3539099025233936384", "token": "311d67d", "level": 12, "type": "s2" }, "geometry": { "type": "Polygon", "coordinates": [ [ [ 100.777442383505004, 13.701099674819567 ], [ 100.777442383505004, 13.723943736205513 ], [ 100.800005107015735, 13.722952867291999 ], [ 100.800005107015735, 13.700110327430819 ], [ 100.777442383505004, 13.701099674819567 ] ] ] } },
{ "type": "Feature", "properties": { "cell_id": "3539098887794982912", "token": "311d67b", "level": 12, "type": "s2" }, "geometry": { "type": "Polygon", "coordinates": [ [ [ 100.75488506669916, 13.702086732953536 ], [ 100.75488506669916, 13.724932312316374 ], [ 100.777442383505004, 13.723943736205513 ], [ 100.777442383505004, 13.701099674819567 ], [ 100.75488506669916, 13.702086732953536 ] ] ] } },
{ "type": "Feature", "properties": { "cell_id": "3539099849867657216", "token": "311d689", "level": 12, "type": "s2" }, "geometry": { "type": "Polygon", "coordinates": [ [ [ 100.800005107015735, 13.722952867291999 ], [ 100.800005107015735, 13.745799400822563 ], [ 100.822573227039285, 13.744804713470213 ], [ 100.822573227039285, 13.721959704649008 ], [ 100.800005107015735, 13.722952867291999 ] ] ] } },
{ "type": "Feature", "properties": { "cell_id": "3539097238527541248", "token": "311d663", "level": 12, "type": "s2" }, "geometry": { "type": "Polygon", "coordinates": [ [ [ 100.777442383505004, 13.723943736205513 ], [ 100.777442383505004, 13.746791790896662 ], [ 100.800005107015735, 13.745799400822563 ], [ 100.800005107015735, 13.722952867291999 ], [ 100.777442383505004, 13.723943736205513 ] ] ] } },
{ "type": "Feature", "properties": { "cell_id": "3539097375966494720", "token": "311d665", "level": 12, "type": "s2" }, "geometry": { "type": "Polygon", "coordinates": [ [ [ 100.75488506669916, 13.724932312316374 ], [ 100.75488506669916, 13.747781884620945 ], [ 100.777442383505004, 13.746791790896662 ], [ 100.777442383505004, 13.723943736205513 ], [ 100.75488506669916, 13.724932312316374 ] ] ] } },
{ "type": "Feature", "properties": { "cell_id": "3539099987306610688", "token": "311d68b", "level": 12, "type": "s2" }, "geometry": { "type": "Polygon", "coordinates": [ [ [ 100.800005107015735, 13.745799400822563 ], [ 100.800005107015735, 13.768649917123277 ], [ 100.822573227039285, 13.76765370542849 ], [ 100.822573227039285, 13.744804713470213 ], [ 100.800005107015735, 13.745799400822563 ] ] ] } },
{ "type": "Feature", "properties": { "cell_id": "3539098612917075968", "token": "311d677", "level": 12, "type": "s2" }, "geometry": { "type": "Polygon", "coordinates": [ [ [ 100.732333166780251, 13.680228412445834 ], [ 100.732333166780251, 13.703071502762104 ], [ 100.75488506669916, 13.702086732953536 ], [ 100.75488506669916, 13.679245157428641 ], [ 100.732333166780251, 13.680228412445834 ] ] ] } },
{ "type": "Feature", "properties": { "cell_id": "3539098475478122496", "token": "311d675", "level": 12, "type": "s2" }, "geometry": { "type": "Polygon", "coordinates": [ [ [ 100.709786693920236, 13.681209383616503 ], [ 100.709786693920236, 13.704053985178806 ], [ 100.732333166780251, 13.703071502762104 ], [ 100.732333166780251, 13.680228412445834 ], [ 100.709786693920236, 13.681209383616503 ] ] ] } },
{ "type": "Feature", "properties": { "cell_id": "3539091191213588480", "token": "311d60b", "level": 12, "type": "s2" }, "geometry": { "type": "Polygon", "coordinates": [ [ [ 100.687245658281014, 13.682188071876705 ], [ 100.687245658281014, 13.705034181141317 ], [ 100.709786693920236, 13.704053985178806 ], [ 100.709786693920236, 13.681209383616503 ], [ 100.687245658281014, 13.682188071876705 ] ] ] } },
{ "type": "Feature", "properties": { "cell_id": "3539098200600215552", "token": "311d671", "level": 12, "type": "s2" }, "geometry": { "type": "Polygon", "coordinates": [ [ [ 100.732333166780251, 13.703071502762104 ], [ 100.732333166780251, 13.725918596555575 ], [ 100.75488506669916, 13.724932312316374 ], [ 100.75488506669916, 13.702086732953536 ], [ 100.732333166780251, 13.703071502762104 ] ] ] } },
{ "type": "Feature", "properties": { "cell_id": "3539098338039169024", "token": "311d673", "level": 12, "type": "s2" }, "geometry": { "type": "Polygon", "coordinates": [ [ [ 100.709786693920236, 13.704053985178806 ], [ 100.70978669392025, 13.726902589858273 ], [ 100.732333166780251, 13.725918596555575 ], [ 100.732333166780251, 13.703071502762104 ], [ 100.709786693920236, 13.704053985178806 ] ] ] } },
{ "type": "Feature", "properties": { "cell_id": "3539091328652541952", "token": "311d60d", "level": 12, "type": "s2" }, "geometry": { "type": "Polygon", "coordinates": [ [ [ 100.687245658281014, 13.705034181141317 ], [ 100.687245658281014, 13.727884293163777 ], [ 100.70978669392025, 13.726902589858273 ], [ 100.709786693920236, 13.704053985178806 ], [ 100.687245658281014, 13.705034181141317 ] ] ] } },
{ "type": "Feature", "properties": { "cell_id": "3539098063161262080", "token": "311d66f", "level": 12, "type": "s2" }, "geometry": { "type": "Polygon", "coordinates": [ [ [ 100.732333166780251, 13.725918596555575 ], [ 100.732333166780251, 13.748769682928025 ], [ 100.75488506669916, 13.747781884620945 ], [ 100.75488506669916, 13.724932312316374 ], [ 100.732333166780251, 13.725918596555575 ] ] ] } },
{ "type": "Feature", "properties": { "cell_id": "3539097925722308608", "token": "311d66d", "level": 12, "type": "s2" }, "geometry": { "type": "Polygon", "coordinates": [ [ [ 100.70978669392025, 13.726902589858273 ], [ 100.709786693920236, 13.749755186754676 ], [ 100.732333166780251, 13.748769682928025 ], [ 100.732333166780251, 13.725918596555575 ], [ 100.70978669392025, 13.726902589858273 ] ] ] } },
{ "type": "Feature", "properties": { "cell_id": "3539091740969402368", "token": "311d613", "level": 12, "type": "s2" }, "geometry": { "type": "Polygon", "coordinates": [ [ [ 100.687245658281014, 13.727884293163777 ], [ 100.687245658281014, 13.750738397041838 ], [ 100.709786693920236, 13.749755186754676 ], [ 100.70978669392025, 13.726902589858273 ], [ 100.687245658281014, 13.727884293163777 ] ] ] } },
{ "type": "Feature", "properties": { "cell_id": "3539097650844401664", "token": "311d669", "level": 12, "type": "s2" }, "geometry": { "type": "Polygon", "coordinates": [ [ [ 100.732333166780251, 13.748769682928025 ], [ 100.732333166780251, 13.771624750974153 ], [ 100.75488506669916, 13.77063543896397 ], [ 100.75488506669916, 13.747781884620945 ], [ 100.732333166780251, 13.748769682928025 ] ] ] } },
{ "type": "Feature", "properties": { "cell_id": "3539090916335681536", "token": "311d607", "level": 12, "type": "s2" }, "geometry": { "type": "Polygon", "coordinates": [ [ [ 100.642179939261865, 13.684138603430597 ], [ 100.642179939261865, 13.706987717475226 ], [ 100.664710070014337, 13.706012091591472 ], [ 100.664710070014337, 13.68316447816663 ], [ 100.642179939261865, 13.684138603430597 ] ] ] } },
{ "type": "Feature", "properties": { "cell_id": "3539090504018821120", "token": "311d601", "level": 12, "type": "s2" }, "geometry": { "type": "Polygon", "coordinates": [ [ [ 100.619655276155129, 13.68511044861706 ], [ 100.619655276155143, 13.707961059742672 ], [ 100.642179939261865, 13.706987717475226 ], [ 100.642179939261865, 13.684138603430597 ], [ 100.619655276155129, 13.68511044861706 ] ] ] } },
{ "type": "Feature", "properties": { "cell_id": "3539091466091495424", "token": "311d60f", "level": 12, "type": "s2" }, "geometry": { "type": "Polygon", "coordinates": [ [ [ 100.664710070014337, 13.706012091591472 ], [ 100.664710070014337, 13.728863707415545 ], [ 100.687245658281014, 13.727884293163777 ], [ 100.687245658281014, 13.705034181141317 ], [ 100.664710070014337, 13.706012091591472 ] ] ] } },
{ "type": "Feature", "properties": { "cell_id": "3539090778896728064", "token": "311d605", "level": 12, "type": "s2" }, "geometry": { "type": "Polygon", "coordinates": [ [ [ 100.642179939261865, 13.706987717475226 ], [ 100.642179939261865, 13.729840833561182 ], [ 100.664710070014337, 13.728863707415545 ], [ 100.664710070014337, 13.706012091591472 ], [ 100.642179939261865, 13.706987717475226 ] ] ] } },
{ "type": "Feature", "properties": { "cell_id": "3539090641457774592", "token": "311d603", "level": 12, "type": "s2" }, "geometry": { "type": "Polygon", "coordinates": [ [ [ 100.619655276155143, 13.707961059742672 ], [ 100.619655276155143, 13.730815672552424 ], [ 100.642179939261865, 13.729840833561182 ], [ 100.642179939261865, 13.706987717475226 ], [ 100.619655276155143, 13.707961059742672 ] ] ] } },
{ "type": "Feature", "properties": { "cell_id": "3539091603530448896", "token": "311d611", "level": 12, "type": "s2" }, "geometry": { "type": "Polygon", "coordinates": [ [ [ 100.664710070014337, 13.728863707415545 ], [ 100.664710070014337, 13.751719314734608 ], [ 100.687245658281014, 13.750738397041838 ], [ 100.687245658281014, 13.727884293163777 ], [ 100.664710070014337, 13.728863707415545 ] ] ] } },
{ "type": "Feature", "properties": { "cell_id": "3539092290725216256", "token": "311d61b", "level": 12, "type": "s2" }, "geometry": { "type": "Polygon", "coordinates": [ [ [ 100.642179939261865, 13.729840833561182 ], [ 100.642179939261865, 13.752697940782229 ], [ 100.664710070014337, 13.751719314734608 ], [ 100.664710070014337, 13.728863707415545 ], [ 100.642179939261865, 13.729840833561182 ] ] ] } },
{ "type": "Feature", "properties": { "cell_id": "3539092428164169728", "token": "311d61d", "level": 12, "type": "s2" }, "geometry": { "type": "Polygon", "coordinates": [ [ [ 100.619655276155143, 13.730815672552424 ], [ 100.619655276155143, 13.753674276138078 ], [ 100.642179939261865, 13.752697940782229 ], [ 100.642179939261865, 13.729840833561182 ], [ 100.619655276155143, 13.730815672552424 ] ] ] } },
{ "type": "Feature", "properties": { "cell_id": "3539092015847309312", "token": "311d617", "level": 12, "type": "s2" }, "geometry": { "type": "Polygon", "coordinates": [ [ [ 100.664710070014337, 13.751719314734608 ], [ 100.664710070014337, 13.77457890263735 ], [ 100.687245658281014, 13.773596481866193 ], [ 100.687245658281014, 13.750738397041838 ], [ 100.664710070014337, 13.751719314734608 ] ] ] } },
{ "type": "Feature", "properties": { "cell_id": "3539092153286262784", "token": "311d619", "level": 12, "type": "s2" }, "geometry": { "type": "Polygon", "coordinates": [ [ [ 100.642179939261865, 13.752697940782229 ], [ 100.642179939261865, 13.775559028225054 ], [ 100.664710070014337, 13.77457890263735 ], [ 100.664710070014337, 13.751719314734608 ], [ 100.642179939261865, 13.752697940782229 ] ] ] } },
{ "type": "Feature", "properties": { "cell_id": "3539097788283355136", "token": "311d66b", "level": 12, "type": "s2" }, "geometry": { "type": "Polygon", "coordinates": [ [ [ 100.709786693920236, 13.749755186754676 ], [ 100.70978669392025, 13.772611764960704 ], [ 100.732333166780251, 13.771624750974153 ], [ 100.732333166780251, 13.748769682928025 ], [ 100.709786693920236, 13.749755186754676 ] ] ] } },
{ "type": "Feature", "properties": { "cell_id": "3539091878408355840", "token": "311d615", "level": 12, "type": "s2" }, "geometry": { "type": "Polygon", "coordinates": [ [ [ 100.687245658281014, 13.750738397041838 ], [ 100.687245658281014, 13.773596481866193 ], [ 100.70978669392025, 13.772611764960704 ], [ 100.709786693920236, 13.749755186754676 ], [ 100.687245658281014, 13.750738397041838 ] ] ] } },
{ "type": "Feature", "properties": { "cell_id": "3539095039504285696", "token": "311d643", "level": 12, "type": "s2" }, "geometry": { "type": "Polygon", "coordinates": [ [ [ 100.732333166780251, 13.771624750974153 ], [ 100.732333166780251, 13.794483789781628 ], [ 100.75488506669916, 13.793492964435126 ], [ 100.75488506669916, 13.77063543896397 ], [ 100.732333166780251, 13.771624750974153 ] ] ] } },
{ "type": "Feature", "properties": { "cell_id": "3539094902065332224", "token": "311d641", "level": 12, "type": "s2" }, "geometry": { "type": "Polygon", "coordinates": [ [ [ 100.70978669392025, 13.772611764960704 ], [ 100.709786693920236, 13.795472313562017 ], [ 100.732333166780251, 13.794483789781628 ], [ 100.732333166780251, 13.771624750974153 ], [ 100.70978669392025, 13.772611764960704 ] ] ] } },
{ "type": "Feature", "properties": { "cell_id": "3539094764626378752", "token": "311d63f", "level": 12, "type": "s2" }, "geometry": { "type": "Polygon", "coordinates": [ [ [ 100.687245658281014, 13.773596481866193 ], [ 100.687245658281014, 13.796458536720493 ], [ 100.709786693920236, 13.795472313562017 ], [ 100.70978669392025, 13.772611764960704 ], [ 100.687245658281014, 13.773596481866193 ] ] ] } },
{ "type": "Feature", "properties": { "cell_id": "3539094627187425280", "token": "311d63d", "level": 12, "type": "s2" }, "geometry": { "type": "Polygon", "coordinates": [ [ [ 100.664710070014337, 13.77457890263735 ], [ 100.664710070014337, 13.797442460205415 ], [ 100.687245658281014, 13.796458536720493 ], [ 100.687245658281014, 13.773596481866193 ], [ 100.664710070014337, 13.77457890263735 ] ] ] } },
{ "type": "Feature", "properties": { "cell_id": "3539095176943239168", "token": "311d645", "level": 12, "type": "s2" }, "geometry": { "type": "Polygon", "coordinates": [ [ [ 100.732333166780251, 13.794483789781628 ], [ 100.732333166780251, 13.817346788431097 ], [ 100.75488506669916, 13.816354450117075 ], [ 100.75488506669916, 13.793492964435126 ], [ 100.732333166780251, 13.794483789781628 ] ] ] } },
{ "type": "Feature", "properties": { "cell_id": "3539095314382192640", "token": "311d647", "level": 12, "type": "s2" }, "geometry": { "type": "Polygon", "coordinates": [ [ [ 100.709786693920236, 13.795472313562017 ], [ 100.709786693920236, 13.818336821637248 ], [ 100.732333166780251, 13.817346788431097 ], [ 100.732333166780251, 13.794483789781628 ], [ 100.709786693920236, 13.795472313562017 ] ] ] } },
{ "type": "Feature", "properties": { "cell_id": "3539094352309518336", "token": "311d639", "level": 12, "type": "s2" }, "geometry": { "type": "Polygon", "coordinates": [ [ [ 100.687245658281014, 13.796458536720493 ], [ 100.687245658281014, 13.819324550681362 ], [ 100.709786693920236, 13.818336821637248 ], [ 100.709786693920236, 13.795472313562017 ], [ 100.687245658281014, 13.796458536720493 ] ] ] } },
{ "type": "Feature", "properties": { "cell_id": "3539094489748471808", "token": "311d63b", "level": 12, "type": "s2" }, "geometry": { "type": "Polygon", "coordinates": [ [ [ 100.664710070014337, 13.797442460205415 ], [ 100.664710070014337, 13.820309976513435 ], [ 100.687245658281014, 13.819324550681362 ], [ 100.687245658281014, 13.796458536720493 ], [ 100.664710070014337, 13.797442460205415 ] ] ] } },
{ "type": "Feature", "properties": { "cell_id": "3539097101088587776", "token": "311d661", "level": 12, "type": "s2" }, "geometry": { "type": "Polygon", "coordinates": [ [ [ 100.777442383505004, 13.746791790896662 ], [ 100.777442383505004, 13.769643827991754 ], [ 100.800005107015735, 13.768649917123277 ], [ 100.800005107015735, 13.745799400822563 ], [ 100.777442383505004, 13.746791790896662 ] ] ] } },
{ "type": "Feature", "properties": { "cell_id": "3539097513405448192", "token": "311d667", "level": 12, "type": "s2" }, "geometry": { "type": "Polygon", "coordinates": [ [ [ 100.75488506669916, 13.747781884620945 ], [ 100.75488506669916, 13.77063543896397 ], [ 100.777442383505004, 13.769643827991754 ], [ 100.777442383505004, 13.746791790896662 ], [ 100.75488506669916, 13.747781884620945 ] ] ] } },
{ "type": "Feature", "properties": { "cell_id": "3539107271571144704", "token": "311d6f5", "level": 12, "type": "s2" }, "geometry": { "type": "Polygon", "coordinates": [ [ [ 100.800005107015735, 13.768649917123277 ], [ 100.800005107015735, 13.79150440528786 ], [ 100.822573227039285, 13.790506669619587 ], [ 100.822573227039285, 13.76765370542849 ], [ 100.800005107015735, 13.768649917123277 ] ] ] } },
{ "type": "Feature", "properties": { "cell_id": "3539096963649634304", "token": "311d65f", "level": 12, "type": "s2" }, "geometry": { "type": "Polygon", "coordinates": [ [ [ 100.777442383505004, 13.769643827991754 ], [ 100.777442383505004, 13.792499836582484 ], [ 100.800005107015735, 13.79150440528786 ], [ 100.800005107015735, 13.768649917123277 ], [ 100.777442383505004, 13.769643827991754 ] ] ] } },
{ "type": "Feature", "properties": { "cell_id": "3539096826210680832", "token": "311d65d", "level": 12, "type": "s2" }, "geometry": { "type": "Polygon", "coordinates": [ [ [ 100.75488506669916, 13.77063543896397 ], [ 100.75488506669916, 13.793492964435126 ], [ 100.777442383505004, 13.792499836582484 ], [ 100.777442383505004, 13.769643827991754 ], [ 100.75488506669916, 13.77063543896397 ] ] ] } },
{ "type": "Feature", "properties": { "cell_id": "3539107409010098176", "token": "311d6f7", "level": 12, "type": "s2" }, "geometry": { "type": "Polygon", "coordinates": [ [ [ 100.800005107015735, 13.79150440528786 ], [ 100.800005107015735, 13.814362854403015 ], [ 100.822573227039285, 13.813363595132234 ], [ 100.822573227039285, 13.790506669619587 ], [ 100.800005107015735, 13.79150440528786 ] ] ] } },
{ "type": "Feature", "properties": { "cell_id": "3539096551332773888", "token": "311d659", "level": 12, "type": "s2" }, "geometry": { "type": "Polygon", "coordinates": [ [ [ 100.777442383505004, 13.792499836582484 ], [ 100.777442383505004, 13.815359805753536 ], [ 100.800005107015735, 13.814362854403015 ], [ 100.800005107015735, 13.79150440528786 ], [ 100.777442383505004, 13.792499836582484 ] ] ] } },
{ "type": "Feature", "properties": { "cell_id": "3539096688771727360", "token": "311d65b", "level": 12, "type": "s2" }, "geometry": { "type": "Polygon", "coordinates": [ [ [ 100.75488506669916, 13.793492964435126 ], [ 100.75488506669916, 13.816354450117075 ], [ 100.777442383505004, 13.815359805753536 ], [ 100.777442383505004, 13.792499836582484 ], [ 100.75488506669916, 13.793492964435126 ] ] ] } },
{ "type": "Feature", "properties": { "cell_id": "3539107546449051648", "token": "311d6f9", "level": 12, "type": "s2" }, "geometry": { "type": "Polygon", "coordinates": [ [ [ 100.800005107015735, 13.814362854403015 ], [ 100.800005107015735, 13.837225253548445 ], [ 100.822573227039285, 13.836224471048165 ], [ 100.822573227039285, 13.813363595132234 ], [ 100.800005107015735, 13.814362854403015 ] ] ] } },
{ "type": "Feature", "properties": { "cell_id": "3539096413893820416", "token": "311d657", "level": 12, "type": "s2" }, "geometry": { "type": "Polygon", "coordinates": [ [ [ 100.777442383505004, 13.815359805753536 ], [ 100.777442383505004, 13.838223724582587 ], [ 100.800005107015735, 13.837225253548445 ], [ 100.800005107015735, 13.814362854403015 ], [ 100.777442383505004, 13.815359805753536 ] ] ] } },
{ "type": "Feature", "properties": { "cell_id": "3539092565603123200", "token": "311d61f", "level": 12, "type": "s2" }, "geometry": { "type": "Polygon", "coordinates": [ [ [ 100.619655276155143, 13.753674276138078 ], [ 100.619655276155143, 13.77653685958434 ], [ 100.642179939261865, 13.775559028225054 ], [ 100.642179939261865, 13.752697940782229 ], [ 100.619655276155143, 13.753674276138078 ] ] ] } },
{ "type": "Feature", "properties": { "cell_id": "3539092840481030144", "token": "311d623", "level": 12, "type": "s2" }, "geometry": { "type": "Polygon", "coordinates": [ [ [ 100.642179939261865, 13.775559028225054 ], [ 100.642179939261865, 13.798424084969312 ], [ 100.664710070014337, 13.797442460205415 ], [ 100.664710070014337, 13.77457890263735 ], [ 100.642179939261865, 13.775559028225054 ] ] ] } },
{ "type": "Feature", "properties": { "cell_id": "3539092703042076672", "token": "311d621", "level": 12, "type": "s2" }, "geometry": { "type": "Polygon", "coordinates": [ [ [ 100.619655276155143, 13.77653685958434 ], [ 100.619655276155143, 13.799403411968866 ], [ 100.642179939261865, 13.798424084969312 ], [ 100.642179939261865, 13.775559028225054 ], [ 100.619655276155143, 13.77653685958434 ] ] ] } },
{ "type": "Feature", "properties": { "cell_id": "3539092977919983616", "token": "311d625", "level": 12, "type": "s2" }, "geometry": { "type": "Polygon", "coordinates": [ [ [ 100.642179939261865, 13.798424084969312 ], [ 100.642179939261865, 13.82129310008764 ], [ 100.664710070014337, 13.820309976513435 ], [ 100.664710070014337, 13.797442460205415 ], [ 100.642179939261865, 13.798424084969312 ] ] ] } },
{ "type": "Feature", "properties": { "cell_id": "3539093115358937088", "token": "311d627", "level": 12, "type": "s2" }, "geometry": { "type": "Polygon", "coordinates": [ [ [ 100.619655276155143, 13.799403411968866 ], [ 100.619655276155143, 13.822273922362299 ], [ 100.642179939261865, 13.82129310008764 ], [ 100.642179939261865, 13.798424084969312 ], [ 100.619655276155143, 13.799403411968866 ] ] ] } },
{ "type": "Feature", "properties": { "cell_id": "3539093802553704448", "token": "311d631", "level": 12, "type": "s2" }, "geometry": { "type": "Polygon", "coordinates": [ [ [ 100.664710070014337, 13.820309976513435 ], [ 100.664710070014337, 13.843181440629046 ], [ 100.687245658281014, 13.842194512818436 ], [ 100.687245658281014, 13.819324550681362 ], [ 100.664710070014337, 13.820309976513435 ] ] ] } },
{ "type": "Feature", "properties": { "cell_id": "3539093665114750976", "token": "311d62f", "level": 12, "type": "s2" }, "geometry": { "type": "Polygon", "coordinates": [ [ [ 100.642179939261865, 13.82129310008764 ], [ 100.642179939261865, 13.84416606264567 ], [ 100.664710070014337, 13.843181440629046 ], [ 100.664710070014337, 13.820309976513435 ], [ 100.642179939261865, 13.82129310008764 ] ] ] } },
{ "type": "Feature", "properties": { "cell_id": "3539093252797890560", "token": "311d629", "level": 12, "type": "s2" }, "geometry": { "type": "Polygon", "coordinates": [ [ [ 100.619655276155143, 13.822273922362299 ], [ 100.619655276155143, 13.845148379828286 ], [ 100.642179939261865, 13.84416606264567 ], [ 100.642179939261865, 13.82129310008764 ], [ 100.619655276155143, 13.822273922362299 ] ] ] } },
{ "type": "Feature", "properties": { "cell_id": "3539093527675797504", "token": "311d62d", "level": 12, "type": "s2" }, "geometry": { "type": "Polygon", "coordinates": [ [ [ 100.642179939261865, 13.84416606264567 ], [ 100.642179939261865, 13.86704296170206 ], [ 100.664710070014337, 13.866056841612897 ], [ 100.664710070014337, 13.843181440629046 ], [ 100.642179939261865, 13.84416606264567 ] ] ] } },
{ "type": "Feature", "properties": { "cell_id": "3539093390236844032", "token": "311d62b", "level": 12, "type": "s2" }, "geometry": { "type": "Polygon", "coordinates": [ [ [ 100.619655276155143, 13.845148379828286 ], [ 100.619655276155143, 13.868026773423491 ], [ 100.642179939261865, 13.86704296170206 ], [ 100.642179939261865, 13.84416606264567 ], [ 100.619655276155143, 13.845148379828286 ] ] ] } },
{ "type": "Feature", "properties": { "cell_id": "3539096001576960000", "token": "311d651", "level": 12, "type": "s2" }, "geometry": { "type": "Polygon", "coordinates": [ [ [ 100.75488506669916, 13.816354450117075 ], [ 100.75488506669916, 13.839219885085477 ], [ 100.777442383505004, 13.838223724582587 ], [ 100.777442383505004, 13.815359805753536 ], [ 100.75488506669916, 13.816354450117075 ] ] ] } },
{ "type": "Feature", "properties": { "cell_id": "3539095864138006528", "token": "311d64f", "level": 12, "type": "s2" }, "geometry": { "type": "Polygon", "coordinates": [ [ [ 100.732333166780251, 13.817346788431097 ], [ 100.732333166780251, 13.840213735996203 ], [ 100.75488506669916, 13.839219885085477 ], [ 100.75488506669916, 13.816354450117075 ], [ 100.732333166780251, 13.817346788431097 ] ] ] } },
{ "type": "Feature", "properties": { "cell_id": "3539095451821146112", "token": "311d649", "level": 12, "type": "s2" }, "geometry": { "type": "Polygon", "coordinates": [ [ [ 100.709786693920236, 13.818336821637248 ], [ 100.70978669392025, 13.841205278258034 ], [ 100.732333166780251, 13.840213735996203 ], [ 100.732333166780251, 13.817346788431097 ], [ 100.709786693920236, 13.818336821637248 ] ] ] } },
{ "type": "Feature", "properties": { "cell_id": "3539094214870564864", "token": "311d637", "level": 12, "type": "s2" }, "geometry": { "type": "Polygon", "coordinates": [ [ [ 100.687245658281014, 13.819324550681362 ], [ 100.687245658281014, 13.842194512818436 ], [ 100.70978669392025, 13.841205278258034 ], [ 100.709786693920236, 13.818336821637248 ], [ 100.687245658281014, 13.819324550681362 ] ] ] } },
{ "type": "Feature", "properties": { "cell_id": "3539096139015913472", "token": "311d653", "level": 12, "type": "s2" }, "geometry": { "type": "Polygon", "coordinates": [ [ [ 100.75488506669916, 13.839219885085477 ], [ 100.75488506669916, 13.862089258409023 ], [ 100.777442383505004, 13.861091582140343 ], [ 100.777442383505004, 13.838223724582587 ], [ 100.75488506669916, 13.839219885085477 ] ] ] } },
{ "type": "Feature", "properties": { "cell_id": "3539095726699053056", "token": "311d64d", "level": 12, "type": "s2" }, "geometry": { "type": "Polygon", "coordinates": [ [ [ 100.732333166780251, 13.840213735996203 ], [ 100.732333166780251, 13.863084621543621 ], [ 100.75488506669916, 13.862089258409023 ], [ 100.75488506669916, 13.839219885085477 ], [ 100.732333166780251, 13.840213735996203 ] ] ] } },
{ "type": "Feature", "properties": { "cell_id": "3539095589260099584", "token": "311d64b", "level": 12, "type": "s2" }, "geometry": { "type": "Polygon", "coordinates": [ [ [ 100.70978669392025, 13.841205278258034 ], [ 100.70978669392025, 13.86407767248904 ], [ 100.732333166780251, 13.863084621543621 ], [ 100.732333166780251, 13.840213735996203 ], [ 100.70978669392025, 13.841205278258034 ] ] ] } },
{ "type": "Feature", "properties": { "cell_id": "3539094077431611392", "token": "311d635", "level": 12, "type": "s2" }, "geometry": { "type": "Polygon", "coordinates": [ [ [ 100.687245658281014, 13.842194512818436 ], [ 100.687245658281014, 13.865068412194374 ], [ 100.70978669392025, 13.86407767248904 ], [ 100.70978669392025, 13.841205278258034 ], [ 100.687245658281014, 13.842194512818436 ] ] ] } },
{ "type": "Feature", "properties": { "cell_id": "3539093939992657920", "token": "311d633", "level": 12, "type": "s2" }, "geometry": { "type": "Polygon", "coordinates": [ [ [ 100.664710070014337, 13.843181440629046 ], [ 100.664710070014337, 13.866056841612897 ], [ 100.687245658281014, 13.865068412194374 ], [ 100.687245658281014, 13.842194512818436 ], [ 100.664710070014337, 13.843181440629046 ] ] ] } },
{ "type": "Feature", "properties": { "cell_id": "3539120328271724544", "token": "311d7b3", "level": 12, "type": "s2" }, "geometry": { "type": "Polygon", "coordinates": [ [ [ 100.732333166780251, 13.863084621543621 ], [ 100.732333166780251, 13.885959434133083 ], [ 100.75488506669916, 13.884962559149452 ], [ 100.75488506669916, 13.862089258409023 ], [ 100.732333166780251, 13.863084621543621 ] ] ] } },
{ "type": "Feature", "properties": { "cell_id": "3539100811940331520", "token": "311d697", "level": 12, "type": "s2" }, "geometry": { "type": "Polygon", "coordinates": [ [ [ 100.867725615806393, 13.719966494488162 ], [ 100.867725615806393, 13.742808443237916 ], [ 100.890309864115707, 13.741806858522018 ], [ 100.890309864115707, 13.718966445137557 ], [ 100.867725615806393, 13.719966494488162 ] ] ] } },
{ "type": "Feature", "properties": { "cell_id": "3539100399623471104", "token": "311d691", "level": 12, "type": "s2" }, "geometry": { "type": "Polygon", "coordinates": [ [ [ 100.845146733373554, 13.720964247353885 ], [ 100.845146733373554, 13.743807727915355 ], [ 100.867725615806393, 13.742808443237916 ], [ 100.867725615806393, 13.719966494488162 ], [ 100.845146733373554, 13.720964247353885 ] ] ] } },
{ "type": "Feature", "properties": { "cell_id": "3539100262184517632", "token": "311d68f", "level": 12, "type": "s2" }, "geometry": { "type": "Polygon", "coordinates": [ [ [ 100.822573227039285, 13.721959704649008 ], [ 100.822573227039285, 13.744804713470213 ], [ 100.845146733373554, 13.743807727915355 ], [ 100.845146733373554, 13.720964247353885 ], [ 100.822573227039285, 13.721959704649008 ] ] ] } },
{ "type": "Feature", "properties": { "cell_id": "3539103560719400960", "token": "311d6bf", "level": 12, "type": "s2" }, "geometry": { "type": "Polygon", "coordinates": [ [ [ 100.890309864115707, 13.741806858522018 ], [ 100.890309864115707, 13.764651256148612 ], [ 100.912899468069369, 13.763645831931914 ], [ 100.912899468069369, 13.740802972855985 ], [ 100.890309864115707, 13.741806858522018 ] ] ] } },
{ "type": "Feature", "properties": { "cell_id": "3539100674501378048", "token": "311d695", "level": 12, "type": "s2" }, "geometry": { "type": "Polygon", "coordinates": [ [ [ 100.867725615806393, 13.742808443237916 ], [ 100.867725615806393, 13.765654375860731 ], [ 100.890309864115707, 13.764651256148612 ], [ 100.890309864115707, 13.741806858522018 ], [ 100.867725615806393, 13.742808443237916 ] ] ] } },
{ "type": "Feature", "properties": { "cell_id": "3539100537062424576", "token": "311d693", "level": 12, "type": "s2" }, "geometry": { "type": "Polygon", "coordinates": [ [ [ 100.845146733373554, 13.743807727915355 ], [ 100.845146733373554, 13.766655191981531 ], [ 100.867725615806393, 13.765654375860731 ], [ 100.867725615806393, 13.742808443237916 ], [ 100.845146733373554, 13.743807727915355 ] ] ] } },
{ "type": "Feature", "properties": { "cell_id": "3539100124745564160", "token": "311d68d", "level": 12, "type": "s2" }, "geometry": { "type": "Polygon", "coordinates": [ [ [ 100.822573227039285, 13.744804713470213 ], [ 100.822573227039285, 13.76765370542849 ], [ 100.845146733373554, 13.766655191981531 ], [ 100.845146733373554, 13.743807727915355 ], [ 100.822573227039285, 13.744804713470213 ] ] ] } },
{ "type": "Feature", "properties": { "cell_id": "3539103698158354432", "token": "311d6c1", "level": 12, "type": "s2" }, "geometry": { "type": "Polygon", "coordinates": [ [ [ 100.890309864115707, 13.764651256148612 ], [ 100.890309864115707, 13.7874996271192 ], [ 100.912899468069369, 13.78649266472366 ], [ 100.912899468069369, 13.763645831931914 ], [ 100.890309864115707, 13.764651256148612 ] ] ] } },
{ "type": "Feature", "properties": { "cell_id": "3539106584376377344", "token": "311d6eb", "level": 12, "type": "s2" }, "geometry": { "type": "Polygon", "coordinates": [ [ [ 100.867725615806393, 13.765654375860731 ], [ 100.867725615806393, 13.788504281456426 ], [ 100.890309864115707, 13.7874996271192 ], [ 100.890309864115707, 13.764651256148612 ], [ 100.867725615806393, 13.765654375860731 ] ] ] } },
{ "type": "Feature", "properties": { "cell_id": "3539103973036261376", "token": "311d6c5", "level": 12, "type": "s2" }, "geometry": { "type": "Polygon", "coordinates": [ [ [ 100.912899468069369, 13.78649266472366 ], [ 100.912899468069369, 13.809343460328115 ], [ 100.935494417425332, 13.808332647604077 ], [ 100.935494417425332, 13.785483393359172 ], [ 100.912899468069369, 13.78649266472366 ] ] ] } },
{ "type": "Feature", "properties": { "cell_id": "3539103835597307904", "token": "311d6c3", "level": 12, "type": "s2" }, "geometry": { "type": "Polygon", "coordinates": [ [ [ 100.890309864115707, 13.7874996271192 ], [ 100.890309864115707, 13.810351960528617 ], [ 100.912899468069369, 13.809343460328115 ], [ 100.912899468069369, 13.78649266472366 ], [ 100.890309864115707, 13.7874996271192 ] ] ] } },
{ "type": "Feature", "properties": { "cell_id": "3539104797669982208", "token": "311d6d1", "level": 12, "type": "s2" }, "geometry": { "type": "Polygon", "coordinates": [ [ [ 100.935494417425332, 13.808332647604077 ], [ 100.935494417425332, 13.831185854128224 ], [ 100.958094701931614, 13.83017118343431 ], [ 100.958094701931614, 13.807319521448504 ], [ 100.935494417425332, 13.808332647604077 ] ] ] } },
{ "type": "Feature", "properties": { "cell_id": "3539105484864749568", "token": "311d6db", "level": 12, "type": "s2" }, "geometry": { "type": "Polygon", "coordinates": [ [ [ 100.912899468069369, 13.809343460328115 ], [ 100.912899468069369, 13.832198207835166 ], [ 100.935494417425332, 13.831185854128224 ], [ 100.935494417425332, 13.808332647604077 ], [ 100.912899468069369, 13.809343460328115 ] ] ] } },
{ "type": "Feature", "properties": { "cell_id": "3539106721815330816", "token": "311d6ed", "level": 12, "type": "s2" }, "geometry": { "type": "Polygon", "coordinates": [ [ [ 100.845146733373554, 13.766655191981531 ], [ 100.845146733373554, 13.7895066286502 ], [ 100.867725615806393, 13.788504281456426 ], [ 100.867725615806393, 13.765654375860731 ], [ 100.845146733373554, 13.766655191981531 ] ] ] } },
{ "type": "Feature", "properties": { "cell_id": "3539107134132191232", "token": "311d6f3", "level": 12, "type": "s2" }, "geometry": { "type": "Polygon", "coordinates": [ [ [ 100.822573227039285, 13.76765370542849 ], [ 100.822573227039285, 13.790506669619587 ], [ 100.845146733373554, 13.7895066286502 ], [ 100.845146733373554, 13.766655191981531 ], [ 100.822573227039285, 13.76765370542849 ] ] ] } },
{ "type": "Feature", "properties": { "cell_id": "3539106446937423872", "token": "311d6e9", "level": 12, "type": "s2" }, "geometry": { "type": "Polygon", "coordinates": [ [ [ 100.867725615806393, 13.788504281456426 ], [ 100.867725615806393, 13.811358149117805 ], [ 100.890309864115707, 13.810351960528617 ], [ 100.890309864115707, 13.7874996271192 ], [ 100.867725615806393, 13.788504281456426 ] ] ] } },
{ "type": "Feature", "properties": { "cell_id": "3539106859254284288", "token": "311d6ef", "level": 12, "type": "s2" }, "geometry": { "type": "Polygon", "coordinates": [ [ [ 100.845146733373554, 13.7895066286502 ], [ 100.845146733373554, 13.812362027012123 ], [ 100.867725615806393, 13.811358149117805 ], [ 100.867725615806393, 13.788504281456426 ], [ 100.845146733373554, 13.7895066286502 ] ] ] } },
{ "type": "Feature", "properties": { "cell_id": "3539106996693237760", "token": "311d6f1", "level": 12, "type": "s2" }, "geometry": { "type": "Polygon", "coordinates": [ [ [ 100.822573227039285, 13.790506669619587 ], [ 100.822573227039285, 13.813363595132234 ], [ 100.845146733373554, 13.812362027012123 ], [ 100.845146733373554, 13.7895066286502 ], [ 100.822573227039285, 13.790506669619587 ] ] ] } },
{ "type": "Feature", "properties": { "cell_id": "3539105622303703040", "token": "311d6dd", "level": 12, "type": "s2" }, "geometry": { "type": "Polygon", "coordinates": [ [ [ 100.890309864115707, 13.810351960528617 ], [ 100.890309864115707, 13.833208245464713 ], [ 100.912899468069369, 13.832198207835166 ], [ 100.912899468069369, 13.809343460328115 ], [ 100.890309864115707, 13.810351960528617 ] ] ] } },
{ "type": "Feature", "properties": { "cell_id": "3539106309498470400", "token": "311d6e7", "level": 12, "type": "s2" }, "geometry": { "type": "Polygon", "coordinates": [ [ [ 100.867725615806393, 13.811358149117805 ], [ 100.867725615806393, 13.834215967930664 ], [ 100.890309864115707, 13.833208245464713 ], [ 100.890309864115707, 13.810351960528617 ], [ 100.867725615806393, 13.811358149117805 ] ] ] } },
{ "type": "Feature", "properties": { "cell_id": "3539106172059516928", "token": "311d6e5", "level": 12, "type": "s2" }, "geometry": { "type": "Polygon", "coordinates": [ [ [ 100.845146733373554, 13.812362027012123 ], [ 100.845146733373554, 13.835221376151063 ], [ 100.867725615806393, 13.834215967930664 ], [ 100.867725615806393, 13.811358149117805 ], [ 100.845146733373554, 13.812362027012123 ] ] ] } },
{ "type": "Feature", "properties": { "cell_id": "3539107683888005120", "token": "311d6fb", "level": 12, "type": "s2" }, "geometry": { "type": "Polygon", "coordinates": [ [ [ 100.822573227039285, 13.813363595132234 ], [ 100.822573227039285, 13.836224471048165 ], [ 100.845146733373554, 13.835221376151063 ], [ 100.845146733373554, 13.812362027012123 ], [ 100.822573227039285, 13.813363595132234 ] ] ] } },
{ "type": "Feature", "properties": { "cell_id": "3539105759742656512", "token": "311d6df", "level": 12, "type": "s2" }, "geometry": { "type": "Polygon", "coordinates": [ [ [ 100.890309864115707, 13.833208245464713 ], [ 100.890309864115707, 13.856068471008346 ], [ 100.912899468069369, 13.855056896327724 ], [ 100.912899468069369, 13.832198207835166 ], [ 100.890309864115707, 13.833208245464713 ] ] ] } },
{ "type": "Feature", "properties": { "cell_id": "3539107821326958592", "token": "311d6fd", "level": 12, "type": "s2" }, "geometry": { "type": "Polygon", "coordinates": [ [ [ 100.822573227039285, 13.836224471048165 ], [ 100.822573227039285, 13.859089286442133 ], [ 100.845146733373554, 13.85808466514381 ], [ 100.845146733373554, 13.835221376151063 ], [ 100.822573227039285, 13.836224471048165 ] ] ] } },
{ "type": "Feature", "properties": { "cell_id": "3539107958765912064", "token": "311d6ff", "level": 12, "type": "s2" }, "geometry": { "type": "Polygon", "coordinates": [ [ [ 100.800005107015735, 13.837225253548445 ], [ 100.800005107015735, 13.860091591796879 ], [ 100.822573227039285, 13.859089286442133 ], [ 100.822573227039285, 13.836224471048165 ], [ 100.800005107015735, 13.837225253548445 ] ] ] } },
{ "type": "Feature", "properties": { "cell_id": "3539096276454866944", "token": "311d655", "level": 12, "type": "s2" }, "geometry": { "type": "Polygon", "coordinates": [ [ [ 100.777442383505004, 13.838223724582587 ], [ 100.777442383505004, 13.861091582140343 ], [ 100.800005107015735, 13.860091591796879 ], [ 100.800005107015735, 13.837225253548445 ], [ 100.777442383505004, 13.838223724582587 ] ] ] } },
{ "type": "Feature", "properties": { "cell_id": "3539108233643819008", "token": "311d703", "level": 12, "type": "s2" }, "geometry": { "type": "Polygon", "coordinates": [ [ [ 100.822573227039285, 13.859089286442133 ], [ 100.822573227039285, 13.881958030381957 ], [ 100.845146733373554, 13.880951883060211 ], [ 100.845146733373554, 13.85808466514381 ], [ 100.822573227039285, 13.859089286442133 ] ] ] } },
{ "type": "Feature", "properties": { "cell_id": "3539108096204865536", "token": "311d701", "level": 12, "type": "s2" }, "geometry": { "type": "Polygon", "coordinates": [ [ [ 100.800005107015735, 13.860091591796879 ], [ 100.800005107015735, 13.882961858214111 ], [ 100.822573227039285, 13.881958030381957 ], [ 100.822573227039285, 13.859089286442133 ], [ 100.800005107015735, 13.860091591796879 ] ] ] } },
{ "type": "Feature", "properties": { "cell_id": "3539119778515910656", "token": "311d7ab", "level": 12, "type": "s2" }, "geometry": { "type": "Polygon", "coordinates": [ [ [ 100.777442383505004, 13.861091582140343 ], [ 100.777442383505004, 13.883963367490567 ], [ 100.800005107015735, 13.882961858214111 ], [ 100.800005107015735, 13.860091591796879 ], [ 100.777442383505004, 13.861091582140343 ] ] ] } },
{ "type": "Feature", "properties": { "cell_id": "3539119915954864128", "token": "311d7ad", "level": 12, "type": "s2" }, "geometry": { "type": "Polygon", "coordinates": [ [ [ 100.75488506669916, 13.862089258409023 ], [ 100.75488506669916, 13.884962559149452 ], [ 100.777442383505004, 13.883963367490567 ], [ 100.777442383505004, 13.861091582140343 ], [ 100.75488506669916, 13.862089258409023 ] ] ] } },
{ "type": "Feature", "properties": { "cell_id": "3539108371082772480", "token": "311d705", "level": 12, "type": "s2" }, "geometry": { "type": "Polygon", "coordinates": [ [ [ 100.822573227039285, 13.881958030381957 ], [ 100.822573227039285, 13.904830691928513 ], [ 100.845146733373554, 13.903823018963173 ], [ 100.845146733373554, 13.880951883060211 ], [ 100.822573227039285, 13.881958030381957 ] ] ] } },
{ "type": "Feature", "properties": { "cell_id": "3539108508521725952", "token": "311d707", "level": 12, "type": "s2" }, "geometry": { "type": "Polygon", "coordinates": [ [ [ 100.800005107015735, 13.882961858214111 ], [ 100.800005107015735, 13.905836041858981 ], [ 100.822573227039285, 13.904830691928513 ], [ 100.822573227039285, 13.881958030381957 ], [ 100.800005107015735, 13.882961858214111 ] ] ] } },
{ "type": "Feature", "properties": { "cell_id": "3539119641076957184", "token": "311d7a9", "level": 12, "type": "s2" }, "geometry": { "type": "Polygon", "coordinates": [ [ [ 100.777442383505004, 13.883963367490567 ], [ 100.777442383505004, 13.906839069690092 ], [ 100.800005107015735, 13.905836041858981 ], [ 100.800005107015735, 13.882961858214111 ], [ 100.777442383505004, 13.883963367490567 ] ] ] } },
{ "type": "Feature", "properties": { "cell_id": "3539105347425796096", "token": "311d6d9", "level": 12, "type": "s2" }, "geometry": { "type": "Polygon", "coordinates": [ [ [ 100.912899468069369, 13.832198207835166 ], [ 100.912899468069369, 13.855056896327724 ], [ 100.935494417425332, 13.854043002016578 ], [ 100.935494417425332, 13.831185854128224 ], [ 100.912899468069369, 13.832198207835166 ] ] ] } },
{ "type": "Feature", "properties": { "cell_id": "3539105897181609984", "token": "311d6e1", "level": 12, "type": "s2" }, "geometry": { "type": "Polygon", "coordinates": [ [ [ 100.867725615806393, 13.834215967930664 ], [ 100.867725615806393, 13.857077726973831 ], [ 100.890309864115707, 13.856068471008346 ], [ 100.890309864115707, 13.833208245464713 ], [ 100.867725615806393, 13.834215967930664 ] ] ] } },
{ "type": "Feature", "properties": { "cell_id": "3539106034620563456", "token": "311d6e3", "level": 12, "type": "s2" }, "geometry": { "type": "Polygon", "coordinates": [ [ [ 100.845146733373554, 13.835221376151063 ], [ 100.845146733373554, 13.85808466514381 ], [ 100.867725615806393, 13.857077726973831 ], [ 100.867725615806393, 13.834215967930664 ], [ 100.845146733373554, 13.835221376151063 ] ] ] } },
{ "type": "Feature", "properties": { "cell_id": "3539110295228121088", "token": "311d721", "level": 12, "type": "s2" }, "geometry": { "type": "Polygon", "coordinates": [ [ [ 100.890309864115707, 13.856068471008346 ], [ 100.890309864115707, 13.878932626233448 ], [ 100.912899468069369, 13.877919514881762 ], [ 100.912899468069369, 13.855056896327724 ], [ 100.890309864115707, 13.856068471008346 ] ] ] } },
{ "type": "Feature", "properties": { "cell_id": "3539110157789167616", "token": "311d71f", "level": 12, "type": "s2" }, "geometry": { "type": "Polygon", "coordinates": [ [ [ 100.867725615806393, 13.857077726973831 ], [ 100.867725615806393, 13.879943415319191 ], [ 100.890309864115707, 13.878932626233448 ], [ 100.890309864115707, 13.856068471008346 ], [ 100.867725615806393, 13.857077726973831 ] ] ] } },
{ "type": "Feature", "properties": { "cell_id": "3539110020350214144", "token": "311d71d", "level": 12, "type": "s2" }, "geometry": { "type": "Polygon", "coordinates": [ [ [ 100.845146733373554, 13.85808466514381 ], [ 100.845146733373554, 13.880951883060211 ], [ 100.867725615806393, 13.879943415319191 ], [ 100.867725615806393, 13.857077726973831 ], [ 100.845146733373554, 13.85808466514381 ] ] ] } },
{ "type": "Feature", "properties": { "cell_id": "3539110432667074560", "token": "311d723", "level": 12, "type": "s2" }, "geometry": { "type": "Polygon", "coordinates": [ [ [ 100.890309864115707, 13.878932626233448 ], [ 100.890309864115707, 13.901800700207005 ], [ 100.912899468069369, 13.900786052566311 ], [ 100.912899468069369, 13.877919514881762 ], [ 100.890309864115707, 13.878932626233448 ] ] ] } },
{ "type": "Feature", "properties": { "cell_id": "3539109745472307200", "token": "311d719", "level": 12, "type": "s2" }, "geometry": { "type": "Polygon", "coordinates": [ [ [ 100.867725615806393, 13.879943415319191 ], [ 100.867725615806393, 13.902813022031689 ], [ 100.890309864115707, 13.901800700207005 ], [ 100.890309864115707, 13.878932626233448 ], [ 100.867725615806393, 13.879943415319191 ] ] ] } },
{ "type": "Feature", "properties": { "cell_id": "3539109882911260672", "token": "311d71b", "level": 12, "type": "s2" }, "geometry": { "type": "Polygon", "coordinates": [ [ [ 100.845146733373554, 13.880951883060211 ], [ 100.845146733373554, 13.903823018963173 ], [ 100.867725615806393, 13.902813022031689 ], [ 100.867725615806393, 13.879943415319191 ], [ 100.845146733373554, 13.880951883060211 ] ] ] } },
{ "type": "Feature", "properties": { "cell_id": "3539112219373469696", "token": "311d73d", "level": 12, "type": "s2" }, "geometry": { "type": "Polygon", "coordinates": [ [ [ 100.890309864115707, 13.901800700207005 ], [ 100.890309864115707, 13.924672681989101 ], [ 100.912899468069369, 13.923656498443503 ], [ 100.912899468069369, 13.900786052566311 ], [ 100.890309864115707, 13.901800700207005 ] ] ] } },
{ "type": "Feature", "properties": { "cell_id": "3539109608033353728", "token": "311d717", "level": 12, "type": "s2" }, "geometry": { "type": "Polygon", "coordinates": [ [ [ 100.867725615806393, 13.902813022031689 ], [ 100.867725615806393, 13.925686536169371 ], [ 100.890309864115707, 13.924672681989101 ], [ 100.890309864115707, 13.901800700207005 ], [ 100.867725615806393, 13.902813022031689 ] ] ] } },
{ "type": "Feature", "properties": { "cell_id": "3539120053393817600", "token": "311d7af", "level": 12, "type": "s2" }, "geometry": { "type": "Polygon", "coordinates": [ [ [ 100.75488506669916, 13.884962559149452 ], [ 100.75488506669916, 13.907839776361579 ], [ 100.777442383505004, 13.906839069690092 ], [ 100.777442383505004, 13.883963367490567 ], [ 100.75488506669916, 13.884962559149452 ] ] ] } },
{ "type": "Feature", "properties": { "cell_id": "3539109058277539840", "token": "311d70f", "level": 12, "type": "s2" }, "geometry": { "type": "Polygon", "coordinates": [ [ [ 100.822573227039285, 13.904830691928513 ], [ 100.822573227039285, 13.927707260135776 ], [ 100.845146733373554, 13.926698061908715 ], [ 100.845146733373554, 13.903823018963173 ], [ 100.822573227039285, 13.904830691928513 ] ] ] } },
{ "type": "Feature", "properties": { "cell_id": "3539108645960679424", "token": "311d709", "level": 12, "type": "s2" }, "geometry": { "type": "Polygon", "coordinates": [ [ [ 100.800005107015735, 13.905836041858981 ], [ 100.800005107015735, 13.928714131783448 ], [ 100.822573227039285, 13.927707260135776 ], [ 100.822573227039285, 13.904830691928513 ], [ 100.800005107015735, 13.905836041858981 ] ] ] } },
{ "type": "Feature", "properties": { "cell_id": "3539119503638003712", "token": "311d7a7", "level": 12, "type": "s2" }, "geometry": { "type": "Polygon", "coordinates": [ [ [ 100.777442383505004, 13.906839069690092 ], [ 100.777442383505004, 13.929718677788841 ], [ 100.800005107015735, 13.928714131783448 ], [ 100.800005107015735, 13.905836041858981 ], [ 100.777442383505004, 13.906839069690092 ] ] ] } },
{ "type": "Feature", "properties": { "cell_id": "3539119366199050240", "token": "311d7a5", "level": 12, "type": "s2" }, "geometry": { "type": "Polygon", "coordinates": [ [ [ 100.75488506669916, 13.907839776361579 ], [ 100.75488506669916, 13.930720899093313 ], [ 100.777442383505004, 13.929718677788841 ], [ 100.777442383505004, 13.906839069690092 ], [ 100.75488506669916, 13.907839776361579 ] ] ] } },
{ "type": "Feature", "properties": { "cell_id": "3539108920838586368", "token": "311d70d", "level": 12, "type": "s2" }, "geometry": { "type": "Polygon", "coordinates": [ [ [ 100.822573227039285, 13.927707260135776 ], [ 100.822573227039285, 13.950587724050859 ], [ 100.845146733373554, 13.949577000945967 ], [ 100.845146733373554, 13.926698061908715 ], [ 100.822573227039285, 13.927707260135776 ] ] ] } },
{ "type": "Feature", "properties": { "cell_id": "3539108783399632896", "token": "311d70b", "level": 12, "type": "s2" }, "geometry": { "type": "Polygon", "coordinates": [ [ [ 100.800005107015735, 13.928714131783448 ], [ 100.800005107015735, 13.951596117032585 ], [ 100.822573227039285, 13.950587724050859 ], [ 100.822573227039285, 13.927707260135776 ], [ 100.800005107015735, 13.928714131783448 ] ] ] } },
{ "type": "Feature", "properties": { "cell_id": "3539119091321143296", "token": "311d7a1", "level": 12, "type": "s2" }, "geometry": { "type": "Polygon", "coordinates": [ [ [ 100.777442383505004, 13.929718677788841 ], [ 100.777442383505004, 13.952602180829873 ], [ 100.800005107015735, 13.951596117032585 ], [ 100.800005107015735, 13.928714131783448 ], [ 100.777442383505004, 13.929718677788841 ] ] ] } },
{ "type": "Feature", "properties": { "cell_id": "3539119228760096768", "token": "311d7a3", "level": 12, "type": "s2" }, "geometry": { "type": "Polygon", "coordinates": [ [ [ 100.75488506669916, 13.930720899093313 ], [ 100.75488506669916, 13.953605916385687 ], [ 100.777442383505004, 13.952602180829873 ], [ 100.777442383505004, 13.929718677788841 ], [ 100.75488506669916, 13.930720899093313 ] ] ] } },
{ "type": "Feature", "properties": { "cell_id": "3539115930225213440", "token": "311d773", "level": 12, "type": "s2" }, "geometry": { "type": "Polygon", "coordinates": [ [ [ 100.822573227039285, 13.950587724050859 ], [ 100.822573227039285, 13.973472072713992 ], [ 100.845146733373554, 13.972459825117195 ], [ 100.845146733373554, 13.949577000945967 ], [ 100.822573227039285, 13.950587724050859 ] ] ] } },
{ "type": "Feature", "properties": { "cell_id": "3539109195716493312", "token": "311d711", "level": 12, "type": "s2" }, "geometry": { "type": "Polygon", "coordinates": [ [ [ 100.845146733373554, 13.903823018963173 ], [ 100.845146733373554, 13.926698061908715 ], [ 100.867725615806393, 13.925686536169371 ], [ 100.867725615806393, 13.902813022031689 ], [ 100.845146733373554, 13.903823018963173 ] ] ] } },
{ "type": "Feature", "properties": { "cell_id": "3539112356812423168", "token": "311d73f", "level": 12, "type": "s2" }, "geometry": { "type": "Polygon", "coordinates": [ [ [ 100.890309864115707, 13.924672681989101 ], [ 100.890309864115707, 13.947548560632958 ], [ 100.912899468069369, 13.946530841568601 ], [ 100.912899468069369, 13.923656498443503 ], [ 100.890309864115707, 13.924672681989101 ] ] ] } },
{ "type": "Feature", "properties": { "cell_id": "3539109470594400256", "token": "311d715", "level": 12, "type": "s2" }, "geometry": { "type": "Polygon", "coordinates": [ [ [ 100.867725615806393, 13.925686536169371 ], [ 100.867725615806393, 13.948563946783414 ], [ 100.890309864115707, 13.947548560632958 ], [ 100.890309864115707, 13.924672681989101 ], [ 100.867725615806393, 13.925686536169371 ] ] ] } },
{ "type": "Feature", "properties": { "cell_id": "3539109333155446784", "token": "311d713", "level": 12, "type": "s2" }, "geometry": { "type": "Polygon", "coordinates": [ [ [ 100.845146733373554, 13.926698061908715 ], [ 100.845146733373554, 13.949577000945967 ], [ 100.867725615806393, 13.948563946783414 ], [ 100.867725615806393, 13.925686536169371 ], [ 100.845146733373554, 13.926698061908715 ] ] ] } },
{ "type": "Feature", "properties": { "cell_id": "3539112494251376640", "token": "311d741", "level": 12, "type": "s2" }, "geometry": { "type": "Polygon", "coordinates": [ [ [ 100.890309864115707, 13.947548560632958 ], [ 100.890309864115707, 13.970428325184912 ], [ 100.912899468069369, 13.969409070989995 ], [ 100.912899468069369, 13.946530841568601 ], [ 100.890309864115707, 13.947548560632958 ] ] ] } },
{ "type": "Feature", "properties": { "cell_id": "3539115380469399552", "token": "311d76b", "level": 12, "type": "s2" }, "geometry": { "type": "Polygon", "coordinates": [ [ [ 100.867725615806393, 13.948563946783414 ], [ 100.867725615806393, 13.97144524291812 ], [ 100.890309864115707, 13.970428325184912 ], [ 100.890309864115707, 13.947548560632958 ], [ 100.867725615806393, 13.948563946783414 ] ] ] } },
{ "type": "Feature", "properties": { "cell_id": "3539115517908353024", "token": "311d76d", "level": 12, "type": "s2" }, "geometry": { "type": "Polygon", "coordinates": [ [ [ 100.845146733373554, 13.949577000945967 ], [ 100.845146733373554, 13.972459825117195 ], [ 100.867725615806393, 13.97144524291812 ], [ 100.867725615806393, 13.948563946783414 ], [ 100.845146733373554, 13.949577000945967 ] ] ] } },
{ "type": "Feature", "properties": { "cell_id": "3539112631690330112", "token": "311d743", "level": 12, "type": "s2" }, "geometry": { "type": "Polygon", "coordinates": [ [ [ 100.890309864115707, 13.970428325184912 ], [ 100.890309864115707, 13.993311964684491 ], [ 100.912899468069369, 13.992291175749244 ], [ 100.912899468069369, 13.969409070989995 ], [ 100.890309864115707, 13.970428325184912 ] ] ] } },
{ "type": "Feature", "properties": { "cell_id": "3539115243030446080", "token": "311d769", "level": 12, "type": "s2" }, "geometry": { "type": "Polygon", "coordinates": [ [ [ 100.867725615806393, 13.97144524291812 ], [ 100.867725615806393, 13.994330413610966 ], [ 100.890309864115707, 13.993311964684491 ], [ 100.890309864115707, 13.970428325184912 ], [ 100.867725615806393, 13.97144524291812 ] ] ] } },
{ "type": "Feature", "properties": { "cell_id": "3539115655347306496", "token": "311d76f", "level": 12, "type": "s2" }, "geometry": { "type": "Polygon", "coordinates": [ [ [ 100.845146733373554, 13.972459825117195 ], [ 100.845146733373554, 13.995346523457849 ], [ 100.867725615806393, 13.994330413610966 ], [ 100.867725615806393, 13.97144524291812 ], [ 100.845146733373554, 13.972459825117195 ] ] ] } },
{ "type": "Feature", "properties": { "cell_id": "3539111944495562752", "token": "311d739", "level": 12, "type": "s2" }, "geometry": { "type": "Polygon", "coordinates": [ [ [ 100.912899468069369, 13.923656498443503 ], [ 100.912899468069369, 13.946530841568601 ], [ 100.935494417425332, 13.945510788668612 ], [ 100.935494417425332, 13.922637984612429 ], [ 100.912899468069369, 13.923656498443503 ] ] ] } },
{ "type": "Feature", "properties": { "cell_id": "3539112906568237056", "token": "311d747", "level": 12, "type": "s2" }, "geometry": { "type": "Polygon", "coordinates": [ [ [ 100.912899468069369, 13.946530841568601 ], [ 100.912899468069369, 13.969409070989995 ], [ 100.935494417425332, 13.968387479410039 ], [ 100.935494417425332, 13.945510788668612 ], [ 100.912899468069369, 13.946530841568601 ] ] ] } },
{ "type": "Feature", "properties": { "cell_id": "3539112769129283584", "token": "311d745", "level": 12, "type": "s2" }, "geometry": { "type": "Polygon", "coordinates": [ [ [ 100.912899468069369, 13.969409070989995 ], [ 100.912899468069369, 13.992291175749244 ], [ 100.935494417425332, 13.991268045880318 ], [ 100.935494417425332, 13.968387479410039 ], [ 100.912899468069369, 13.969409070989995 ] ] ] } },
{ "type": "Feature", "properties": { "cell_id": "3539116067664166912", "token": "311d775", "level": 12, "type": "s2" }, "geometry": { "type": "Polygon", "coordinates": [ [ [ 100.800005107015735, 13.951596117032585 ], [ 100.800005107015735, 13.974481986644603 ], [ 100.822573227039285, 13.973472072713992 ], [ 100.822573227039285, 13.950587724050859 ], [ 100.800005107015735, 13.951596117032585 ] ] ] } },
{ "type": "Feature", "properties": { "cell_id": "3539118953882189824", "token": "311d79f", "level": 12, "type": "s2" }, "geometry": { "type": "Polygon", "coordinates": [ [ [ 100.777442383505004, 13.952602180829873 ], [ 100.777442383505004, 13.975489567849372 ], [ 100.800005107015735, 13.974481986644603 ], [ 100.800005107015735, 13.951596117032585 ], [ 100.777442383505004, 13.952602180829873 ] ] ] } },
{ "type": "Feature", "properties": { "cell_id": "3539118541565329408", "token": "311d799", "level": 12, "type": "s2" }, "geometry": { "type": "Polygon", "coordinates": [ [ [ 100.75488506669916, 13.953605916385687 ], [ 100.75488506669916, 13.976494817272876 ], [ 100.777442383505004, 13.975489567849372 ], [ 100.777442383505004, 13.952602180829873 ], [ 100.75488506669916, 13.953605916385687 ] ] ] } },
{ "type": "Feature", "properties": { "cell_id": "3539115792786259968", "token": "311d771", "level": 12, "type": "s2" }, "geometry": { "type": "Polygon", "coordinates": [ [ [ 100.822573227039285, 13.973472072713992 ], [ 100.822573227039285, 13.99636029515859 ], [ 100.845146733373554, 13.995346523457849 ], [ 100.845146733373554, 13.972459825117195 ], [ 100.822573227039285, 13.973472072713992 ] ] ] } },
{ "type": "Feature", "properties": { "cell_id": "3539116205103120384", "token": "311d777", "level": 12, "type": "s2" }, "geometry": { "type": "Polygon", "coordinates": [ [ [ 100.800005107015735, 13.974481986644603 ], [ 100.800005107015735, 13.99737172965089 ], [ 100.822573227039285, 13.99636029515859 ], [ 100.822573227039285, 13.973472072713992 ], [ 100.800005107015735, 13.974481986644603 ] ] ] } },
{ "type": "Feature", "properties": { "cell_id": "3539118816443236352", "token": "311d79d", "level": 12, "type": "s2" }, "geometry": { "type": "Polygon", "coordinates": [ [ [ 100.777442383505004, 13.975489567849372 ], [ 100.777442383505004, 13.9983808278767 ], [ 100.800005107015735, 13.99737172965089 ], [ 100.800005107015735, 13.974481986644603 ], [ 100.777442383505004, 13.975489567849372 ] ] ] } },
{ "type": "Feature", "properties": { "cell_id": "3539118679004282880", "token": "311d79b", "level": 12, "type": "s2" }, "geometry": { "type": "Polygon", "coordinates": [ [ [ 100.75488506669916, 13.976494817272876 ], [ 100.75488506669916, 13.99938759078222 ], [ 100.777442383505004, 13.9983808278767 ], [ 100.777442383505004, 13.975489567849372 ], [ 100.75488506669916, 13.976494817272876 ] ] ] } },
{ "type": "Feature", "properties": { "cell_id": "3539116479981027328", "token": "311d77b", "level": 12, "type": "s2" }, "geometry": { "type": "Polygon", "coordinates": [ [ [ 100.822573227039285, 13.99636029515859 ], [ 100.822573227039285, 14.019252380411258 ], [ 100.845146733373554, 14.018237084996562 ], [ 100.845146733373554, 13.995346523457849 ], [ 100.822573227039285, 13.99636029515859 ] ] ] } },
{ "type": "Feature", "properties": { "cell_id": "3539116342542073856", "token": "311d779", "level": 12, "type": "s2" }, "geometry": { "type": "Polygon", "coordinates": [ [ [ 100.800005107015735, 13.99737172965089 ], [ 100.800005107015735, 14.02026533507602 ], [ 100.822573227039285, 14.019252380411258 ], [ 100.822573227039285, 13.99636029515859 ], [ 100.800005107015735, 13.99737172965089 ] ] ] } },
{ "type": "Feature", "properties": { "cell_id": "3539117029736841216", "token": "311d783", "level": 12, "type": "s2" }, "geometry": { "type": "Polygon", "coordinates": [ [ [ 100.777442383505004, 13.9983808278767 ], [ 100.777442383505004, 14.021275949934413 ], [ 100.800005107015735, 14.02026533507602 ], [ 100.800005107015735, 13.99737172965089 ], [ 100.777442383505004, 13.9983808278767 ] ] ] } },
{ "type": "Feature", "properties": { "cell_id": "3522550825480093696", "token": "30e29d5", "level": 12, "type": "s2" }, "geometry": { "type": "Polygon", "coordinates": [ [ [ 100.597136090815496, 13.846128393141031 ], [ 100.597136090815496, 13.869008277742978 ], [ 100.619655276155143, 13.868026773423491 ], [ 100.619655276155143, 13.845148379828286 ], [ 100.597136090815496, 13.846128393141031 ] ] ] } },
{ "type": "Feature", "properties": { "cell_id": "3539122114978119680", "token": "311d7cd", "level": 12, "type": "s2" }, "geometry": { "type": "Polygon", "coordinates": [ [ [ 100.664710070014337, 13.866056841612897 ], [ 100.664710070014337, 13.888936168518711 ], [ 100.687245658281014, 13.887946237864895 ], [ 100.687245658281014, 13.865068412194374 ], [ 100.664710070014337, 13.866056841612897 ] ] ] } },
{ "type": "Feature", "properties": { "cell_id": "3539122527294980096", "token": "311d7d3", "level": 12, "type": "s2" }, "geometry": { "type": "Polygon", "coordinates": [ [ [ 100.642179939261865, 13.86704296170206 ], [ 100.642179939261865, 13.88992378630854 ], [ 100.664710070014337, 13.888936168518711 ], [ 100.664710070014337, 13.866056841612897 ], [ 100.642179939261865, 13.86704296170206 ] ] ] } },
{ "type": "Feature", "properties": { "cell_id": "3539122664733933568", "token": "311d7d5", "level": 12, "type": "s2" }, "geometry": { "type": "Polygon", "coordinates": [ [ [ 100.619655276155143, 13.868026773423491 ], [ 100.619655276155143, 13.890909092197647 ], [ 100.642179939261865, 13.88992378630854 ], [ 100.642179939261865, 13.86704296170206 ], [ 100.619655276155143, 13.868026773423491 ] ] ] } },
{ "type": "Feature", "properties": { "cell_id": "3522521550983004160", "token": "30e282b", "level": 12, "type": "s2" }, "geometry": { "type": "Polygon", "coordinates": [ [ [ 100.597136090815496, 13.869008277742978 ], [ 100.597136090815496, 13.891892087153485 ], [ 100.619655276155143, 13.890909092197647 ], [ 100.619655276155143, 13.868026773423491 ], [ 100.597136090815496, 13.869008277742978 ] ] ] } },
{ "type": "Feature", "properties": { "cell_id": "3539122252417073152", "token": "311d7cf", "level": 12, "type": "s2" }, "geometry": { "type": "Polygon", "coordinates": [ [ [ 100.664710070014337, 13.888936168518711 ], [ 100.664710070014337, 13.911819410393266 ], [ 100.687245658281014, 13.910827978878775 ], [ 100.687245658281014, 13.887946237864895 ], [ 100.664710070014337, 13.888936168518711 ] ] ] } },
{ "type": "Feature", "properties": { "cell_id": "3539122389856026624", "token": "311d7d1", "level": 12, "type": "s2" }, "geometry": { "type": "Polygon", "coordinates": [ [ [ 100.642179939261865, 13.88992378630854 ], [ 100.642179939261865, 13.912808525509881 ], [ 100.664710070014337, 13.911819410393266 ], [ 100.664710070014337, 13.888936168518711 ], [ 100.642179939261865, 13.88992378630854 ] ] ] } },
{ "type": "Feature", "properties": { "cell_id": "3539122802172887040", "token": "311d7d7", "level": 12, "type": "s2" }, "geometry": { "type": "Polygon", "coordinates": [ [ [ 100.619655276155143, 13.890909092197647 ], [ 100.619655276155143, 13.913795325193545 ], [ 100.642179939261865, 13.912808525509881 ], [ 100.642179939261865, 13.88992378630854 ], [ 100.619655276155143, 13.890909092197647 ] ] ] } },
{ "type": "Feature", "properties": { "cell_id": "3522521413544050688", "token": "30e2829", "level": 12, "type": "s2" }, "geometry": { "type": "Polygon", "coordinates": [ [ [ 100.597136090815496, 13.891892087153485 ], [ 100.597136090815511, 13.914779810413355 ], [ 100.619655276155143, 13.913795325193545 ], [ 100.619655276155143, 13.890909092197647 ], [ 100.597136090815496, 13.891892087153485 ] ] ] } },
{ "type": "Feature", "properties": { "cell_id": "3539121565222305792", "token": "311d7c5", "level": 12, "type": "s2" }, "geometry": { "type": "Polygon", "coordinates": [ [ [ 100.664710070014337, 13.911819410393266 ], [ 100.664710070014337, 13.934706556276444 ], [ 100.687245658281014, 13.933713624277898 ], [ 100.687245658281014, 13.910827978878775 ], [ 100.664710070014337, 13.911819410393266 ] ] ] } },
{ "type": "Feature", "properties": { "cell_id": "3539120465710678016", "token": "311d7b5", "level": 12, "type": "s2" }, "geometry": { "type": "Polygon", "coordinates": [ [ [ 100.70978669392025, 13.86407767248904 ], [ 100.70978669392025, 13.886953993387991 ], [ 100.732333166780251, 13.885959434133083 ], [ 100.732333166780251, 13.863084621543621 ], [ 100.70978669392025, 13.86407767248904 ] ] ] } },
{ "type": "Feature", "properties": { "cell_id": "3539121977539166208", "token": "311d7cb", "level": 12, "type": "s2" }, "geometry": { "type": "Polygon", "coordinates": [ [ [ 100.687245658281014, 13.865068412194374 ], [ 100.687245658281014, 13.887946237864895 ], [ 100.70978669392025, 13.886953993387991 ], [ 100.70978669392025, 13.86407767248904 ], [ 100.687245658281014, 13.865068412194374 ] ] ] } },
{ "type": "Feature", "properties": { "cell_id": "3539120190832771072", "token": "311d7b1", "level": 12, "type": "s2" }, "geometry": { "type": "Polygon", "coordinates": [ [ [ 100.732333166780251, 13.885959434133083 ], [ 100.732333166780251, 13.908838162817386 ], [ 100.75488506669916, 13.907839776361579 ], [ 100.75488506669916, 13.884962559149452 ], [ 100.732333166780251, 13.885959434133083 ] ] ] } },
{ "type": "Feature", "properties": { "cell_id": "3539120603149631488", "token": "311d7b7", "level": 12, "type": "s2" }, "geometry": { "type": "Polygon", "coordinates": [ [ [ 100.70978669392025, 13.886953993387991 ], [ 100.70978669392025, 13.909834230005666 ], [ 100.732333166780251, 13.908838162817386 ], [ 100.732333166780251, 13.885959434133083 ], [ 100.70978669392025, 13.886953993387991 ] ] ] } },
{ "type": "Feature", "properties": { "cell_id": "3539121840100212736", "token": "311d7c9", "level": 12, "type": "s2" }, "geometry": { "type": "Polygon", "coordinates": [ [ [ 100.687245658281014, 13.887946237864895 ], [ 100.687245658281014, 13.910827978878775 ], [ 100.70978669392025, 13.909834230005666 ], [ 100.70978669392025, 13.886953993387991 ], [ 100.687245658281014, 13.887946237864895 ] ] ] } },
{ "type": "Feature", "properties": { "cell_id": "3539120878027538432", "token": "311d7bb", "level": 12, "type": "s2" }, "geometry": { "type": "Polygon", "coordinates": [ [ [ 100.732333166780251, 13.908838162817386 ], [ 100.732333166780251, 13.931720796642422 ], [ 100.75488506669916, 13.930720899093313 ], [ 100.75488506669916, 13.907839776361579 ], [ 100.732333166780251, 13.908838162817386 ] ] ] } },
{ "type": "Feature", "properties": { "cell_id": "3539120740588584960", "token": "311d7b9", "level": 12, "type": "s2" }, "geometry": { "type": "Polygon", "coordinates": [ [ [ 100.70978669392025, 13.909834230005666 ], [ 100.70978669392025, 13.932718371385954 ], [ 100.732333166780251, 13.931720796642422 ], [ 100.732333166780251, 13.908838162817386 ], [ 100.70978669392025, 13.909834230005666 ] ] ] } },
{ "type": "Feature", "properties": { "cell_id": "3539121702661259264", "token": "311d7c7", "level": 12, "type": "s2" }, "geometry": { "type": "Polygon", "coordinates": [ [ [ 100.687245658281014, 13.910827978878775 ], [ 100.687245658281014, 13.933713624277898 ], [ 100.70978669392025, 13.932718371385954 ], [ 100.70978669392025, 13.909834230005666 ], [ 100.687245658281014, 13.910827978878775 ] ] ] } },
{ "type": "Feature", "properties": { "cell_id": "3539121015466491904", "token": "311d7bd", "level": 12, "type": "s2" }, "geometry": { "type": "Polygon", "coordinates": [ [ [ 100.732333166780251, 13.931720796642422 ], [ 100.732333166780251, 13.954607324647219 ], [ 100.75488506669916, 13.953605916385687 ], [ 100.75488506669916, 13.930720899093313 ], [ 100.732333166780251, 13.931720796642422 ] ] ] } },
{ "type": "Feature", "properties": { "cell_id": "3539121152905445376", "token": "311d7bf", "level": 12, "type": "s2" }, "geometry": { "type": "Polygon", "coordinates": [ [ [ 100.70978669392025, 13.932718371385954 ], [ 100.709786693920236, 13.95560640656587 ], [ 100.732333166780251, 13.954607324647219 ], [ 100.732333166780251, 13.931720796642422 ], [ 100.70978669392025, 13.932718371385954 ] ] ] } },
{ "type": "Feature", "properties": { "cell_id": "3539123077050793984", "token": "311d7db", "level": 12, "type": "s2" }, "geometry": { "type": "Polygon", "coordinates": [ [ [ 100.642179939261865, 13.912808525509881 ], [ 100.642179939261865, 13.93569716834398 ], [ 100.664710070014337, 13.934706556276444 ], [ 100.664710070014337, 13.911819410393266 ], [ 100.642179939261865, 13.912808525509881 ] ] ] } },
{ "type": "Feature", "properties": { "cell_id": "3539122939611840512", "token": "311d7d9", "level": 12, "type": "s2" }, "geometry": { "type": "Polygon", "coordinates": [ [ [ 100.619655276155143, 13.913795325193545 ], [ 100.619655276155143, 13.936685461447079 ], [ 100.642179939261865, 13.93569716834398 ], [ 100.642179939261865, 13.912808525509881 ], [ 100.619655276155143, 13.913795325193545 ] ] ] } },
{ "type": "Feature", "properties": { "cell_id": "3522521276105097216", "token": "30e2827", "level": 12, "type": "s2" }, "geometry": { "type": "Polygon", "coordinates": [ [ [ 100.597136090815511, 13.914779810413355 ], [ 100.597136090815496, 13.937671436556498 ], [ 100.619655276155143, 13.936685461447079 ], [ 100.619655276155143, 13.913795325193545 ], [ 100.597136090815511, 13.914779810413355 ] ] ] } },
{ "type": "Feature", "properties": { "cell_id": "3539121427783352320", "token": "311d7c3", "level": 12, "type": "s2" }, "geometry": { "type": "Polygon", "coordinates": [ [ [ 100.664710070014337, 13.934706556276444 ], [ 100.664710070014337, 13.957597595201255 ], [ 100.687245658281014, 13.956603163097274 ], [ 100.687245658281014, 13.933713624277898 ], [ 100.664710070014337, 13.934706556276444 ] ] ] } },
{ "type": "Feature", "properties": { "cell_id": "3539123214489747456", "token": "311d7dd", "level": 12, "type": "s2" }, "geometry": { "type": "Polygon", "coordinates": [ [ [ 100.642179939261865, 13.93569716834398 ], [ 100.642179939261865, 13.958589703841843 ], [ 100.664710070014337, 13.957597595201255 ], [ 100.664710070014337, 13.934706556276444 ], [ 100.642179939261865, 13.93569716834398 ] ] ] } },
{ "type": "Feature", "properties": { "cell_id": "3539123351928700928", "token": "311d7df", "level": 12, "type": "s2" }, "geometry": { "type": "Polygon", "coordinates": [ [ [ 100.619655276155143, 13.936685461447079 ], [ 100.619655276155143, 13.959579489987272 ], [ 100.642179939261865, 13.958589703841843 ], [ 100.642179939261865, 13.93569716834398 ], [ 100.619655276155143, 13.936685461447079 ] ] ] } },
{ "type": "Feature", "properties": { "cell_id": "3522520863788236800", "token": "30e2821", "level": 12, "type": "s2" }, "geometry": { "type": "Polygon", "coordinates": [ [ [ 100.597136090815496, 13.937671436556498 ], [ 100.597136090815496, 13.960566954609947 ], [ 100.619655276155143, 13.959579489987272 ], [ 100.619655276155143, 13.936685461447079 ], [ 100.597136090815496, 13.937671436556498 ] ] ] } },
{ "type": "Feature", "properties": { "cell_id": "3539124039123468288", "token": "311d7e9", "level": 12, "type": "s2" }, "geometry": { "type": "Polygon", "coordinates": [ [ [ 100.664710070014337, 13.957597595201255 ], [ 100.664710070014337, 13.980492516193838 ], [ 100.687245658281014, 13.979496584365043 ], [ 100.687245658281014, 13.956603163097274 ], [ 100.664710070014337, 13.957597595201255 ] ] ] } },
{ "type": "Feature", "properties": { "cell_id": "3539123901684514816", "token": "311d7e7", "level": 12, "type": "s2" }, "geometry": { "type": "Polygon", "coordinates": [ [ [ 100.642179939261865, 13.958589703841843 ], [ 100.642179939261865, 13.981486121027622 ], [ 100.664710070014337, 13.980492516193838 ], [ 100.664710070014337, 13.957597595201255 ], [ 100.642179939261865, 13.958589703841843 ] ] ] } },
{ "type": "Feature", "properties": { "cell_id": "3539123489367654400", "token": "311d7e1", "level": 12, "type": "s2" }, "geometry": { "type": "Polygon", "coordinates": [ [ [ 100.619655276155143, 13.959579489987272 ], [ 100.619655276155143, 13.982477399836277 ], [ 100.642179939261865, 13.981486121027622 ], [ 100.642179939261865, 13.958589703841843 ], [ 100.619655276155143, 13.959579489987272 ] ] ] } },
{ "type": "Feature", "properties": { "cell_id": "3539121290344398848", "token": "311d7c1", "level": 12, "type": "s2" }, "geometry": { "type": "Polygon", "coordinates": [ [ [ 100.687245658281014, 13.933713624277898 ], [ 100.687245658281014, 13.956603163097274 ], [ 100.709786693920236, 13.95560640656587 ], [ 100.70978669392025, 13.932718371385954 ], [ 100.687245658281014, 13.933713624277898 ] ] ] } },
{ "type": "Feature", "properties": { "cell_id": "3539118404126375936", "token": "311d797", "level": 12, "type": "s2" }, "geometry": { "type": "Polygon", "coordinates": [ [ [ 100.732333166780251, 13.954607324647219 ], [ 100.732333166780251, 13.977497735863928 ], [ 100.75488506669916, 13.976494817272876 ], [ 100.75488506669916, 13.953605916385687 ], [ 100.732333166780251, 13.954607324647219 ] ] ] } },
{ "type": "Feature", "properties": { "cell_id": "3539118266687422464", "token": "311d795", "level": 12, "type": "s2" }, "geometry": { "type": "Polygon", "coordinates": [ [ [ 100.709786693920236, 13.95560640656587 ], [ 100.70978669392025, 13.978498324575563 ], [ 100.732333166780251, 13.977497735863928 ], [ 100.732333166780251, 13.954607324647219 ], [ 100.709786693920236, 13.95560640656587 ] ] ] } },
{ "type": "Feature", "properties": { "cell_id": "3539124176562421760", "token": "311d7eb", "level": 12, "type": "s2" }, "geometry": { "type": "Polygon", "coordinates": [ [ [ 100.687245658281014, 13.956603163097274 ], [ 100.687245658281014, 13.979496584365043 ], [ 100.70978669392025, 13.978498324575563 ], [ 100.709786693920236, 13.95560640656587 ], [ 100.687245658281014, 13.956603163097274 ] ] ] } },
{ "type": "Feature", "properties": { "cell_id": "3539117991809515520", "token": "311d791", "level": 12, "type": "s2" }, "geometry": { "type": "Polygon", "coordinates": [ [ [ 100.732333166780251, 13.977497735863928 ], [ 100.732333166780251, 14.000392019317879 ], [ 100.75488506669916, 13.99938759078222 ], [ 100.75488506669916, 13.976494817272876 ], [ 100.732333166780251, 13.977497735863928 ] ] ] } },
{ "type": "Feature", "properties": { "cell_id": "3539118129248468992", "token": "311d793", "level": 12, "type": "s2" }, "geometry": { "type": "Polygon", "coordinates": [ [ [ 100.70978669392025, 13.978498324575563 ], [ 100.70978669392025, 14.00139411443835 ], [ 100.732333166780251, 14.000392019317879 ], [ 100.732333166780251, 13.977497735863928 ], [ 100.70978669392025, 13.978498324575563 ] ] ] } },
{ "type": "Feature", "properties": { "cell_id": "3539124314001375232", "token": "311d7ed", "level": 12, "type": "s2" }, "geometry": { "type": "Polygon", "coordinates": [ [ [ 100.687245658281014, 13.979496584365043 ], [ 100.687245658281014, 14.002393877102524 ], [ 100.70978669392025, 14.00139411443835 ], [ 100.70978669392025, 13.978498324575563 ], [ 100.687245658281014, 13.979496584365043 ] ] ] } },
{ "type": "Feature", "properties": { "cell_id": "3539117854370562048", "token": "311d78f", "level": 12, "type": "s2" }, "geometry": { "type": "Polygon", "coordinates": [ [ [ 100.732333166780251, 14.000392019317879 ], [ 100.732333166780251, 14.023290164027602 ], [ 100.75488506669916, 14.022284225934255 ], [ 100.75488506669916, 13.99938759078222 ], [ 100.732333166780251, 14.000392019317879 ] ] ] } },
{ "type": "Feature", "properties": { "cell_id": "3539117716931608576", "token": "311d78d", "level": 12, "type": "s2" }, "geometry": { "type": "Polygon", "coordinates": [ [ [ 100.70978669392025, 14.00139411443835 ], [ 100.709786693920236, 14.024293765170748 ], [ 100.732333166780251, 14.023290164027602 ], [ 100.732333166780251, 14.000392019317879 ], [ 100.70978669392025, 14.00139411443835 ] ] ] } },
{ "type": "Feature", "properties": { "cell_id": "3539124726318235648", "token": "311d7f3", "level": 12, "type": "s2" }, "geometry": { "type": "Polygon", "coordinates": [ [ [ 100.687245658281014, 14.002393877102524 ], [ 100.687245658281014, 14.025295030324228 ], [ 100.709786693920236, 14.024293765170748 ], [ 100.70978669392025, 14.00139411443835 ], [ 100.687245658281014, 14.002393877102524 ] ] ] } },
{ "type": "Feature", "properties": { "cell_id": "3522520726349283328", "token": "30e281f", "level": 12, "type": "s2" }, "geometry": { "type": "Polygon", "coordinates": [ [ [ 100.597136090815496, 13.960566954609947 ], [ 100.597136090815496, 13.983466353593874 ], [ 100.619655276155143, 13.982477399836277 ], [ 100.619655276155143, 13.959579489987272 ], [ 100.597136090815496, 13.960566954609947 ] ] ] } },
{ "type": "Feature", "properties": { "cell_id": "3539124451440328704", "token": "311d7ef", "level": 12, "type": "s2" }, "geometry": { "type": "Polygon", "coordinates": [ [ [ 100.664710070014337, 13.980492516193838 ], [ 100.664710070014337, 14.00339130827351 ], [ 100.687245658281014, 14.002393877102524 ], [ 100.687245658281014, 13.979496584365043 ], [ 100.664710070014337, 13.980492516193838 ] ] ] } },
{ "type": "Feature", "properties": { "cell_id": "3539123764245561344", "token": "311d7e5", "level": 12, "type": "s2" }, "geometry": { "type": "Polygon", "coordinates": [ [ [ 100.642179939261865, 13.981486121027622 ], [ 100.642179939261865, 14.004386408918636 ], [ 100.664710070014337, 14.00339130827351 ], [ 100.664710070014337, 13.980492516193838 ], [ 100.642179939261865, 13.981486121027622 ] ] ] } },
{ "type": "Feature", "properties": { "cell_id": "3539123626806607872", "token": "311d7e3", "level": 12, "type": "s2" }, "geometry": { "type": "Polygon", "coordinates": [ [ [ 100.619655276155143, 13.982477399836277 ], [ 100.619655276155129, 14.005379180009429 ], [ 100.642179939261865, 14.004386408918636 ], [ 100.642179939261865, 13.981486121027622 ], [ 100.619655276155143, 13.982477399836277 ] ] ] } },
{ "type": "Feature", "properties": { "cell_id": "3522520588910329856", "token": "30e281d", "level": 12, "type": "s2" }, "geometry": { "type": "Polygon", "coordinates": [ [ [ 100.597136090815496, 13.983466353593874 ], [ 100.597136090815496, 14.006369622521619 ], [ 100.619655276155129, 14.005379180009429 ], [ 100.619655276155143, 13.982477399836277 ], [ 100.597136090815496, 13.983466353593874 ] ] ] } },
{ "type": "Feature", "properties": { "cell_id": "3539124588879282176", "token": "311d7f1", "level": 12, "type": "s2" }, "geometry": { "type": "Polygon", "coordinates": [ [ [ 100.664710070014337, 14.00339130827351 ], [ 100.664710070014337, 14.026293960452788 ], [ 100.687245658281014, 14.025295030324228 ], [ 100.687245658281014, 14.002393877102524 ], [ 100.664710070014337, 14.00339130827351 ] ] ] } },
{ "type": "Feature", "properties": { "cell_id": "3539125276074049536", "token": "311d7fb", "level": 12, "type": "s2" }, "geometry": { "type": "Polygon", "coordinates": [ [ [ 100.642179939261865, 14.004386408918636 ], [ 100.642179939261865, 14.027290556525402 ], [ 100.664710070014337, 14.026293960452788 ], [ 100.664710070014337, 14.00339130827351 ], [ 100.642179939261865, 14.004386408918636 ] ] ] } },
{ "type": "Feature", "properties": { "cell_id": "3539125413513003008", "token": "311d7fd", "level": 12, "type": "s2" }, "geometry": { "type": "Polygon", "coordinates": [ [ [ 100.619655276155129, 14.005379180009429 ], [ 100.619655276155143, 14.02828481951525 ], [ 100.642179939261865, 14.027290556525402 ], [ 100.642179939261865, 14.004386408918636 ], [ 100.619655276155129, 14.005379180009429 ] ] ] } },
{ "type": "Feature", "properties": { "cell_id": "3522518802203934720", "token": "30e2803", "level": 12, "type": "s2" }, "geometry": { "type": "Polygon", "coordinates": [ [ [ 100.597136090815496, 14.006369622521619 ], [ 100.597136090815496, 14.029276750399724 ], [ 100.619655276155143, 14.02828481951525 ], [ 100.619655276155129, 14.005379180009429 ], [ 100.597136090815496, 14.006369622521619 ] ] ] } },
{ "type": "Feature", "properties": { "cell_id": "3539125001196142592", "token": "311d7f7", "level": 12, "type": "s2" }, "geometry": { "type": "Polygon", "coordinates": [ [ [ 100.664710070014337, 14.026293960452788 ], [ 100.664710070014337, 14.049200461737387 ], [ 100.687245658281014, 14.048200033037874 ], [ 100.687245658281014, 14.025295030324228 ], [ 100.664710070014337, 14.026293960452788 ] ] ] } },
{ "type": "Feature", "properties": { "cell_id": "3539125138635096064", "token": "311d7f9", "level": 12, "type": "s2" }, "geometry": { "type": "Polygon", "coordinates": [ [ [ 100.642179939261865, 14.027290556525402 ], [ 100.642179939261865, 14.050198552851642 ], [ 100.664710070014337, 14.049200461737387 ], [ 100.664710070014337, 14.026293960452788 ], [ 100.642179939261865, 14.027290556525402 ] ] ] } },
{ "type": "Feature", "properties": { "cell_id": "3539125550951956480", "token": "311d7ff", "level": 12, "type": "s2" }, "geometry": { "type": "Polygon", "coordinates": [ [ [ 100.619655276155143, 14.02828481951525 ], [ 100.619655276155143, 14.051194307355479 ], [ 100.642179939261865, 14.050198552851642 ], [ 100.642179939261865, 14.027290556525402 ], [ 100.619655276155143, 14.02828481951525 ] ] ] } },
{ "type": "Feature", "properties": { "cell_id": "3522518664764981248", "token": "30e2801", "level": 12, "type": "s2" }, "geometry": { "type": "Polygon", "coordinates": [ [ [ 100.597136090815496, 14.029276750399724 ], [ 100.597136090815496, 14.052187726227936 ], [ 100.619655276155143, 14.051194307355479 ], [ 100.619655276155143, 14.02828481951525 ], [ 100.597136090815496, 14.029276750399724 ] ] ] } },
{ "type": "Feature", "properties": { "cell_id": "3539127612536258560", "token": "311d81d", "level": 12, "type": "s2" }, "geometry": { "type": "Polygon", "coordinates": [ [ [ 100.664710070014337, 14.049200461737387 ], [ 100.664710070014337, 14.07211080112627 ], [ 100.687245658281014, 14.071108874244421 ], [ 100.687245658281014, 14.048200033037874 ], [ 100.664710070014337, 14.049200461737387 ] ] ] } },
{ "type": "Feature", "properties": { "cell_id": "3539125825829863424", "token": "311d803", "level": 12, "type": "s2" }, "geometry": { "type": "Polygon", "coordinates": [ [ [ 100.642179939261865, 14.050198552851642 ], [ 100.642179939261865, 14.073110386894326 ], [ 100.664710070014337, 14.07211080112627 ], [ 100.664710070014337, 14.049200461737387 ], [ 100.642179939261865, 14.050198552851642 ] ] ] } },
{ "type": "Feature", "properties": { "cell_id": "3539125688390909952", "token": "311d801", "level": 12, "type": "s2" }, "geometry": { "type": "Polygon", "coordinates": [ [ [ 100.619655276155143, 14.051194307355479 ], [ 100.619655276155143, 14.074107632525084 ], [ 100.642179939261865, 14.073110386894326 ], [ 100.642179939261865, 14.050198552851642 ], [ 100.619655276155143, 14.051194307355479 ] ] ] } },
{ "type": "Feature", "properties": { "cell_id": "3522518527326027776", "token": "30e27ff", "level": 12, "type": "s2" }, "geometry": { "type": "Polygon", "coordinates": [ [ [ 100.597136090815496, 14.052187726227936 ], [ 100.597136090815511, 14.075102538999248 ], [ 100.619655276155143, 14.074107632525084 ], [ 100.619655276155143, 14.051194307355479 ], [ 100.597136090815496, 14.052187726227936 ] ] ] } },
{ "type": "Feature", "properties": { "cell_id": "3539127475097305088", "token": "311d81b", "level": 12, "type": "s2" }, "geometry": { "type": "Polygon", "coordinates": [ [ [ 100.664710070014337, 14.07211080112627 ], [ 100.664710070014337, 14.095024967611666 ], [ 100.687245658281014, 14.094021542938103 ], [ 100.687245658281014, 14.071108874244421 ], [ 100.664710070014337, 14.07211080112627 ] ] ] } },
{ "type": "Feature", "properties": { "cell_id": "3539125963268816896", "token": "311d805", "level": 12, "type": "s2" }, "geometry": { "type": "Polygon", "coordinates": [ [ [ 100.642179939261865, 14.073110386894326 ], [ 100.642179939261865, 14.09602604764369 ], [ 100.664710070014337, 14.095024967611666 ], [ 100.664710070014337, 14.07211080112627 ], [ 100.642179939261865, 14.073110386894326 ] ] ] } },
{ "type": "Feature", "properties": { "cell_id": "3539126100707770368", "token": "311d807", "level": 12, "type": "s2" }, "geometry": { "type": "Polygon", "coordinates": [ [ [ 100.619655276155143, 14.074107632525084 ], [ 100.619655276155143, 14.097024784012316 ], [ 100.642179939261865, 14.09602604764369 ], [ 100.642179939261865, 14.073110386894326 ], [ 100.619655276155143, 14.074107632525084 ] ] ] } },
{ "type": "Feature", "properties": { "cell_id": "3539117442053701632", "token": "311d789", "level": 12, "type": "s2" }, "geometry": { "type": "Polygon", "coordinates": [ [ [ 100.732333166780251, 14.023290164027602 ], [ 100.732333166780251, 14.046192159004825 ], [ 100.75488506669916, 14.04518471174273 ], [ 100.75488506669916, 14.022284225934255 ], [ 100.732333166780251, 14.023290164027602 ] ] ] } },
{ "type": "Feature", "properties": { "cell_id": "3539117579492655104", "token": "311d78b", "level": 12, "type": "s2" }, "geometry": { "type": "Polygon", "coordinates": [ [ [ 100.709786693920236, 14.024293765170748 ], [ 100.70978669392025, 14.047197265782485 ], [ 100.732333166780251, 14.046192159004825 ], [ 100.732333166780251, 14.023290164027602 ], [ 100.709786693920236, 14.024293765170748 ] ] ] } },
{ "type": "Feature", "properties": { "cell_id": "3539124863757189120", "token": "311d7f5", "level": 12, "type": "s2" }, "geometry": { "type": "Polygon", "coordinates": [ [ [ 100.687245658281014, 14.025295030324228 ], [ 100.687245658281014, 14.048200033037874 ], [ 100.70978669392025, 14.047197265782485 ], [ 100.709786693920236, 14.024293765170748 ], [ 100.687245658281014, 14.025295030324228 ] ] ] } },
{ "type": "Feature", "properties": { "cell_id": "3539128299731025920", "token": "311d827", "level": 12, "type": "s2" }, "geometry": { "type": "Polygon", "coordinates": [ [ [ 100.732333166780251, 14.046192159004825 ], [ 100.732333166780251, 14.06909799325452 ], [ 100.75488506669916, 14.06808903721463 ], [ 100.75488506669916, 14.04518471174273 ], [ 100.732333166780251, 14.046192159004825 ] ] ] } },
{ "type": "Feature", "properties": { "cell_id": "3539127887414165504", "token": "311d821", "level": 12, "type": "s2" }, "geometry": { "type": "Polygon", "coordinates": [ [ [ 100.70978669392025, 14.047197265782485 ], [ 100.709786693920236, 14.070104605276516 ], [ 100.732333166780251, 14.06909799325452 ], [ 100.732333166780251, 14.046192159004825 ], [ 100.70978669392025, 14.047197265782485 ] ] ] } },
{ "type": "Feature", "properties": { "cell_id": "3539127749975212032", "token": "311d81f", "level": 12, "type": "s2" }, "geometry": { "type": "Polygon", "coordinates": [ [ [ 100.687245658281014, 14.048200033037874 ], [ 100.687245658281014, 14.071108874244421 ], [ 100.709786693920236, 14.070104605276516 ], [ 100.70978669392025, 14.047197265782485 ], [ 100.687245658281014, 14.048200033037874 ] ] ] } },
{ "type": "Feature", "properties": { "cell_id": "3539128162292072448", "token": "311d825", "level": 12, "type": "s2" }, "geometry": { "type": "Polygon", "coordinates": [ [ [ 100.732333166780251, 14.06909799325452 ], [ 100.732333166780251, 14.092007655774934 ], [ 100.75488506669916, 14.090997191350212 ], [ 100.75488506669916, 14.06808903721463 ], [ 100.732333166780251, 14.06909799325452 ] ] ] } },
{ "type": "Feature", "properties": { "cell_id": "3539128024853118976", "token": "311d823", "level": 12, "type": "s2" }, "geometry": { "type": "Polygon", "coordinates": [ [ [ 100.709786693920236, 14.070104605276516 ], [ 100.70978669392025, 14.093015772649085 ], [ 100.732333166780251, 14.092007655774934 ], [ 100.732333166780251, 14.06909799325452 ], [ 100.709786693920236, 14.070104605276516 ] ] ] } },
{ "type": "Feature", "properties": { "cell_id": "3539127337658351616", "token": "311d819", "level": 12, "type": "s2" }, "geometry": { "type": "Polygon", "coordinates": [ [ [ 100.687245658281014, 14.071108874244421 ], [ 100.687245658281014, 14.094021542938103 ], [ 100.70978669392025, 14.093015772649085 ], [ 100.709786693920236, 14.070104605276516 ], [ 100.687245658281014, 14.071108874244421 ] ] ] } },
{ "type": "Feature", "properties": { "cell_id": "3539129674120560640", "token": "311d83b", "level": 12, "type": "s2" }, "geometry": { "type": "Polygon", "coordinates": [ [ [ 100.732333166780251, 14.092007655774934 ], [ 100.732333166780251, 14.114921135557578 ], [ 100.75488506669916, 14.113909163143001 ], [ 100.75488506669916, 14.090997191350212 ], [ 100.732333166780251, 14.092007655774934 ] ] ] } },
{ "type": "Feature", "properties": { "cell_id": "3522518115009167360", "token": "30e27f9", "level": 12, "type": "s2" }, "geometry": { "type": "Polygon", "coordinates": [ [ [ 100.597136090815511, 14.075102538999248 ], [ 100.597136090815511, 14.098021177699914 ], [ 100.619655276155143, 14.097024784012316 ], [ 100.619655276155143, 14.074107632525084 ], [ 100.597136090815511, 14.075102538999248 ] ] ] } },
{ "type": "Feature", "properties": { "cell_id": "3539126787902537728", "token": "311d811", "level": 12, "type": "s2" }, "geometry": { "type": "Polygon", "coordinates": [ [ [ 100.664710070014337, 14.095024967611666 ], [ 100.664710070014337, 14.117942950179083 ], [ 100.687245658281014, 14.116938028106423 ], [ 100.687245658281014, 14.094021542938103 ], [ 100.664710070014337, 14.095024967611666 ] ] ] } },
{ "type": "Feature", "properties": { "cell_id": "3539126650463584256", "token": "311d80f", "level": 12, "type": "s2" }, "geometry": { "type": "Polygon", "coordinates": [ [ [ 100.642179939261865, 14.09602604764369 ], [ 100.642179939261865, 14.118945524083243 ], [ 100.664710070014337, 14.117942950179083 ], [ 100.664710070014337, 14.095024967611666 ], [ 100.642179939261865, 14.09602604764369 ] ] ] } },
{ "type": "Feature", "properties": { "cell_id": "3539126238146723840", "token": "311d809", "level": 12, "type": "s2" }, "geometry": { "type": "Polygon", "coordinates": [ [ [ 100.619655276155143, 14.097024784012316 ], [ 100.619655276155143, 14.119945750798696 ], [ 100.642179939261865, 14.118945524083243 ], [ 100.642179939261865, 14.09602604764369 ], [ 100.619655276155143, 14.097024784012316 ] ] ] } },
{ "type": "Feature", "properties": { "cell_id": "3522517977570213888", "token": "30e27f7", "level": 12, "type": "s2" }, "geometry": { "type": "Polygon", "coordinates": [ [ [ 100.597136090815511, 14.098021177699914 ], [ 100.597136090815511, 14.12094363130948 ], [ 100.619655276155143, 14.119945750798696 ], [ 100.619655276155143, 14.097024784012316 ], [ 100.597136090815511, 14.098021177699914 ] ] ] } },
{ "type": "Feature", "properties": { "cell_id": "3539126925341491200", "token": "311d813", "level": 12, "type": "s2" }, "geometry": { "type": "Polygon", "coordinates": [ [ [ 100.664710070014337, 14.117942950179083 ], [ 100.664710070014337, 14.140864737807343 ], [ 100.687245658281014, 14.139858318730202 ], [ 100.687245658281014, 14.116938028106423 ], [ 100.664710070014337, 14.117942950179083 ] ] ] } },
{ "type": "Feature", "properties": { "cell_id": "3539126513024630784", "token": "311d80d", "level": 12, "type": "s2" }, "geometry": { "type": "Polygon", "coordinates": [ [ [ 100.642179939261865, 14.118945524083243 ], [ 100.642179939261865, 14.141868805189814 ], [ 100.664710070014337, 14.140864737807343 ], [ 100.664710070014337, 14.117942950179083 ], [ 100.642179939261865, 14.118945524083243 ] ] ] } },
{ "type": "Feature", "properties": { "cell_id": "3539126375585677312", "token": "311d80b", "level": 12, "type": "s2" }, "geometry": { "type": "Polygon", "coordinates": [ [ [ 100.619655276155143, 14.119945750798696 ], [ 100.619655276155143, 14.142870521859065 ], [ 100.642179939261865, 14.141868805189814 ], [ 100.642179939261865, 14.118945524083243 ], [ 100.619655276155143, 14.119945750798696 ] ] ] } },
{ "type": "Feature", "properties": { "cell_id": "3522517840131260416", "token": "30e27f5", "level": 12, "type": "s2" }, "geometry": { "type": "Polygon", "coordinates": [ [ [ 100.597136090815511, 14.12094363130948 ], [ 100.597136090815496, 14.14386988880079 ], [ 100.619655276155143, 14.142870521859065 ], [ 100.619655276155143, 14.119945750798696 ], [ 100.597136090815511, 14.12094363130948 ] ] ] } },
{ "type": "Feature", "properties": { "cell_id": "3539133522411257856", "token": "311d873", "level": 12, "type": "s2" }, "geometry": { "type": "Polygon", "coordinates": [ [ [ 100.642179939261865, 14.141868805189814 ], [ 100.642179939261865, 14.164795879933573 ], [ 100.664710070014337, 14.163790319468612 ], [ 100.664710070014337, 14.140864737807343 ], [ 100.642179939261865, 14.141868805189814 ] ] ] } },
{ "type": "Feature", "properties": { "cell_id": "3539129811559514112", "token": "311d83d", "level": 12, "type": "s2" }, "geometry": { "type": "Polygon", "coordinates": [ [ [ 100.70978669392025, 14.093015772649085 ], [ 100.70978669392025, 14.115930756889695 ], [ 100.732333166780251, 14.114921135557578 ], [ 100.732333166780251, 14.092007655774934 ], [ 100.70978669392025, 14.093015772649085 ] ] ] } },
{ "type": "Feature", "properties": { "cell_id": "3539127200219398144", "token": "311d817", "level": 12, "type": "s2" }, "geometry": { "type": "Polygon", "coordinates": [ [ [ 100.687245658281014, 14.094021542938103 ], [ 100.687245658281014, 14.116938028106423 ], [ 100.70978669392025, 14.115930756889695 ], [ 100.70978669392025, 14.093015772649085 ], [ 100.687245658281014, 14.094021542938103 ] ] ] } },
{ "type": "Feature", "properties": { "cell_id": "3539129536681607168", "token": "311d839", "level": 12, "type": "s2" }, "geometry": { "type": "Polygon", "coordinates": [ [ [ 100.732333166780251, 14.114921135557578 ], [ 100.732333166780251, 14.137838421587293 ], [ 100.75488506669916, 14.136824941579844 ], [ 100.75488506669916, 14.113909163143001 ], [ 100.732333166780251, 14.114921135557578 ] ] ] } },
{ "type": "Feature", "properties": { "cell_id": "3539129948998467584", "token": "311d83f", "level": 12, "type": "s2" }, "geometry": { "type": "Polygon", "coordinates": [ [ [ 100.70978669392025, 14.115930756889695 ], [ 100.709786693920236, 14.138849546981174 ], [ 100.732333166780251, 14.137838421587293 ], [ 100.732333166780251, 14.114921135557578 ], [ 100.70978669392025, 14.115930756889695 ] ] ] } },
{ "type": "Feature", "properties": { "cell_id": "3539127062780444672", "token": "311d815", "level": 12, "type": "s2" }, "geometry": { "type": "Polygon", "coordinates": [ [ [ 100.687245658281014, 14.116938028106423 ], [ 100.687245658281014, 14.139858318730202 ], [ 100.709786693920236, 14.138849546981174 ], [ 100.70978669392025, 14.115930756889695 ], [ 100.687245658281014, 14.116938028106423 ] ] ] } },
{ "type": "Feature", "properties": { "cell_id": "3539130636193234944", "token": "311d849", "level": 12, "type": "s2" }, "geometry": { "type": "Polygon", "coordinates": [ [ [ 100.75488506669916, 14.136824941579844 ], [ 100.75488506669916, 14.159744515640929 ], [ 100.777442383505004, 14.158727169329657 ], [ 100.777442383505004, 14.135809105994383 ], [ 100.75488506669916, 14.136824941579844 ] ] ] } },
{ "type": "Feature", "properties": { "cell_id": "3539130498754281472", "token": "311d847", "level": 12, "type": "s2" }, "geometry": { "type": "Polygon", "coordinates": [ [ [ 100.732333166780251, 14.137838421587293 ], [ 100.732333166780251, 14.160759502842243 ], [ 100.75488506669916, 14.159744515640929 ], [ 100.75488506669916, 14.136824941579844 ], [ 100.732333166780251, 14.137838421587293 ] ] ] } },
{ "type": "Feature", "properties": { "cell_id": "3539130086437421056", "token": "311d841", "level": 12, "type": "s2" }, "geometry": { "type": "Polygon", "coordinates": [ [ [ 100.709786693920236, 14.138849546981174 ], [ 100.70978669392025, 14.161772131899685 ], [ 100.732333166780251, 14.160759502842243 ], [ 100.732333166780251, 14.137838421587293 ], [ 100.709786693920236, 14.138849546981174 ] ] ] } },
{ "type": "Feature", "properties": { "cell_id": "3539132972655443968", "token": "311d86b", "level": 12, "type": "s2" }, "geometry": { "type": "Polygon", "coordinates": [ [ [ 100.687245658281014, 14.139858318730202 ], [ 100.687245658281014, 14.162782403783606 ], [ 100.70978669392025, 14.161772131899685 ], [ 100.709786693920236, 14.138849546981174 ], [ 100.687245658281014, 14.139858318730202 ] ] ] } },
{ "type": "Feature", "properties": { "cell_id": "3539133110094397440", "token": "311d86d", "level": 12, "type": "s2" }, "geometry": { "type": "Polygon", "coordinates": [ [ [ 100.664710070014337, 14.140864737807343 ], [ 100.664710070014337, 14.163790319468612 ], [ 100.687245658281014, 14.162782403783606 ], [ 100.687245658281014, 14.139858318730202 ], [ 100.664710070014337, 14.140864737807343 ] ] ] } },
{ "type": "Feature", "properties": { "cell_id": "3539133659850211328", "token": "311d875", "level": 12, "type": "s2" }, "geometry": { "type": "Polygon", "coordinates": [ [ [ 100.619655276155143, 14.142870521859065 ], [ 100.619655276155143, 14.165799086161599 ], [ 100.642179939261865, 14.164795879933573 ], [ 100.642179939261865, 14.141868805189814 ], [ 100.619655276155143, 14.142870521859065 ] ] ] } },
{ "type": "Feature", "properties": { "cell_id": "3539133384972304384", "token": "311d871", "level": 12, "type": "s2" }, "geometry": { "type": "Polygon", "coordinates": [ [ [ 100.642179939261865, 14.164795879933573 ], [ 100.642179939261865, 14.187726737278037 ], [ 100.664710070014337, 14.186719684128397 ], [ 100.664710070014337, 14.163790319468612 ], [ 100.642179939261865, 14.164795879933573 ] ] ] } },
{ "type": "Feature", "properties": { "cell_id": "3522524574639980544", "token": "30e2857", "level": 12, "type": "s2" }, "geometry": { "type": "Polygon", "coordinates": [ [ [ 100.439656018971021, 13.898708427851053 ], [ 100.439656018971021, 13.921606484242808 ], [ 100.462136577399363, 13.920638172785642 ], [ 100.462136577399363, 13.897741581990651 ], [ 100.439656018971021, 13.898708427851053 ] ] ] } },
{ "type": "Feature", "properties": { "cell_id": "3522535707195211776", "token": "30e28f9", "level": 12, "type": "s2" }, "geometry": { "type": "Polygon", "coordinates": [ [ [ 100.417181018913027, 13.899672970667124 ], [ 100.417181018913027, 13.922572489138521 ], [ 100.439656018971021, 13.921606484242808 ], [ 100.439656018971021, 13.898708427851053 ], [ 100.417181018913027, 13.899672970667124 ] ] ] } },
{ "type": "Feature", "properties": { "cell_id": "3522535844634165248", "token": "30e28fb", "level": 12, "type": "s2" }, "geometry": { "type": "Polygon", "coordinates": [ [ [ 100.394711587254605, 13.900635211443555 ], [ 100.394711587254605, 13.923536188479174 ], [ 100.417181018913027, 13.922572489138521 ], [ 100.417181018913027, 13.899672970667124 ], [ 100.394711587254605, 13.900635211443555 ] ] ] } },
{ "type": "Feature", "properties": { "cell_id": "3522534332805677056", "token": "30e28e5", "level": 12, "type": "s2" }, "geometry": { "type": "Polygon", "coordinates": [ [ [ 100.372247734014607, 13.901595151189149 ], [ 100.372247734014607, 13.924497583275283 ], [ 100.394711587254605, 13.923536188479174 ], [ 100.394711587254605, 13.900635211443555 ], [ 100.372247734014607, 13.901595151189149 ] ] ] } },
{ "type": "Feature", "properties": { "cell_id": "3522524712078934016", "token": "30e2859", "level": 12, "type": "s2" }, "geometry": { "type": "Polygon", "coordinates": [ [ [ 100.439656018971021, 13.921606484242808 ], [ 100.439656018971021, 13.944508440918392 ], [ 100.462136577399363, 13.943538664233545 ], [ 100.462136577399363, 13.920638172785642 ], [ 100.439656018971021, 13.921606484242808 ] ] ] } },
{ "type": "Feature", "properties": { "cell_id": "3522535569756258304", "token": "30e28f7", "level": 12, "type": "s2" }, "geometry": { "type": "Polygon", "coordinates": [ [ [ 100.417181018913027, 13.922572489138521 ], [ 100.417181018913027, 13.945475907525413 ], [ 100.439656018971021, 13.944508440918392 ], [ 100.439656018971021, 13.921606484242808 ], [ 100.417181018913027, 13.922572489138521 ] ] ] } },
{ "type": "Feature", "properties": { "cell_id": "3522535157439397888", "token": "30e28f1", "level": 12, "type": "s2" }, "geometry": { "type": "Polygon", "coordinates": [ [ [ 100.394711587254605, 13.923536188479174 ], [ 100.394711587254605, 13.946441065062716 ], [ 100.417181018913027, 13.945475907525413 ], [ 100.417181018913027, 13.922572489138521 ], [ 100.394711587254605, 13.923536188479174 ] ] ] } },
{ "type": "Feature", "properties": { "cell_id": "3522525124395794432", "token": "30e285f", "level": 12, "type": "s2" }, "geometry": { "type": "Polygon", "coordinates": [ [ [ 100.439656018971021, 13.944508440918392 ], [ 100.439656018971021, 13.967414286891056 ], [ 100.462136577399363, 13.966443045349566 ], [ 100.462136577399363, 13.943538664233545 ], [ 100.439656018971021, 13.944508440918392 ] ] ] } },
{ "type": "Feature", "properties": { "cell_id": "3522535432317304832", "token": "30e28f5", "level": 12, "type": "s2" }, "geometry": { "type": "Polygon", "coordinates": [ [ [ 100.417181018913027, 13.945475907525413 ], [ 100.417181018913027, 13.968383214839109 ], [ 100.439656018971021, 13.967414286891056 ], [ 100.439656018971021, 13.944508440918392 ], [ 100.417181018913027, 13.945475907525413 ] ] ] } },
{ "type": "Feature", "properties": { "cell_id": "3522535294878351360", "token": "30e28f3", "level": 12, "type": "s2" }, "geometry": { "type": "Polygon", "coordinates": [ [ [ 100.394711587254605, 13.946441065062716 ], [ 100.394711587254605, 13.969349830203546 ], [ 100.417181018913027, 13.968383214839109 ], [ 100.417181018913027, 13.945475907525413 ], [ 100.394711587254605, 13.946441065062716 ] ] ] } },
{ "type": "Feature", "properties": { "cell_id": "3522523475128352768", "token": "30e2847", "level": 12, "type": "s2" }, "geometry": { "type": "Polygon", "coordinates": [ [ [ 100.507114329198885, 13.918694626181935 ], [ 100.507114329198885, 13.941592176618565 ], [ 100.52961150246017, 13.940615463692861 ], [ 100.52961150246017, 13.917719389043208 ], [ 100.507114329198885, 13.918694626181935 ] ] ] } },
{ "type": "Feature", "properties": { "cell_id": "3522523337689399296", "token": "30e2845", "level": 12, "type": "s2" }, "geometry": { "type": "Polygon", "coordinates": [ [ [ 100.48462268415858, 13.919667553764736 ], [ 100.48462268415858, 13.942566576466886 ], [ 100.507114329198885, 13.941592176618565 ], [ 100.507114329198885, 13.918694626181935 ], [ 100.48462268415858, 13.919667553764736 ] ] ] } },
{ "type": "Feature", "properties": { "cell_id": "3522524849517887488", "token": "30e285b", "level": 12, "type": "s2" }, "geometry": { "type": "Polygon", "coordinates": [ [ [ 100.462136577399363, 13.920638172785642 ], [ 100.462136577399363, 13.943538664233545 ], [ 100.48462268415858, 13.942566576466886 ], [ 100.48462268415858, 13.919667553764736 ], [ 100.462136577399363, 13.920638172785642 ] ] ] } },
{ "type": "Feature", "properties": { "cell_id": "3522523062811492352", "token": "30e2841", "level": 12, "type": "s2" }, "geometry": { "type": "Polygon", "coordinates": [ [ [ 100.507114329198885, 13.941592176618565 ], [ 100.507114329198885, 13.964493617467676 ], [ 100.52961150246017, 13.963515429128314 ], [ 100.52961150246017, 13.940615463692861 ], [ 100.507114329198885, 13.941592176618565 ] ] ] } },
{ "type": "Feature", "properties": { "cell_id": "3522523200250445824", "token": "30e2843", "level": 12, "type": "s2" }, "geometry": { "type": "Polygon", "coordinates": [ [ [ 100.48462268415858, 13.942566576466886 ], [ 100.48462268415858, 13.965469489208957 ], [ 100.507114329198885, 13.964493617467676 ], [ 100.507114329198885, 13.941592176618565 ], [ 100.48462268415858, 13.942566576466886 ] ] ] } },
{ "type": "Feature", "properties": { "cell_id": "3522524986956840960", "token": "30e285d", "level": 12, "type": "s2" }, "geometry": { "type": "Polygon", "coordinates": [ [ [ 100.462136577399363, 13.943538664233545 ], [ 100.462136577399363, 13.966443045349566 ], [ 100.48462268415858, 13.965469489208957 ], [ 100.48462268415858, 13.942566576466886 ], [ 100.462136577399363, 13.943538664233545 ] ] ] } },
{ "type": "Feature", "properties": { "cell_id": "3522525949029515264", "token": "30e286b", "level": 12, "type": "s2" }, "geometry": { "type": "Polygon", "coordinates": [ [ [ 100.507114329198885, 13.964493617467676 ], [ 100.507114329198885, 13.987398937741533 ], [ 100.52961150246017, 13.986419274363803 ], [ 100.52961150246017, 13.963515429128314 ], [ 100.507114329198885, 13.964493617467676 ] ] ] } },
{ "type": "Feature", "properties": { "cell_id": "3522525811590561792", "token": "30e2869", "level": 12, "type": "s2" }, "geometry": { "type": "Polygon", "coordinates": [ [ [ 100.48462268415858, 13.965469489208957 ], [ 100.48462268415858, 13.988376281001253 ], [ 100.507114329198885, 13.987398937741533 ], [ 100.507114329198885, 13.964493617467676 ], [ 100.48462268415858, 13.965469489208957 ] ] ] } },
{ "type": "Feature", "properties": { "cell_id": "3522525674151608320", "token": "30e2867", "level": 12, "type": "s2" }, "geometry": { "type": "Polygon", "coordinates": [ [ [ 100.462136577399363, 13.966443045349566 ], [ 100.462136577399363, 13.989351305142053 ], [ 100.48462268415858, 13.988376281001253 ], [ 100.48462268415858, 13.965469489208957 ], [ 100.462136577399363, 13.966443045349566 ] ] ] } },
{ "type": "Feature", "properties": { "cell_id": "3522526086468468736", "token": "30e286d", "level": 12, "type": "s2" }, "geometry": { "type": "Polygon", "coordinates": [ [ [ 100.507114329198885, 13.987398937741533 ], [ 100.507114329198885, 14.010308126445581 ], [ 100.52961150246017, 14.009326988406732 ], [ 100.52961150246017, 13.986419274363803 ], [ 100.507114329198885, 13.987398937741533 ] ] ] } },
{ "type": "Feature", "properties": { "cell_id": "3522521001227190272", "token": "30e2823", "level": 12, "type": "s2" }, "geometry": { "type": "Polygon", "coordinates": [ [ [ 100.574622393354176, 13.938655094647173 ], [ 100.574622393354176, 13.961552098686472 ], [ 100.597136090815496, 13.960566954609947 ], [ 100.597136090815496, 13.937671436556498 ], [ 100.574622393354176, 13.938655094647173 ] ] ] } },
{ "type": "Feature", "properties": { "cell_id": "3522522787933585408", "token": "30e283d", "level": 12, "type": "s2" }, "geometry": { "type": "Polygon", "coordinates": [ [ [ 100.552114193872114, 13.939636436698207 ], [ 100.552114193872114, 13.962534923197612 ], [ 100.574622393354176, 13.961552098686472 ], [ 100.574622393354176, 13.938655094647173 ], [ 100.552114193872114, 13.939636436698207 ] ] ] } },
{ "type": "Feature", "properties": { "cell_id": "3522522925372538880", "token": "30e283f", "level": 12, "type": "s2" }, "geometry": { "type": "Polygon", "coordinates": [ [ [ 100.52961150246017, 13.940615463692861 ], [ 100.52961150246017, 13.963515429128314 ], [ 100.552114193872114, 13.962534923197612 ], [ 100.552114193872114, 13.939636436698207 ], [ 100.52961150246017, 13.940615463692861 ] ] ] } },
{ "type": "Feature", "properties": { "cell_id": "3522520314032422912", "token": "30e2819", "level": 12, "type": "s2" }, "geometry": { "type": "Polygon", "coordinates": [ [ [ 100.574622393354176, 13.961552098686472 ], [ 100.574622393354176, 13.98445298327867 ], [ 100.597136090815496, 13.983466353593874 ], [ 100.597136090815496, 13.960566954609947 ], [ 100.574622393354176, 13.961552098686472 ] ] ] } },
{ "type": "Feature", "properties": { "cell_id": "3522520176593469440", "token": "30e2817", "level": 12, "type": "s2" }, "geometry": { "type": "Polygon", "coordinates": [ [ [ 100.552114193872114, 13.962534923197612 ], [ 100.552114193872114, 13.985437289873108 ], [ 100.574622393354176, 13.98445298327867 ], [ 100.574622393354176, 13.961552098686472 ], [ 100.552114193872114, 13.962534923197612 ] ] ] } },
{ "type": "Feature", "properties": { "cell_id": "3522520039154515968", "token": "30e2815", "level": 12, "type": "s2" }, "geometry": { "type": "Polygon", "coordinates": [ [ [ 100.52961150246017, 13.963515429128314 ], [ 100.52961150246017, 13.986419274363803 ], [ 100.552114193872114, 13.985437289873108 ], [ 100.552114193872114, 13.962534923197612 ], [ 100.52961150246017, 13.963515429128314 ] ] ] } },
{ "type": "Feature", "properties": { "cell_id": "3522520451471376384", "token": "30e281b", "level": 12, "type": "s2" }, "geometry": { "type": "Polygon", "coordinates": [ [ [ 100.574622393354176, 13.98445298327867 ], [ 100.574622393354176, 14.007357737435131 ], [ 100.597136090815496, 14.006369622521619 ], [ 100.597136090815496, 13.983466353593874 ], [ 100.574622393354176, 13.98445298327867 ] ] ] } },
{ "type": "Feature", "properties": { "cell_id": "3522519764276609024", "token": "30e2811", "level": 12, "type": "s2" }, "geometry": { "type": "Polygon", "coordinates": [ [ [ 100.552114193872114, 13.985437289873108 ], [ 100.552114193872114, 14.008343525734071 ], [ 100.574622393354176, 14.007357737435131 ], [ 100.574622393354176, 13.98445298327867 ], [ 100.552114193872114, 13.985437289873108 ] ] ] } },
{ "type": "Feature", "properties": { "cell_id": "3522519901715562496", "token": "30e2813", "level": 12, "type": "s2" }, "geometry": { "type": "Polygon", "coordinates": [ [ [ 100.52961150246017, 13.986419274363803 ], [ 100.52961150246017, 14.009326988406732 ], [ 100.552114193872114, 14.008343525734071 ], [ 100.552114193872114, 13.985437289873108 ], [ 100.52961150246017, 13.986419274363803 ] ] ] } },
{ "type": "Feature", "properties": { "cell_id": "3522518939642888192", "token": "30e2805", "level": 12, "type": "s2" }, "geometry": { "type": "Polygon", "coordinates": [ [ [ 100.574622393354176, 14.007357737435131 ], [ 100.574622393354176, 14.030266350160412 ], [ 100.597136090815496, 14.029276750399724 ], [ 100.597136090815496, 14.006369622521619 ], [ 100.574622393354176, 14.007357737435131 ] ] ] } },
{ "type": "Feature", "properties": { "cell_id": "3522525261834747904", "token": "30e2861", "level": 12, "type": "s2" }, "geometry": { "type": "Polygon", "coordinates": [ [ [ 100.439656018971021, 13.967414286891056 ], [ 100.439656018971021, 13.990324011167187 ], [ 100.462136577399363, 13.989351305142053 ], [ 100.462136577399363, 13.966443045349566 ], [ 100.439656018971021, 13.967414286891056 ] ] ] } },
{ "type": "Feature", "properties": { "cell_id": "3522528148052770816", "token": "30e288b", "level": 12, "type": "s2" }, "geometry": { "type": "Polygon", "coordinates": [ [ [ 100.417181018913027, 13.968383214839109 ], [ 100.417181018913027, 13.991294400084044 ], [ 100.439656018971021, 13.990324011167187 ], [ 100.439656018971021, 13.967414286891056 ], [ 100.417181018913027, 13.968383214839109 ] ] ] } },
{ "type": "Feature", "properties": { "cell_id": "3522528285491724288", "token": "30e288d", "level": 12, "type": "s2" }, "geometry": { "type": "Polygon", "coordinates": [ [ [ 100.394711587254605, 13.969349830203546 ], [ 100.394711587254605, 13.992262472904153 ], [ 100.417181018913027, 13.991294400084044 ], [ 100.417181018913027, 13.968383214839109 ], [ 100.394711587254605, 13.969349830203546 ] ] ] } },
{ "type": "Feature", "properties": { "cell_id": "3522525399273701376", "token": "30e2863", "level": 12, "type": "s2" }, "geometry": { "type": "Polygon", "coordinates": [ [ [ 100.439656018971021, 13.990324011167187 ], [ 100.439656018971021, 14.013237602746354 ], [ 100.462136577399363, 14.012263432612523 ], [ 100.462136577399363, 13.989351305142053 ], [ 100.439656018971021, 13.990324011167187 ] ] ] } },
{ "type": "Feature", "properties": { "cell_id": "3522528010613817344", "token": "30e2889", "level": 12, "type": "s2" }, "geometry": { "type": "Polygon", "coordinates": [ [ [ 100.417181018913027, 13.991294400084044 ], [ 100.417181018913027, 14.014209452257836 ], [ 100.439656018971021, 14.013237602746354 ], [ 100.439656018971021, 13.990324011167187 ], [ 100.417181018913027, 13.991294400084044 ] ] ] } },
{ "type": "Feature", "properties": { "cell_id": "3522528422930677760", "token": "30e288f", "level": 12, "type": "s2" }, "geometry": { "type": "Polygon", "coordinates": [ [ [ 100.394711587254605, 13.992262472904153 ], [ 100.394711587254605, 14.015178982160203 ], [ 100.417181018913027, 14.014209452257836 ], [ 100.417181018913027, 13.991294400084044 ], [ 100.394711587254605, 13.992262472904153 ] ] ] } },
{ "type": "Feature", "properties": { "cell_id": "3522527185980096512", "token": "30e287d", "level": 12, "type": "s2" }, "geometry": { "type": "Polygon", "coordinates": [ [ [ 100.439656018971021, 14.013237602746354 ], [ 100.439656018971021, 14.036155050621316 ], [ 100.462136577399363, 14.035179416755692 ], [ 100.462136577399363, 14.012263432612523 ], [ 100.439656018971021, 14.013237602746354 ] ] ] } },
{ "type": "Feature", "properties": { "cell_id": "3522527873174863872", "token": "30e2887", "level": 12, "type": "s2" }, "geometry": { "type": "Polygon", "coordinates": [ [ [ 100.417181018913027, 14.014209452257836 ], [ 100.417181018913027, 14.037128360351293 ], [ 100.439656018971021, 14.036155050621316 ], [ 100.439656018971021, 14.013237602746354 ], [ 100.417181018913027, 14.014209452257836 ] ] ] } },
{ "type": "Feature", "properties": { "cell_id": "3522527735735910400", "token": "30e2885", "level": 12, "type": "s2" }, "geometry": { "type": "Polygon", "coordinates": [ [ [ 100.394711587254605, 14.015178982160203 ], [ 100.394711587254605, 14.038099346960568 ], [ 100.417181018913027, 14.037128360351293 ], [ 100.417181018913027, 14.014209452257836 ], [ 100.394711587254605, 14.015178982160203 ] ] ] } },
{ "type": "Feature", "properties": { "cell_id": "3522529247564398592", "token": "30e289b", "level": 12, "type": "s2" }, "geometry": { "type": "Polygon", "coordinates": [ [ [ 100.372247734014607, 14.016146193470828 ], [ 100.372247734014607, 14.039068011468226 ], [ 100.394711587254605, 14.038099346960568 ], [ 100.394711587254605, 14.015178982160203 ], [ 100.372247734014607, 14.016146193470828 ] ] ] } },
{ "type": "Feature", "properties": { "cell_id": "3522526223907422208", "token": "30e286f", "level": 12, "type": "s2" }, "geometry": { "type": "Polygon", "coordinates": [ [ [ 100.48462268415858, 13.988376281001253 ], [ 100.48462268415858, 14.011286940847247 ], [ 100.507114329198885, 14.010308126445581 ], [ 100.507114329198885, 13.987398937741533 ], [ 100.48462268415858, 13.988376281001253 ] ] ] } },
{ "type": "Feature", "properties": { "cell_id": "3522525536712654848", "token": "30e2865", "level": 12, "type": "s2" }, "geometry": { "type": "Polygon", "coordinates": [ [ [ 100.462136577399363, 13.989351305142053 ], [ 100.462136577399363, 14.012263432612523 ], [ 100.48462268415858, 14.011286940847247 ], [ 100.48462268415858, 13.988376281001253 ], [ 100.462136577399363, 13.989351305142053 ] ] ] } },
{ "type": "Feature", "properties": { "cell_id": "3522526498785329152", "token": "30e2873", "level": 12, "type": "s2" }, "geometry": { "type": "Polygon", "coordinates": [ [ [ 100.507114329198885, 14.010308126445581 ], [ 100.507114329198885, 14.033221172578461 ], [ 100.52961150246017, 14.032238560257724 ], [ 100.52961150246017, 14.009326988406732 ], [ 100.507114329198885, 14.010308126445581 ] ] ] } },
{ "type": "Feature", "properties": { "cell_id": "3522526361346375680", "token": "30e2871", "level": 12, "type": "s2" }, "geometry": { "type": "Polygon", "coordinates": [ [ [ 100.48462268415858, 14.011286940847247 ], [ 100.48462268415858, 14.034201457743626 ], [ 100.507114329198885, 14.033221172578461 ], [ 100.507114329198885, 14.010308126445581 ], [ 100.48462268415858, 14.011286940847247 ] ] ] } },
{ "type": "Feature", "properties": { "cell_id": "3522527048541143040", "token": "30e287b", "level": 12, "type": "s2" }, "geometry": { "type": "Polygon", "coordinates": [ [ [ 100.462136577399363, 14.012263432612523 ], [ 100.462136577399363, 14.035179416755692 ], [ 100.48462268415858, 14.034201457743626 ], [ 100.48462268415858, 14.011286940847247 ], [ 100.462136577399363, 14.012263432612523 ] ] ] } },
{ "type": "Feature", "properties": { "cell_id": "3522526636224282624", "token": "30e2875", "level": 12, "type": "s2" }, "geometry": { "type": "Polygon", "coordinates": [ [ [ 100.507114329198885, 14.033221172578461 ], [ 100.507114329198885, 14.05613806513202 ], [ 100.52961150246017, 14.055153978910582 ], [ 100.52961150246017, 14.032238560257724 ], [ 100.507114329198885, 14.033221172578461 ] ] ] } },
{ "type": "Feature", "properties": { "cell_id": "3522526773663236096", "token": "30e2877", "level": 12, "type": "s2" }, "geometry": { "type": "Polygon", "coordinates": [ [ [ 100.48462268415858, 14.034201457743626 ], [ 100.48462268415858, 14.057119820680262 ], [ 100.507114329198885, 14.05613806513202 ], [ 100.507114329198885, 14.033221172578461 ], [ 100.48462268415858, 14.034201457743626 ] ] ] } },
{ "type": "Feature", "properties": { "cell_id": "3522526911102189568", "token": "30e2879", "level": 12, "type": "s2" }, "geometry": { "type": "Polygon", "coordinates": [ [ [ 100.462136577399363, 14.035179416755692 ], [ 100.462136577399363, 14.058099246559491 ], [ 100.48462268415858, 14.057119820680262 ], [ 100.48462268415858, 14.034201457743626 ], [ 100.462136577399363, 14.035179416755692 ] ] ] } },
{ "type": "Feature", "properties": { "cell_id": "3522516328302772224", "token": "30e27df", "level": 12, "type": "s2" }, "geometry": { "type": "Polygon", "coordinates": [ [ [ 100.507114329198885, 14.05613806513202 ], [ 100.507114329198885, 14.079058793091347 ], [ 100.52961150246017, 14.07807323335237 ], [ 100.52961150246017, 14.055153978910582 ], [ 100.507114329198885, 14.05613806513202 ] ] ] } },
{ "type": "Feature", "properties": { "cell_id": "3522515915985911808", "token": "30e27d9", "level": 12, "type": "s2" }, "geometry": { "type": "Polygon", "coordinates": [ [ [ 100.48462268415858, 14.057119820680262 ], [ 100.48462268415858, 14.080042018640292 ], [ 100.507114329198885, 14.079058793091347 ], [ 100.507114329198885, 14.05613806513202 ], [ 100.48462268415858, 14.057119820680262 ] ] ] } },
{ "type": "Feature", "properties": { "cell_id": "3522519626837655552", "token": "30e280f", "level": 12, "type": "s2" }, "geometry": { "type": "Polygon", "coordinates": [ [ [ 100.552114193872114, 14.008343525734071 ], [ 100.552114193872114, 14.031253619783088 ], [ 100.574622393354176, 14.030266350160412 ], [ 100.574622393354176, 14.007357737435131 ], [ 100.552114193872114, 14.008343525734071 ] ] ] } },
{ "type": "Feature", "properties": { "cell_id": "3522519489398702080", "token": "30e280d", "level": 12, "type": "s2" }, "geometry": { "type": "Polygon", "coordinates": [ [ [ 100.52961150246017, 14.009326988406732 ], [ 100.52961150246017, 14.032238560257724 ], [ 100.552114193872114, 14.031253619783088 ], [ 100.552114193872114, 14.008343525734071 ], [ 100.52961150246017, 14.009326988406732 ] ] ] } },
{ "type": "Feature", "properties": { "cell_id": "3522519077081841664", "token": "30e2807", "level": 12, "type": "s2" }, "geometry": { "type": "Polygon", "coordinates": [ [ [ 100.574622393354176, 14.030266350160412 ], [ 100.574622393354176, 14.053178810452275 ], [ 100.597136090815496, 14.052187726227936 ], [ 100.597136090815496, 14.029276750399724 ], [ 100.574622393354176, 14.030266350160412 ] ] ] } },
{ "type": "Feature", "properties": { "cell_id": "3522519214520795136", "token": "30e2809", "level": 12, "type": "s2" }, "geometry": { "type": "Polygon", "coordinates": [ [ [ 100.552114193872114, 14.031253619783088 ], [ 100.552114193872114, 14.054167561015944 ], [ 100.574622393354176, 14.053178810452275 ], [ 100.574622393354176, 14.030266350160412 ], [ 100.552114193872114, 14.031253619783088 ] ] ] } },
{ "type": "Feature", "properties": { "cell_id": "3522519351959748608", "token": "30e280b", "level": 12, "type": "s2" }, "geometry": { "type": "Polygon", "coordinates": [ [ [ 100.52961150246017, 14.032238560257724 ], [ 100.52961150246017, 14.055153978910582 ], [ 100.552114193872114, 14.054167561015944 ], [ 100.552114193872114, 14.031253619783088 ], [ 100.52961150246017, 14.032238560257724 ] ] ] } },
{ "type": "Feature", "properties": { "cell_id": "3522518389887074304", "token": "30e27fd", "level": 12, "type": "s2" }, "geometry": { "type": "Polygon", "coordinates": [ [ [ 100.574622393354176, 14.053178810452275 ], [ 100.574622393354161, 14.076095107301734 ], [ 100.597136090815511, 14.075102538999248 ], [ 100.597136090815496, 14.052187726227936 ], [ 100.574622393354176, 14.053178810452275 ] ] ] } },
{ "type": "Feature", "properties": { "cell_id": "3522516603180679168", "token": "30e27e3", "level": 12, "type": "s2" }, "geometry": { "type": "Polygon", "coordinates": [ [ [ 100.552114193872114, 14.054167561015944 ], [ 100.552114193872114, 14.077085338421671 ], [ 100.574622393354161, 14.076095107301734 ], [ 100.574622393354176, 14.053178810452275 ], [ 100.552114193872114, 14.054167561015944 ] ] ] } },
{ "type": "Feature", "properties": { "cell_id": "3522516465741725696", "token": "30e27e1", "level": 12, "type": "s2" }, "geometry": { "type": "Polygon", "coordinates": [ [ [ 100.52961150246017, 14.055153978910582 ], [ 100.52961150246017, 14.07807323335237 ], [ 100.552114193872114, 14.077085338421671 ], [ 100.552114193872114, 14.054167561015944 ], [ 100.52961150246017, 14.055153978910582 ] ] ] } },
{ "type": "Feature", "properties": { "cell_id": "3522518252448120832", "token": "30e27fb", "level": 12, "type": "s2" }, "geometry": { "type": "Polygon", "coordinates": [ [ [ 100.574622393354161, 14.076095107301734 ], [ 100.574622393354161, 14.09901522969307 ], [ 100.597136090815511, 14.098021177699914 ], [ 100.597136090815511, 14.075102538999248 ], [ 100.574622393354161, 14.076095107301734 ] ] ] } },
{ "type": "Feature", "properties": { "cell_id": "3522516740619632640", "token": "30e27e5", "level": 12, "type": "s2" }, "geometry": { "type": "Polygon", "coordinates": [ [ [ 100.552114193872114, 14.077085338421671 ], [ 100.552114193872114, 14.100006940982572 ], [ 100.574622393354161, 14.09901522969307 ], [ 100.574622393354161, 14.076095107301734 ], [ 100.552114193872114, 14.077085338421671 ] ] ] } },
{ "type": "Feature", "properties": { "cell_id": "3522527323419049984", "token": "30e287f", "level": 12, "type": "s2" }, "geometry": { "type": "Polygon", "coordinates": [ [ [ 100.439656018971021, 14.036155050621316 ], [ 100.439656018971021, 14.059076343778049 ], [ 100.462136577399363, 14.058099246559491 ], [ 100.462136577399363, 14.035179416755692 ], [ 100.439656018971021, 14.036155050621316 ] ] ] } },
{ "type": "Feature", "properties": { "cell_id": "3522527460858003456", "token": "30e2881", "level": 12, "type": "s2" }, "geometry": { "type": "Polygon", "coordinates": [ [ [ 100.417181018913027, 14.037128360351293 ], [ 100.417181018913027, 14.060051113348438 ], [ 100.439656018971021, 14.059076343778049 ], [ 100.439656018971021, 14.036155050621316 ], [ 100.417181018913027, 14.037128360351293 ] ] ] } },
{ "type": "Feature", "properties": { "cell_id": "3522527598296956928", "token": "30e2883", "level": 12, "type": "s2" }, "geometry": { "type": "Polygon", "coordinates": [ [ [ 100.394711587254605, 14.038099346960568 ], [ 100.394711587254605, 14.061023556287317 ], [ 100.417181018913027, 14.060051113348438 ], [ 100.417181018913027, 14.037128360351293 ], [ 100.394711587254605, 14.038099346960568 ] ] ] } },
{ "type": "Feature", "properties": { "cell_id": "3522529385003352064", "token": "30e289d", "level": 12, "type": "s2" }, "geometry": { "type": "Polygon", "coordinates": [ [ [ 100.372247734014607, 14.039068011468226 ], [ 100.372247734014607, 14.06199367361549 ], [ 100.394711587254605, 14.061023556287317 ], [ 100.394711587254605, 14.038099346960568 ], [ 100.372247734014607, 14.039068011468226 ] ] ] } },
{ "type": "Feature", "properties": { "cell_id": "3522515641108004864", "token": "30e27d5", "level": 12, "type": "s2" }, "geometry": { "type": "Polygon", "coordinates": [ [ [ 100.439656018971021, 14.059076343778049 ], [ 100.439656018971021, 14.082001471195762 ], [ 100.462136577399363, 14.081022911005084 ], [ 100.462136577399363, 14.058099246559491 ], [ 100.439656018971021, 14.059076343778049 ] ] ] } },
{ "type": "Feature", "properties": { "cell_id": "3522486366610915328", "token": "30e262b", "level": 12, "type": "s2" }, "geometry": { "type": "Polygon", "coordinates": [ [ [ 100.417181018913027, 14.060051113348438 ], [ 100.417181018913027, 14.082977700226534 ], [ 100.439656018971021, 14.082001471195762 ], [ 100.439656018971021, 14.059076343778049 ], [ 100.417181018913027, 14.060051113348438 ] ] ] } },
{ "type": "Feature", "properties": { "cell_id": "3522486229171961856", "token": "30e2629", "level": 12, "type": "s2" }, "geometry": { "type": "Polygon", "coordinates": [ [ [ 100.394711587254605, 14.061023556287317 ], [ 100.394711587254605, 14.083951599115775 ], [ 100.417181018913027, 14.082977700226534 ], [ 100.417181018913027, 14.060051113348438 ], [ 100.394711587254605, 14.061023556287317 ] ] ] } },
{ "type": "Feature", "properties": { "cell_id": "3522515503669051392", "token": "30e27d3", "level": 12, "type": "s2" }, "geometry": { "type": "Polygon", "coordinates": [ [ [ 100.439656018971021, 14.082001471195762 ], [ 100.439656018971021, 14.104930421846944 ], [ 100.462136577399363, 14.103950399066914 ], [ 100.462136577399363, 14.081022911005084 ], [ 100.439656018971021, 14.082001471195762 ] ] ] } },
{ "type": "Feature", "properties": { "cell_id": "3522486504049868800", "token": "30e262d", "level": 12, "type": "s2" }, "geometry": { "type": "Polygon", "coordinates": [ [ [ 100.417181018913027, 14.082977700226534 ], [ 100.417181018913027, 14.105908109956124 ], [ 100.439656018971021, 14.104930421846944 ], [ 100.439656018971021, 14.082001471195762 ], [ 100.417181018913027, 14.082977700226534 ] ] ] } },
{ "type": "Feature", "properties": { "cell_id": "3522486641488822272", "token": "30e262f", "level": 12, "type": "s2" }, "geometry": { "type": "Polygon", "coordinates": [ [ [ 100.394711587254605, 14.083951599115775 ], [ 100.394711587254605, 14.106883464414532 ], [ 100.417181018913027, 14.105908109956124 ], [ 100.417181018913027, 14.082977700226534 ], [ 100.394711587254605, 14.083951599115775 ] ] ] } },
{ "type": "Feature", "properties": { "cell_id": "3522515778546958336", "token": "30e27d7", "level": 12, "type": "s2" }, "geometry": { "type": "Polygon", "coordinates": [ [ [ 100.462136577399363, 14.058099246559491 ], [ 100.462136577399363, 14.081022911005084 ], [ 100.48462268415858, 14.080042018640292 ], [ 100.48462268415858, 14.057119820680262 ], [ 100.462136577399363, 14.058099246559491 ] ] ] } },
{ "type": "Feature", "properties": { "cell_id": "3522516190863818752", "token": "30e27dd", "level": 12, "type": "s2" }, "geometry": { "type": "Polygon", "coordinates": [ [ [ 100.507114329198885, 14.079058793091347 ], [ 100.507114329198885, 14.101983345434807 ], [ 100.52961150246017, 14.100996312563419 ], [ 100.52961150246017, 14.07807323335237 ], [ 100.507114329198885, 14.079058793091347 ] ] ] } },
{ "type": "Feature", "properties": { "cell_id": "3522516053424865280", "token": "30e27db", "level": 12, "type": "s2" }, "geometry": { "type": "Polygon", "coordinates": [ [ [ 100.48462268415858, 14.080042018640292 ], [ 100.48462268415858, 14.102968040600116 ], [ 100.507114329198885, 14.101983345434807 ], [ 100.507114329198885, 14.079058793091347 ], [ 100.48462268415858, 14.080042018640292 ] ] ] } },
{ "type": "Feature", "properties": { "cell_id": "3522515366230097920", "token": "30e27d1", "level": 12, "type": "s2" }, "geometry": { "type": "Polygon", "coordinates": [ [ [ 100.462136577399363, 14.081022911005084 ], [ 100.462136577399363, 14.103950399066914 ], [ 100.48462268415858, 14.102968040600116 ], [ 100.48462268415858, 14.080042018640292 ], [ 100.462136577399363, 14.081022911005084 ] ] ] } },
{ "type": "Feature", "properties": { "cell_id": "3522514404157423616", "token": "30e27c3", "level": 12, "type": "s2" }, "geometry": { "type": "Polygon", "coordinates": [ [ [ 100.507114329198885, 14.101983345434807 ], [ 100.507114329198885, 14.124911711134038 ], [ 100.52961150246017, 14.123923205517336 ], [ 100.52961150246017, 14.100996312563419 ], [ 100.507114329198885, 14.101983345434807 ] ] ] } },
{ "type": "Feature", "properties": { "cell_id": "3522514541596377088", "token": "30e27c5", "level": 12, "type": "s2" }, "geometry": { "type": "Polygon", "coordinates": [ [ [ 100.48462268415858, 14.102968040600116 ], [ 100.48462268415858, 14.125897875529406 ], [ 100.507114329198885, 14.124911711134038 ], [ 100.507114329198885, 14.101983345434807 ], [ 100.48462268415858, 14.102968040600116 ] ] ] } },
{ "type": "Feature", "properties": { "cell_id": "3522515228791144448", "token": "30e27cf", "level": 12, "type": "s2" }, "geometry": { "type": "Polygon", "coordinates": [ [ [ 100.462136577399363, 14.103950399066914 ], [ 100.462136577399363, 14.126881699712696 ], [ 100.48462268415858, 14.125897875529406 ], [ 100.48462268415858, 14.102968040600116 ], [ 100.462136577399363, 14.103950399066914 ] ] ] } },
{ "type": "Feature", "properties": { "cell_id": "3522514266718470144", "token": "30e27c1", "level": 12, "type": "s2" }, "geometry": { "type": "Polygon", "coordinates": [ [ [ 100.507114329198885, 14.124911711134038 ], [ 100.507114329198885, 14.147843879153999 ], [ 100.52961150246017, 14.146853901181046 ], [ 100.52961150246017, 14.123923205517336 ], [ 100.507114329198885, 14.124911711134038 ] ] ] } },
{ "type": "Feature", "properties": { "cell_id": "3522516878058586112", "token": "30e27e7", "level": 12, "type": "s2" }, "geometry": { "type": "Polygon", "coordinates": [ [ [ 100.52961150246017, 14.07807323335237 ], [ 100.52961150246017, 14.100996312563419 ], [ 100.552114193872114, 14.100006940982572 ], [ 100.552114193872114, 14.077085338421671 ], [ 100.52961150246017, 14.07807323335237 ] ] ] } },
{ "type": "Feature", "properties": { "cell_id": "3522517565253353472", "token": "30e27f1", "level": 12, "type": "s2" }, "geometry": { "type": "Polygon", "coordinates": [ [ [ 100.574622393354161, 14.09901522969307 ], [ 100.574622393354161, 14.121939166603832 ], [ 100.597136090815511, 14.12094363130948 ], [ 100.597136090815511, 14.098021177699914 ], [ 100.574622393354161, 14.09901522969307 ] ] ] } },
{ "type": "Feature", "properties": { "cell_id": "3522517427814400000", "token": "30e27ef", "level": 12, "type": "s2" }, "geometry": { "type": "Polygon", "coordinates": [ [ [ 100.552114193872114, 14.100006940982572 ], [ 100.552114193872114, 14.122932357674228 ], [ 100.574622393354161, 14.121939166603832 ], [ 100.574622393354161, 14.09901522969307 ], [ 100.552114193872114, 14.100006940982572 ] ] ] } },
{ "type": "Feature", "properties": { "cell_id": "3522517015497539584", "token": "30e27e9", "level": 12, "type": "s2" }, "geometry": { "type": "Polygon", "coordinates": [ [ [ 100.52961150246017, 14.100996312563419 ], [ 100.52961150246017, 14.123923205517336 ], [ 100.552114193872114, 14.122932357674228 ], [ 100.552114193872114, 14.100006940982572 ], [ 100.52961150246017, 14.100996312563419 ] ] ] } },
{ "type": "Feature", "properties": { "cell_id": "3522517702692306944", "token": "30e27f3", "level": 12, "type": "s2" }, "geometry": { "type": "Polygon", "coordinates": [ [ [ 100.574622393354161, 14.121939166603832 ], [ 100.574622393354176, 14.144866907004896 ], [ 100.597136090815496, 14.14386988880079 ], [ 100.597136090815511, 14.12094363130948 ], [ 100.574622393354161, 14.121939166603832 ] ] ] } },
{ "type": "Feature", "properties": { "cell_id": "3522517290375446528", "token": "30e27ed", "level": 12, "type": "s2" }, "geometry": { "type": "Polygon", "coordinates": [ [ [ 100.552114193872114, 14.122932357674228 ], [ 100.552114193872114, 14.145861577465533 ], [ 100.574622393354176, 14.144866907004896 ], [ 100.574622393354161, 14.121939166603832 ], [ 100.552114193872114, 14.122932357674228 ] ] ] } },
{ "type": "Feature", "properties": { "cell_id": "3522515091352190976", "token": "30e27cd", "level": 12, "type": "s2" }, "geometry": { "type": "Polygon", "coordinates": [ [ [ 100.439656018971021, 14.104930421846944 ], [ 100.439656018971021, 14.127863184697357 ], [ 100.462136577399363, 14.126881699712696 ], [ 100.462136577399363, 14.103950399066914 ], [ 100.439656018971021, 14.104930421846944 ] ] ] } },
{ "type": "Feature", "properties": { "cell_id": "3522486916366729216", "token": "30e2633", "level": 12, "type": "s2" }, "geometry": { "type": "Polygon", "coordinates": [ [ [ 100.417181018913027, 14.105908109956124 ], [ 100.417181018913027, 14.128842331501014 ], [ 100.439656018971021, 14.127863184697357 ], [ 100.439656018971021, 14.104930421846944 ], [ 100.417181018913027, 14.105908109956124 ] ] ] } },
{ "type": "Feature", "properties": { "cell_id": "3522486778927775744", "token": "30e2631", "level": 12, "type": "s2" }, "geometry": { "type": "Polygon", "coordinates": [ [ [ 100.394711587254605, 14.106883464414532 ], [ 100.394711587254605, 14.129819141145454 ], [ 100.417181018913027, 14.128842331501014 ], [ 100.417181018913027, 14.105908109956124 ], [ 100.394711587254605, 14.106883464414532 ] ] ] } },
{ "type": "Feature", "properties": { "cell_id": "3539114418396725248", "token": "311d75d", "level": 12, "type": "s2" }, "geometry": { "type": "Polygon", "coordinates": [ [ [ 100.890309864115707, 13.993311964684491 ], [ 100.890309864115707, 14.0161994681644 ], [ 100.912899468069369, 14.015177144881111 ], [ 100.912899468069369, 13.992291175749244 ], [ 100.890309864115707, 13.993311964684491 ] ] ] } },
{ "type": "Feature", "properties": { "cell_id": "3539115105591492608", "token": "311d767", "level": 12, "type": "s2" }, "geometry": { "type": "Polygon", "coordinates": [ [ [ 100.867725615806393, 13.994330413610966 ], [ 100.867725615806393, 14.017219447892623 ], [ 100.890309864115707, 14.0161994681644 ], [ 100.890309864115707, 13.993311964684491 ], [ 100.867725615806393, 13.994330413610966 ] ] ] } },
{ "type": "Feature", "properties": { "cell_id": "3539114968152539136", "token": "311d765", "level": 12, "type": "s2" }, "geometry": { "type": "Polygon", "coordinates": [ [ [ 100.845146733373554, 13.995346523457849 ], [ 100.845146733373554, 14.018237084996562 ], [ 100.867725615806393, 14.017219447892623 ], [ 100.867725615806393, 13.994330413610966 ], [ 100.845146733373554, 13.995346523457849 ] ] ] } },
{ "type": "Feature", "properties": { "cell_id": "3539114555835678720", "token": "311d75f", "level": 12, "type": "s2" }, "geometry": { "type": "Polygon", "coordinates": [ [ [ 100.890309864115707, 14.0161994681644 ], [ 100.890309864115707, 14.039090824650559 ], [ 100.912899468069369, 14.038066967413558 ], [ 100.912899468069369, 14.015177144881111 ], [ 100.890309864115707, 14.0161994681644 ] ] ] } },
{ "type": "Feature", "properties": { "cell_id": "3539114693274632192", "token": "311d761", "level": 12, "type": "s2" }, "geometry": { "type": "Polygon", "coordinates": [ [ [ 100.867725615806393, 14.017219447892623 ], [ 100.867725615806393, 14.040112334786976 ], [ 100.890309864115707, 14.039090824650559 ], [ 100.890309864115707, 14.0161994681644 ], [ 100.867725615806393, 14.017219447892623 ] ] ] } },
{ "type": "Feature", "properties": { "cell_id": "3539114830713585664", "token": "311d763", "level": 12, "type": "s2" }, "geometry": { "type": "Polygon", "coordinates": [ [ [ 100.845146733373554, 14.018237084996562 ], [ 100.845146733373554, 14.041131498755176 ], [ 100.867725615806393, 14.040112334786976 ], [ 100.867725615806393, 14.017219447892623 ], [ 100.845146733373554, 14.018237084996562 ] ] ] } },
{ "type": "Feature", "properties": { "cell_id": "3539158673739743232", "token": "311d9e1", "level": 12, "type": "s2" }, "geometry": { "type": "Polygon", "coordinates": [ [ [ 100.890309864115707, 14.039090824650559 ], [ 100.890309864115707, 14.061986023162131 ], [ 100.912899468069369, 14.060960632367786 ], [ 100.912899468069369, 14.038066967413558 ], [ 100.890309864115707, 14.039090824650559 ] ] ] } },
{ "type": "Feature", "properties": { "cell_id": "3539158536300789760", "token": "311d9df", "level": 12, "type": "s2" }, "geometry": { "type": "Polygon", "coordinates": [ [ [ 100.867725615806393, 14.040112334786976 ], [ 100.867725615806393, 14.063009063311137 ], [ 100.890309864115707, 14.061986023162131 ], [ 100.890309864115707, 14.039090824650559 ], [ 100.867725615806393, 14.040112334786976 ] ] ] } },
{ "type": "Feature", "properties": { "cell_id": "3539158123983929344", "token": "311d9d9", "level": 12, "type": "s2" }, "geometry": { "type": "Polygon", "coordinates": [ [ [ 100.845146733373554, 14.041131498755176 ], [ 100.845146733373554, 14.064029753748773 ], [ 100.867725615806393, 14.063009063311137 ], [ 100.867725615806393, 14.040112334786976 ], [ 100.845146733373554, 14.041131498755176 ] ] ] } },
{ "type": "Feature", "properties": { "cell_id": "3539157986544975872", "token": "311d9d7", "level": 12, "type": "s2" }, "geometry": { "type": "Polygon", "coordinates": [ [ [ 100.822573227039285, 14.042148317491803 ], [ 100.822573227039285, 14.065048095413283 ], [ 100.845146733373554, 14.064029753748773 ], [ 100.845146733373554, 14.041131498755176 ], [ 100.822573227039285, 14.042148317491803 ] ] ] } },
{ "type": "Feature", "properties": { "cell_id": "3539114280957771776", "token": "311d75b", "level": 12, "type": "s2" }, "geometry": { "type": "Polygon", "coordinates": [ [ [ 100.912899468069369, 13.992291175749244 ], [ 100.912899468069369, 14.015177144881111 ], [ 100.935494417425332, 14.014152477116262 ], [ 100.935494417425332, 13.991268045880318 ], [ 100.912899468069369, 13.992291175749244 ] ] ] } },
{ "type": "Feature", "properties": { "cell_id": "3539114143518818304", "token": "311d759", "level": 12, "type": "s2" }, "geometry": { "type": "Polygon", "coordinates": [ [ [ 100.912899468069369, 14.015177144881111 ], [ 100.912899468069369, 14.038066967413558 ], [ 100.935494417425332, 14.03704076214788 ], [ 100.935494417425332, 14.014152477116262 ], [ 100.912899468069369, 14.015177144881111 ] ] ] } },
{ "type": "Feature", "properties": { "cell_id": "3539158811178696704", "token": "311d9e3", "level": 12, "type": "s2" }, "geometry": { "type": "Polygon", "coordinates": [ [ [ 100.912899468069369, 14.038066967413558 ], [ 100.912899468069369, 14.060960632367786 ], [ 100.935494417425332, 14.059932889998423 ], [ 100.935494417425332, 14.03704076214788 ], [ 100.912899468069369, 14.038066967413558 ] ] ] } },
{ "type": "Feature", "properties": { "cell_id": "3539117167175794688", "token": "311d785", "level": 12, "type": "s2" }, "geometry": { "type": "Polygon", "coordinates": [ [ [ 100.75488506669916, 13.99938759078222 ], [ 100.75488506669916, 14.022284225934255 ], [ 100.777442383505004, 14.021275949934413 ], [ 100.777442383505004, 13.9983808278767 ], [ 100.75488506669916, 13.99938759078222 ] ] ] } },
{ "type": "Feature", "properties": { "cell_id": "3539116617419980800", "token": "311d77d", "level": 12, "type": "s2" }, "geometry": { "type": "Polygon", "coordinates": [ [ [ 100.822573227039285, 14.019252380411258 ], [ 100.822573227039285, 14.042148317491803 ], [ 100.845146733373554, 14.041131498755176 ], [ 100.845146733373554, 14.018237084996562 ], [ 100.822573227039285, 14.019252380411258 ] ] ] } },
{ "type": "Feature", "properties": { "cell_id": "3539116754858934272", "token": "311d77f", "level": 12, "type": "s2" }, "geometry": { "type": "Polygon", "coordinates": [ [ [ 100.800005107015735, 14.02026533507602 ], [ 100.800005107015735, 14.043162791937778 ], [ 100.822573227039285, 14.042148317491803 ], [ 100.822573227039285, 14.019252380411258 ], [ 100.800005107015735, 14.02026533507602 ] ] ] } },
{ "type": "Feature", "properties": { "cell_id": "3539116892297887744", "token": "311d781", "level": 12, "type": "s2" }, "geometry": { "type": "Polygon", "coordinates": [ [ [ 100.777442383505004, 14.021275949934413 ], [ 100.777442383505004, 14.044174923038275 ], [ 100.800005107015735, 14.043162791937778 ], [ 100.800005107015735, 14.02026533507602 ], [ 100.777442383505004, 14.021275949934413 ] ] ] } },
{ "type": "Feature", "properties": { "cell_id": "3539117304614748160", "token": "311d787", "level": 12, "type": "s2" }, "geometry": { "type": "Polygon", "coordinates": [ [ [ 100.75488506669916, 14.022284225934255 ], [ 100.75488506669916, 14.04518471174273 ], [ 100.777442383505004, 14.044174923038275 ], [ 100.777442383505004, 14.021275949934413 ], [ 100.75488506669916, 14.022284225934255 ] ] ] } },
{ "type": "Feature", "properties": { "cell_id": "3539157849106022400", "token": "311d9d5", "level": 12, "type": "s2" }, "geometry": { "type": "Polygon", "coordinates": [ [ [ 100.800005107015735, 14.043162791937778 ], [ 100.800005107015735, 14.066064089247192 ], [ 100.822573227039285, 14.065048095413283 ], [ 100.822573227039285, 14.042148317491803 ], [ 100.800005107015735, 14.043162791937778 ] ] ] } },
{ "type": "Feature", "properties": { "cell_id": "3539128574608932864", "token": "311d82b", "level": 12, "type": "s2" }, "geometry": { "type": "Polygon", "coordinates": [ [ [ 100.777442383505004, 14.044174923038275 ], [ 100.777442383505004, 14.067077736197289 ], [ 100.800005107015735, 14.066064089247192 ], [ 100.800005107015735, 14.043162791937778 ], [ 100.777442383505004, 14.044174923038275 ] ] ] } },
{ "type": "Feature", "properties": { "cell_id": "3539128437169979392", "token": "311d829", "level": 12, "type": "s2" }, "geometry": { "type": "Polygon", "coordinates": [ [ [ 100.75488506669916, 14.04518471174273 ], [ 100.75488506669916, 14.06808903721463 ], [ 100.777442383505004, 14.067077736197289 ], [ 100.777442383505004, 14.044174923038275 ], [ 100.75488506669916, 14.04518471174273 ] ] ] } },
{ "type": "Feature", "properties": { "cell_id": "3539157711667068928", "token": "311d9d3", "level": 12, "type": "s2" }, "geometry": { "type": "Polygon", "coordinates": [ [ [ 100.800005107015735, 14.066064089247192 ], [ 100.800005107015735, 14.088969216008554 ], [ 100.822573227039285, 14.087951703182013 ], [ 100.822573227039285, 14.065048095413283 ], [ 100.800005107015735, 14.066064089247192 ] ] ] } },
{ "type": "Feature", "properties": { "cell_id": "3539128712047886336", "token": "311d82d", "level": 12, "type": "s2" }, "geometry": { "type": "Polygon", "coordinates": [ [ [ 100.777442383505004, 14.067077736197289 ], [ 100.777442383505004, 14.08998437841373 ], [ 100.800005107015735, 14.088969216008554 ], [ 100.800005107015735, 14.066064089247192 ], [ 100.777442383505004, 14.067077736197289 ] ] ] } },
{ "type": "Feature", "properties": { "cell_id": "3539158948617650176", "token": "311d9e5", "level": 12, "type": "s2" }, "geometry": { "type": "Polygon", "coordinates": [ [ [ 100.912899468069369, 14.060960632367786 ], [ 100.912899468069369, 14.083858128758267 ], [ 100.935494417425332, 14.082828849684415 ], [ 100.935494417425332, 14.059932889998423 ], [ 100.912899468069369, 14.060960632367786 ] ] ] } },
{ "type": "Feature", "properties": { "cell_id": "3539159635812417536", "token": "311d9ef", "level": 12, "type": "s2" }, "geometry": { "type": "Polygon", "coordinates": [ [ [ 100.912899468069369, 14.083858128758267 ], [ 100.912899468069369, 14.106759445592749 ], [ 100.935494417425332, 14.105728630215646 ], [ 100.935494417425332, 14.082828849684415 ], [ 100.912899468069369, 14.083858128758267 ] ] ] } },
{ "type": "Feature", "properties": { "cell_id": "3539159223495557120", "token": "311d9e9", "level": 12, "type": "s2" }, "geometry": { "type": "Polygon", "coordinates": [ [ [ 100.890309864115707, 14.084885052711538 ], [ 100.890309864115707, 14.107787902304482 ], [ 100.912899468069369, 14.106759445592749 ], [ 100.912899468069369, 14.083858128758267 ], [ 100.890309864115707, 14.084885052711538 ] ] ] } },
{ "type": "Feature", "properties": { "cell_id": "3539159498373464064", "token": "311d9ed", "level": 12, "type": "s2" }, "geometry": { "type": "Polygon", "coordinates": [ [ [ 100.912899468069369, 14.106759445592749 ], [ 100.912899468069369, 14.129664571872281 ], [ 100.935494417425332, 14.128632220595222 ], [ 100.935494417425332, 14.105728630215646 ], [ 100.912899468069369, 14.106759445592749 ] ] ] } },
{ "type": "Feature", "properties": { "cell_id": "3539159360934510592", "token": "311d9eb", "level": 12, "type": "s2" }, "geometry": { "type": "Polygon", "coordinates": [ [ [ 100.890309864115707, 14.107787902304482 ], [ 100.890309864115707, 14.130694560939975 ], [ 100.912899468069369, 14.129664571872281 ], [ 100.912899468069369, 14.106759445592749 ], [ 100.890309864115707, 14.107787902304482 ] ] ] } },
{ "type": "Feature", "properties": { "cell_id": "3539159086056603648", "token": "311d9e7", "level": 12, "type": "s2" }, "geometry": { "type": "Polygon", "coordinates": [ [ [ 100.890309864115707, 14.061986023162131 ], [ 100.890309864115707, 14.084885052711538 ], [ 100.912899468069369, 14.083858128758267 ], [ 100.912899468069369, 14.060960632367786 ], [ 100.890309864115707, 14.061986023162131 ] ] ] } },
{ "type": "Feature", "properties": { "cell_id": "3539158398861836288", "token": "311d9dd", "level": 12, "type": "s2" }, "geometry": { "type": "Polygon", "coordinates": [ [ [ 100.867725615806393, 14.063009063311137 ], [ 100.867725615806393, 14.085909622475496 ], [ 100.890309864115707, 14.084885052711538 ], [ 100.890309864115707, 14.061986023162131 ], [ 100.867725615806393, 14.063009063311137 ] ] ] } },
{ "type": "Feature", "properties": { "cell_id": "3539158261422882816", "token": "311d9db", "level": 12, "type": "s2" }, "geometry": { "type": "Polygon", "coordinates": [ [ [ 100.845146733373554, 14.064029753748773 ], [ 100.845146733373554, 14.086931838985706 ], [ 100.867725615806393, 14.085909622475496 ], [ 100.867725615806393, 14.063009063311137 ], [ 100.845146733373554, 14.064029753748773 ] ] ] } },
{ "type": "Feature", "properties": { "cell_id": "3539157574228115456", "token": "311d9d1", "level": 12, "type": "s2" }, "geometry": { "type": "Polygon", "coordinates": [ [ [ 100.822573227039285, 14.065048095413283 ], [ 100.822573227039285, 14.087951703182013 ], [ 100.845146733373554, 14.086931838985706 ], [ 100.845146733373554, 14.064029753748773 ], [ 100.822573227039285, 14.065048095413283 ] ] ] } },
{ "type": "Feature", "properties": { "cell_id": "3539156612155441152", "token": "311d9c3", "level": 12, "type": "s2" }, "geometry": { "type": "Polygon", "coordinates": [ [ [ 100.867725615806393, 14.085909622475496 ], [ 100.867725615806393, 14.108814001283712 ], [ 100.890309864115707, 14.107787902304482 ], [ 100.890309864115707, 14.084885052711538 ], [ 100.867725615806393, 14.085909622475496 ] ] ] } },
{ "type": "Feature", "properties": { "cell_id": "3539156749594394624", "token": "311d9c5", "level": 12, "type": "s2" }, "geometry": { "type": "Polygon", "coordinates": [ [ [ 100.845146733373554, 14.086931838985706 ], [ 100.845146733373554, 14.109837743467599 ], [ 100.867725615806393, 14.108814001283712 ], [ 100.867725615806393, 14.085909622475496 ], [ 100.845146733373554, 14.086931838985706 ] ] ] } },
{ "type": "Feature", "properties": { "cell_id": "3539157436789161984", "token": "311d9cf", "level": 12, "type": "s2" }, "geometry": { "type": "Polygon", "coordinates": [ [ [ 100.822573227039285, 14.087951703182013 ], [ 100.822573227039285, 14.110859129797593 ], [ 100.845146733373554, 14.109837743467599 ], [ 100.845146733373554, 14.086931838985706 ], [ 100.822573227039285, 14.087951703182013 ] ] ] } },
{ "type": "Feature", "properties": { "cell_id": "3539156474716487680", "token": "311d9c1", "level": 12, "type": "s2" }, "geometry": { "type": "Polygon", "coordinates": [ [ [ 100.867725615806393, 14.108814001283712 ], [ 100.867725615806393, 14.131722188732763 ], [ 100.890309864115707, 14.130694560939975 ], [ 100.890309864115707, 14.107787902304482 ], [ 100.867725615806393, 14.108814001283712 ] ] ] } },
{ "type": "Feature", "properties": { "cell_id": "3539156887033348096", "token": "311d9c7", "level": 12, "type": "s2" }, "geometry": { "type": "Polygon", "coordinates": [ [ [ 100.845146733373554, 14.109837743467599 ], [ 100.845146733373554, 14.132747456189394 ], [ 100.867725615806393, 14.131722188732763 ], [ 100.867725615806393, 14.108814001283712 ], [ 100.845146733373554, 14.109837743467599 ] ] ] } },
{ "type": "Feature", "properties": { "cell_id": "3539153451059511296", "token": "311d995", "level": 12, "type": "s2" }, "geometry": { "type": "Polygon", "coordinates": [ [ [ 100.890309864115707, 14.130694560939975 ], [ 100.890309864115707, 14.153605017610372 ], [ 100.912899468069369, 14.152573496591266 ], [ 100.912899468069369, 14.129664571872281 ], [ 100.890309864115707, 14.130694560939975 ] ] ] } },
{ "type": "Feature", "properties": { "cell_id": "3539128849486839808", "token": "311d82f", "level": 12, "type": "s2" }, "geometry": { "type": "Polygon", "coordinates": [ [ [ 100.75488506669916, 14.06808903721463 ], [ 100.75488506669916, 14.090997191350212 ], [ 100.777442383505004, 14.08998437841373 ], [ 100.777442383505004, 14.067077736197289 ], [ 100.75488506669916, 14.06808903721463 ] ] ] } },
{ "type": "Feature", "properties": { "cell_id": "3539157299350208512", "token": "311d9cd", "level": 12, "type": "s2" }, "geometry": { "type": "Polygon", "coordinates": [ [ [ 100.800005107015735, 14.088969216008554 ], [ 100.800005107015735, 14.111878161219437 ], [ 100.822573227039285, 14.110859129797593 ], [ 100.822573227039285, 14.087951703182013 ], [ 100.800005107015735, 14.088969216008554 ] ] ] } },
{ "type": "Feature", "properties": { "cell_id": "3539129124364746752", "token": "311d833", "level": 12, "type": "s2" }, "geometry": { "type": "Polygon", "coordinates": [ [ [ 100.777442383505004, 14.08998437841373 ], [ 100.777442383505004, 14.112894838683138 ], [ 100.800005107015735, 14.111878161219437 ], [ 100.800005107015735, 14.088969216008554 ], [ 100.777442383505004, 14.08998437841373 ] ] ] } },
{ "type": "Feature", "properties": { "cell_id": "3539128986925793280", "token": "311d831", "level": 12, "type": "s2" }, "geometry": { "type": "Polygon", "coordinates": [ [ [ 100.75488506669916, 14.090997191350212 ], [ 100.75488506669916, 14.113909163143001 ], [ 100.777442383505004, 14.112894838683138 ], [ 100.777442383505004, 14.08998437841373 ], [ 100.75488506669916, 14.090997191350212 ] ] ] } },
{ "type": "Feature", "properties": { "cell_id": "3539157024472301568", "token": "311d9c9", "level": 12, "type": "s2" }, "geometry": { "type": "Polygon", "coordinates": [ [ [ 100.822573227039285, 14.110859129797593 ], [ 100.822573227039285, 14.133770364252928 ], [ 100.845146733373554, 14.132747456189394 ], [ 100.845146733373554, 14.109837743467599 ], [ 100.822573227039285, 14.110859129797593 ] ] ] } },
{ "type": "Feature", "properties": { "cell_id": "3539157161911255040", "token": "311d9cb", "level": 12, "type": "s2" }, "geometry": { "type": "Polygon", "coordinates": [ [ [ 100.800005107015735, 14.111878161219437 ], [ 100.800005107015735, 14.134790913870713 ], [ 100.822573227039285, 14.133770364252928 ], [ 100.822573227039285, 14.110859129797593 ], [ 100.800005107015735, 14.111878161219437 ] ] ] } },
{ "type": "Feature", "properties": { "cell_id": "3539129261803700224", "token": "311d835", "level": 12, "type": "s2" }, "geometry": { "type": "Polygon", "coordinates": [ [ [ 100.777442383505004, 14.112894838683138 ], [ 100.777442383505004, 14.135809105994383 ], [ 100.800005107015735, 14.134790913870713 ], [ 100.800005107015735, 14.111878161219437 ], [ 100.777442383505004, 14.112894838683138 ] ] ] } },
{ "type": "Feature", "properties": { "cell_id": "3539129399242653696", "token": "311d837", "level": 12, "type": "s2" }, "geometry": { "type": "Polygon", "coordinates": [ [ [ 100.75488506669916, 14.113909163143001 ], [ 100.75488506669916, 14.136824941579844 ], [ 100.777442383505004, 14.135809105994383 ], [ 100.777442383505004, 14.112894838683138 ], [ 100.75488506669916, 14.113909163143001 ] ] ] } },
{ "type": "Feature", "properties": { "cell_id": "3539155787521720320", "token": "311d9b7", "level": 12, "type": "s2" }, "geometry": { "type": "Polygon", "coordinates": [ [ [ 100.822573227039285, 14.133770364252928 ], [ 100.822573227039285, 14.15668539553427 ], [ 100.845146733373554, 14.155660966139367 ], [ 100.845146733373554, 14.132747456189394 ], [ 100.822573227039285, 14.133770364252928 ] ] ] } },
{ "type": "Feature", "properties": { "cell_id": "3539155650082766848", "token": "311d9b5", "level": 12, "type": "s2" }, "geometry": { "type": "Polygon", "coordinates": [ [ [ 100.800005107015735, 14.134790913870713 ], [ 100.800005107015735, 14.157707462946616 ], [ 100.822573227039285, 14.15668539553427 ], [ 100.822573227039285, 14.133770364252928 ], [ 100.800005107015735, 14.134790913870713 ] ] ] } },
{ "type": "Feature", "properties": { "cell_id": "3539153313620557824", "token": "311d993", "level": 12, "type": "s2" }, "geometry": { "type": "Polygon", "coordinates": [ [ [ 100.912899468069369, 14.129664571872281 ], [ 100.912899468069369, 14.152573496591266 ], [ 100.935494417425332, 14.151539609819586 ], [ 100.935494417425332, 14.128632220595222 ], [ 100.912899468069369, 14.129664571872281 ] ] ] } },
{ "type": "Feature", "properties": { "cell_id": "3539153176181604352", "token": "311d991", "level": 12, "type": "s2" }, "geometry": { "type": "Polygon", "coordinates": [ [ [ 100.912899468069369, 14.152573496591266 ], [ 100.912899468069369, 14.175486208737443 ], [ 100.935494417425332, 14.174450786878531 ], [ 100.935494417425332, 14.151539609819586 ], [ 100.912899468069369, 14.152573496591266 ] ] ] } },
{ "type": "Feature", "properties": { "cell_id": "3539153588498464768", "token": "311d997", "level": 12, "type": "s2" }, "geometry": { "type": "Polygon", "coordinates": [ [ [ 100.890309864115707, 14.153605017610372 ], [ 100.890309864115707, 14.176519261301369 ], [ 100.912899468069369, 14.175486208737443 ], [ 100.912899468069369, 14.152573496591266 ], [ 100.890309864115707, 14.153605017610372 ] ] ] } },
{ "type": "Feature", "properties": { "cell_id": "3539153863376371712", "token": "311d99b", "level": 12, "type": "s2" }, "geometry": { "type": "Polygon", "coordinates": [ [ [ 100.912899468069369, 14.175486208737443 ], [ 100.912899468069369, 14.198402697291938 ], [ 100.935494417425332, 14.197365740755229 ], [ 100.935494417425332, 14.174450786878531 ], [ 100.912899468069369, 14.175486208737443 ] ] ] } },
{ "type": "Feature", "properties": { "cell_id": "3539153725937418240", "token": "311d999", "level": 12, "type": "s2" }, "geometry": { "type": "Polygon", "coordinates": [ [ [ 100.890309864115707, 14.176519261301369 ], [ 100.890309864115707, 14.199437280992049 ], [ 100.912899468069369, 14.198402697291938 ], [ 100.912899468069369, 14.175486208737443 ], [ 100.890309864115707, 14.176519261301369 ] ] ] } },
{ "type": "Feature", "properties": { "cell_id": "3539156337277534208", "token": "311d9bf", "level": 12, "type": "s2" }, "geometry": { "type": "Polygon", "coordinates": [ [ [ 100.867725615806393, 14.131722188732763 ], [ 100.867725615806393, 14.154634173812957 ], [ 100.890309864115707, 14.153605017610372 ], [ 100.890309864115707, 14.130694560939975 ], [ 100.867725615806393, 14.131722188732763 ] ] ] } },
{ "type": "Feature", "properties": { "cell_id": "3539155924960673792", "token": "311d9b9", "level": 12, "type": "s2" }, "geometry": { "type": "Polygon", "coordinates": [ [ [ 100.845146733373554, 14.132747456189394 ], [ 100.845146733373554, 14.155660966139367 ], [ 100.867725615806393, 14.154634173812957 ], [ 100.867725615806393, 14.131722188732763 ], [ 100.845146733373554, 14.132747456189394 ] ] ] } },
{ "type": "Feature", "properties": { "cell_id": "3539156199838580736", "token": "311d9bd", "level": 12, "type": "s2" }, "geometry": { "type": "Polygon", "coordinates": [ [ [ 100.867725615806393, 14.154634173812957 ], [ 100.867725615806393, 14.177549945507952 ], [ 100.890309864115707, 14.176519261301369 ], [ 100.890309864115707, 14.153605017610372 ], [ 100.867725615806393, 14.154634173812957 ] ] ] } },
{ "type": "Feature", "properties": { "cell_id": "3539156062399627264", "token": "311d9bb", "level": 12, "type": "s2" }, "geometry": { "type": "Polygon", "coordinates": [ [ [ 100.845146733373554, 14.155660966139367 ], [ 100.845146733373554, 14.178578262299144 ], [ 100.867725615806393, 14.177549945507952 ], [ 100.867725615806393, 14.154634173812957 ], [ 100.845146733373554, 14.155660966139367 ] ] ] } },
{ "type": "Feature", "properties": { "cell_id": "3539154413132185600", "token": "311d9a3", "level": 12, "type": "s2" }, "geometry": { "type": "Polygon", "coordinates": [ [ [ 100.867725615806393, 14.177549945507952 ], [ 100.867725615806393, 14.200469492794797 ], [ 100.890309864115707, 14.199437280992049 ], [ 100.890309864115707, 14.176519261301369 ], [ 100.867725615806393, 14.177549945507952 ] ] ] } },
{ "type": "Feature", "properties": { "cell_id": "3539154550571139072", "token": "311d9a5", "level": 12, "type": "s2" }, "geometry": { "type": "Polygon", "coordinates": [ [ [ 100.845146733373554, 14.178578262299144 ], [ 100.845146733373554, 14.201499333643733 ], [ 100.867725615806393, 14.200469492794797 ], [ 100.867725615806393, 14.177549945507952 ], [ 100.845146733373554, 14.178578262299144 ] ] ] } },
{ "type": "Feature", "properties": { "cell_id": "3539154138254278656", "token": "311d99f", "level": 12, "type": "s2" }, "geometry": { "type": "Polygon", "coordinates": [ [ [ 100.890309864115707, 14.199437280992049 ], [ 100.890309864115707, 14.222359065654906 ], [ 100.912899468069369, 14.221322951229286 ], [ 100.912899468069369, 14.198402697291938 ], [ 100.890309864115707, 14.199437280992049 ] ] ] } },
{ "type": "Feature", "properties": { "cell_id": "3539154275693232128", "token": "311d9a1", "level": 12, "type": "s2" }, "geometry": { "type": "Polygon", "coordinates": [ [ [ 100.867725615806393, 14.200469492794797 ], [ 100.867725615806393, 14.223392804643941 ], [ 100.890309864115707, 14.222359065654906 ], [ 100.890309864115707, 14.199437280992049 ], [ 100.867725615806393, 14.200469492794797 ] ] ] } },
{ "type": "Feature", "properties": { "cell_id": "3539154688010092544", "token": "311d9a7", "level": 12, "type": "s2" }, "geometry": { "type": "Polygon", "coordinates": [ [ [ 100.845146733373554, 14.201499333643733 ], [ 100.845146733373554, 14.224424169141551 ], [ 100.867725615806393, 14.223392804643941 ], [ 100.867725615806393, 14.200469492794797 ], [ 100.845146733373554, 14.201499333643733 ] ] ] } },
{ "type": "Feature", "properties": { "cell_id": "3539154825449046016", "token": "311d9a9", "level": 12, "type": "s2" }, "geometry": { "type": "Polygon", "coordinates": [ [ [ 100.822573227039285, 14.202526804486723 ], [ 100.822573227039285, 14.22545316009721 ], [ 100.845146733373554, 14.224424169141551 ], [ 100.845146733373554, 14.201499333643733 ], [ 100.822573227039285, 14.202526804486723 ] ] ] } },
{ "type": "Feature", "properties": { "cell_id": "3539130773632188416", "token": "311d84b", "level": 12, "type": "s2" }, "geometry": { "type": "Polygon", "coordinates": [ [ [ 100.777442383505004, 14.135809105994383 ], [ 100.777442383505004, 14.158727169329657 ], [ 100.800005107015735, 14.157707462946616 ], [ 100.800005107015735, 14.134790913870713 ], [ 100.777442383505004, 14.135809105994383 ] ] ] } },
{ "type": "Feature", "properties": { "cell_id": "3539155375204859904", "token": "311d9b1", "level": 12, "type": "s2" }, "geometry": { "type": "Polygon", "coordinates": [ [ [ 100.822573227039285, 14.15668539553427 ], [ 100.822573227039285, 14.179604212621207 ], [ 100.845146733373554, 14.178578262299144 ], [ 100.845146733373554, 14.155660966139367 ], [ 100.822573227039285, 14.15668539553427 ] ] ] } },
{ "type": "Feature", "properties": { "cell_id": "3539155512643813376", "token": "311d9b3", "level": 12, "type": "s2" }, "geometry": { "type": "Polygon", "coordinates": [ [ [ 100.800005107015735, 14.157707462946616 ], [ 100.800005107015735, 14.180627797424711 ], [ 100.822573227039285, 14.179604212621207 ], [ 100.822573227039285, 14.15668539553427 ], [ 100.800005107015735, 14.157707462946616 ] ] ] } },
{ "type": "Feature", "properties": { "cell_id": "3539130911071141888", "token": "311d84d", "level": 12, "type": "s2" }, "geometry": { "type": "Polygon", "coordinates": [ [ [ 100.777442383505004, 14.158727169329657 ], [ 100.777442383505004, 14.181649017664517 ], [ 100.800005107015735, 14.180627797424711 ], [ 100.800005107015735, 14.157707462946616 ], [ 100.777442383505004, 14.158727169329657 ] ] ] } },
{ "type": "Feature", "properties": { "cell_id": "3539131048510095360", "token": "311d84f", "level": 12, "type": "s2" }, "geometry": { "type": "Polygon", "coordinates": [ [ [ 100.75488506669916, 14.159744515640929 ], [ 100.75488506669916, 14.182667874299785 ], [ 100.777442383505004, 14.181649017664517 ], [ 100.777442383505004, 14.158727169329657 ], [ 100.75488506669916, 14.159744515640929 ] ] ] } },
{ "type": "Feature", "properties": { "cell_id": "3539155237765906432", "token": "311d9af", "level": 12, "type": "s2" }, "geometry": { "type": "Polygon", "coordinates": [ [ [ 100.822573227039285, 14.179604212621207 ], [ 100.822573227039285, 14.202526804486723 ], [ 100.845146733373554, 14.201499333643733 ], [ 100.845146733373554, 14.178578262299144 ], [ 100.822573227039285, 14.179604212621207 ] ] ] } },
{ "type": "Feature", "properties": { "cell_id": "3539155100326952960", "token": "311d9ad", "level": 12, "type": "s2" }, "geometry": { "type": "Polygon", "coordinates": [ [ [ 100.800005107015735, 14.180627797424711 ], [ 100.800005107015735, 14.203551906275949 ], [ 100.822573227039285, 14.202526804486723 ], [ 100.822573227039285, 14.179604212621207 ], [ 100.800005107015735, 14.180627797424711 ] ] ] } },
{ "type": "Feature", "properties": { "cell_id": "3539131323388002304", "token": "311d853", "level": 12, "type": "s2" }, "geometry": { "type": "Polygon", "coordinates": [ [ [ 100.777442383505004, 14.181649017664517 ], [ 100.777442383505004, 14.204574639967891 ], [ 100.800005107015735, 14.203551906275949 ], [ 100.800005107015735, 14.180627797424711 ], [ 100.777442383505004, 14.181649017664517 ] ] ] } },
{ "type": "Feature", "properties": { "cell_id": "3539131185949048832", "token": "311d851", "level": 12, "type": "s2" }, "geometry": { "type": "Polygon", "coordinates": [ [ [ 100.75488506669916, 14.182667874299785 ], [ 100.75488506669916, 14.205595006523325 ], [ 100.777442383505004, 14.204574639967891 ], [ 100.777442383505004, 14.181649017664517 ], [ 100.75488506669916, 14.182667874299785 ] ] ] } },
{ "type": "Feature", "properties": { "cell_id": "3539154962887999488", "token": "311d9ab", "level": 12, "type": "s2" }, "geometry": { "type": "Polygon", "coordinates": [ [ [ 100.800005107015735, 14.203551906275949 ], [ 100.800005107015735, 14.226479778464698 ], [ 100.822573227039285, 14.22545316009721 ], [ 100.822573227039285, 14.202526804486723 ], [ 100.800005107015735, 14.203551906275949 ] ] ] } },
{ "type": "Feature", "properties": { "cell_id": "3539154000815325184", "token": "311d99d", "level": 12, "type": "s2" }, "geometry": { "type": "Polygon", "coordinates": [ [ [ 100.912899468069369, 14.198402697291938 ], [ 100.912899468069369, 14.221322951229286 ], [ 100.935494417425332, 14.220284460426264 ], [ 100.935494417425332, 14.197365740755229 ], [ 100.912899468069369, 14.198402697291938 ] ] ] } },
{ "type": "Feature", "properties": { "cell_id": "3539151526914162688", "token": "311d979", "level": 12, "type": "s2" }, "geometry": { "type": "Polygon", "coordinates": [ [ [ 100.935494417425332, 14.220284460426264 ], [ 100.935494417425332, 14.243206934861634 ], [ 100.958094701931614, 14.242164529350342 ], [ 100.958094701931614, 14.219243592309351 ], [ 100.935494417425332, 14.220284460426264 ] ] ] } },
{ "type": "Feature", "properties": { "cell_id": "3539151389475209216", "token": "311d977", "level": 12, "type": "s2" }, "geometry": { "type": "Polygon", "coordinates": [ [ [ 100.912899468069369, 14.221322951229286 ], [ 100.912899468069369, 14.24424695951744 ], [ 100.935494417425332, 14.243206934861634 ], [ 100.935494417425332, 14.220284460426264 ], [ 100.912899468069369, 14.221322951229286 ] ] ] } },
{ "type": "Feature", "properties": { "cell_id": "3539151252036255744", "token": "311d975", "level": 12, "type": "s2" }, "geometry": { "type": "Polygon", "coordinates": [ [ [ 100.890309864115707, 14.222359065654906 ], [ 100.890309864115707, 14.245284604255843 ], [ 100.912899468069369, 14.24424695951744 ], [ 100.912899468069369, 14.221322951229286 ], [ 100.890309864115707, 14.222359065654906 ] ] ] } },
{ "type": "Feature", "properties": { "cell_id": "3539151664353116160", "token": "311d97b", "level": 12, "type": "s2" }, "geometry": { "type": "Polygon", "coordinates": [ [ [ 100.935494417425332, 14.243206934861634 ], [ 100.935494417425332, 14.266133153024793 ], [ 100.958094701931614, 14.265089210535518 ], [ 100.958094701931614, 14.242164529350342 ], [ 100.935494417425332, 14.243206934861634 ] ] ] } },
{ "type": "Feature", "properties": { "cell_id": "3539150977158348800", "token": "311d971", "level": 12, "type": "s2" }, "geometry": { "type": "Polygon", "coordinates": [ [ [ 100.912899468069369, 14.24424695951744 ], [ 100.912899468069369, 14.267174711117811 ], [ 100.935494417425332, 14.266133153024793 ], [ 100.935494417425332, 14.243206934861634 ], [ 100.912899468069369, 14.24424695951744 ] ] ] } },
{ "type": "Feature", "properties": { "cell_id": "3539130361315328000", "token": "311d845", "level": 12, "type": "s2" }, "geometry": { "type": "Polygon", "coordinates": [ [ [ 100.732333166780251, 14.160759502842243 ], [ 100.732333166780251, 14.183684368293953 ], [ 100.75488506669916, 14.182667874299785 ], [ 100.75488506669916, 14.159744515640929 ], [ 100.732333166780251, 14.160759502842243 ] ] ] } },
{ "type": "Feature", "properties": { "cell_id": "3539130223876374528", "token": "311d843", "level": 12, "type": "s2" }, "geometry": { "type": "Polygon", "coordinates": [ [ [ 100.70978669392025, 14.161772131899685 ], [ 100.709786693920236, 14.18469850061474 ], [ 100.732333166780251, 14.183684368293953 ], [ 100.732333166780251, 14.160759502842243 ], [ 100.70978669392025, 14.161772131899685 ] ] ] } },
{ "type": "Feature", "properties": { "cell_id": "3539132835216490496", "token": "311d869", "level": 12, "type": "s2" }, "geometry": { "type": "Polygon", "coordinates": [ [ [ 100.687245658281014, 14.162782403783606 ], [ 100.687245658281014, 14.185710272234134 ], [ 100.709786693920236, 14.18469850061474 ], [ 100.70978669392025, 14.161772131899685 ], [ 100.687245658281014, 14.162782403783606 ] ] ] } },
{ "type": "Feature", "properties": { "cell_id": "3539133247533350912", "token": "311d86f", "level": 12, "type": "s2" }, "geometry": { "type": "Polygon", "coordinates": [ [ [ 100.664710070014337, 14.163790319468612 ], [ 100.664710070014337, 14.186719684128397 ], [ 100.687245658281014, 14.185710272234134 ], [ 100.687245658281014, 14.162782403783606 ], [ 100.664710070014337, 14.163790319468612 ] ] ] } },
{ "type": "Feature", "properties": { "cell_id": "3539131873143816192", "token": "311d85b", "level": 12, "type": "s2" }, "geometry": { "type": "Polygon", "coordinates": [ [ [ 100.732333166780251, 14.183684368293953 ], [ 100.732333166780251, 14.20661300690732 ], [ 100.75488506669916, 14.205595006523325 ], [ 100.75488506669916, 14.182667874299785 ], [ 100.732333166780251, 14.183684368293953 ] ] ] } },
{ "type": "Feature", "properties": { "cell_id": "3539132010582769664", "token": "311d85d", "level": 12, "type": "s2" }, "geometry": { "type": "Polygon", "coordinates": [ [ [ 100.709786693920236, 14.18469850061474 ], [ 100.709786693920236, 14.207628642089233 ], [ 100.732333166780251, 14.20661300690732 ], [ 100.732333166780251, 14.183684368293953 ], [ 100.709786693920236, 14.18469850061474 ] ] ] } },
{ "type": "Feature", "properties": { "cell_id": "3539132697777537024", "token": "311d867", "level": 12, "type": "s2" }, "geometry": { "type": "Polygon", "coordinates": [ [ [ 100.687245658281014, 14.185710272234134 ], [ 100.687245658281014, 14.20864191304269 ], [ 100.709786693920236, 14.207628642089233 ], [ 100.709786693920236, 14.18469850061474 ], [ 100.687245658281014, 14.185710272234134 ] ] ] } },
{ "type": "Feature", "properties": { "cell_id": "3539131598265909248", "token": "311d857", "level": 12, "type": "s2" }, "geometry": { "type": "Polygon", "coordinates": [ [ [ 100.75488506669916, 14.205595006523325 ], [ 100.75488506669916, 14.228525901271883 ], [ 100.777442383505004, 14.227504025202125 ], [ 100.777442383505004, 14.204574639967891 ], [ 100.75488506669916, 14.205595006523325 ] ] ] } },
{ "type": "Feature", "properties": { "cell_id": "3539131735704862720", "token": "311d859", "level": 12, "type": "s2" }, "geometry": { "type": "Polygon", "coordinates": [ [ [ 100.732333166780251, 14.20661300690732 ], [ 100.732333166780251, 14.229545407640673 ], [ 100.75488506669916, 14.228525901271883 ], [ 100.75488506669916, 14.205595006523325 ], [ 100.732333166780251, 14.20661300690732 ] ] ] } },
{ "type": "Feature", "properties": { "cell_id": "3539131460826955776", "token": "311d855", "level": 12, "type": "s2" }, "geometry": { "type": "Polygon", "coordinates": [ [ [ 100.777442383505004, 14.204574639967891 ], [ 100.777442383505004, 14.227504025202125 ], [ 100.800005107015735, 14.226479778464698 ], [ 100.800005107015735, 14.203551906275949 ], [ 100.777442383505004, 14.204574639967891 ] ] ] } },
{ "type": "Feature", "properties": { "cell_id": "3539143692893814784", "token": "311d907", "level": 12, "type": "s2" }, "geometry": { "type": "Polygon", "coordinates": [ [ [ 100.822573227039285, 14.22545316009721 ], [ 100.822573227039285, 14.248383268412468 ], [ 100.845146733373554, 14.24735275775444 ], [ 100.845146733373554, 14.224424169141551 ], [ 100.822573227039285, 14.22545316009721 ] ] ] } },
{ "type": "Feature", "properties": { "cell_id": "3539143280576954368", "token": "311d901", "level": 12, "type": "s2" }, "geometry": { "type": "Polygon", "coordinates": [ [ [ 100.800005107015735, 14.226479778464698 ], [ 100.800005107015735, 14.249411402948743 ], [ 100.822573227039285, 14.248383268412468 ], [ 100.822573227039285, 14.22545316009721 ], [ 100.800005107015735, 14.226479778464698 ] ] ] } },
{ "type": "Feature", "properties": { "cell_id": "3539143143138000896", "token": "311d8ff", "level": 12, "type": "s2" }, "geometry": { "type": "Polygon", "coordinates": [ [ [ 100.777442383505004, 14.227504025202125 ], [ 100.777442383505004, 14.25043716232298 ], [ 100.800005107015735, 14.249411402948743 ], [ 100.800005107015735, 14.226479778464698 ], [ 100.777442383505004, 14.227504025202125 ] ] ] } },
{ "type": "Feature", "properties": { "cell_id": "3539143555454861312", "token": "311d905", "level": 12, "type": "s2" }, "geometry": { "type": "Polygon", "coordinates": [ [ [ 100.822573227039285, 14.248383268412468 ], [ 100.822573227039285, 14.27131711838577 ], [ 100.845146733373554, 14.270285088437694 ], [ 100.845146733373554, 14.24735275775444 ], [ 100.822573227039285, 14.248383268412468 ] ] ] } },
{ "type": "Feature", "properties": { "cell_id": "3539143967771721728", "token": "311d90b", "level": 12, "type": "s2" }, "geometry": { "type": "Polygon", "coordinates": [ [ [ 100.867725615806393, 14.223392804643941 ], [ 100.867725615806393, 14.24631987001926 ], [ 100.890309864115707, 14.245284604255843 ], [ 100.890309864115707, 14.222359065654906 ], [ 100.867725615806393, 14.223392804643941 ] ] ] } },
{ "type": "Feature", "properties": { "cell_id": "3539143830332768256", "token": "311d909", "level": 12, "type": "s2" }, "geometry": { "type": "Polygon", "coordinates": [ [ [ 100.845146733373554, 14.224424169141551 ], [ 100.845146733373554, 14.24735275775444 ], [ 100.867725615806393, 14.24631987001926 ], [ 100.867725615806393, 14.223392804643941 ], [ 100.845146733373554, 14.224424169141551 ] ] ] } },
{ "type": "Feature", "properties": { "cell_id": "3539151114597302272", "token": "311d973", "level": 12, "type": "s2" }, "geometry": { "type": "Polygon", "coordinates": [ [ [ 100.890309864115707, 14.245284604255843 ], [ 100.890309864115707, 14.268213885754234 ], [ 100.912899468069369, 14.267174711117811 ], [ 100.912899468069369, 14.24424695951744 ], [ 100.890309864115707, 14.245284604255843 ] ] ] } },
{ "type": "Feature", "properties": { "cell_id": "3539144105210675200", "token": "311d90d", "level": 12, "type": "s2" }, "geometry": { "type": "Polygon", "coordinates": [ [ [ 100.867725615806393, 14.24631987001926 ], [ 100.867725615806393, 14.269250677878079 ], [ 100.890309864115707, 14.268213885754234 ], [ 100.890309864115707, 14.245284604255843 ], [ 100.867725615806393, 14.24631987001926 ] ] ] } },
{ "type": "Feature", "properties": { "cell_id": "3539144242649628672", "token": "311d90f", "level": 12, "type": "s2" }, "geometry": { "type": "Polygon", "coordinates": [ [ [ 100.845146733373554, 14.24735275775444 ], [ 100.845146733373554, 14.270285088437694 ], [ 100.867725615806393, 14.269250677878079 ], [ 100.867725615806393, 14.24631987001926 ], [ 100.845146733373554, 14.24735275775444 ] ] ] } },
{ "type": "Feature", "properties": { "cell_id": "3539150702280441856", "token": "311d96d", "level": 12, "type": "s2" }, "geometry": { "type": "Polygon", "coordinates": [ [ [ 100.890309864115707, 14.268213885754234 ], [ 100.890309864115707, 14.291146899102923 ], [ 100.912899468069369, 14.290106194985285 ], [ 100.912899468069369, 14.267174711117811 ], [ 100.890309864115707, 14.268213885754234 ] ] ] } },
{ "type": "Feature", "properties": { "cell_id": "3539144517527535616", "token": "311d913", "level": 12, "type": "s2" }, "geometry": { "type": "Polygon", "coordinates": [ [ [ 100.867725615806393, 14.269250677878079 ], [ 100.867725615806393, 14.292185217171207 ], [ 100.890309864115707, 14.291146899102923 ], [ 100.890309864115707, 14.268213885754234 ], [ 100.867725615806393, 14.269250677878079 ] ] ] } },
{ "type": "Feature", "properties": { "cell_id": "3539150152524627968", "token": "311d965", "level": 12, "type": "s2" }, "geometry": { "type": "Polygon", "coordinates": [ [ [ 100.935494417425332, 14.266133153024793 ], [ 100.935494417425332, 14.289063103872683 ], [ 100.958094701931614, 14.288017624823862 ], [ 100.958094701931614, 14.265089210535518 ], [ 100.935494417425332, 14.266133153024793 ] ] ] } },
{ "type": "Feature", "properties": { "cell_id": "3522571303884161024", "token": "30e2aff", "level": 12, "type": "s2" }, "geometry": { "type": "Polygon", "coordinates": [ [ [ 100.439656018971021, 13.48722284459004 ], [ 100.439656018971021, 13.510048825092538 ], [ 100.462136577399363, 13.509106948951938 ], [ 100.462136577399363, 13.486282440355275 ], [ 100.439656018971021, 13.48722284459004 ] ] ] } },
{ "type": "Feature", "properties": { "cell_id": "3522571441323114496", "token": "30e2b01", "level": 12, "type": "s2" }, "geometry": { "type": "Polygon", "coordinates": [ [ [ 100.417181018913027, 13.488161009212943 ], [ 100.417181018913027, 13.510988458091306 ], [ 100.439656018971021, 13.510048825092538 ], [ 100.439656018971021, 13.48722284459004 ], [ 100.417181018913027, 13.488161009212943 ] ] ] } },
{ "type": "Feature", "properties": { "cell_id": "3522571853639974912", "token": "30e2b07", "level": 12, "type": "s2" }, "geometry": { "type": "Polygon", "coordinates": [ [ [ 100.394711587254605, 13.489096935198024 ], [ 100.394711587254605, 13.511925848923978 ], [ 100.417181018913027, 13.510988458091306 ], [ 100.417181018913027, 13.488161009212943 ], [ 100.394711587254605, 13.489096935198024 ] ] ] } },
{ "type": "Feature", "properties": { "cell_id": "3522559621573115904", "token": "30e2a55", "level": 12, "type": "s2" }, "geometry": { "type": "Polygon", "coordinates": [ [ [ 100.439656018971021, 13.510048825092538 ], [ 100.439656018971021, 13.532878902441631 ], [ 100.462136577399363, 13.531935554729076 ], [ 100.462136577399363, 13.509106948951938 ], [ 100.439656018971021, 13.510048825092538 ] ] ] } },
{ "type": "Feature", "properties": { "cell_id": "3522583123634159616", "token": "30e2bab", "level": 12, "type": "s2" }, "geometry": { "type": "Polygon", "coordinates": [ [ [ 100.417181018913027, 13.510988458091306 ], [ 100.417181018913027, 13.533820003483058 ], [ 100.439656018971021, 13.532878902441631 ], [ 100.439656018971021, 13.510048825092538 ], [ 100.417181018913027, 13.510988458091306 ] ] ] } },
{ "type": "Feature", "properties": { "cell_id": "3522582711317299200", "token": "30e2ba5", "level": 12, "type": "s2" }, "geometry": { "type": "Polygon", "coordinates": [ [ [ 100.372247734014607, 13.535695469466296 ], [ 100.372247734014607, 13.558534025346086 ], [ 100.394711587254605, 13.557595954055202 ], [ 100.394711587254605, 13.534758858830799 ], [ 100.372247734014607, 13.535695469466296 ] ] ] } },
{ "type": "Feature", "properties": { "cell_id": "3522584223145787392", "token": "30e2bbb", "level": 12, "type": "s2" }, "geometry": { "type": "Polygon", "coordinates": [ [ [ 100.372247734014607, 13.558534025346086 ], [ 100.372247734014607, 13.58137665533717 ], [ 100.394711587254605, 13.580437123726643 ], [ 100.394711587254605, 13.557595954055202 ], [ 100.372247734014607, 13.558534025346086 ] ] ] } },
{ "type": "Feature", "properties": { "cell_id": "3522584085706833920", "token": "30e2bb9", "level": 12, "type": "s2" }, "geometry": { "type": "Polygon", "coordinates": [ [ [ 100.372247734014607, 13.58137665533717 ], [ 100.372247734014607, 13.60422334855981 ], [ 100.394711587254605, 13.603282356967307 ], [ 100.394711587254605, 13.580437123726643 ], [ 100.372247734014607, 13.58137665533717 ] ] ] } },
{ "type": "Feature", "properties": { "cell_id": "3522585047779508224", "token": "30e2bc7", "level": 12, "type": "s2" }, "geometry": { "type": "Polygon", "coordinates": [ [ [ 100.372247734014607, 13.60422334855981 ], [ 100.372247734014607, 13.627074094127027 ], [ 100.394711587254605, 13.626131642892174 ], [ 100.394711587254605, 13.603282356967307 ], [ 100.372247734014607, 13.60422334855981 ] ] ] } },
{ "type": "Feature", "properties": { "cell_id": "3522584635462647808", "token": "30e2bc1", "level": 12, "type": "s2" }, "geometry": { "type": "Polygon", "coordinates": [ [ [ 100.349789469201582, 13.605162085857097 ], [ 100.349789469201582, 13.628014287545239 ], [ 100.372247734014607, 13.627074094127027 ], [ 100.372247734014607, 13.60422334855981 ], [ 100.349789469201582, 13.605162085857097 ] ] ] } },
{ "type": "Feature", "properties": { "cell_id": "3522584910340554752", "token": "30e2bc5", "level": 12, "type": "s2" }, "geometry": { "type": "Polygon", "coordinates": [ [ [ 100.372247734014607, 13.627074094127027 ], [ 100.372247734014607, 13.649928881144648 ], [ 100.394711587254605, 13.648984970609005 ], [ 100.394711587254605, 13.626131642892174 ], [ 100.372247734014607, 13.627074094127027 ] ] ] } },
{ "type": "Feature", "properties": { "cell_id": "3522584772901601280", "token": "30e2bc3", "level": 12, "type": "s2" }, "geometry": { "type": "Polygon", "coordinates": [ [ [ 100.349789469201582, 13.628014287545239 ], [ 100.349789469201582, 13.650870530342921 ], [ 100.372247734014607, 13.649928881144648 ], [ 100.372247734014607, 13.627074094127027 ], [ 100.349789469201582, 13.628014287545239 ] ] ] } },
{ "type": "Feature", "properties": { "cell_id": "3522587384241717248", "token": "30e2be9", "level": 12, "type": "s2" }, "geometry": { "type": "Polygon", "coordinates": [ [ [ 100.327336802813676, 13.628952224143141 ], [ 100.327336802813676, 13.651809919201874 ], [ 100.349789469201582, 13.650870530342921 ], [ 100.349789469201582, 13.628014287545239 ], [ 100.327336802813676, 13.628952224143141 ] ] ] } },
{ "type": "Feature", "properties": { "cell_id": "3522586422169042944", "token": "30e2bdb", "level": 12, "type": "s2" }, "geometry": { "type": "Polygon", "coordinates": [ [ [ 100.372247734014607, 13.649928881144648 ], [ 100.372247734014607, 13.672787698711314 ], [ 100.394711587254605, 13.671842329218387 ], [ 100.394711587254605, 13.648984970609005 ], [ 100.372247734014607, 13.649928881144648 ] ] ] } },
{ "type": "Feature", "properties": { "cell_id": "3522586559607996416", "token": "30e2bdd", "level": 12, "type": "s2" }, "geometry": { "type": "Polygon", "coordinates": [ [ [ 100.349789469201582, 13.650870530342921 ], [ 100.349789469201582, 13.673730803346844 ], [ 100.372247734014607, 13.672787698711314 ], [ 100.372247734014607, 13.649928881144648 ], [ 100.349789469201582, 13.650870530342921 ] ] ] } },
{ "type": "Feature", "properties": { "cell_id": "3522557010232999936", "token": "30e2a2f", "level": 12, "type": "s2" }, "geometry": { "type": "Polygon", "coordinates": [ [ [ 100.462136577399363, 13.646139661057827 ], [ 100.462136577399363, 13.668992621658102 ], [ 100.48462268415858, 13.668038182818696 ], [ 100.48462268415858, 13.645186695272885 ], [ 100.462136577399363, 13.646139661057827 ] ] ] } },
{ "type": "Feature", "properties": { "cell_id": "3522555910721372160", "token": "30e2a1f", "level": 12, "type": "s2" }, "geometry": { "type": "Polygon", "coordinates": [ [ [ 100.52961150246017, 13.66612249477768 ], [ 100.52961150246017, 13.688975047700792 ], [ 100.552114193872114, 13.688012313257614 ], [ 100.552114193872114, 13.665161243629226 ], [ 100.52961150246017, 13.66612249477768 ] ] ] } },
{ "type": "Feature", "properties": { "cell_id": "3522556048160325632", "token": "30e2a21", "level": 12, "type": "s2" }, "geometry": { "type": "Polygon", "coordinates": [ [ [ 100.507114329198885, 13.667081474183709 ], [ 100.507114329198885, 13.689935506870352 ], [ 100.52961150246017, 13.688975047700792 ], [ 100.52961150246017, 13.66612249477768 ], [ 100.507114329198885, 13.667081474183709 ] ] ] } },
{ "type": "Feature", "properties": { "cell_id": "3522556460477186048", "token": "30e2a27", "level": 12, "type": "s2" }, "geometry": { "type": "Polygon", "coordinates": [ [ [ 100.48462268415858, 13.668038182818696 ], [ 100.48462268415858, 13.690893691739356 ], [ 100.507114329198885, 13.689935506870352 ], [ 100.507114329198885, 13.667081474183709 ], [ 100.48462268415858, 13.668038182818696 ] ] ] } },
{ "type": "Feature", "properties": { "cell_id": "3522556597916139520", "token": "30e2a29", "level": 12, "type": "s2" }, "geometry": { "type": "Polygon", "coordinates": [ [ [ 100.462136577399363, 13.668992621658102 ], [ 100.462136577399363, 13.691849603284947 ], [ 100.48462268415858, 13.690893691739356 ], [ 100.48462268415858, 13.668038182818696 ], [ 100.462136577399363, 13.668992621658102 ] ] ] } },
{ "type": "Feature", "properties": { "cell_id": "3522553024503349248", "token": "30e29f5", "level": 12, "type": "s2" }, "geometry": { "type": "Polygon", "coordinates": [ [ [ 100.52961150246017, 13.688975047700792 ], [ 100.52961150246017, 13.711831611795468 ], [ 100.552114193872114, 13.710867394409929 ], [ 100.552114193872114, 13.688012313257614 ], [ 100.52961150246017, 13.688975047700792 ] ] ] } },
{ "type": "Feature", "properties": { "cell_id": "3522545740238815232", "token": "30e298b", "level": 12, "type": "s2" }, "geometry": { "type": "Polygon", "coordinates": [ [ [ 100.507114329198885, 13.689935506870352 ], [ 100.507114329198885, 13.712793550376899 ], [ 100.52961150246017, 13.711831611795468 ], [ 100.52961150246017, 13.688975047700792 ], [ 100.507114329198885, 13.689935506870352 ] ] ] } },
{ "type": "Feature", "properties": { "cell_id": "3522545602799861760", "token": "30e2989", "level": 12, "type": "s2" }, "geometry": { "type": "Polygon", "coordinates": [ [ [ 100.48462268415858, 13.690893691739356 ], [ 100.48462268415858, 13.713753211128967 ], [ 100.507114329198885, 13.712793550376899 ], [ 100.507114329198885, 13.689935506870352 ], [ 100.48462268415858, 13.690893691739356 ] ] ] } },
{ "type": "Feature", "properties": { "cell_id": "3522545465360908288", "token": "30e2987", "level": 12, "type": "s2" }, "geometry": { "type": "Polygon", "coordinates": [ [ [ 100.462136577399363, 13.691849603284947 ], [ 100.462136577399363, 13.71471059503051 ], [ 100.48462268415858, 13.713753211128967 ], [ 100.48462268415858, 13.690893691739356 ], [ 100.462136577399363, 13.691849603284947 ] ] ] } },
{ "type": "Feature", "properties": { "cell_id": "3522552887064395776", "token": "30e29f3", "level": 12, "type": "s2" }, "geometry": { "type": "Polygon", "coordinates": [ [ [ 100.52961150246017, 13.711831611795468 ], [ 100.52961150246017, 13.734692176152633 ], [ 100.552114193872114, 13.733726476179079 ], [ 100.552114193872114, 13.710867394409929 ], [ 100.52961150246017, 13.711831611795468 ] ] ] } },
{ "type": "Feature", "properties": { "cell_id": "3522586147291136000", "token": "30e2bd7", "level": 12, "type": "s2" }, "geometry": { "type": "Polygon", "coordinates": [ [ [ 100.394711587254605, 13.671842329218387 ], [ 100.394711587254605, 13.694703707813751 ], [ 100.417181018913027, 13.69375461033483 ], [ 100.417181018913027, 13.670894693872331 ], [ 100.394711587254605, 13.671842329218387 ] ] ] } },
{ "type": "Feature", "properties": { "cell_id": "3522545053044047872", "token": "30e2981", "level": 12, "type": "s2" }, "geometry": { "type": "Polygon", "coordinates": [ [ [ 100.439656018971021, 13.692803242488342 ], [ 100.439656018971021, 13.715665703064424 ], [ 100.462136577399363, 13.71471059503051 ], [ 100.462136577399363, 13.691849603284947 ], [ 100.439656018971021, 13.692803242488342 ] ] ] } },
{ "type": "Feature", "properties": { "cell_id": "3522544915605094400", "token": "30e297f", "level": 12, "type": "s2" }, "geometry": { "type": "Polygon", "coordinates": [ [ [ 100.417181018913027, 13.69375461033483 ], [ 100.417181018913027, 13.716618536217702 ], [ 100.439656018971021, 13.715665703064424 ], [ 100.439656018971021, 13.692803242488342 ], [ 100.417181018913027, 13.69375461033483 ] ] ] } },
{ "type": "Feature", "properties": { "cell_id": "3522544778166140928", "token": "30e297d", "level": 12, "type": "s2" }, "geometry": { "type": "Polygon", "coordinates": [ [ [ 100.394711587254605, 13.694703707813751 ], [ 100.394711587254605, 13.717569095481387 ], [ 100.417181018913027, 13.716618536217702 ], [ 100.417181018913027, 13.69375461033483 ], [ 100.394711587254605, 13.694703707813751 ] ] ] } },
{ "type": "Feature", "properties": { "cell_id": "3522542991459745792", "token": "30e2963", "level": 12, "type": "s2" }, "geometry": { "type": "Polygon", "coordinates": [ [ [ 100.372247734014607, 13.69565053591851 ], [ 100.372247734014607, 13.718517381850592 ], [ 100.394711587254605, 13.717569095481387 ], [ 100.394711587254605, 13.694703707813751 ], [ 100.372247734014607, 13.69565053591851 ] ] ] } },
{ "type": "Feature", "properties": { "cell_id": "3522545190483001344", "token": "30e2983", "level": 12, "type": "s2" }, "geometry": { "type": "Polygon", "coordinates": [ [ [ 100.439656018971021, 13.715665703064424 ], [ 100.439656018971021, 13.738532162492781 ], [ 100.462136577399363, 13.737575585979826 ], [ 100.462136577399363, 13.71471059503051 ], [ 100.439656018971021, 13.715665703064424 ] ] ] } },
{ "type": "Feature", "properties": { "cell_id": "3522544503288233984", "token": "30e2979", "level": 12, "type": "s2" }, "geometry": { "type": "Polygon", "coordinates": [ [ [ 100.417181018913027, 13.716618536217702 ], [ 100.417181018913027, 13.739486460602079 ], [ 100.439656018971021, 13.738532162492781 ], [ 100.439656018971021, 13.715665703064424 ], [ 100.417181018913027, 13.716618536217702 ] ] ] } },
{ "type": "Feature", "properties": { "cell_id": "3522544640727187456", "token": "30e297b", "level": 12, "type": "s2" }, "geometry": { "type": "Polygon", "coordinates": [ [ [ 100.394711587254605, 13.717569095481387 ], [ 100.394711587254605, 13.74043848130048 ], [ 100.417181018913027, 13.739486460602079 ], [ 100.417181018913027, 13.716618536217702 ], [ 100.394711587254605, 13.717569095481387 ] ] ] } },
{ "type": "Feature", "properties": { "cell_id": "3522544365849280512", "token": "30e2977", "level": 12, "type": "s2" }, "geometry": { "type": "Polygon", "coordinates": [ [ [ 100.417181018913027, 13.739486460602079 ], [ 100.417181018913027, 13.762358372562007 ], [ 100.439656018971021, 13.761402609849402 ], [ 100.439656018971021, 13.738532162492781 ], [ 100.417181018913027, 13.739486460602079 ] ] ] } },
{ "type": "Feature", "properties": { "cell_id": "3522543953532420096", "token": "30e2971", "level": 12, "type": "s2" }, "geometry": { "type": "Polygon", "coordinates": [ [ [ 100.394711587254605, 13.74043848130048 ], [ 100.394711587254605, 13.763311854343121 ], [ 100.417181018913027, 13.762358372562007 ], [ 100.417181018913027, 13.739486460602079 ], [ 100.394711587254605, 13.74043848130048 ] ] ] } },
{ "type": "Feature", "properties": { "cell_id": "3522545877677768704", "token": "30e298d", "level": 12, "type": "s2" }, "geometry": { "type": "Polygon", "coordinates": [ [ [ 100.507114329198885, 13.712793550376899 ], [ 100.507114329198885, 13.735655593792311 ], [ 100.52961150246017, 13.734692176152633 ], [ 100.52961150246017, 13.711831611795468 ], [ 100.507114329198885, 13.712793550376899 ] ] ] } },
{ "type": "Feature", "properties": { "cell_id": "3522546015116722176", "token": "30e298f", "level": 12, "type": "s2" }, "geometry": { "type": "Polygon", "coordinates": [ [ [ 100.48462268415858, 13.713753211128967 ], [ 100.48462268415858, 13.736616730074537 ], [ 100.507114329198885, 13.735655593792311 ], [ 100.507114329198885, 13.712793550376899 ], [ 100.48462268415858, 13.713753211128967 ] ] ] } },
{ "type": "Feature", "properties": { "cell_id": "3522545327921954816", "token": "30e2985", "level": 12, "type": "s2" }, "geometry": { "type": "Polygon", "coordinates": [ [ [ 100.462136577399363, 13.71471059503051 ], [ 100.462136577399363, 13.737575585979826 ], [ 100.48462268415858, 13.736616730074537 ], [ 100.48462268415858, 13.713753211128967 ], [ 100.462136577399363, 13.71471059503051 ] ] ] } },
{ "type": "Feature", "properties": { "cell_id": "3522552474747535360", "token": "30e29ed", "level": 12, "type": "s2" }, "geometry": { "type": "Polygon", "coordinates": [ [ [ 100.52961150246017, 13.734692176152633 ], [ 100.52961150246017, 13.757556729856139 ], [ 100.552114193872114, 13.756589547650881 ], [ 100.552114193872114, 13.733726476179079 ], [ 100.52961150246017, 13.734692176152633 ] ] ] } },
{ "type": "Feature", "properties": { "cell_id": "3522546289994629120", "token": "30e2993", "level": 12, "type": "s2" }, "geometry": { "type": "Polygon", "coordinates": [ [ [ 100.507114329198885, 13.735655593792311 ], [ 100.507114329198885, 13.758521626198466 ], [ 100.52961150246017, 13.757556729856139 ], [ 100.52961150246017, 13.734692176152633 ], [ 100.507114329198885, 13.735655593792311 ] ] ] } },
{ "type": "Feature", "properties": { "cell_id": "3522546152555675648", "token": "30e2991", "level": 12, "type": "s2" }, "geometry": { "type": "Polygon", "coordinates": [ [ [ 100.48462268415858, 13.736616730074537 ], [ 100.48462268415858, 13.759484237655968 ], [ 100.507114329198885, 13.758521626198466 ], [ 100.507114329198885, 13.735655593792311 ], [ 100.48462268415858, 13.736616730074537 ] ] ] } },
{ "type": "Feature", "properties": { "cell_id": "3522546839750443008", "token": "30e299b", "level": 12, "type": "s2" }, "geometry": { "type": "Polygon", "coordinates": [ [ [ 100.462136577399363, 13.737575585979826 ], [ 100.462136577399363, 13.760444565210848 ], [ 100.48462268415858, 13.759484237655968 ], [ 100.48462268415858, 13.736616730074537 ], [ 100.462136577399363, 13.737575585979826 ] ] ] } },
{ "type": "Feature", "properties": { "cell_id": "3522546977189396480", "token": "30e299d", "level": 12, "type": "s2" }, "geometry": { "type": "Polygon", "coordinates": [ [ [ 100.439656018971021, 13.738532162492781 ], [ 100.439656018971021, 13.761402609849402 ], [ 100.462136577399363, 13.760444565210848 ], [ 100.462136577399363, 13.737575585979826 ], [ 100.439656018971021, 13.738532162492781 ] ] ] } },
{ "type": "Feature", "properties": { "cell_id": "3522552337308581888", "token": "30e29eb", "level": 12, "type": "s2" }, "geometry": { "type": "Polygon", "coordinates": [ [ [ 100.52961150246017, 13.757556729856139 ], [ 100.52961150246017, 13.780425261982762 ], [ 100.552114193872114, 13.779456597904092 ], [ 100.552114193872114, 13.756589547650881 ], [ 100.52961150246017, 13.757556729856139 ] ] ] } },
{ "type": "Feature", "properties": { "cell_id": "3522546427433582592", "token": "30e2995", "level": 12, "type": "s2" }, "geometry": { "type": "Polygon", "coordinates": [ [ [ 100.507114329198885, 13.758521626198466 ], [ 100.507114329198885, 13.78139163667017 ], [ 100.52961150246017, 13.780425261982762 ], [ 100.52961150246017, 13.757556729856139 ], [ 100.507114329198885, 13.758521626198466 ] ] ] } },
{ "type": "Feature", "properties": { "cell_id": "3522551787552768000", "token": "30e29e3", "level": 12, "type": "s2" }, "geometry": { "type": "Polygon", "coordinates": [ [ [ 100.597136090815496, 13.731788225345138 ], [ 100.597136090815496, 13.754648321759683 ], [ 100.619655276155143, 13.753674276138078 ], [ 100.619655276155143, 13.730815672552424 ], [ 100.597136090815496, 13.731788225345138 ] ] ] } },
{ "type": "Feature", "properties": { "cell_id": "3522551924991721472", "token": "30e29e5", "level": 12, "type": "s2" }, "geometry": { "type": "Polygon", "coordinates": [ [ [ 100.574622393354176, 13.73275849289932 ], [ 100.574622393354176, 13.755620078608693 ], [ 100.597136090815496, 13.754648321759683 ], [ 100.597136090815496, 13.731788225345138 ], [ 100.574622393354176, 13.73275849289932 ] ] ] } },
{ "type": "Feature", "properties": { "cell_id": "3522552612186488832", "token": "30e29ef", "level": 12, "type": "s2" }, "geometry": { "type": "Polygon", "coordinates": [ [ [ 100.552114193872114, 13.733726476179079 ], [ 100.552114193872114, 13.756589547650881 ], [ 100.574622393354176, 13.755620078608693 ], [ 100.574622393354176, 13.73275849289932 ], [ 100.552114193872114, 13.733726476179079 ] ] ] } },
{ "type": "Feature", "properties": { "cell_id": "3522551650113814528", "token": "30e29e1", "level": 12, "type": "s2" }, "geometry": { "type": "Polygon", "coordinates": [ [ [ 100.597136090815496, 13.754648321759683 ], [ 100.597136090815496, 13.77751239767438 ], [ 100.619655276155143, 13.77653685958434 ], [ 100.619655276155143, 13.753674276138078 ], [ 100.597136090815496, 13.754648321759683 ] ] ] } },
{ "type": "Feature", "properties": { "cell_id": "3522552062430674944", "token": "30e29e7", "level": 12, "type": "s2" }, "geometry": { "type": "Polygon", "coordinates": [ [ [ 100.574622393354176, 13.755620078608693 ], [ 100.574622393354176, 13.778485643458485 ], [ 100.597136090815496, 13.77751239767438 ], [ 100.597136090815496, 13.754648321759683 ], [ 100.574622393354176, 13.755620078608693 ] ] ] } },
{ "type": "Feature", "properties": { "cell_id": "3522552199869628416", "token": "30e29e9", "level": 12, "type": "s2" }, "geometry": { "type": "Polygon", "coordinates": [ [ [ 100.552114193872114, 13.756589547650881 ], [ 100.552114193872114, 13.779456597904092 ], [ 100.574622393354176, 13.778485643458485 ], [ 100.574622393354176, 13.755620078608693 ], [ 100.552114193872114, 13.756589547650881 ] ] ] } },
{ "type": "Feature", "properties": { "cell_id": "3522551512674861056", "token": "30e29df", "level": 12, "type": "s2" }, "geometry": { "type": "Polygon", "coordinates": [ [ [ 100.597136090815496, 13.77751239767438 ], [ 100.597136090815496, 13.800380442164903 ], [ 100.619655276155143, 13.799403411968866 ], [ 100.619655276155143, 13.77653685958434 ], [ 100.597136090815496, 13.77751239767438 ] ] ] } },
{ "type": "Feature", "properties": { "cell_id": "3522551375235907584", "token": "30e29dd", "level": 12, "type": "s2" }, "geometry": { "type": "Polygon", "coordinates": [ [ [ 100.574622393354176, 13.778485643458485 ], [ 100.574622393354176, 13.801355176522383 ], [ 100.597136090815496, 13.800380442164903 ], [ 100.597136090815496, 13.77751239767438 ], [ 100.574622393354176, 13.778485643458485 ] ] ] } },
{ "type": "Feature", "properties": { "cell_id": "3522549588529512448", "token": "30e29c3", "level": 12, "type": "s2" }, "geometry": { "type": "Polygon", "coordinates": [ [ [ 100.552114193872114, 13.779456597904092 ], [ 100.552114193872114, 13.802327616010418 ], [ 100.574622393354176, 13.801355176522383 ], [ 100.574622393354176, 13.778485643458485 ], [ 100.552114193872114, 13.779456597904092 ] ] ] } },
{ "type": "Feature", "properties": { "cell_id": "3522549451090558976", "token": "30e29c1", "level": 12, "type": "s2" }, "geometry": { "type": "Polygon", "coordinates": [ [ [ 100.52961150246017, 13.780425261982762 ], [ 100.52961150246017, 13.803297761602238 ], [ 100.552114193872114, 13.802327616010418 ], [ 100.552114193872114, 13.779456597904092 ], [ 100.52961150246017, 13.780425261982762 ] ] ] } },
{ "type": "Feature", "properties": { "cell_id": "3522547114628349952", "token": "30e299f", "level": 12, "type": "s2" }, "geometry": { "type": "Polygon", "coordinates": [ [ [ 100.439656018971021, 13.761402609849402 ], [ 100.439656018971021, 13.784277034203216 ], [ 100.462136577399363, 13.783317521794459 ], [ 100.462136577399363, 13.760444565210848 ], [ 100.439656018971021, 13.761402609849402 ] ] ] } },
{ "type": "Feature", "properties": { "cell_id": "3522544228410327040", "token": "30e2975", "level": 12, "type": "s2" }, "geometry": { "type": "Polygon", "coordinates": [ [ [ 100.417181018913027, 13.762358372562007 ], [ 100.417181018913027, 13.785234261164454 ], [ 100.439656018971021, 13.784277034203216 ], [ 100.439656018971021, 13.761402609849402 ], [ 100.417181018913027, 13.762358372562007 ] ] ] } },
{ "type": "Feature", "properties": { "cell_id": "3522544090971373568", "token": "30e2973", "level": 12, "type": "s2" }, "geometry": { "type": "Polygon", "coordinates": [ [ [ 100.394711587254605, 13.763311854343121 ], [ 100.394711587254605, 13.786189203674343 ], [ 100.417181018913027, 13.785234261164454 ], [ 100.417181018913027, 13.762358372562007 ], [ 100.394711587254605, 13.763311854343121 ] ] ] } },
{ "type": "Feature", "properties": { "cell_id": "3522547252067303424", "token": "30e29a1", "level": 12, "type": "s2" }, "geometry": { "type": "Polygon", "coordinates": [ [ [ 100.439656018971021, 13.784277034203216 ], [ 100.439656018971021, 13.807155424616109 ], [ 100.462136577399363, 13.8061944447945 ], [ 100.462136577399363, 13.783317521794459 ], [ 100.439656018971021, 13.784277034203216 ] ] ] } },
{ "type": "Feature", "properties": { "cell_id": "3522536944145793024", "token": "30e290b", "level": 12, "type": "s2" }, "geometry": { "type": "Polygon", "coordinates": [ [ [ 100.417181018913027, 13.785234261164454 ], [ 100.417181018913027, 13.808114115469364 ], [ 100.439656018971021, 13.807155424616109 ], [ 100.439656018971021, 13.784277034203216 ], [ 100.417181018913027, 13.785234261164454 ] ] ] } },
{ "type": "Feature", "properties": { "cell_id": "3522537081584746496", "token": "30e290d", "level": 12, "type": "s2" }, "geometry": { "type": "Polygon", "coordinates": [ [ [ 100.394711587254605, 13.786189203674343 ], [ 100.394711587254605, 13.809070518352129 ], [ 100.417181018913027, 13.808114115469364 ], [ 100.417181018913027, 13.785234261164454 ], [ 100.394711587254605, 13.786189203674343 ] ] ] } },
{ "type": "Feature", "properties": { "cell_id": "3522537493901606912", "token": "30e2913", "level": 12, "type": "s2" }, "geometry": { "type": "Polygon", "coordinates": [ [ [ 100.372247734014607, 13.78714186273311 ], [ 100.372247734014607, 13.810024634266352 ], [ 100.394711587254605, 13.809070518352129 ], [ 100.394711587254605, 13.786189203674343 ], [ 100.372247734014607, 13.78714186273311 ] ] ] } },
{ "type": "Feature", "properties": { "cell_id": "3522547664384163840", "token": "30e29a7", "level": 12, "type": "s2" }, "geometry": { "type": "Polygon", "coordinates": [ [ [ 100.439656018971021, 13.807155424616109 ], [ 100.439656018971021, 13.830037770142953 ], [ 100.462136577399363, 13.829075323267793 ], [ 100.462136577399363, 13.8061944447945 ], [ 100.439656018971021, 13.807155424616109 ] ] ] } },
{ "type": "Feature", "properties": { "cell_id": "3522536806706839552", "token": "30e2909", "level": 12, "type": "s2" }, "geometry": { "type": "Polygon", "coordinates": [ [ [ 100.417181018913027, 13.808114115469364 ], [ 100.417181018913027, 13.830997924529649 ], [ 100.439656018971021, 13.830037770142953 ], [ 100.439656018971021, 13.807155424616109 ], [ 100.417181018913027, 13.808114115469364 ] ] ] } },
{ "type": "Feature", "properties": { "cell_id": "3522537219023699968", "token": "30e290f", "level": 12, "type": "s2" }, "geometry": { "type": "Polygon", "coordinates": [ [ [ 100.394711587254605, 13.809070518352129 ], [ 100.394711587254605, 13.831955787427454 ], [ 100.417181018913027, 13.830997924529649 ], [ 100.417181018913027, 13.808114115469364 ], [ 100.394711587254605, 13.809070518352129 ] ] ] } },
{ "type": "Feature", "properties": { "cell_id": "3522546564872536064", "token": "30e2997", "level": 12, "type": "s2" }, "geometry": { "type": "Polygon", "coordinates": [ [ [ 100.48462268415858, 13.759484237655968 ], [ 100.48462268415858, 13.782355722946106 ], [ 100.507114329198885, 13.78139163667017 ], [ 100.507114329198885, 13.758521626198466 ], [ 100.48462268415858, 13.759484237655968 ] ] ] } },
{ "type": "Feature", "properties": { "cell_id": "3522546702311489536", "token": "30e2999", "level": 12, "type": "s2" }, "geometry": { "type": "Polygon", "coordinates": [ [ [ 100.462136577399363, 13.760444565210848 ], [ 100.462136577399363, 13.783317521794459 ], [ 100.48462268415858, 13.782355722946106 ], [ 100.48462268415858, 13.759484237655968 ], [ 100.462136577399363, 13.760444565210848 ] ] ] } },
{ "type": "Feature", "properties": { "cell_id": "3522549313651605504", "token": "30e29bf", "level": 12, "type": "s2" }, "geometry": { "type": "Polygon", "coordinates": [ [ [ 100.507114329198885, 13.78139163667017 ], [ 100.507114329198885, 13.804265614275193 ], [ 100.52961150246017, 13.803297761602238 ], [ 100.52961150246017, 13.780425261982762 ], [ 100.507114329198885, 13.78139163667017 ] ] ] } },
{ "type": "Feature", "properties": { "cell_id": "3522549176212652032", "token": "30e29bd", "level": 12, "type": "s2" }, "geometry": { "type": "Polygon", "coordinates": [ [ [ 100.48462268415858, 13.782355722946106 ], [ 100.48462268415858, 13.805231175010755 ], [ 100.507114329198885, 13.804265614275193 ], [ 100.507114329198885, 13.78139163667017 ], [ 100.48462268415858, 13.782355722946106 ] ] ] } },
{ "type": "Feature", "properties": { "cell_id": "3522547389506256896", "token": "30e29a3", "level": 12, "type": "s2" }, "geometry": { "type": "Polygon", "coordinates": [ [ [ 100.462136577399363, 13.783317521794459 ], [ 100.462136577399363, 13.8061944447945 ], [ 100.48462268415858, 13.805231175010755 ], [ 100.48462268415858, 13.782355722946106 ], [ 100.462136577399363, 13.783317521794459 ] ] ] } },
{ "type": "Feature", "properties": { "cell_id": "3522548901334745088", "token": "30e29b9", "level": 12, "type": "s2" }, "geometry": { "type": "Polygon", "coordinates": [ [ [ 100.507114329198885, 13.804265614275193 ], [ 100.507114329198885, 13.827143548074282 ], [ 100.52961150246017, 13.826174217777286 ], [ 100.52961150246017, 13.803297761602238 ], [ 100.507114329198885, 13.804265614275193 ] ] ] } },
{ "type": "Feature", "properties": { "cell_id": "3522549038773698560", "token": "30e29bb", "level": 12, "type": "s2" }, "geometry": { "type": "Polygon", "coordinates": [ [ [ 100.48462268415858, 13.805231175010755 ], [ 100.48462268415858, 13.828110582908696 ], [ 100.507114329198885, 13.827143548074282 ], [ 100.507114329198885, 13.804265614275193 ], [ 100.48462268415858, 13.805231175010755 ] ] ] } },
{ "type": "Feature", "properties": { "cell_id": "3522547526945210368", "token": "30e29a5", "level": 12, "type": "s2" }, "geometry": { "type": "Polygon", "coordinates": [ [ [ 100.462136577399363, 13.8061944447945 ], [ 100.462136577399363, 13.829075323267793 ], [ 100.48462268415858, 13.828110582908696 ], [ 100.48462268415858, 13.805231175010755 ], [ 100.462136577399363, 13.8061944447945 ] ] ] } },
{ "type": "Feature", "properties": { "cell_id": "3522548763895791616", "token": "30e29b7", "level": 12, "type": "s2" }, "geometry": { "type": "Polygon", "coordinates": [ [ [ 100.507114329198885, 13.827143548074282 ], [ 100.507114329198885, 13.850025427121192 ], [ 100.52961150246017, 13.849054619563629 ], [ 100.52961150246017, 13.826174217777286 ], [ 100.507114329198885, 13.827143548074282 ] ] ] } },
{ "type": "Feature", "properties": { "cell_id": "3522548351578931200", "token": "30e29b1", "level": 12, "type": "s2" }, "geometry": { "type": "Polygon", "coordinates": [ [ [ 100.48462268415858, 13.828110582908696 ], [ 100.48462268415858, 13.85099393569172 ], [ 100.507114329198885, 13.850025427121192 ], [ 100.507114329198885, 13.827143548074282 ], [ 100.48462268415858, 13.828110582908696 ] ] ] } },
{ "type": "Feature", "properties": { "cell_id": "3522551100358000640", "token": "30e29d9", "level": 12, "type": "s2" }, "geometry": { "type": "Polygon", "coordinates": [ [ [ 100.597136090815496, 13.800380442164903 ], [ 100.597136090815496, 13.823252444299897 ], [ 100.619655276155143, 13.822273922362299 ], [ 100.619655276155143, 13.799403411968866 ], [ 100.597136090815496, 13.800380442164903 ] ] ] } },
{ "type": "Feature", "properties": { "cell_id": "3522551237796954112", "token": "30e29db", "level": 12, "type": "s2" }, "geometry": { "type": "Polygon", "coordinates": [ [ [ 100.574622393354176, 13.801355176522383 ], [ 100.574622393354176, 13.824228666867061 ], [ 100.597136090815496, 13.823252444299897 ], [ 100.597136090815496, 13.800380442164903 ], [ 100.574622393354176, 13.801355176522383 ] ] ] } },
{ "type": "Feature", "properties": { "cell_id": "3522549725968465920", "token": "30e29c5", "level": 12, "type": "s2" }, "geometry": { "type": "Polygon", "coordinates": [ [ [ 100.552114193872114, 13.802327616010418 ], [ 100.552114193872114, 13.825202591034557 ], [ 100.574622393354176, 13.824228666867061 ], [ 100.574622393354176, 13.801355176522383 ], [ 100.552114193872114, 13.802327616010418 ] ] ] } },
{ "type": "Feature", "properties": { "cell_id": "3522549863407419392", "token": "30e29c7", "level": 12, "type": "s2" }, "geometry": { "type": "Polygon", "coordinates": [ [ [ 100.52961150246017, 13.803297761602238 ], [ 100.52961150246017, 13.826174217777286 ], [ 100.552114193872114, 13.825202591034557 ], [ 100.552114193872114, 13.802327616010418 ], [ 100.52961150246017, 13.803297761602238 ] ] ] } },
{ "type": "Feature", "properties": { "cell_id": "3522550962919047168", "token": "30e29d7", "level": 12, "type": "s2" }, "geometry": { "type": "Polygon", "coordinates": [ [ [ 100.597136090815496, 13.823252444299897 ], [ 100.597136090815496, 13.846128393141031 ], [ 100.619655276155143, 13.845148379828286 ], [ 100.619655276155143, 13.822273922362299 ], [ 100.597136090815496, 13.823252444299897 ] ] ] } },
{ "type": "Feature", "properties": { "cell_id": "3522550550602186752", "token": "30e29d1", "level": 12, "type": "s2" }, "geometry": { "type": "Polygon", "coordinates": [ [ [ 100.574622393354176, 13.824228666867061 ], [ 100.574622393354176, 13.847106103552189 ], [ 100.597136090815496, 13.846128393141031 ], [ 100.597136090815496, 13.823252444299897 ], [ 100.574622393354176, 13.824228666867061 ] ] ] } },
{ "type": "Feature", "properties": { "cell_id": "3522550413163233280", "token": "30e29cf", "level": 12, "type": "s2" }, "geometry": { "type": "Polygon", "coordinates": [ [ [ 100.552114193872114, 13.825202591034557 ], [ 100.552114193872114, 13.848081512034199 ], [ 100.574622393354176, 13.847106103552189 ], [ 100.574622393354176, 13.824228666867061 ], [ 100.552114193872114, 13.825202591034557 ] ] ] } },
{ "type": "Feature", "properties": { "cell_id": "3522550000846372864", "token": "30e29c9", "level": 12, "type": "s2" }, "geometry": { "type": "Polygon", "coordinates": [ [ [ 100.52961150246017, 13.826174217777286 ], [ 100.52961150246017, 13.849054619563629 ], [ 100.552114193872114, 13.848081512034199 ], [ 100.552114193872114, 13.825202591034557 ], [ 100.52961150246017, 13.826174217777286 ] ] ] } },
{ "type": "Feature", "properties": { "cell_id": "3522550688041140224", "token": "30e29d3", "level": 12, "type": "s2" }, "geometry": { "type": "Polygon", "coordinates": [ [ [ 100.574622393354176, 13.847106103552189 ], [ 100.574622393354161, 13.869987475630472 ], [ 100.597136090815496, 13.869008277742978 ], [ 100.597136090815496, 13.846128393141031 ], [ 100.574622393354176, 13.847106103552189 ] ] ] } },
{ "type": "Feature", "properties": { "cell_id": "3522550275724279808", "token": "30e29cd", "level": 12, "type": "s2" }, "geometry": { "type": "Polygon", "coordinates": [ [ [ 100.552114193872114, 13.848081512034199 ], [ 100.552114193872114, 13.870964368060067 ], [ 100.574622393354161, 13.869987475630472 ], [ 100.574622393354176, 13.847106103552189 ], [ 100.552114193872114, 13.848081512034199 ] ] ] } },
{ "type": "Feature", "properties": { "cell_id": "3522547801823117312", "token": "30e29a9", "level": 12, "type": "s2" }, "geometry": { "type": "Polygon", "coordinates": [ [ [ 100.439656018971021, 13.830037770142953 ], [ 100.439656018971021, 13.852924059831613 ], [ 100.462136577399363, 13.851960146264172 ], [ 100.462136577399363, 13.829075323267793 ], [ 100.439656018971021, 13.830037770142953 ] ] ] } },
{ "type": "Feature", "properties": { "cell_id": "3522536669267886080", "token": "30e2907", "level": 12, "type": "s2" }, "geometry": { "type": "Polygon", "coordinates": [ [ [ 100.417181018913027, 13.830997924529649 ], [ 100.417181018913027, 13.853885677391226 ], [ 100.439656018971021, 13.852924059831613 ], [ 100.439656018971021, 13.830037770142953 ], [ 100.417181018913027, 13.830997924529649 ] ] ] } },
{ "type": "Feature", "properties": { "cell_id": "3522536531828932608", "token": "30e2905", "level": 12, "type": "s2" }, "geometry": { "type": "Polygon", "coordinates": [ [ [ 100.394711587254605, 13.831955787427454 ], [ 100.394711587254605, 13.854844999944289 ], [ 100.417181018913027, 13.853885677391226 ], [ 100.417181018913027, 13.830997924529649 ], [ 100.394711587254605, 13.831955787427454 ] ] ] } },
{ "type": "Feature", "properties": { "cell_id": "3522547939262070784", "token": "30e29ab", "level": 12, "type": "s2" }, "geometry": { "type": "Polygon", "coordinates": [ [ [ 100.439656018971021, 13.852924059831613 ], [ 100.439656018971021, 13.875814282722995 ], [ 100.462136577399363, 13.874848902826486 ], [ 100.462136577399363, 13.851960146264172 ], [ 100.439656018971021, 13.852924059831613 ] ] ] } },
{ "type": "Feature", "properties": { "cell_id": "3522536256951025664", "token": "30e2901", "level": 12, "type": "s2" }, "geometry": { "type": "Polygon", "coordinates": [ [ [ 100.417181018913027, 13.853885677391226 ], [ 100.417181018913027, 13.876777363093051 ], [ 100.439656018971021, 13.875814282722995 ], [ 100.439656018971021, 13.852924059831613 ], [ 100.417181018913027, 13.853885677391226 ] ] ] } },
{ "type": "Feature", "properties": { "cell_id": "3522536394389979136", "token": "30e2903", "level": 12, "type": "s2" }, "geometry": { "type": "Polygon", "coordinates": [ [ [ 100.394711587254605, 13.854844999944289 ], [ 100.394711587254605, 13.877738144939636 ], [ 100.417181018913027, 13.876777363093051 ], [ 100.417181018913027, 13.853885677391226 ], [ 100.394711587254605, 13.854844999944289 ] ] ] } },
{ "type": "Feature", "properties": { "cell_id": "3522538181096374272", "token": "30e291d", "level": 12, "type": "s2" }, "geometry": { "type": "Polygon", "coordinates": [ [ [ 100.372247734014607, 13.855802028496173 ], [ 100.372247734014607, 13.878696629269839 ], [ 100.394711587254605, 13.877738144939636 ], [ 100.394711587254605, 13.854844999944289 ], [ 100.372247734014607, 13.855802028496173 ] ] ] } },
{ "type": "Feature", "properties": { "cell_id": "3522524437201027072", "token": "30e2855", "level": 12, "type": "s2" }, "geometry": { "type": "Polygon", "coordinates": [ [ [ 100.439656018971021, 13.875814282722995 ], [ 100.439656018971021, 13.898708427851053 ], [ 100.462136577399363, 13.897741581990651 ], [ 100.462136577399363, 13.874848902826486 ], [ 100.439656018971021, 13.875814282722995 ] ] ] } },
{ "type": "Feature", "properties": { "cell_id": "3522536119512072192", "token": "30e28ff", "level": 12, "type": "s2" }, "geometry": { "type": "Polygon", "coordinates": [ [ [ 100.417181018913027, 13.876777363093051 ], [ 100.417181018913027, 13.899672970667124 ], [ 100.439656018971021, 13.898708427851053 ], [ 100.439656018971021, 13.875814282722995 ], [ 100.417181018913027, 13.876777363093051 ] ] ] } },
{ "type": "Feature", "properties": { "cell_id": "3522535982073118720", "token": "30e28fd", "level": 12, "type": "s2" }, "geometry": { "type": "Polygon", "coordinates": [ [ [ 100.394711587254605, 13.877738144939636 ], [ 100.394711587254605, 13.900635211443555 ], [ 100.417181018913027, 13.899672970667124 ], [ 100.417181018913027, 13.876777363093051 ], [ 100.394711587254605, 13.877738144939636 ] ] ] } },
{ "type": "Feature", "properties": { "cell_id": "3522548214139977728", "token": "30e29af", "level": 12, "type": "s2" }, "geometry": { "type": "Polygon", "coordinates": [ [ [ 100.462136577399363, 13.829075323267793 ], [ 100.462136577399363, 13.851960146264172 ], [ 100.48462268415858, 13.85099393569172 ], [ 100.48462268415858, 13.828110582908696 ], [ 100.462136577399363, 13.829075323267793 ] ] ] } },
{ "type": "Feature", "properties": { "cell_id": "3522548626456838144", "token": "30e29b5", "level": 12, "type": "s2" }, "geometry": { "type": "Polygon", "coordinates": [ [ [ 100.507114329198885, 13.850025427121192 ], [ 100.507114329198885, 13.872911240462699 ], [ 100.52961150246017, 13.871938956010014 ], [ 100.52961150246017, 13.849054619563629 ], [ 100.507114329198885, 13.850025427121192 ] ] ] } },
{ "type": "Feature", "properties": { "cell_id": "3522548489017884672", "token": "30e29b3", "level": 12, "type": "s2" }, "geometry": { "type": "Polygon", "coordinates": [ [ [ 100.48462268415858, 13.85099393569172 ], [ 100.48462268415858, 13.873881222404641 ], [ 100.507114329198885, 13.872911240462699 ], [ 100.507114329198885, 13.850025427121192 ], [ 100.48462268415858, 13.85099393569172 ] ] ] } },
{ "type": "Feature", "properties": { "cell_id": "3522548076701024256", "token": "30e29ad", "level": 12, "type": "s2" }, "geometry": { "type": "Polygon", "coordinates": [ [ [ 100.462136577399363, 13.851960146264172 ], [ 100.462136577399363, 13.874848902826486 ], [ 100.48462268415858, 13.873881222404641 ], [ 100.48462268415858, 13.85099393569172 ], [ 100.462136577399363, 13.851960146264172 ] ] ] } },
{ "type": "Feature", "properties": { "cell_id": "3522523750006259712", "token": "30e284b", "level": 12, "type": "s2" }, "geometry": { "type": "Polygon", "coordinates": [ [ [ 100.507114329198885, 13.872911240462699 ], [ 100.507114329198885, 13.895800977138649 ], [ 100.52961150246017, 13.894827216158253 ], [ 100.52961150246017, 13.871938956010014 ], [ 100.507114329198885, 13.872911240462699 ] ] ] } },
{ "type": "Feature", "properties": { "cell_id": "3522523887445213184", "token": "30e284d", "level": 12, "type": "s2" }, "geometry": { "type": "Polygon", "coordinates": [ [ [ 100.48462268415858, 13.873881222404641 ], [ 100.48462268415858, 13.896772432085335 ], [ 100.507114329198885, 13.895800977138649 ], [ 100.507114329198885, 13.872911240462699 ], [ 100.48462268415858, 13.873881222404641 ] ] ] } },
{ "type": "Feature", "properties": { "cell_id": "3522524299762073600", "token": "30e2853", "level": 12, "type": "s2" }, "geometry": { "type": "Polygon", "coordinates": [ [ [ 100.462136577399363, 13.874848902826486 ], [ 100.462136577399363, 13.897741581990651 ], [ 100.48462268415858, 13.896772432085335 ], [ 100.48462268415858, 13.873881222404641 ], [ 100.462136577399363, 13.874848902826486 ] ] ] } },
{ "type": "Feature", "properties": { "cell_id": "3522523612567306240", "token": "30e2849", "level": 12, "type": "s2" }, "geometry": { "type": "Polygon", "coordinates": [ [ [ 100.507114329198885, 13.895800977138649 ], [ 100.507114329198885, 13.918694626181935 ], [ 100.52961150246017, 13.917719389043208 ], [ 100.52961150246017, 13.894827216158253 ], [ 100.507114329198885, 13.895800977138649 ] ] ] } },
{ "type": "Feature", "properties": { "cell_id": "3522524024884166656", "token": "30e284f", "level": 12, "type": "s2" }, "geometry": { "type": "Polygon", "coordinates": [ [ [ 100.48462268415858, 13.896772432085335 ], [ 100.48462268415858, 13.919667553764736 ], [ 100.507114329198885, 13.918694626181935 ], [ 100.507114329198885, 13.895800977138649 ], [ 100.48462268415858, 13.896772432085335 ] ] ] } },
{ "type": "Feature", "properties": { "cell_id": "3522524162323120128", "token": "30e2851", "level": 12, "type": "s2" }, "geometry": { "type": "Polygon", "coordinates": [ [ [ 100.462136577399363, 13.897741581990651 ], [ 100.462136577399363, 13.920638172785642 ], [ 100.48462268415858, 13.919667553764736 ], [ 100.48462268415858, 13.896772432085335 ], [ 100.462136577399363, 13.897741581990651 ] ] ] } },
{ "type": "Feature", "properties": { "cell_id": "3522550138285326336", "token": "30e29cb", "level": 12, "type": "s2" }, "geometry": { "type": "Polygon", "coordinates": [ [ [ 100.52961150246017, 13.849054619563629 ], [ 100.52961150246017, 13.871938956010014 ], [ 100.552114193872114, 13.870964368060067 ], [ 100.552114193872114, 13.848081512034199 ], [ 100.52961150246017, 13.849054619563629 ] ] ] } },
{ "type": "Feature", "properties": { "cell_id": "3522521688421957632", "token": "30e282d", "level": 12, "type": "s2" }, "geometry": { "type": "Polygon", "coordinates": [ [ [ 100.574622393354161, 13.869987475630472 ], [ 100.574622393354176, 13.892872772147662 ], [ 100.597136090815496, 13.891892087153485 ], [ 100.597136090815496, 13.869008277742978 ], [ 100.574622393354161, 13.869987475630472 ] ] ] } },
{ "type": "Feature", "properties": { "cell_id": "3522522100738818048", "token": "30e2833", "level": 12, "type": "s2" }, "geometry": { "type": "Polygon", "coordinates": [ [ [ 100.552114193872114, 13.870964368060067 ], [ 100.552114193872114, 13.893851148155944 ], [ 100.574622393354176, 13.892872772147662 ], [ 100.574622393354161, 13.869987475630472 ], [ 100.552114193872114, 13.870964368060067 ] ] ] } },
{ "type": "Feature", "properties": { "cell_id": "3522522238177771520", "token": "30e2835", "level": 12, "type": "s2" }, "geometry": { "type": "Polygon", "coordinates": [ [ [ 100.52961150246017, 13.871938956010014 ], [ 100.52961150246017, 13.894827216158253 ], [ 100.552114193872114, 13.893851148155944 ], [ 100.552114193872114, 13.870964368060067 ], [ 100.52961150246017, 13.871938956010014 ] ] ] } },
{ "type": "Feature", "properties": { "cell_id": "3522521825860911104", "token": "30e282f", "level": 12, "type": "s2" }, "geometry": { "type": "Polygon", "coordinates": [ [ [ 100.574622393354176, 13.892872772147662 ], [ 100.574622393354176, 13.915761982142588 ], [ 100.597136090815511, 13.914779810413355 ], [ 100.597136090815496, 13.891892087153485 ], [ 100.574622393354176, 13.892872772147662 ] ] ] } },
{ "type": "Feature", "properties": { "cell_id": "3522521963299864576", "token": "30e2831", "level": 12, "type": "s2" }, "geometry": { "type": "Polygon", "coordinates": [ [ [ 100.552114193872114, 13.893851148155944 ], [ 100.552114193872114, 13.916741841358675 ], [ 100.574622393354176, 13.915761982142588 ], [ 100.574622393354176, 13.892872772147662 ], [ 100.552114193872114, 13.893851148155944 ] ] ] } },
{ "type": "Feature", "properties": { "cell_id": "3522522375616724992", "token": "30e2837", "level": 12, "type": "s2" }, "geometry": { "type": "Polygon", "coordinates": [ [ [ 100.52961150246017, 13.894827216158253 ], [ 100.52961150246017, 13.917719389043208 ], [ 100.552114193872114, 13.916741841358675 ], [ 100.552114193872114, 13.893851148155944 ], [ 100.52961150246017, 13.894827216158253 ] ] ] } },
{ "type": "Feature", "properties": { "cell_id": "3522521138666143744", "token": "30e2825", "level": 12, "type": "s2" }, "geometry": { "type": "Polygon", "coordinates": [ [ [ 100.574622393354176, 13.915761982142588 ], [ 100.574622393354176, 13.938655094647173 ], [ 100.597136090815496, 13.937671436556498 ], [ 100.597136090815511, 13.914779810413355 ], [ 100.574622393354176, 13.915761982142588 ] ] ] } },
{ "type": "Feature", "properties": { "cell_id": "3522522650494631936", "token": "30e283b", "level": 12, "type": "s2" }, "geometry": { "type": "Polygon", "coordinates": [ [ [ 100.552114193872114, 13.916741841358675 ], [ 100.552114193872114, 13.939636436698207 ], [ 100.574622393354176, 13.938655094647173 ], [ 100.574622393354176, 13.915761982142588 ], [ 100.552114193872114, 13.916741841358675 ] ] ] } },
{ "type": "Feature", "properties": { "cell_id": "3522522513055678464", "token": "30e2839", "level": 12, "type": "s2" }, "geometry": { "type": "Polygon", "coordinates": [ [ [ 100.52961150246017, 13.917719389043208 ], [ 100.52961150246017, 13.940615463692861 ], [ 100.552114193872114, 13.939636436698207 ], [ 100.552114193872114, 13.916741841358675 ], [ 100.52961150246017, 13.917719389043208 ] ] ] } },
{ "type": "Feature", "properties": { "cell_id": "3522587246802763776", "token": "30e2be7", "level": 12, "type": "s2" }, "geometry": { "type": "Polygon", "coordinates": [ [ [ 100.327336802813676, 13.651809919201874 ], [ 100.327336802813676, 13.674671644124752 ], [ 100.349789469201582, 13.673730803346844 ], [ 100.349789469201582, 13.650870530342921 ], [ 100.327336802813676, 13.651809919201874 ] ] ] } },
{ "type": "Feature", "properties": { "cell_id": "3522586284730089472", "token": "30e2bd9", "level": 12, "type": "s2" }, "geometry": { "type": "Polygon", "coordinates": [ [ [ 100.372247734014607, 13.672787698711314 ], [ 100.372247734014607, 13.69565053591851 ], [ 100.394711587254605, 13.694703707813751 ], [ 100.394711587254605, 13.671842329218387 ], [ 100.372247734014607, 13.672787698711314 ] ] ] } },
{ "type": "Feature", "properties": { "cell_id": "3522586697046949888", "token": "30e2bdf", "level": 12, "type": "s2" }, "geometry": { "type": "Polygon", "coordinates": [ [ [ 100.349789469201582, 13.673730803346844 ], [ 100.349789469201582, 13.696595095646563 ], [ 100.372247734014607, 13.69565053591851 ], [ 100.372247734014607, 13.672787698711314 ], [ 100.349789469201582, 13.673730803346844 ] ] ] } },
{ "type": "Feature", "properties": { "cell_id": "3522586834485903360", "token": "30e2be1", "level": 12, "type": "s2" }, "geometry": { "type": "Polygon", "coordinates": [ [ [ 100.327336802813676, 13.674671644124752 ], [ 100.327336802813676, 13.69753738799939 ], [ 100.349789469201582, 13.696595095646563 ], [ 100.349789469201582, 13.673730803346844 ], [ 100.327336802813676, 13.674671644124752 ] ] ] } },
{ "type": "Feature", "properties": { "cell_id": "3522542854020792320", "token": "30e2961", "level": 12, "type": "s2" }, "geometry": { "type": "Polygon", "coordinates": [ [ [ 100.349789469201582, 13.696595095646563 ], [ 100.349789469201582, 13.719463396324484 ], [ 100.372247734014607, 13.718517381850592 ], [ 100.372247734014607, 13.69565053591851 ], [ 100.349789469201582, 13.696595095646563 ] ] ] } },
{ "type": "Feature", "properties": { "cell_id": "3522542716581838848", "token": "30e295f", "level": 12, "type": "s2" }, "geometry": { "type": "Polygon", "coordinates": [ [ [ 100.327336802813676, 13.69753738799939 ], [ 100.327336802813676, 13.720407139906269 ], [ 100.349789469201582, 13.719463396324484 ], [ 100.349789469201582, 13.696595095646563 ], [ 100.327336802813676, 13.69753738799939 ] ] ] } },
{ "type": "Feature", "properties": { "cell_id": "3522543128898699264", "token": "30e2965", "level": 12, "type": "s2" }, "geometry": { "type": "Polygon", "coordinates": [ [ [ 100.372247734014607, 13.718517381850592 ], [ 100.372247734014607, 13.741388225584794 ], [ 100.394711587254605, 13.74043848130048 ], [ 100.394711587254605, 13.717569095481387 ], [ 100.372247734014607, 13.718517381850592 ] ] ] } },
{ "type": "Feature", "properties": { "cell_id": "3522543266337652736", "token": "30e2967", "level": 12, "type": "s2" }, "geometry": { "type": "Polygon", "coordinates": [ [ [ 100.349789469201582, 13.719463396324484 ], [ 100.349789469201582, 13.74233569445591 ], [ 100.372247734014607, 13.741388225584794 ], [ 100.372247734014607, 13.718517381850592 ], [ 100.349789469201582, 13.719463396324484 ] ] ] } },
{ "type": "Feature", "properties": { "cell_id": "3522542579142885376", "token": "30e295d", "level": 12, "type": "s2" }, "geometry": { "type": "Polygon", "coordinates": [ [ [ 100.327336802813676, 13.720407139906269 ], [ 100.327336802813676, 13.743280888918758 ], [ 100.349789469201582, 13.74233569445591 ], [ 100.349789469201582, 13.719463396324484 ], [ 100.327336802813676, 13.720407139906269 ] ] ] } },
{ "type": "Feature", "properties": { "cell_id": "3522543816093466624", "token": "30e296f", "level": 12, "type": "s2" }, "geometry": { "type": "Polygon", "coordinates": [ [ [ 100.372247734014607, 13.741388225584794 ], [ 100.372247734014607, 13.764263056191272 ], [ 100.394711587254605, 13.763311854343121 ], [ 100.394711587254605, 13.74043848130048 ], [ 100.372247734014607, 13.741388225584794 ] ] ] } },
{ "type": "Feature", "properties": { "cell_id": "3522543403776606208", "token": "30e2969", "level": 12, "type": "s2" }, "geometry": { "type": "Polygon", "coordinates": [ [ [ 100.349789469201582, 13.74233569445591 ], [ 100.349789469201582, 13.765211979109059 ], [ 100.372247734014607, 13.764263056191272 ], [ 100.372247734014607, 13.741388225584794 ], [ 100.349789469201582, 13.74233569445591 ] ] ] } },
{ "type": "Feature", "properties": { "cell_id": "3522540792436490240", "token": "30e2943", "level": 12, "type": "s2" }, "geometry": { "type": "Polygon", "coordinates": [ [ [ 100.327336802813676, 13.743280888918758 ], [ 100.327336802813676, 13.766158624103133 ], [ 100.349789469201582, 13.765211979109059 ], [ 100.349789469201582, 13.74233569445591 ], [ 100.327336802813676, 13.743280888918758 ] ] ] } },
{ "type": "Feature", "properties": { "cell_id": "3522543678654513152", "token": "30e296d", "level": 12, "type": "s2" }, "geometry": { "type": "Polygon", "coordinates": [ [ [ 100.372247734014607, 13.764263056191272 ], [ 100.372247734014607, 13.78714186273311 ], [ 100.394711587254605, 13.786189203674343 ], [ 100.394711587254605, 13.763311854343121 ], [ 100.372247734014607, 13.764263056191272 ] ] ] } },
{ "type": "Feature", "properties": { "cell_id": "3522543541215559680", "token": "30e296b", "level": 12, "type": "s2" }, "geometry": { "type": "Polygon", "coordinates": [ [ [ 100.349789469201582, 13.765211979109059 ], [ 100.349789469201582, 13.788092239345076 ], [ 100.372247734014607, 13.78714186273311 ], [ 100.372247734014607, 13.764263056191272 ], [ 100.349789469201582, 13.765211979109059 ] ] ] } },
{ "type": "Feature", "properties": { "cell_id": "3522540654997536768", "token": "30e2941", "level": 12, "type": "s2" }, "geometry": { "type": "Polygon", "coordinates": [ [ [ 100.327336802813676, 13.766158624103133 ], [ 100.327336802813676, 13.789040334518612 ], [ 100.349789469201582, 13.788092239345076 ], [ 100.349789469201582, 13.765211979109059 ], [ 100.327336802813676, 13.766158624103133 ] ] ] } },
{ "type": "Feature", "properties": { "cell_id": "3522537631340560384", "token": "30e2915", "level": 12, "type": "s2" }, "geometry": { "type": "Polygon", "coordinates": [ [ [ 100.349789469201582, 13.788092239345076 ], [ 100.349789469201582, 13.810976464218069 ], [ 100.372247734014607, 13.810024634266352 ], [ 100.372247734014607, 13.78714186273311 ], [ 100.349789469201582, 13.788092239345076 ] ] ] } },
{ "type": "Feature", "properties": { "cell_id": "3522540517558583296", "token": "30e293f", "level": 12, "type": "s2" }, "geometry": { "type": "Polygon", "coordinates": [ [ [ 100.327336802813676, 13.789040334518612 ], [ 100.327336802813676, 13.811926009217368 ], [ 100.349789469201582, 13.810976464218069 ], [ 100.349789469201582, 13.788092239345076 ], [ 100.327336802813676, 13.789040334518612 ] ] ] } },
{ "type": "Feature", "properties": { "cell_id": "3522537356462653440", "token": "30e2911", "level": 12, "type": "s2" }, "geometry": { "type": "Polygon", "coordinates": [ [ [ 100.372247734014607, 13.810024634266352 ], [ 100.372247734014607, 13.832911359840031 ], [ 100.394711587254605, 13.831955787427454 ], [ 100.394711587254605, 13.809070518352129 ], [ 100.372247734014607, 13.810024634266352 ] ] ] } },
{ "type": "Feature", "properties": { "cell_id": "3522540105241722880", "token": "30e2939", "level": 12, "type": "s2" }, "geometry": { "type": "Polygon", "coordinates": [ [ [ 100.304889744838675, 13.789986149266154 ], [ 100.304889744838675, 13.812873270278416 ], [ 100.327336802813676, 13.811926009217368 ], [ 100.327336802813676, 13.789040334518612 ], [ 100.304889744838675, 13.789986149266154 ] ] ] } },
{ "type": "Feature", "properties": { "cell_id": "3522540242680676352", "token": "30e293b", "level": 12, "type": "s2" }, "geometry": { "type": "Polygon", "coordinates": [ [ [ 100.304889744838675, 13.812873270278416 ], [ 100.304889744838675, 13.835764344264216 ], [ 100.327336802813676, 13.834815637244558 ], [ 100.327336802813676, 13.811926009217368 ], [ 100.304889744838675, 13.812873270278416 ] ] ] } },
{ "type": "Feature", "properties": { "cell_id": "3522539418046955520", "token": "30e292f", "level": 12, "type": "s2" }, "geometry": { "type": "Polygon", "coordinates": [ [ [ 100.282448305253979, 13.836710764854056 ], [ 100.282448305253965, 13.859607222942369 ], [ 100.304889744838675, 13.858659360259786 ], [ 100.304889744838675, 13.835764344264216 ], [ 100.282448305253979, 13.836710764854056 ] ] ] } },
{ "type": "Feature", "properties": { "cell_id": "3522539005730095104", "token": "30e2929", "level": 12, "type": "s2" }, "geometry": { "type": "Polygon", "coordinates": [ [ [ 100.282448305253965, 13.859607222942369 ], [ 100.282448305253965, 13.8825076117117 ], [ 100.304889744838675, 13.881558307294384 ], [ 100.304889744838675, 13.858659360259786 ], [ 100.282448305253965, 13.859607222942369 ] ] ] } },
{ "type": "Feature", "properties": { "cell_id": "3522537768779513856", "token": "30e2917", "level": 12, "type": "s2" }, "geometry": { "type": "Polygon", "coordinates": [ [ [ 100.349789469201582, 13.810976464218069 ], [ 100.349789469201582, 13.833864642775126 ], [ 100.372247734014607, 13.832911359840031 ], [ 100.372247734014607, 13.810024634266352 ], [ 100.349789469201582, 13.810976464218069 ] ] ] } },
{ "type": "Feature", "properties": { "cell_id": "3522540380119629824", "token": "30e293d", "level": 12, "type": "s2" }, "geometry": { "type": "Polygon", "coordinates": [ [ [ 100.327336802813676, 13.811926009217368 ], [ 100.327336802813676, 13.834815637244558 ], [ 100.349789469201582, 13.833864642775126 ], [ 100.349789469201582, 13.810976464218069 ], [ 100.327336802813676, 13.811926009217368 ] ] ] } },
{ "type": "Feature", "properties": { "cell_id": "3522538043657420800", "token": "30e291b", "level": 12, "type": "s2" }, "geometry": { "type": "Polygon", "coordinates": [ [ [ 100.372247734014607, 13.832911359840031 ], [ 100.372247734014607, 13.855802028496173 ], [ 100.394711587254605, 13.854844999944289 ], [ 100.394711587254605, 13.831955787427454 ], [ 100.372247734014607, 13.832911359840031 ] ] ] } },
{ "type": "Feature", "properties": { "cell_id": "3522537906218467328", "token": "30e2919", "level": 12, "type": "s2" }, "geometry": { "type": "Polygon", "coordinates": [ [ [ 100.349789469201582, 13.833864642775126 ], [ 100.349789469201582, 13.856756764056344 ], [ 100.372247734014607, 13.855802028496173 ], [ 100.372247734014607, 13.832911359840031 ], [ 100.349789469201582, 13.833864642775126 ] ] ] } },
{ "type": "Feature", "properties": { "cell_id": "3522538593413234688", "token": "30e2923", "level": 12, "type": "s2" }, "geometry": { "type": "Polygon", "coordinates": [ [ [ 100.327336802813676, 13.834815637244558 ], [ 100.327336802813676, 13.85770920763834 ], [ 100.349789469201582, 13.856756764056344 ], [ 100.349789469201582, 13.833864642775126 ], [ 100.327336802813676, 13.834815637244558 ] ] ] } },
{ "type": "Feature", "properties": { "cell_id": "3522538730852188160", "token": "30e2925", "level": 12, "type": "s2" }, "geometry": { "type": "Polygon", "coordinates": [ [ [ 100.304889744838675, 13.835764344264216 ], [ 100.304889744838675, 13.858659360259786 ], [ 100.327336802813676, 13.85770920763834 ], [ 100.327336802813676, 13.834815637244558 ], [ 100.304889744838675, 13.835764344264216 ] ] ] } },
{ "type": "Feature", "properties": { "cell_id": "3522538318535327744", "token": "30e291f", "level": 12, "type": "s2" }, "geometry": { "type": "Polygon", "coordinates": [ [ [ 100.349789469201582, 13.856756764056344 ], [ 100.349789469201582, 13.879652817094842 ], [ 100.372247734014607, 13.878696629269839 ], [ 100.372247734014607, 13.855802028496173 ], [ 100.349789469201582, 13.856756764056344 ] ] ] } },
{ "type": "Feature", "properties": { "cell_id": "3522538455974281216", "token": "30e2921", "level": 12, "type": "s2" }, "geometry": { "type": "Polygon", "coordinates": [ [ [ 100.327336802813676, 13.85770920763834 ], [ 100.327336802813676, 13.880606709429907 ], [ 100.349789469201582, 13.879652817094842 ], [ 100.349789469201582, 13.856756764056344 ], [ 100.327336802813676, 13.85770920763834 ] ] ] } },
{ "type": "Feature", "properties": { "cell_id": "3522538868291141632", "token": "30e2927", "level": 12, "type": "s2" }, "geometry": { "type": "Polygon", "coordinates": [ [ [ 100.304889744838675, 13.858659360259786 ], [ 100.304889744838675, 13.881558307294384 ], [ 100.327336802813676, 13.880606709429907 ], [ 100.327336802813676, 13.85770920763834 ], [ 100.304889744838675, 13.858659360259786 ] ] ] } },
{ "type": "Feature", "properties": { "cell_id": "3522534195366723584", "token": "30e28e3", "level": 12, "type": "s2" }, "geometry": { "type": "Polygon", "coordinates": [ [ [ 100.372247734014607, 13.878696629269839 ], [ 100.372247734014607, 13.901595151189149 ], [ 100.394711587254605, 13.900635211443555 ], [ 100.394711587254605, 13.877738144939636 ], [ 100.372247734014607, 13.878696629269839 ] ] ] } },
{ "type": "Feature", "properties": { "cell_id": "3522533370733002752", "token": "30e28d7", "level": 12, "type": "s2" }, "geometry": { "type": "Polygon", "coordinates": [ [ [ 100.282448305253965, 13.8825076117117 ], [ 100.282448305253965, 13.905411920182448 ], [ 100.304889744838675, 13.904461174390329 ], [ 100.304889744838675, 13.881558307294384 ], [ 100.282448305253965, 13.8825076117117 ] ] ] } },
{ "type": "Feature", "properties": { "cell_id": "3522533233294049280", "token": "30e28d5", "level": 12, "type": "s2" }, "geometry": { "type": "Polygon", "coordinates": [ [ [ 100.260012494026569, 13.883454623709341 ], [ 100.260012494026569, 13.906360370049082 ], [ 100.282448305253965, 13.905411920182448 ], [ 100.282448305253965, 13.8825076117117 ], [ 100.260012494026569, 13.883454623709341 ] ] ] } },
{ "type": "Feature", "properties": { "cell_id": "3522532958416142336", "token": "30e28d1", "level": 12, "type": "s2" }, "geometry": { "type": "Polygon", "coordinates": [ [ [ 100.282448305253965, 13.905411920182448 ], [ 100.282448305253979, 13.928320137368072 ], [ 100.304889744838675, 13.927367950563008 ], [ 100.304889744838675, 13.904461174390329 ], [ 100.282448305253965, 13.905411920182448 ] ] ] } },
{ "type": "Feature", "properties": { "cell_id": "3522533095855095808", "token": "30e28d3", "level": 12, "type": "s2" }, "geometry": { "type": "Polygon", "coordinates": [ [ [ 100.260012494026569, 13.906360370049082 ], [ 100.260012494026569, 13.929270024742602 ], [ 100.282448305253979, 13.928320137368072 ], [ 100.282448305253965, 13.905411920182448 ], [ 100.260012494026569, 13.906360370049082 ] ] ] } },
{ "type": "Feature", "properties": { "cell_id": "3522532820977188864", "token": "30e28cf", "level": 12, "type": "s2" }, "geometry": { "type": "Polygon", "coordinates": [ [ [ 100.282448305253979, 13.928320137368072 ], [ 100.282448305253965, 13.951232252275139 ], [ 100.304889744838675, 13.950278624820909 ], [ 100.304889744838675, 13.927367950563008 ], [ 100.282448305253979, 13.928320137368072 ] ] ] } },
{ "type": "Feature", "properties": { "cell_id": "3522532683538235392", "token": "30e28cd", "level": 12, "type": "s2" }, "geometry": { "type": "Polygon", "coordinates": [ [ [ 100.260012494026569, 13.929270024742602 ], [ 100.260012494026569, 13.952183576794543 ], [ 100.282448305253965, 13.951232252275139 ], [ 100.282448305253979, 13.928320137368072 ], [ 100.260012494026569, 13.929270024742602 ] ] ] } },
{ "type": "Feature", "properties": { "cell_id": "3522534057927770112", "token": "30e28e1", "level": 12, "type": "s2" }, "geometry": { "type": "Polygon", "coordinates": [ [ [ 100.349789469201582, 13.879652817094842 ], [ 100.349789469201582, 13.902552790916801 ], [ 100.372247734014607, 13.901595151189149 ], [ 100.372247734014607, 13.878696629269839 ], [ 100.349789469201582, 13.879652817094842 ] ] ] } },
{ "type": "Feature", "properties": { "cell_id": "3522533920488816640", "token": "30e28df", "level": 12, "type": "s2" }, "geometry": { "type": "Polygon", "coordinates": [ [ [ 100.327336802813676, 13.880606709429907 ], [ 100.327336802813676, 13.903508131643502 ], [ 100.349789469201582, 13.902552790916801 ], [ 100.349789469201582, 13.879652817094842 ], [ 100.327336802813676, 13.880606709429907 ] ] ] } },
{ "type": "Feature", "properties": { "cell_id": "3522533508171956224", "token": "30e28d9", "level": 12, "type": "s2" }, "geometry": { "type": "Polygon", "coordinates": [ [ [ 100.304889744838675, 13.881558307294384 ], [ 100.304889744838675, 13.904461174390329 ], [ 100.327336802813676, 13.903508131643502 ], [ 100.327336802813676, 13.880606709429907 ], [ 100.304889744838675, 13.881558307294384 ] ] ] } },
{ "type": "Feature", "properties": { "cell_id": "3522534470244630528", "token": "30e28e7", "level": 12, "type": "s2" }, "geometry": { "type": "Polygon", "coordinates": [ [ [ 100.349789469201582, 13.902552790916801 ], [ 100.349789469201582, 13.925456674541467 ], [ 100.372247734014607, 13.924497583275283 ], [ 100.372247734014607, 13.901595151189149 ], [ 100.349789469201582, 13.902552790916801 ] ] ] } },
{ "type": "Feature", "properties": { "cell_id": "3522533783049863168", "token": "30e28dd", "level": 12, "type": "s2" }, "geometry": { "type": "Polygon", "coordinates": [ [ [ 100.327336802813676, 13.903508131643502 ], [ 100.327336802813676, 13.926413463296438 ], [ 100.349789469201582, 13.925456674541467 ], [ 100.349789469201582, 13.902552790916801 ], [ 100.327336802813676, 13.903508131643502 ] ] ] } },
{ "type": "Feature", "properties": { "cell_id": "3522533645610909696", "token": "30e28db", "level": 12, "type": "s2" }, "geometry": { "type": "Polygon", "coordinates": [ [ [ 100.304889744838675, 13.904461174390329 ], [ 100.304889744838675, 13.927367950563008 ], [ 100.327336802813676, 13.926413463296438 ], [ 100.327336802813676, 13.903508131643502 ], [ 100.304889744838675, 13.904461174390329 ] ] ] } },
{ "type": "Feature", "properties": { "cell_id": "3522535020000444416", "token": "30e28ef", "level": 12, "type": "s2" }, "geometry": { "type": "Polygon", "coordinates": [ [ [ 100.372247734014607, 13.924497583275283 ], [ 100.372247734014607, 13.947403914542532 ], [ 100.394711587254605, 13.946441065062716 ], [ 100.394711587254605, 13.923536188479174 ], [ 100.372247734014607, 13.924497583275283 ] ] ] } },
{ "type": "Feature", "properties": { "cell_id": "3522534607683584000", "token": "30e28e9", "level": 12, "type": "s2" }, "geometry": { "type": "Polygon", "coordinates": [ [ [ 100.349789469201582, 13.925456674541467 ], [ 100.349789469201582, 13.948364456981189 ], [ 100.372247734014607, 13.947403914542532 ], [ 100.372247734014607, 13.924497583275283 ], [ 100.349789469201582, 13.925456674541467 ] ] ] } },
{ "type": "Feature", "properties": { "cell_id": "3522531996343468032", "token": "30e28c3", "level": 12, "type": "s2" }, "geometry": { "type": "Polygon", "coordinates": [ [ [ 100.327336802813676, 13.926413463296438 ], [ 100.327336802813676, 13.949322693399136 ], [ 100.349789469201582, 13.948364456981189 ], [ 100.349789469201582, 13.925456674541467 ], [ 100.327336802813676, 13.926413463296438 ] ] ] } },
{ "type": "Feature", "properties": { "cell_id": "3522532133782421504", "token": "30e28c5", "level": 12, "type": "s2" }, "geometry": { "type": "Polygon", "coordinates": [ [ [ 100.304889744838675, 13.927367950563008 ], [ 100.304889744838675, 13.950278624820909 ], [ 100.327336802813676, 13.949322693399136 ], [ 100.327336802813676, 13.926413463296438 ], [ 100.304889744838675, 13.927367950563008 ] ] ] } },
{ "type": "Feature", "properties": { "cell_id": "3522532408660328448", "token": "30e28c9", "level": 12, "type": "s2" }, "geometry": { "type": "Polygon", "coordinates": [ [ [ 100.282448305253965, 13.951232252275139 ], [ 100.282448305253979, 13.974148253903342 ], [ 100.304889744838675, 13.973193186165648 ], [ 100.304889744838675, 13.950278624820909 ], [ 100.282448305253965, 13.951232252275139 ] ] ] } },
{ "type": "Feature", "properties": { "cell_id": "3522531171709747200", "token": "30e28b7", "level": 12, "type": "s2" }, "geometry": { "type": "Polygon", "coordinates": [ [ [ 100.282448305253979, 13.974148253903342 ], [ 100.282448305253965, 13.997068131245507 ], [ 100.304889744838675, 13.996111623591977 ], [ 100.304889744838675, 13.973193186165648 ], [ 100.282448305253979, 13.974148253903342 ] ] ] } },
{ "type": "Feature", "properties": { "cell_id": "3522531034270793728", "token": "30e28b5", "level": 12, "type": "s2" }, "geometry": { "type": "Polygon", "coordinates": [ [ [ 100.260012494026569, 13.975101015202679 ], [ 100.260012494026569, 13.998022328957921 ], [ 100.282448305253965, 13.997068131245507 ], [ 100.282448305253979, 13.974148253903342 ], [ 100.260012494026569, 13.975101015202679 ] ] ] } },
{ "type": "Feature", "properties": { "cell_id": "3522530759392886784", "token": "30e28b1", "level": 12, "type": "s2" }, "geometry": { "type": "Polygon", "coordinates": [ [ [ 100.282448305253965, 13.997068131245507 ], [ 100.282448305253965, 14.019991873287646 ], [ 100.304889744838675, 14.019033926087829 ], [ 100.304889744838675, 13.996111623591977 ], [ 100.282448305253965, 13.997068131245507 ] ] ] } },
{ "type": "Feature", "properties": { "cell_id": "3522530896831840256", "token": "30e28b3", "level": 12, "type": "s2" }, "geometry": { "type": "Polygon", "coordinates": [ [ [ 100.260012494026569, 13.998022328957921 ], [ 100.260012494026569, 14.020947507044358 ], [ 100.282448305253965, 14.019991873287646 ], [ 100.282448305253965, 13.997068131245507 ], [ 100.260012494026569, 13.998022328957921 ] ] ] } },
{ "type": "Feature", "properties": { "cell_id": "3522534882561490944", "token": "30e28ed", "level": 12, "type": "s2" }, "geometry": { "type": "Polygon", "coordinates": [ [ [ 100.372247734014607, 13.947403914542532 ], [ 100.372247734014607, 13.970314133998308 ], [ 100.394711587254605, 13.969349830203546 ], [ 100.394711587254605, 13.946441065062716 ], [ 100.372247734014607, 13.947403914542532 ] ] ] } },
{ "type": "Feature", "properties": { "cell_id": "3522534745122537472", "token": "30e28eb", "level": 12, "type": "s2" }, "geometry": { "type": "Polygon", "coordinates": [ [ [ 100.349789469201582, 13.948364456981189 ], [ 100.349789469201582, 13.971276127241451 ], [ 100.372247734014607, 13.970314133998308 ], [ 100.372247734014607, 13.947403914542532 ], [ 100.349789469201582, 13.948364456981189 ] ] ] } },
{ "type": "Feature", "properties": { "cell_id": "3522531858904514560", "token": "30e28c1", "level": 12, "type": "s2" }, "geometry": { "type": "Polygon", "coordinates": [ [ [ 100.327336802813676, 13.949322693399136 ], [ 100.327336802813676, 13.972235810955139 ], [ 100.349789469201582, 13.971276127241451 ], [ 100.349789469201582, 13.948364456981189 ], [ 100.327336802813676, 13.949322693399136 ] ] ] } },
{ "type": "Feature", "properties": { "cell_id": "3522532271221374976", "token": "30e28c7", "level": 12, "type": "s2" }, "geometry": { "type": "Polygon", "coordinates": [ [ [ 100.304889744838675, 13.950278624820909 ], [ 100.304889744838675, 13.973193186165648 ], [ 100.327336802813676, 13.972235810955139 ], [ 100.327336802813676, 13.949322693399136 ], [ 100.304889744838675, 13.950278624820909 ] ] ] } },
{ "type": "Feature", "properties": { "cell_id": "3522528697808584704", "token": "30e2893", "level": 12, "type": "s2" }, "geometry": { "type": "Polygon", "coordinates": [ [ [ 100.372247734014607, 13.970314133998308 ], [ 100.372247734014607, 13.993228230643163 ], [ 100.394711587254605, 13.992262472904153 ], [ 100.394711587254605, 13.969349830203546 ], [ 100.372247734014607, 13.970314133998308 ] ] ] } },
{ "type": "Feature", "properties": { "cell_id": "3522528835247538176", "token": "30e2895", "level": 12, "type": "s2" }, "geometry": { "type": "Polygon", "coordinates": [ [ [ 100.349789469201582, 13.971276127241451 ], [ 100.349789469201582, 13.994191674320859 ], [ 100.372247734014607, 13.993228230643163 ], [ 100.372247734014607, 13.970314133998308 ], [ 100.349789469201582, 13.971276127241451 ] ] ] } },
{ "type": "Feature", "properties": { "cell_id": "3522531721465561088", "token": "30e28bf", "level": 12, "type": "s2" }, "geometry": { "type": "Polygon", "coordinates": [ [ [ 100.327336802813676, 13.972235810955139 ], [ 100.327336802813676, 13.99515280496113 ], [ 100.349789469201582, 13.994191674320859 ], [ 100.349789469201582, 13.971276127241451 ], [ 100.327336802813676, 13.972235810955139 ] ] ] } },
{ "type": "Feature", "properties": { "cell_id": "3522531309148700672", "token": "30e28b9", "level": 12, "type": "s2" }, "geometry": { "type": "Polygon", "coordinates": [ [ [ 100.304889744838675, 13.973193186165648 ], [ 100.304889744838675, 13.996111623591977 ], [ 100.327336802813676, 13.99515280496113 ], [ 100.327336802813676, 13.972235810955139 ], [ 100.304889744838675, 13.973193186165648 ] ] ] } },
{ "type": "Feature", "properties": { "cell_id": "3522528560369631232", "token": "30e2891", "level": 12, "type": "s2" }, "geometry": { "type": "Polygon", "coordinates": [ [ [ 100.372247734014607, 13.993228230643163 ], [ 100.372247734014607, 14.016146193470828 ], [ 100.394711587254605, 14.015178982160203 ], [ 100.394711587254605, 13.992262472904153 ], [ 100.372247734014607, 13.993228230643163 ] ] ] } },
{ "type": "Feature", "properties": { "cell_id": "3522528972686491648", "token": "30e2897", "level": 12, "type": "s2" }, "geometry": { "type": "Polygon", "coordinates": [ [ [ 100.349789469201582, 13.994191674320859 ], [ 100.349789469201582, 14.017111087211207 ], [ 100.372247734014607, 14.016146193470828 ], [ 100.372247734014607, 13.993228230643163 ], [ 100.349789469201582, 13.994191674320859 ] ] ] } },
{ "type": "Feature", "properties": { "cell_id": "3522531584026607616", "token": "30e28bd", "level": 12, "type": "s2" }, "geometry": { "type": "Polygon", "coordinates": [ [ [ 100.327336802813676, 13.99515280496113 ], [ 100.327336802813676, 14.018073664406964 ], [ 100.349789469201582, 14.017111087211207 ], [ 100.349789469201582, 13.994191674320859 ], [ 100.327336802813676, 13.99515280496113 ] ] ] } },
{ "type": "Feature", "properties": { "cell_id": "3522531446587654144", "token": "30e28bb", "level": 12, "type": "s2" }, "geometry": { "type": "Polygon", "coordinates": [ [ [ 100.304889744838675, 13.996111623591977 ], [ 100.304889744838675, 14.019033926087829 ], [ 100.327336802813676, 14.018073664406964 ], [ 100.327336802813676, 13.99515280496113 ], [ 100.304889744838675, 13.996111623591977 ] ] ] } },
{ "type": "Feature", "properties": { "cell_id": "3522529110125445120", "token": "30e2899", "level": 12, "type": "s2" }, "geometry": { "type": "Polygon", "coordinates": [ [ [ 100.349789469201582, 14.017111087211207 ], [ 100.349789469201582, 14.040034354897488 ], [ 100.372247734014607, 14.039068011468226 ], [ 100.372247734014607, 14.016146193470828 ], [ 100.349789469201582, 14.017111087211207 ] ] ] } },
{ "type": "Feature", "properties": { "cell_id": "3522529797320212480", "token": "30e28a3", "level": 12, "type": "s2" }, "geometry": { "type": "Polygon", "coordinates": [ [ [ 100.327336802813676, 14.018073664406964 ], [ 100.327336802813676, 14.040998378275699 ], [ 100.349789469201582, 14.040034354897488 ], [ 100.349789469201582, 14.017111087211207 ], [ 100.327336802813676, 14.018073664406964 ] ] ] } },
{ "type": "Feature", "properties": { "cell_id": "3522529522442305536", "token": "30e289f", "level": 12, "type": "s2" }, "geometry": { "type": "Polygon", "coordinates": [ [ [ 100.349789469201582, 14.040034354897488 ], [ 100.349789469201582, 14.062961466357892 ], [ 100.372247734014607, 14.06199367361549 ], [ 100.372247734014607, 14.039068011468226 ], [ 100.349789469201582, 14.040034354897488 ] ] ] } },
{ "type": "Feature", "properties": { "cell_id": "3522529659881259008", "token": "30e28a1", "level": 12, "type": "s2" }, "geometry": { "type": "Polygon", "coordinates": [ [ [ 100.327336802813676, 14.040998378275699 ], [ 100.327336802813676, 14.063926935543604 ], [ 100.349789469201582, 14.062961466357892 ], [ 100.349789469201582, 14.040034354897488 ], [ 100.327336802813676, 14.040998378275699 ] ] ] } },
{ "type": "Feature", "properties": { "cell_id": "3522486091733008384", "token": "30e2627", "level": 12, "type": "s2" }, "geometry": { "type": "Polygon", "coordinates": [ [ [ 100.372247734014607, 14.06199367361549 ], [ 100.372247734014607, 14.084923168885997 ], [ 100.394711587254605, 14.083951599115775 ], [ 100.394711587254605, 14.061023556287317 ], [ 100.372247734014607, 14.06199367361549 ] ] ] } },
{ "type": "Feature", "properties": { "cell_id": "3522485679416147968", "token": "30e2621", "level": 12, "type": "s2" }, "geometry": { "type": "Polygon", "coordinates": [ [ [ 100.349789469201582, 14.062961466357892 ], [ 100.349789469201582, 14.085892410563867 ], [ 100.372247734014607, 14.084923168885997 ], [ 100.372247734014607, 14.06199367361549 ], [ 100.349789469201582, 14.062961466357892 ] ] ] } },
{ "type": "Feature", "properties": { "cell_id": "3522485541977194496", "token": "30e261f", "level": 12, "type": "s2" }, "geometry": { "type": "Polygon", "coordinates": [ [ [ 100.327336802813676, 14.063926935543604 ], [ 100.327336802813676, 14.086859325180184 ], [ 100.349789469201582, 14.085892410563867 ], [ 100.349789469201582, 14.062961466357892 ], [ 100.327336802813676, 14.063926935543604 ] ] ] } },
{ "type": "Feature", "properties": { "cell_id": "3522485404538241024", "token": "30e261d", "level": 12, "type": "s2" }, "geometry": { "type": "Polygon", "coordinates": [ [ [ 100.304889744838675, 14.064890082205823 ], [ 100.304889744838675, 14.087823913769885 ], [ 100.327336802813676, 14.086859325180184 ], [ 100.327336802813676, 14.063926935543604 ], [ 100.304889744838675, 14.064890082205823 ] ] ] } },
{ "type": "Feature", "properties": { "cell_id": "3522529934759165952", "token": "30e28a5", "level": 12, "type": "s2" }, "geometry": { "type": "Polygon", "coordinates": [ [ [ 100.304889744838675, 14.019033926087829 ], [ 100.304889744838675, 14.041960082634331 ], [ 100.327336802813676, 14.040998378275699 ], [ 100.327336802813676, 14.018073664406964 ], [ 100.304889744838675, 14.019033926087829 ] ] ] } },
{ "type": "Feature", "properties": { "cell_id": "3522530621953933312", "token": "30e28af", "level": 12, "type": "s2" }, "geometry": { "type": "Polygon", "coordinates": [ [ [ 100.282448305253965, 14.019991873287646 ], [ 100.282448305253965, 14.042919469008964 ], [ 100.304889744838675, 14.041960082634331 ], [ 100.304889744838675, 14.019033926087829 ], [ 100.282448305253965, 14.019991873287646 ] ] ] } },
{ "type": "Feature", "properties": { "cell_id": "3522530484514979840", "token": "30e28ad", "level": 12, "type": "s2" }, "geometry": { "type": "Polygon", "coordinates": [ [ [ 100.260012494026569, 14.020947507044358 ], [ 100.260012494026569, 14.043876538439283 ], [ 100.282448305253965, 14.042919469008964 ], [ 100.282448305253965, 14.019991873287646 ], [ 100.260012494026569, 14.020947507044358 ] ] ] } },
{ "type": "Feature", "properties": { "cell_id": "3522530072198119424", "token": "30e28a7", "level": 12, "type": "s2" }, "geometry": { "type": "Polygon", "coordinates": [ [ [ 100.304889744838675, 14.041960082634331 ], [ 100.304889744838675, 14.064890082205823 ], [ 100.327336802813676, 14.063926935543604 ], [ 100.327336802813676, 14.040998378275699 ], [ 100.304889744838675, 14.041960082634331 ] ] ] } },
{ "type": "Feature", "properties": { "cell_id": "3522530209637072896", "token": "30e28a9", "level": 12, "type": "s2" }, "geometry": { "type": "Polygon", "coordinates": [ [ [ 100.282448305253965, 14.042919469008964 ], [ 100.282448305253965, 14.065850907381868 ], [ 100.304889744838675, 14.064890082205823 ], [ 100.304889744838675, 14.041960082634331 ], [ 100.282448305253965, 14.042919469008964 ] ] ] } },
{ "type": "Feature", "properties": { "cell_id": "3522530347076026368", "token": "30e28ab", "level": 12, "type": "s2" }, "geometry": { "type": "Polygon", "coordinates": [ [ [ 100.260012494026569, 14.043876538439283 ], [ 100.260012494026569, 14.066809412113178 ], [ 100.282448305253965, 14.065850907381868 ], [ 100.282448305253965, 14.042919469008964 ], [ 100.260012494026569, 14.043876538439283 ] ] ] } },
{ "type": "Feature", "properties": { "cell_id": "3522483617831845888", "token": "30e2603", "level": 12, "type": "s2" }, "geometry": { "type": "Polygon", "coordinates": [ [ [ 100.282448305253965, 14.065850907381868 ], [ 100.282448305253965, 14.088786177372027 ], [ 100.304889744838675, 14.087823913769885 ], [ 100.304889744838675, 14.064890082205823 ], [ 100.282448305253965, 14.065850907381868 ] ] ] } },
{ "type": "Feature", "properties": { "cell_id": "3522483480392892416", "token": "30e2601", "level": 12, "type": "s2" }, "geometry": { "type": "Polygon", "coordinates": [ [ [ 100.260012494026569, 14.066809412113178 ], [ 100.260012494026569, 14.089746117029794 ], [ 100.282448305253965, 14.088786177372027 ], [ 100.282448305253965, 14.065850907381868 ], [ 100.260012494026569, 14.066809412113178 ] ] ] } },
{ "type": "Feature", "properties": { "cell_id": "3522483755270799360", "token": "30e2605", "level": 12, "type": "s2" }, "geometry": { "type": "Polygon", "coordinates": [ [ [ 100.282448305253965, 14.088786177372027 ], [ 100.282448305253979, 14.11172526793837 ], [ 100.304889744838675, 14.110761566287374 ], [ 100.304889744838675, 14.087823913769885 ], [ 100.282448305253965, 14.088786177372027 ] ] ] } },
{ "type": "Feature", "properties": { "cell_id": "3522483892709752832", "token": "30e2607", "level": 12, "type": "s2" }, "geometry": { "type": "Polygon", "coordinates": [ [ [ 100.260012494026569, 14.089746117029794 ], [ 100.260012494026569, 14.112686642146141 ], [ 100.282448305253979, 14.11172526793837 ], [ 100.282448305253965, 14.088786177372027 ], [ 100.260012494026569, 14.089746117029794 ] ] ] } },
{ "type": "Feature", "properties": { "cell_id": "3522484442465566720", "token": "30e260f", "level": 12, "type": "s2" }, "geometry": { "type": "Polygon", "coordinates": [ [ [ 100.282448305253979, 14.11172526793837 ], [ 100.282448305253965, 14.134668168033111 ], [ 100.304889744838675, 14.133703028712423 ], [ 100.304889744838675, 14.110761566287374 ], [ 100.282448305253979, 14.11172526793837 ] ] ] } },
{ "type": "Feature", "properties": { "cell_id": "3522484030148706304", "token": "30e2609", "level": 12, "type": "s2" }, "geometry": { "type": "Polygon", "coordinates": [ [ [ 100.260012494026569, 14.112686642146141 ], [ 100.260012494026569, 14.135630976412514 ], [ 100.282448305253965, 14.134668168033111 ], [ 100.282448305253979, 14.11172526793837 ], [ 100.260012494026569, 14.112686642146141 ] ] ] } },
{ "type": "Feature", "properties": { "cell_id": "3522484305026613248", "token": "30e260d", "level": 12, "type": "s2" }, "geometry": { "type": "Polygon", "coordinates": [ [ [ 100.282448305253965, 14.134668168033111 ], [ 100.282448305253965, 14.157614866601774 ], [ 100.304889744838675, 14.156648289992484 ], [ 100.304889744838675, 14.133703028712423 ], [ 100.282448305253965, 14.134668168033111 ] ] ] } },
{ "type": "Feature", "properties": { "cell_id": "3522485954294054912", "token": "30e2625", "level": 12, "type": "s2" }, "geometry": { "type": "Polygon", "coordinates": [ [ [ 100.372247734014607, 14.084923168885997 ], [ 100.372247734014607, 14.107856486246401 ], [ 100.394711587254605, 14.106883464414532 ], [ 100.394711587254605, 14.083951599115775 ], [ 100.372247734014607, 14.084923168885997 ] ] ] } },
{ "type": "Feature", "properties": { "cell_id": "3522485816855101440", "token": "30e2623", "level": 12, "type": "s2" }, "geometry": { "type": "Polygon", "coordinates": [ [ [ 100.349789469201582, 14.085892410563867 ], [ 100.349789469201582, 14.108827176480121 ], [ 100.372247734014607, 14.107856486246401 ], [ 100.372247734014607, 14.084923168885997 ], [ 100.349789469201582, 14.085892410563867 ] ] ] } },
{ "type": "Feature", "properties": { "cell_id": "3522485129660334080", "token": "30e2619", "level": 12, "type": "s2" }, "geometry": { "type": "Polygon", "coordinates": [ [ [ 100.327336802813676, 14.086859325180184 ], [ 100.327336802813676, 14.109795536148221 ], [ 100.349789469201582, 14.108827176480121 ], [ 100.349789469201582, 14.085892410563867 ], [ 100.327336802813676, 14.086859325180184 ] ] ] } },
{ "type": "Feature", "properties": { "cell_id": "3522485267099287552", "token": "30e261b", "level": 12, "type": "s2" }, "geometry": { "type": "Polygon", "coordinates": [ [ [ 100.304889744838675, 14.087823913769885 ], [ 100.304889744838675, 14.110761566287374 ], [ 100.327336802813676, 14.109795536148221 ], [ 100.327336802813676, 14.086859325180184 ], [ 100.304889744838675, 14.087823913769885 ] ] ] } },
{ "type": "Feature", "properties": { "cell_id": "3522487466122543104", "token": "30e263b", "level": 12, "type": "s2" }, "geometry": { "type": "Polygon", "coordinates": [ [ [ 100.372247734014607, 14.107856486246401 ], [ 100.372247734014607, 14.130793614656628 ], [ 100.394711587254605, 14.129819141145454 ], [ 100.394711587254605, 14.106883464414532 ], [ 100.372247734014607, 14.107856486246401 ] ] ] } },
{ "type": "Feature", "properties": { "cell_id": "3522487603561496576", "token": "30e263d", "level": 12, "type": "s2" }, "geometry": { "type": "Polygon", "coordinates": [ [ [ 100.349789469201582, 14.108827176480121 ], [ 100.349789469201582, 14.13176575306465 ], [ 100.372247734014607, 14.130793614656628 ], [ 100.372247734014607, 14.107856486246401 ], [ 100.349789469201582, 14.108827176480121 ] ] ] } },
{ "type": "Feature", "properties": { "cell_id": "3522484992221380608", "token": "30e2617", "level": 12, "type": "s2" }, "geometry": { "type": "Polygon", "coordinates": [ [ [ 100.327336802813676, 14.109795536148221 ], [ 100.327336802813676, 14.132735557403782 ], [ 100.349789469201582, 14.13176575306465 ], [ 100.349789469201582, 14.108827176480121 ], [ 100.327336802813676, 14.109795536148221 ] ] ] } },
{ "type": "Feature", "properties": { "cell_id": "3522484579904520192", "token": "30e2611", "level": 12, "type": "s2" }, "geometry": { "type": "Polygon", "coordinates": [ [ [ 100.304889744838675, 14.110761566287374 ], [ 100.304889744838675, 14.133703028712423 ], [ 100.327336802813676, 14.132735557403782 ], [ 100.327336802813676, 14.109795536148221 ], [ 100.304889744838675, 14.110761566287374 ] ] ] } },
{ "type": "Feature", "properties": { "cell_id": "3522484717343473664", "token": "30e2613", "level": 12, "type": "s2" }, "geometry": { "type": "Polygon", "coordinates": [ [ [ 100.304889744838675, 14.133703028712423 ], [ 100.304889744838675, 14.156648289992484 ], [ 100.327336802813676, 14.155679377896243 ], [ 100.327336802813676, 14.132735557403782 ], [ 100.304889744838675, 14.133703028712423 ] ] ] } }
]
}
