{
"type": "FeatureCollection",
"name": "res_7",
"crs": { "type": "name", "properties": { "name": "urn:ogc:def:crs:OGC:1.3:CRS84" } },
"features": [
{ "type": "Feature", "properties": { "cell_id": "87658a2ccffffff", "resolution": 7, "type": "h3" }, "geometry": { "type": "Polygon", "coordinates": [ [ [ 100.852580199942253, 13.475657082738486 ], [ 100.842368990314938, 13.466101810966583 ], [ 100.828721077279127, 13.469976604842611 ], [ 100.825283736757982, 13.483407238153932 ], [ 100.835495467432295, 13.49296282361593 ], [ 100.849144017866479, 13.489087461912558 ], [ 100.852580199942253, 13.475657082738486 ] ] ] } },
{ "type": "Feature", "properties": { "cell_id": "87658a2c1ffffff", "resolution": 7, "type": "h3" }, "geometry": { "type": "Polygon", "coordinates": [ [ [ 100.876438594477548, 13.481334866073382 ], [ 100.866227170418611, 13.47178106954256 ], [ 100.852580199942253, 13.475657082738486 ], [ 100.849144017866479, 13.489087461912558 ], [ 100.859355965549696, 13.498641571651369 ], [ 100.873003571969818, 13.494764988844215 ], [ 100.876438594477548, 13.481334866073382 ] ] ] } },
{ "type": "Feature", "properties": { "cell_id": "87658a2c8ffffff", "resolution": 7, "type": "h3" }, "geometry": { "type": "Polygon", "coordinates": [ [ [ 100.835495467432295, 13.49296282361593 ], [ 100.825283736757982, 13.483407238153932 ], [ 100.811634246992796, 13.487281378864417 ], [ 100.808195849663576, 13.500711670816965 ], [ 100.818408099607637, 13.510267569277177 ], [ 100.832058227897178, 13.506392862622645 ], [ 100.835495467432295, 13.49296282361593 ] ] ] } },
{ "type": "Feature", "properties": { "cell_id": "87658a2ceffffff", "resolution": 7, "type": "h3" }, "geometry": { "type": "Polygon", "coordinates": [ [ [ 100.859355965549696, 13.498641571651369 ], [ 100.849144017866479, 13.489087461912558 ], [ 100.835495467432295, 13.49296282361593 ], [ 100.832058227897178, 13.506392862622645 ], [ 100.842270697428475, 13.51594728487818 ], [ 100.855919884932476, 13.512071355446347 ], [ 100.859355965549696, 13.498641571651369 ] ] ] } },
{ "type": "Feature", "properties": { "cell_id": "87658a2c3ffffff", "resolution": 7, "type": "h3" }, "geometry": { "type": "Polygon", "coordinates": [ [ [ 100.883215733102091, 13.504317620484272 ], [ 100.873003571969818, 13.494764988844215 ], [ 100.859355965549696, 13.498641571651369 ], [ 100.855919884932476, 13.512071355446347 ], [ 100.866132570490421, 13.521624299120809 ], [ 100.879780812525297, 13.517747146802 ], [ 100.883215733102091, 13.504317620484272 ] ] ] } },
{ "type": "Feature", "properties": { "cell_id": "87658a2caffffff", "resolution": 7, "type": "h3" }, "geometry": { "type": "Polygon", "coordinates": [ [ [ 100.842270697428475, 13.51594728487818 ], [ 100.832058227897178, 13.506392862622645 ], [ 100.818408099607637, 13.510267569277177 ], [ 100.814969802939288, 13.523697263868767 ], [ 100.825182792541355, 13.533251997949778 ], [ 100.838833559026966, 13.529376725449767 ], [ 100.842270697428475, 13.51594728487818 ] ] ] } },
{ "type": "Feature", "properties": { "cell_id": "87658a2ddffffff", "resolution": 7, "type": "h3" }, "geometry": { "type": "Polygon", "coordinates": [ [ [ 100.866132570490421, 13.521624299120809 ], [ 100.855919884932476, 13.512071355446347 ], [ 100.842270697428475, 13.51594728487818 ], [ 100.838833559026966, 13.529376725449767 ], [ 100.849046767234313, 13.538929980467998 ], [ 100.862696591479406, 13.535053483406964 ], [ 100.866132570490421, 13.521624299120809 ] ] ] } },
{ "type": "Feature", "properties": { "cell_id": "87658a2dcffffff", "resolution": 7, "type": "h3" }, "geometry": { "type": "Polygon", "coordinates": [ [ [ 100.88999371054939, 13.527298609521509 ], [ 100.879780812525297, 13.517747146802 ], [ 100.866132570490421, 13.521624299120809 ], [ 100.862696591479406, 13.535053483406964 ], [ 100.872910014730763, 13.544605256987706 ], [ 100.886558892051227, 13.540727535257199 ], [ 100.88999371054939, 13.527298609521509 ] ] ] } },
{ "type": "Feature", "properties": { "cell_id": "87658a2d9ffffff", "resolution": 7, "type": "h3" }, "geometry": { "type": "Polygon", "coordinates": [ [ [ 100.849046767234313, 13.538929980467998 ], [ 100.838833559026966, 13.529376725449767 ], [ 100.825182792541355, 13.533251997949778 ], [ 100.821744596681469, 13.546681091050628 ], [ 100.831958325760894, 13.556234656722012 ], [ 100.845609730114049, 13.55235881847546 ], [ 100.849046767234313, 13.538929980467998 ] ] ] } },
{ "type": "Feature", "properties": { "cell_id": "87658b594ffffff", "resolution": 7, "type": "h3" }, "geometry": { "type": "Polygon", "coordinates": [ [ [ 100.787772312475568, 13.481597239887961 ], [ 100.777561026498802, 13.472038710116411 ], [ 100.763909672126445, 13.475910409182379 ], [ 100.760468962585648, 13.489341200227397 ], [ 100.770680762673138, 13.498900043957613 ], [ 100.784332758477333, 13.495027782520072 ], [ 100.787772312475568, 13.481597239887961 ] ] ] } },
{ "type": "Feature", "properties": { "cell_id": "87658a2c9ffffff", "resolution": 7, "type": "h3" }, "geometry": { "type": "Polygon", "coordinates": [ [ [ 100.811634246992796, 13.487281378864417 ], [ 100.801422736887275, 13.477724320057328 ], [ 100.787772312475568, 13.481597239887961 ], [ 100.784332758477333, 13.495027782520072 ], [ 100.794544785273501, 13.504585154806017 ], [ 100.808195849663576, 13.500711670816965 ], [ 100.811634246992796, 13.487281378864417 ] ] ] } },
{ "type": "Feature", "properties": { "cell_id": "87658b590ffffff", "resolution": 7, "type": "h3" }, "geometry": { "type": "Polygon", "coordinates": [ [ [ 100.770680762673138, 13.498900043957613 ], [ 100.760468962585648, 13.489341200227397 ], [ 100.746816040055137, 13.49321223922955 ], [ 100.743374275341282, 13.506642682284836 ], [ 100.753586587759045, 13.516201839280603 ], [ 100.767240152847322, 13.512330239791433 ], [ 100.770680762673138, 13.498900043957613 ] ] ] } },
{ "type": "Feature", "properties": { "cell_id": "87658b596ffffff", "resolution": 7, "type": "h3" }, "geometry": { "type": "Polygon", "coordinates": [ [ [ 100.794544785273501, 13.504585154806017 ], [ 100.784332758477333, 13.495027782520072 ], [ 100.770680762673138, 13.498900043957613 ], [ 100.767240152847322, 13.512330239791433 ], [ 100.777452694554682, 13.521887924863742 ], [ 100.791105331463271, 13.518015101151811 ], [ 100.794544785273501, 13.504585154806017 ] ] ] } },
{ "type": "Feature", "properties": { "cell_id": "87658a2cbffffff", "resolution": 7, "type": "h3" }, "geometry": { "type": "Polygon", "coordinates": [ [ [ 100.818408099607637, 13.510267569277177 ], [ 100.808195849663576, 13.500711670816965 ], [ 100.794544785273501, 13.504585154806017 ], [ 100.791105331463271, 13.518015101151811 ], [ 100.801318098898719, 13.527571311918363 ], [ 100.814969802939288, 13.523697263868767 ], [ 100.818408099607637, 13.510267569277177 ] ] ] } },
{ "type": "Feature", "properties": { "cell_id": "87658b592ffffff", "resolution": 7, "type": "h3" }, "geometry": { "type": "Polygon", "coordinates": [ [ [ 100.777452694554682, 13.521887924863742 ], [ 100.767240152847322, 13.512330239791433 ], [ 100.753586587759045, 13.516201839280603 ], [ 100.750144922434416, 13.529631684068141 ], [ 100.760357977272434, 13.539189681234321 ], [ 100.7740121845913, 13.535317521355006 ], [ 100.777452694554682, 13.521887924863742 ] ] ] } },
{ "type": "Feature", "properties": { "cell_id": "8764a4965ffffff", "resolution": 7, "type": "h3" }, "geometry": { "type": "Polygon", "coordinates": [ [ [ 100.801318098898719, 13.527571311918363 ], [ 100.791105331463271, 13.518015101151811 ], [ 100.777452694554682, 13.521887924863742 ], [ 100.7740121845913, 13.535317521355006 ], [ 100.784225467738651, 13.544874043736021 ], [ 100.797878745424029, 13.54100065784727 ], [ 100.801318098898719, 13.527571311918363 ] ] ] } },
{ "type": "Feature", "properties": { "cell_id": "8764a4964ffffff", "resolution": 7, "type": "h3" }, "geometry": { "type": "Polygon", "coordinates": [ [ [ 100.825182792541355, 13.533251997949778 ], [ 100.814969802939288, 13.523697263868767 ], [ 100.801318098898719, 13.527571311918363 ], [ 100.797878745424029, 13.54100065784727 ], [ 100.808092253318463, 13.550555703062512 ], [ 100.821744596681469, 13.546681091050628 ], [ 100.825182792541355, 13.533251997949778 ] ] ] } },
{ "type": "Feature", "properties": { "cell_id": "8764a496cffffff", "resolution": 7, "type": "h3" }, "geometry": { "type": "Polygon", "coordinates": [ [ [ 100.760357977272434, 13.539189681234321 ], [ 100.750144922434416, 13.529631684068141 ], [ 100.7364897901723, 13.533502618053863 ], [ 100.73304706967842, 13.546932107547356 ], [ 100.74326063586544, 13.556490416114913 ], [ 100.756916411484497, 13.552618923623493 ], [ 100.760357977272434, 13.539189681234321 ] ] ] } },
{ "type": "Feature", "properties": { "cell_id": "8764a4961ffffff", "resolution": 7, "type": "h3" }, "geometry": { "type": "Polygon", "coordinates": [ [ [ 100.784225467738651, 13.544874043736021 ], [ 100.7740121845913, 13.535317521355006 ], [ 100.760357977272434, 13.539189681234321 ], [ 100.756916411484497, 13.552618923623493 ], [ 100.767130208563131, 13.56217575692712 ], [ 100.780785057785252, 13.558303036754902 ], [ 100.784225467738651, 13.544874043736021 ] ] ] } },
{ "type": "Feature", "properties": { "cell_id": "87658a2d3ffffff", "resolution": 7, "type": "h3" }, "geometry": { "type": "Polygon", "coordinates": [ [ [ 100.920634295154557, 13.555947682113816 ], [ 100.910420452498528, 13.546398878522018 ], [ 100.896772526785441, 13.550277825028287 ], [ 100.893337810513628, 13.563706146054528 ], [ 100.903552181776121, 13.57325525885123 ], [ 100.91720074098896, 13.569375741253006 ], [ 100.920634295154557, 13.555947682113816 ] ] ] } },
{ "type": "Feature", "properties": { "cell_id": "8764a492dffffff", "resolution": 7, "type": "h3" }, "geometry": { "type": "Polygon", "coordinates": [ [ [ 100.903552181776121, 13.57325525885123 ], [ 100.893337810513628, 13.563706146054528 ], [ 100.879688298236971, 13.567584437096411 ], [ 100.876252522881458, 13.581012409981852 ], [ 100.88646742097518, 13.590561831294711 ], [ 100.900117567878468, 13.586682971042158 ], [ 100.903552181776121, 13.57325525885123 ] ] ] } },
{ "type": "Feature", "properties": { "cell_id": "8764a492cffffff", "resolution": 7, "type": "h3" }, "geometry": { "type": "Polygon", "coordinates": [ [ [ 100.927415319188881, 13.578923365018914 ], [ 100.91720074098896, 13.569375741253006 ], [ 100.903552181776121, 13.57325525885123 ], [ 100.900117567878468, 13.586682971042158 ], [ 100.910332675487254, 13.596230902840421 ], [ 100.923981867869813, 13.592350814251649 ], [ 100.927415319188881, 13.578923365018914 ] ] ] } },
{ "type": "Feature", "properties": { "cell_id": "8764a4928ffffff", "resolution": 7, "type": "h3" }, "geometry": { "type": "Polygon", "coordinates": [ [ [ 100.910332675487254, 13.596230902840421 ], [ 100.900117567878468, 13.586682971042158 ], [ 100.88646742097518, 13.590561831294711 ], [ 100.883031747669051, 13.603989192291342 ], [ 100.893247382911397, 13.613537431433869 ], [ 100.906898164111581, 13.609658002071722 ], [ 100.910332675487254, 13.596230902840421 ] ] ] } },
{ "type": "Feature", "properties": { "cell_id": "8764a492effffff", "resolution": 7, "type": "h3" }, "geometry": { "type": "Polygon", "coordinates": [ [ [ 100.934197181431273, 13.601897254169122 ], [ 100.923981867869813, 13.592350814251649 ], [ 100.910332675487254, 13.596230902840421 ], [ 100.906898164111581, 13.609658002071722 ], [ 100.917114007884535, 13.619204748849436 ], [ 100.93076383310661, 13.615324089371882 ], [ 100.934197181431273, 13.601897254169122 ] ] ] } },
{ "type": "Feature", "properties": { "cell_id": "8764a4923ffffff", "resolution": 7, "type": "h3" }, "geometry": { "type": "Polygon", "coordinates": [ [ [ 100.958060930562596, 13.607560882815477 ], [ 100.94784541461074, 13.59801593714244 ], [ 100.934197181431273, 13.601897254169122 ], [ 100.93076383310661, 13.615324089371882 ], [ 100.940979881847085, 13.624869341420307 ], [ 100.954628746408218, 13.620987451726903 ], [ 100.958060930562596, 13.607560882815477 ] ] ] } },
{ "type": "Feature", "properties": { "cell_id": "87658a2d8ffffff", "resolution": 7, "type": "h3" }, "geometry": { "type": "Polygon", "coordinates": [ [ [ 100.872910014730763, 13.544605256987706 ], [ 100.862696591479406, 13.535053483406964 ], [ 100.849046767234313, 13.538929980467998 ], [ 100.845609730114049, 13.55235881847546 ], [ 100.855823676816399, 13.561910902227442 ], [ 100.869474137473645, 13.55803383763684 ], [ 100.872910014730763, 13.544605256987706 ] ] ] } },
{ "type": "Feature", "properties": { "cell_id": "87658a2deffffff", "resolution": 7, "type": "h3" }, "geometry": { "type": "Polygon", "coordinates": [ [ [ 100.896772526785441, 13.550277825028287 ], [ 100.886558892051227, 13.540727535257199 ], [ 100.872910014730763, 13.544605256987706 ], [ 100.869474137473645, 13.55803383763684 ], [ 100.879688298236971, 13.567584437096411 ], [ 100.893337810513628, 13.563706146054528 ], [ 100.896772526785441, 13.550277825028287 ] ] ] } },
{ "type": "Feature", "properties": { "cell_id": "8764a4966ffffff", "resolution": 7, "type": "h3" }, "geometry": { "type": "Polygon", "coordinates": [ [ [ 100.831958325760894, 13.556234656722012 ], [ 100.821744596681469, 13.546681091050628 ], [ 100.808092253318463, 13.550555703062512 ], [ 100.80465300032688, 13.563984444445492 ], [ 100.81486724849988, 13.573538320079422 ], [ 100.828520230857109, 13.569663144203867 ], [ 100.831958325760894, 13.556234656722012 ] ] ] } },
{ "type": "Feature", "properties": { "cell_id": "87658a2dbffffff", "resolution": 7, "type": "h3" }, "geometry": { "type": "Polygon", "coordinates": [ [ [ 100.855823676816399, 13.561910902227442 ], [ 100.845609730114049, 13.55235881847546 ], [ 100.831958325760894, 13.556234656722012 ], [ 100.828520230857109, 13.569663144203867 ], [ 100.838734699233015, 13.579215537437101 ], [ 100.852386741125059, 13.57533913354332 ], [ 100.855823676816399, 13.561910902227442 ] ] ] } },
{ "type": "Feature", "properties": { "cell_id": "87658a2daffffff", "resolution": 7, "type": "h3" }, "geometry": { "type": "Polygon", "coordinates": [ [ [ 100.879688298236971, 13.567584437096411 ], [ 100.869474137473645, 13.55803383763684 ], [ 100.855823676816399, 13.561910902227442 ], [ 100.852386741125059, 13.57533913354332 ], [ 100.862601426141197, 13.584890042002019 ], [ 100.876252522881458, 13.581012409981852 ], [ 100.879688298236971, 13.567584437096411 ] ] ] } },
{ "type": "Feature", "properties": { "cell_id": "8764a4975ffffff", "resolution": 7, "type": "h3" }, "geometry": { "type": "Polygon", "coordinates": [ [ [ 100.838734699233015, 13.579215537437101 ], [ 100.828520230857109, 13.569663144203867 ], [ 100.81486724849988, 13.573538320079422 ], [ 100.811428096139025, 13.586966452788969 ], [ 100.821643084410013, 13.596519154813489 ], [ 100.835296705432995, 13.592643415173249 ], [ 100.838734699233015, 13.579215537437101 ] ] ] } },
{ "type": "Feature", "properties": { "cell_id": "8764a4974ffffff", "resolution": 7, "type": "h3" }, "geometry": { "type": "Polygon", "coordinates": [ [ [ 100.862601426141197, 13.584890042002019 ], [ 100.852386741125059, 13.57533913354332 ], [ 100.838734699233015, 13.579215537437101 ], [ 100.835296705432995, 13.592643415173249 ], [ 100.845511912924465, 13.602194631941732 ], [ 100.859164592026517, 13.598317662500399 ], [ 100.862601426141197, 13.584890042002019 ] ] ] } },
{ "type": "Feature", "properties": { "cell_id": "8764a4929ffffff", "resolution": 7, "type": "h3" }, "geometry": { "type": "Polygon", "coordinates": [ [ [ 100.88646742097518, 13.590561831294711 ], [ 100.876252522881458, 13.581012409981852 ], [ 100.862601426141197, 13.584890042002019 ], [ 100.859164592026517, 13.598317662500399 ], [ 100.869380015175082, 13.607867391640696 ], [ 100.883031747669051, 13.603989192291342 ], [ 100.88646742097518, 13.590561831294711 ] ] ] } },
{ "type": "Feature", "properties": { "cell_id": "8764a4970ffffff", "resolution": 7, "type": "h3" }, "geometry": { "type": "Polygon", "coordinates": [ [ [ 100.845511912924465, 13.602194631941732 ], [ 100.835296705432995, 13.592643415173249 ], [ 100.821643084410013, 13.596519154813489 ], [ 100.818204032827538, 13.609946674723638 ], [ 100.828419761015795, 13.619498199112577 ], [ 100.842074020375918, 13.615621895807001 ], [ 100.845511912924465, 13.602194631941732 ] ] ] } },
{ "type": "Feature", "properties": { "cell_id": "8764a4976ffffff", "resolution": 7, "type": "h3" }, "geometry": { "type": "Polygon", "coordinates": [ [ [ 100.869380015175082, 13.607867391640696 ], [ 100.859164592026517, 13.598317662500399 ], [ 100.845511912924465, 13.602194631941732 ], [ 100.842074020375918, 13.615621895807001 ], [ 100.852289966801834, 13.62517193208604 ], [ 100.865943282784812, 13.621294397197207 ], [ 100.869380015175082, 13.607867391640696 ] ] ] } },
{ "type": "Feature", "properties": { "cell_id": "8764a492bffffff", "resolution": 7, "type": "h3" }, "geometry": { "type": "Polygon", "coordinates": [ [ [ 100.893247382911397, 13.613537431433869 ], [ 100.883031747669051, 13.603989192291342 ], [ 100.869380015175082, 13.607867391640696 ], [ 100.865943282784812, 13.621294397197207 ], [ 100.876159443884305, 13.630842942995921 ], [ 100.889811811802474, 13.626964176418127 ], [ 100.893247382911397, 13.613537431433869 ] ] ] } },
{ "type": "Feature", "properties": { "cell_id": "8764a4972ffffff", "resolution": 7, "type": "h3" }, "geometry": { "type": "Polygon", "coordinates": [ [ [ 100.852289966801834, 13.62517193208604 ], [ 100.842074020375918, 13.615621895807001 ], [ 100.828419761015795, 13.619498199112577 ], [ 100.824980810359406, 13.632925102098916 ], [ 100.835197278284056, 13.642475444828012 ], [ 100.848852175652496, 13.638598577956824 ], [ 100.852289966801834, 13.62517193208604 ] ] ] } },
{ "type": "Feature", "properties": { "cell_id": "8764a490dffffff", "resolution": 7, "type": "h3" }, "geometry": { "type": "Polygon", "coordinates": [ [ [ 100.876159443884305, 13.630842942995921 ], [ 100.865943282784812, 13.621294397197207 ], [ 100.852289966801834, 13.62517193208604 ], [ 100.848852175652496, 13.638598577956824 ], [ 100.859068860831599, 13.648147429723661 ], [ 100.872722813366266, 13.644269329487758 ], [ 100.876159443884305, 13.630842942995921 ] ] ] } },
{ "type": "Feature", "properties": { "cell_id": "8764a490cffffff", "resolution": 7, "type": "h3" }, "geometry": { "type": "Polygon", "coordinates": [ [ [ 100.900028184011575, 13.636511229368637 ], [ 100.889811811802474, 13.626964176418127 ], [ 100.876159443884305, 13.630842942995921 ], [ 100.872722813366266, 13.644269329487758 ], [ 100.882939712235043, 13.653816687923626 ], [ 100.896592715247706, 13.649937354218515 ], [ 100.900028184011575, 13.636511229368637 ] ] ] } },
{ "type": "Feature", "properties": { "cell_id": "8764a4954ffffff", "resolution": 7, "type": "h3" }, "geometry": { "type": "Polygon", "coordinates": [ [ [ 100.835197278284056, 13.642475444828012 ], [ 100.824980810359406, 13.632925102098916 ], [ 100.811324972846791, 13.636800735712034 ], [ 100.807884964409382, 13.650227273573858 ], [ 100.818101952053041, 13.659777922064347 ], [ 100.831758428701519, 13.655901726767697 ], [ 100.835197278284056, 13.642475444828012 ] ] ] } },
{ "type": "Feature", "properties": { "cell_id": "8764a4909ffffff", "resolution": 7, "type": "h3" }, "geometry": { "type": "Polygon", "coordinates": [ [ [ 100.859068860831599, 13.648147429723661 ], [ 100.848852175652496, 13.638598577956824 ], [ 100.835197278284056, 13.642475444828012 ], [ 100.831758428701519, 13.655901726767697 ], [ 100.841975636181559, 13.665450883814627 ], [ 100.855631171229291, 13.661573453477915 ], [ 100.859068860831599, 13.648147429723661 ] ] ] } },
{ "type": "Feature", "properties": { "cell_id": "8764a4908ffffff", "resolution": 7, "type": "h3" }, "geometry": { "type": "Polygon", "coordinates": [ [ [ 100.882939712235043, 13.653816687923626 ], [ 100.872722813366266, 13.644269329487758 ], [ 100.859068860831599, 13.648147429723661 ], [ 100.855631171229291, 13.661573453477915 ], [ 100.865848594980193, 13.671121116711738 ], [ 100.879503183737071, 13.667242451229541 ], [ 100.882939712235043, 13.653816687923626 ] ] ] } },
{ "type": "Feature", "properties": { "cell_id": "8764a4956ffffff", "resolution": 7, "type": "h3" }, "geometry": { "type": "Polygon", "coordinates": [ [ [ 100.841975636181559, 13.665450883814627 ], [ 100.831758428701519, 13.655901726767697 ], [ 100.818101952053041, 13.659777922064347 ], [ 100.814662044363871, 13.673203835827795 ], [ 100.824879772365037, 13.682753297466792 ], [ 100.838536887820638, 13.678876540586378 ], [ 100.841975636181559, 13.665450883814627 ] ] ] } },
{ "type": "Feature", "properties": { "cell_id": "8764a490bffffff", "resolution": 7, "type": "h3" }, "geometry": { "type": "Polygon", "coordinates": [ [ [ 100.865848594980193, 13.671121116711738 ], [ 100.855631171229291, 13.661573453477915 ], [ 100.841975636181559, 13.665450883814627 ], [ 100.838536887820638, 13.678876540586378 ], [ 100.848754834674892, 13.68842450793076 ], [ 100.862411007072765, 13.684546514228986 ], [ 100.865848594980193, 13.671121116711738 ] ] ] } },
{ "type": "Feature", "properties": { "cell_id": "8764a490affffff", "resolution": 7, "type": "h3" }, "geometry": { "type": "Polygon", "coordinates": [ [ [ 100.889720820193361, 13.676788618283254 ], [ 100.879503183737071, 13.667242451229541 ], [ 100.865848594980193, 13.671121116711738 ], [ 100.862411007072765, 13.684546514228986 ], [ 100.87262916921388, 13.69409298491091 ], [ 100.886284393863349, 13.690213754283585 ], [ 100.889720820193361, 13.676788618283254 ] ] ] } },
{ "type": "Feature", "properties": { "cell_id": "8764a492affffff", "resolution": 7, "type": "h3" }, "geometry": { "type": "Polygon", "coordinates": [ [ [ 100.917114007884535, 13.619204748849436 ], [ 100.906898164111581, 13.609658002071722 ], [ 100.893247382911397, 13.613537431433869 ], [ 100.889811811802474, 13.626964176418127 ], [ 100.900028184011575, 13.636511229368637 ], [ 100.913679599178693, 13.632631230998337 ], [ 100.917114007884535, 13.619204748849436 ] ] ] } },
{ "type": "Feature", "properties": { "cell_id": "8764a4905ffffff", "resolution": 7, "type": "h3" }, "geometry": { "type": "Polygon", "coordinates": [ [ [ 100.940979881847085, 13.624869341420307 ], [ 100.93076383310661, 13.615324089371882 ], [ 100.917114007884535, 13.619204748849436 ], [ 100.913679599178693, 13.632631230998337 ], [ 100.923896178933532, 13.642176788735325 ], [ 100.937546636664763, 13.638295558471141 ], [ 100.940979881847085, 13.624869341420307 ] ] ] } },
{ "type": "Feature", "properties": { "cell_id": "8764a4904ffffff", "resolution": 7, "type": "h3" }, "geometry": { "type": "Polygon", "coordinates": [ [ [ 100.964844996553268, 13.630531206684115 ], [ 100.954628746408218, 13.620987451726903 ], [ 100.940979881847085, 13.624869341420307 ], [ 100.937546636664763, 13.638295558471141 ], [ 100.9477634204016, 13.647839618631849 ], [ 100.961412916013572, 13.643957156374572 ], [ 100.964844996553268, 13.630531206684115 ] ] ] } },
{ "type": "Feature", "properties": { "cell_id": "8764a4901ffffff", "resolution": 7, "type": "h3" }, "geometry": { "type": "Polygon", "coordinates": [ [ [ 100.923896178933532, 13.642176788735325 ], [ 100.913679599178693, 13.632631230998337 ], [ 100.900028184011575, 13.636511229368637 ], [ 100.896592715247706, 13.649937354218515 ], [ 100.906809824241549, 13.659483216957256 ], [ 100.92046187304544, 13.655602649680631 ], [ 100.923896178933532, 13.642176788735325 ] ] ] } },
{ "type": "Feature", "properties": { "cell_id": "8764a4900ffffff", "resolution": 7, "type": "h3" }, "geometry": { "type": "Polygon", "coordinates": [ [ [ 100.9477634204016, 13.647839618631849 ], [ 100.937546636664763, 13.638295558471141 ], [ 100.923896178933532, 13.642176788735325 ], [ 100.92046187304544, 13.655602649680631 ], [ 100.930679188599768, 13.665147014358645 ], [ 100.944330278509554, 13.661265213410365 ], [ 100.9477634204016, 13.647839618631849 ] ] ] } },
{ "type": "Feature", "properties": { "cell_id": "8764a4906ffffff", "resolution": 7, "type": "h3" }, "geometry": { "type": "Polygon", "coordinates": [ [ [ 100.971629900168764, 13.653499716598803 ], [ 100.961412916013572, 13.643957156374572 ], [ 100.9477634204016, 13.647839618631849 ], [ 100.944330278509554, 13.661265213410365 ], [ 100.954547797059931, 13.670808077666626 ], [ 100.968197923391727, 13.666925042948716 ], [ 100.971629900168764, 13.653499716598803 ] ] ] } },
{ "type": "Feature", "properties": { "cell_id": "8764a490effffff", "resolution": 7, "type": "h3" }, "geometry": { "type": "Polygon", "coordinates": [ [ [ 100.906809824241549, 13.659483216957256 ], [ 100.896592715247706, 13.649937354218515 ], [ 100.882939712235043, 13.653816687923626 ], [ 100.879503183737071, 13.667242451229541 ], [ 100.889720820193361, 13.676788618283254 ], [ 100.903374457970628, 13.672908717552319 ], [ 100.906809824241549, 13.659483216957256 ] ] ] } },
{ "type": "Feature", "properties": { "cell_id": "8764a4903ffffff", "resolution": 7, "type": "h3" }, "geometry": { "type": "Polygon", "coordinates": [ [ [ 100.930679188599768, 13.665147014358645 ], [ 100.92046187304544, 13.655602649680631 ], [ 100.906809824241549, 13.659483216957256 ], [ 100.903374457970628, 13.672908717552319 ], [ 100.913592303567, 13.682453386061489 ], [ 100.927244985677362, 13.678572249980739 ], [ 100.930679188599768, 13.665147014358645 ] ] ] } },
{ "type": "Feature", "properties": { "cell_id": "8764a4902ffffff", "resolution": 7, "type": "h3" }, "geometry": { "type": "Polygon", "coordinates": [ [ [ 100.954547797059931, 13.670808077666626 ], [ 100.944330278509554, 13.661265213410365 ], [ 100.930679188599768, 13.665147014358645 ], [ 100.927244985677362, 13.678572249980739 ], [ 100.937463036848584, 13.688115417583498 ], [ 100.951114758606181, 13.684233046054016 ], [ 100.954547797059931, 13.670808077666626 ] ] ] } },
{ "type": "Feature", "properties": { "cell_id": "8764a491dffffff", "resolution": 7, "type": "h3" }, "geometry": { "type": "Polygon", "coordinates": [ [ [ 100.913592303567, 13.682453386061489 ], [ 100.903374457970628, 13.672908717552319 ], [ 100.889720820193361, 13.676788618283254 ], [ 100.886284393863349, 13.690213754283585 ], [ 100.896502767725195, 13.699758725937777 ], [ 100.910157039937005, 13.69587825828288 ], [ 100.913592303567, 13.682453386061489 ] ] ] } },
{ "type": "Feature", "properties": { "cell_id": "8764a4973ffffff", "resolution": 7, "type": "h3" }, "geometry": { "type": "Polygon", "coordinates": [ [ [ 100.828419761015795, 13.619498199112577 ], [ 100.818204032827538, 13.609946674723638 ], [ 100.804548834779354, 13.613821746553837 ], [ 100.801108725741443, 13.627248904391951 ], [ 100.811324972846791, 13.636800735712034 ], [ 100.824980810359406, 13.632925102098916 ], [ 100.828419761015795, 13.619498199112577 ] ] ] } },
{ "type": "Feature", "properties": { "cell_id": "8764a4943ffffff", "resolution": 7, "type": "h3" }, "geometry": { "type": "Polygon", "coordinates": [ [ [ 100.763578226328107, 13.625443154744161 ], [ 100.753362431556326, 13.615888353366113 ], [ 100.7397038017629, 13.61976028786658 ], [ 100.736260323526309, 13.633187579911256 ], [ 100.746476630266628, 13.64274268848955 ], [ 100.760135903562372, 13.638870197658859 ], [ 100.763578226328107, 13.625443154744161 ] ] ] } },
{ "type": "Feature", "properties": { "cell_id": "8764a4942ffffff", "resolution": 7, "type": "h3" }, "geometry": { "type": "Polygon", "coordinates": [ [ [ 100.787451952775683, 13.631123304855814 ], [ 100.777235930054601, 13.621569987318571 ], [ 100.763578226328107, 13.625443154744161 ], [ 100.760135903562372, 13.638870197658859 ], [ 100.770352440836248, 13.648423821917572 ], [ 100.784010786610111, 13.644550096376104 ], [ 100.787451952775683, 13.631123304855814 ] ] ] } },
{ "type": "Feature", "properties": { "cell_id": "8764a4955ffffff", "resolution": 7, "type": "h3" }, "geometry": { "type": "Polygon", "coordinates": [ [ [ 100.811324972846791, 13.636800735712034 ], [ 100.801108725741443, 13.627248904391951 ], [ 100.787451952775683, 13.631123304855814 ], [ 100.784010786610111, 13.644550096376104 ], [ 100.794227550851744, 13.654102233938032 ], [ 100.807884964409382, 13.650227273573858 ], [ 100.811324972846791, 13.636800735712034 ] ] ] } },
{ "type": "Feature", "properties": { "cell_id": "8764a495cffffff", "resolution": 7, "type": "h3" }, "geometry": { "type": "Polygon", "coordinates": [ [ [ 100.770352440836248, 13.648423821917572 ], [ 100.760135903562372, 13.638870197658859 ], [ 100.746476630266628, 13.64274268848955 ], [ 100.743033251357218, 13.656169359647464 ], [ 100.753250301400911, 13.665723289937731 ], [ 100.766910217871512, 13.661850242874488 ], [ 100.770352440836248, 13.648423821917572 ] ] ] } },
{ "type": "Feature", "properties": { "cell_id": "8764a4951ffffff", "resolution": 7, "type": "h3" }, "geometry": { "type": "Polygon", "coordinates": [ [ [ 100.794227550851744, 13.654102233938032 ], [ 100.784010786610111, 13.644550096376104 ], [ 100.770352440836248, 13.648423821917572 ], [ 100.766910217871512, 13.661850242874488 ], [ 100.77712749746749, 13.671402685988983 ], [ 100.790786484960861, 13.667528402430001 ], [ 100.794227550851744, 13.654102233938032 ] ] ] } },
{ "type": "Feature", "properties": { "cell_id": "8764a4950ffffff", "resolution": 7, "type": "h3" }, "geometry": { "type": "Polygon", "coordinates": [ [ [ 100.818101952053041, 13.659777922064347 ], [ 100.807884964409382, 13.650227273573858 ], [ 100.794227550851744, 13.654102233938032 ], [ 100.790786484960861, 13.667528402430001 ], [ 100.801003990542654, 13.677079355993222 ], [ 100.814662044363871, 13.673203835827795 ], [ 100.818101952053041, 13.659777922064347 ] ] ] } },
{ "type": "Feature", "properties": { "cell_id": "8764a495effffff", "resolution": 7, "type": "h3" }, "geometry": { "type": "Polygon", "coordinates": [ [ [ 100.77712749746749, 13.671402685988983 ], [ 100.766910217871512, 13.661850242874488 ], [ 100.753250301400911, 13.665723289937731 ], [ 100.749807021966305, 13.679149336085977 ], [ 100.76002481513359, 13.688702084063774 ], [ 100.773685374451475, 13.684828480865999 ], [ 100.77712749746749, 13.671402685988983 ] ] ] } },
{ "type": "Feature", "properties": { "cell_id": "8764a4953ffffff", "resolution": 7, "type": "h3" }, "geometry": { "type": "Polygon", "coordinates": [ [ [ 100.801003990542654, 13.677079355993222 ], [ 100.790786484960861, 13.667528402430001 ], [ 100.77712749746749, 13.671402685988983 ], [ 100.773685374451475, 13.684828480865999 ], [ 100.783903396189416, 13.694379738813328 ], [ 100.797563025074197, 13.690504897335558 ], [ 100.801003990542654, 13.677079355993222 ] ] ] } },
{ "type": "Feature", "properties": { "cell_id": "8764a4952ffffff", "resolution": 7, "type": "h3" }, "geometry": { "type": "Polygon", "coordinates": [ [ [ 100.824879772365037, 13.682753297466792 ], [ 100.814662044363871, 13.673203835827795 ], [ 100.801003990542654, 13.677079355993222 ], [ 100.797563025074197, 13.690504897335558 ], [ 100.807781271815614, 13.70005466287863 ], [ 100.821439965571898, 13.69617858301137 ], [ 100.824879772365037, 13.682753297466792 ] ] ] } },
{ "type": "Feature", "properties": { "cell_id": "87658b599ffffff", "resolution": 7, "type": "h3" }, "geometry": { "type": "Polygon", "coordinates": [ [ [ 100.681984135182034, 13.499127416377029 ], [ 100.671772532002905, 13.489563857929889 ], [ 100.658115301106704, 13.493430561720107 ], [ 100.654669025637361, 13.506861377024535 ], [ 100.664881131614635, 13.516425249474748 ], [ 100.678539010551233, 13.512557992453194 ], [ 100.681984135182034, 13.499127416377029 ] ] ] } },
{ "type": "Feature", "properties": { "cell_id": "87658b4a0ffffff", "resolution": 7, "type": "h3" }, "geometry": { "type": "Polygon", "coordinates": [ [ [ 100.641010240532196, 13.510727408637404 ], [ 100.630798380676254, 13.501162073342911 ], [ 100.617138694099538, 13.505026879673705 ], [ 100.61369021705022, 13.518457570686239 ], [ 100.623902575332423, 13.52802321976338 ], [ 100.637562912526391, 13.524157863881006 ], [ 100.641010240532196, 13.510727408637404 ] ] ] } },
{ "type": "Feature", "properties": { "cell_id": "87658b4a6ffffff", "resolution": 7, "type": "h3" }, "geometry": { "type": "Polygon", "coordinates": [ [ [ 100.664881131614635, 13.516425249474748 ], [ 100.654669025637361, 13.506861377024535 ], [ 100.641010240532196, 13.510727408637404 ], [ 100.637562912526391, 13.524157863881006 ], [ 100.64777551951596, 13.533722049639303 ], [ 100.661434953787435, 13.529855466681623 ], [ 100.664881131614635, 13.516425249474748 ] ] ] } },
{ "type": "Feature", "properties": { "cell_id": "87658b4a3ffffff", "resolution": 7, "type": "h3" }, "geometry": { "type": "Polygon", "coordinates": [ [ [ 100.623902575332423, 13.52802321976338 ], [ 100.61369021705022, 13.518457570686239 ], [ 100.600028981632661, 13.522321699620868 ], [ 100.596579453043077, 13.535752025132627 ], [ 100.606792307963531, 13.545317987296803 ], [ 100.620454195124324, 13.541453310697824 ], [ 100.623902575332423, 13.52802321976338 ] ] ] } },
{ "type": "Feature", "properties": { "cell_id": "87658b4a2ffffff", "resolution": 7, "type": "h3" }, "geometry": { "type": "Polygon", "coordinates": [ [ [ 100.64777551951596, 13.533722049639303 ], [ 100.637562912526391, 13.524157863881006 ], [ 100.623902575332423, 13.52802321976338 ], [ 100.620454195124324, 13.541453310697824 ], [ 100.630667301339216, 13.551017809069204 ], [ 100.644328288825577, 13.547151903728743 ], [ 100.64777551951596, 13.533722049639303 ] ] ] } },
{ "type": "Feature", "properties": { "cell_id": "87658b4b5ffffff", "resolution": 7, "type": "h3" }, "geometry": { "type": "Polygon", "coordinates": [ [ [ 100.67164780592114, 13.539418186727019 ], [ 100.661434953787435, 13.529855466681623 ], [ 100.64777551951596, 13.533722049639303 ], [ 100.644328288825577, 13.547151903728743 ], [ 100.654541642770951, 13.556714935912442 ], [ 100.668201725883392, 13.552847801704132 ], [ 100.67164780592114, 13.539418186727019 ] ] ] } },
{ "type": "Feature", "properties": { "cell_id": "87658b59cffffff", "resolution": 7, "type": "h3" }, "geometry": { "type": "Polygon", "coordinates": [ [ [ 100.722950625669469, 13.487521743124072 ], [ 100.712739289681878, 13.477959963659778 ], [ 100.69908452776761, 13.481828558148104 ], [ 100.695640456665615, 13.49525948884518 ], [ 100.705852299819327, 13.504821582530884 ], [ 100.719507707196456, 13.5009524311339 ], [ 100.722950625669469, 13.487521743124072 ] ] ] } },
{ "type": "Feature", "properties": { "cell_id": "87658b591ffffff", "resolution": 7, "type": "h3" }, "geometry": { "type": "Polygon", "coordinates": [ [ [ 100.746816040055137, 13.49321223922955 ], [ 100.73660447023714, 13.483651926439041 ], [ 100.722950625669469, 13.487521743124072 ], [ 100.719507707196456, 13.5009524311339 ], [ 100.729719786763027, 13.510513057668305 ], [ 100.743374275341282, 13.506642682284836 ], [ 100.746816040055137, 13.49321223922955 ] ] ] } },
{ "type": "Feature", "properties": { "cell_id": "87658b598ffffff", "resolution": 7, "type": "h3" }, "geometry": { "type": "Polygon", "coordinates": [ [ [ 100.705852299819327, 13.504821582530884 ], [ 100.695640456665615, 13.49525948884518 ], [ 100.681984135182034, 13.499127416377029 ], [ 100.678539010551233, 13.512557992453194 ], [ 100.688751359087334, 13.52212039966593 ], [ 100.702408327159674, 13.51825191711124 ], [ 100.705852299819327, 13.504821582530884 ] ] ] } },
{ "type": "Feature", "properties": { "cell_id": "87658b59effffff", "resolution": 7, "type": "h3" }, "geometry": { "type": "Polygon", "coordinates": [ [ [ 100.729719786763027, 13.510513057668305 ], [ 100.719507707196456, 13.5009524311339 ], [ 100.705852299819327, 13.504821582530884 ], [ 100.702408327159674, 13.51825191711124 ], [ 100.712620914692152, 13.527812856695796 ], [ 100.726276967205877, 13.523943148485667 ], [ 100.729719786763027, 13.510513057668305 ] ] ] } },
{ "type": "Feature", "properties": { "cell_id": "87658b593ffffff", "resolution": 7, "type": "h3" }, "geometry": { "type": "Polygon", "coordinates": [ [ [ 100.753586587759045, 13.516201839280603 ], [ 100.743374275341282, 13.506642682284836 ], [ 100.729719786763027, 13.510513057668305 ], [ 100.726276967205877, 13.523943148485667 ], [ 100.7364897901723, 13.533502618053863 ], [ 100.750144922434416, 13.529631684068141 ], [ 100.753586587759045, 13.516201839280603 ] ] ] } },
{ "type": "Feature", "properties": { "cell_id": "87658b59bffffff", "resolution": 7, "type": "h3" }, "geometry": { "type": "Polygon", "coordinates": [ [ [ 100.688751359087334, 13.52212039966593 ], [ 100.678539010551233, 13.512557992453194 ], [ 100.664881131614635, 13.516425249474748 ], [ 100.661434953787435, 13.529855466681623 ], [ 100.67164780592114, 13.539418186727019 ], [ 100.685306332572537, 13.535550376568635 ], [ 100.688751359087334, 13.52212039966593 ] ] ] } },
{ "type": "Feature", "properties": { "cell_id": "87658b59affffff", "resolution": 7, "type": "h3" }, "geometry": { "type": "Polygon", "coordinates": [ [ [ 100.712620914692152, 13.527812856695796 ], [ 100.702408327159674, 13.51825191711124 ], [ 100.688751359087334, 13.52212039966593 ], [ 100.685306332572537, 13.535550376568635 ], [ 100.695519426287149, 13.545111628509604 ], [ 100.709177040622222, 13.541242591027252 ], [ 100.712620914692152, 13.527812856695796 ] ] ] } },
{ "type": "Feature", "properties": { "cell_id": "8764a496dffffff", "resolution": 7, "type": "h3" }, "geometry": { "type": "Polygon", "coordinates": [ [ [ 100.7364897901723, 13.533502618053863 ], [ 100.726276967205877, 13.523943148485667 ], [ 100.712620914692152, 13.527812856695796 ], [ 100.709177040622222, 13.541242591027252 ], [ 100.719390372354582, 13.550802372474765 ], [ 100.73304706967842, 13.546932107547356 ], [ 100.7364897901723, 13.533502618053863 ] ] ] } },
{ "type": "Feature", "properties": { "cell_id": "87658b4b4ffffff", "resolution": 7, "type": "h3" }, "geometry": { "type": "Polygon", "coordinates": [ [ [ 100.695519426287149, 13.545111628509604 ], [ 100.685306332572537, 13.535550376568635 ], [ 100.67164780592114, 13.539418186727019 ], [ 100.668201725883392, 13.552847801704132 ], [ 100.678415323995281, 13.562409365307778 ], [ 100.692074498035694, 13.558541002107411 ], [ 100.695519426287149, 13.545111628509604 ] ] ] } },
{ "type": "Feature", "properties": { "cell_id": "87658b4a9ffffff", "resolution": 7, "type": "h3" }, "geometry": { "type": "Polygon", "coordinates": [ [ [ 100.552279878739924, 13.510910598645745 ], [ 100.542068287959623, 13.501340574001354 ], [ 100.528404386077952, 13.505201022879604 ], [ 100.524951419174144, 13.518632038513729 ], [ 100.53516349882716, 13.528202377661918 ], [ 100.548828056801199, 13.524341386507697 ], [ 100.552279878739924, 13.510910598645745 ] ] ] } },
{ "type": "Feature", "properties": { "cell_id": "87658b4a8ffffff", "resolution": 7, "type": "h3" }, "geometry": { "type": "Polygon", "coordinates": [ [ [ 100.576154746680217, 13.516617491738016 ], [ 100.565942896502634, 13.507048923215324 ], [ 100.552279878739924, 13.510910598645745 ], [ 100.548828056801199, 13.524341386507697 ], [ 100.559040398440729, 13.533910269062771 ], [ 100.572704070846655, 13.530048049559065 ], [ 100.576154746680217, 13.516617491738016 ] ] ] } },
{ "type": "Feature", "properties": { "cell_id": "87658b4aeffffff", "resolution": 7, "type": "h3" }, "geometry": { "type": "Polygon", "coordinates": [ [ [ 100.600028981632661, 13.522321699620868 ], [ 100.589816875621125, 13.512754589621423 ], [ 100.576154746680217, 13.516617491738016 ], [ 100.572704070846655, 13.530048049559065 ], [ 100.582916670908673, 13.539615473118639 ], [ 100.596579453043077, 13.535752025132627 ], [ 100.600028981632661, 13.522321699620868 ] ] ] } },
{ "type": "Feature", "properties": { "cell_id": "87658b4abffffff", "resolution": 7, "type": "h3" }, "geometry": { "type": "Polygon", "coordinates": [ [ [ 100.559040398440729, 13.533910269062771 ], [ 100.548828056801199, 13.524341386507697 ], [ 100.53516349882716, 13.528202377661918 ], [ 100.531710627013425, 13.541632793391587 ], [ 100.541923458323737, 13.551201989282159 ], [ 100.555588672066861, 13.547340455943095 ], [ 100.559040398440729, 13.533910269062771 ] ] ] } },
{ "type": "Feature", "properties": { "cell_id": "87658b4aaffffff", "resolution": 7, "type": "h3" }, "geometry": { "type": "Polygon", "coordinates": [ [ [ 100.582916670908673, 13.539615473118639 ], [ 100.572704070846655, 13.530048049559065 ], [ 100.559040398440729, 13.533910269062771 ], [ 100.555588672066861, 13.547340455943095 ], [ 100.565801764389207, 13.556908192366537 ], [ 100.579466091114639, 13.553045428881356 ], [ 100.582916670908673, 13.539615473118639 ] ] ] } },
{ "type": "Feature", "properties": { "cell_id": "87658b485ffffff", "resolution": 7, "type": "h3" }, "geometry": { "type": "Polygon", "coordinates": [ [ [ 100.606792307963531, 13.545317987296803 ], [ 100.596579453043077, 13.535752025132627 ], [ 100.582916670908673, 13.539615473118639 ], [ 100.579466091114639, 13.553045428881356 ], [ 100.589679440884254, 13.56261170343693 ], [ 100.603342875888004, 13.558747709674002 ], [ 100.606792307963531, 13.545317987296803 ] ] ] } },
{ "type": "Feature", "properties": { "cell_id": "8764a4960ffffff", "resolution": 7, "type": "h3" }, "geometry": { "type": "Polygon", "coordinates": [ [ [ 100.808092253318463, 13.550555703062512 ], [ 100.797878745424029, 13.54100065784727 ], [ 100.784225467738651, 13.544874043736021 ], [ 100.780785057785252, 13.558303036754902 ], [ 100.790999082192513, 13.567858392413138 ], [ 100.80465300032688, 13.563984444445492 ], [ 100.808092253318463, 13.550555703062512 ] ] ] } },
{ "type": "Feature", "properties": { "cell_id": "8764a496effffff", "resolution": 7, "type": "h3" }, "geometry": { "type": "Polygon", "coordinates": [ [ [ 100.767130208563131, 13.56217575692712 ], [ 100.756916411484497, 13.552618923623493 ], [ 100.74326063586544, 13.556490416114913 ], [ 100.739818014582298, 13.569919300154663 ], [ 100.750032323810515, 13.579476443689051 ], [ 100.763688742459408, 13.575604392788845 ], [ 100.767130208563131, 13.56217575692712 ] ] ] } },
{ "type": "Feature", "properties": { "cell_id": "8764a4963ffffff", "resolution": 7, "type": "h3" }, "geometry": { "type": "Polygon", "coordinates": [ [ [ 100.790999082192513, 13.567858392413138 ], [ 100.780785057785252, 13.558303036754902 ], [ 100.767130208563131, 13.56217575692712 ], [ 100.763688742459408, 13.575604392788845 ], [ 100.773903281598848, 13.585160058198863 ], [ 100.78755877239665, 13.581286777831341 ], [ 100.790999082192513, 13.567858392413138 ] ] ] } },
{ "type": "Feature", "properties": { "cell_id": "8764a4962ffffff", "resolution": 7, "type": "h3" }, "geometry": { "type": "Polygon", "coordinates": [ [ [ 100.81486724849988, 13.573538320079422 ], [ 100.80465300032688, 13.563984444445492 ], [ 100.790999082192513, 13.567858392413138 ], [ 100.78755877239665, 13.581286777831341 ], [ 100.797773537883657, 13.590840962737222 ], [ 100.811428096139025, 13.586966452788969 ], [ 100.81486724849988, 13.573538320079422 ] ] ] } },
{ "type": "Feature", "properties": { "cell_id": "8764a4945ffffff", "resolution": 7, "type": "h3" }, "geometry": { "type": "Polygon", "coordinates": [ [ [ 100.773903281598848, 13.585160058198863 ], [ 100.763688742459408, 13.575604392788845 ], [ 100.750032323810515, 13.579476443689051 ], [ 100.746589801885591, 13.592904718146727 ], [ 100.756804853975453, 13.602460692617308 ], [ 100.770461915326891, 13.598588083405584 ], [ 100.773903281598848, 13.585160058198863 ] ] ] } },
{ "type": "Feature", "properties": { "cell_id": "8764a4944ffffff", "resolution": 7, "type": "h3" }, "geometry": { "type": "Polygon", "coordinates": [ [ [ 100.797773537883657, 13.590840962737222 ], [ 100.78755877239665, 13.581286777831341 ], [ 100.773903281598848, 13.585160058198863 ], [ 100.770461915326891, 13.598588083405584 ], [ 100.780677196347199, 13.608142576892838 ], [ 100.794333328392938, 13.604268736427983 ], [ 100.797773537883657, 13.590840962737222 ] ] ] } },
{ "type": "Feature", "properties": { "cell_id": "8764a4971ffffff", "resolution": 7, "type": "h3" }, "geometry": { "type": "Polygon", "coordinates": [ [ [ 100.821643084410013, 13.596519154813489 ], [ 100.811428096139025, 13.586966452788969 ], [ 100.797773537883657, 13.590840962737222 ], [ 100.794333328392938, 13.604268736427983 ], [ 100.804548834779354, 13.613821746553837 ], [ 100.818204032827538, 13.609946674723638 ], [ 100.821643084410013, 13.596519154813489 ] ] ] } },
{ "type": "Feature", "properties": { "cell_id": "8764a4941ffffff", "resolution": 7, "type": "h3" }, "geometry": { "type": "Polygon", "coordinates": [ [ [ 100.756804853975453, 13.602460692617308 ], [ 100.746589801885591, 13.592904718146727 ], [ 100.732931815921717, 13.596776096219667 ], [ 100.729488238505525, 13.610204005026631 ], [ 100.7397038017629, 13.61976028786658 ], [ 100.753362431556326, 13.615888353366113 ], [ 100.756804853975453, 13.602460692617308 ] ] ] } },
{ "type": "Feature", "properties": { "cell_id": "8764a4940ffffff", "resolution": 7, "type": "h3" }, "geometry": { "type": "Polygon", "coordinates": [ [ [ 100.780677196347199, 13.608142576892838 ], [ 100.770461915326891, 13.598588083405584 ], [ 100.756804853975453, 13.602460692617308 ], [ 100.753362431556326, 13.615888353366113 ], [ 100.763578226328107, 13.625443154744161 ], [ 100.777235930054601, 13.621569987318571 ], [ 100.780677196347199, 13.608142576892838 ] ] ] } },
{ "type": "Feature", "properties": { "cell_id": "8764a4946ffffff", "resolution": 7, "type": "h3" }, "geometry": { "type": "Polygon", "coordinates": [ [ [ 100.804548834779354, 13.613821746553837 ], [ 100.794333328392938, 13.604268736427983 ], [ 100.780677196347199, 13.608142576892838 ], [ 100.777235930054601, 13.621569987318571 ], [ 100.787451952775683, 13.631123304855814 ], [ 100.801108725741443, 13.627248904391951 ], [ 100.804548834779354, 13.613821746553837 ] ] ] } },
{ "type": "Feature", "properties": { "cell_id": "8764a4969ffffff", "resolution": 7, "type": "h3" }, "geometry": { "type": "Polygon", "coordinates": [ [ [ 100.719390372354582, 13.550802372474765 ], [ 100.709177040622222, 13.541242591027252 ], [ 100.695519426287149, 13.545111628509604 ], [ 100.692074498035694, 13.558541002107411 ], [ 100.702288336750186, 13.56810109474114 ], [ 100.715946597021755, 13.564231502426667 ], [ 100.719390372354582, 13.550802372474765 ] ] ] } },
{ "type": "Feature", "properties": { "cell_id": "8764a4968ffffff", "resolution": 7, "type": "h3" }, "geometry": { "type": "Polygon", "coordinates": [ [ [ 100.74326063586544, 13.556490416114913 ], [ 100.73304706967842, 13.546932107547356 ], [ 100.719390372354582, 13.550802372474765 ], [ 100.715946597021755, 13.564231502426667 ], [ 100.726160672775009, 13.573790121703134 ], [ 100.739818014582298, 13.569919300154663 ], [ 100.74326063586544, 13.556490416114913 ] ] ] } },
{ "type": "Feature", "properties": { "cell_id": "87658b4b6ffffff", "resolution": 7, "type": "h3" }, "geometry": { "type": "Polygon", "coordinates": [ [ [ 100.702288336750186, 13.56810109474114 ], [ 100.692074498035694, 13.558541002107411 ], [ 100.678415323995281, 13.562409365307778 ], [ 100.674969341894325, 13.575838373924434 ], [ 100.68518368580601, 13.585398777051278 ], [ 100.698843506909483, 13.581529860904146 ], [ 100.702288336750186, 13.56810109474114 ] ] ] } },
{ "type": "Feature", "properties": { "cell_id": "8764a496bffffff", "resolution": 7, "type": "h3" }, "geometry": { "type": "Polygon", "coordinates": [ [ [ 100.726160672775009, 13.573790121703134 ], [ 100.715946597021755, 13.564231502426667 ], [ 100.702288336750186, 13.56810109474114 ], [ 100.698843506909483, 13.581529860904146 ], [ 100.709058090445069, 13.591088790197052 ], [ 100.722716996326753, 13.587218643146356 ], [ 100.726160672775009, 13.573790121703134 ] ] ] } },
{ "type": "Feature", "properties": { "cell_id": "8764a496affffff", "resolution": 7, "type": "h3" }, "geometry": { "type": "Polygon", "coordinates": [ [ [ 100.750032323810515, 13.579476443689051 ], [ 100.739818014582298, 13.569919300154663 ], [ 100.726160672775009, 13.573790121703134 ], [ 100.722716996326753, 13.587218643146356 ], [ 100.732931815921717, 13.596776096219667 ], [ 100.746589801885591, 13.592904718146727 ], [ 100.750032323810515, 13.579476443689051 ] ] ] } },
{ "type": "Feature", "properties": { "cell_id": "87658b4b2ffffff", "resolution": 7, "type": "h3" }, "geometry": { "type": "Polygon", "coordinates": [ [ [ 100.68518368580601, 13.585398777051278 ], [ 100.674969341894325, 13.575838373924434 ], [ 100.661308610266403, 13.579706059288849 ], [ 100.65786157464872, 13.593134698677103 ], [ 100.668076421971548, 13.602695411603968 ], [ 100.681737801789225, 13.598827175178331 ], [ 100.68518368580601, 13.585398777051278 ] ] ] } },
{ "type": "Feature", "properties": { "cell_id": "8764a494dffffff", "resolution": 7, "type": "h3" }, "geometry": { "type": "Polygon", "coordinates": [ [ [ 100.709058090445069, 13.591088790197052 ], [ 100.698843506909483, 13.581529860904146 ], [ 100.68518368580601, 13.585398777051278 ], [ 100.681737801789225, 13.598827175178331 ], [ 100.691952891322188, 13.608386413795218 ], [ 100.705613359162555, 13.60451694479689 ], [ 100.709058090445069, 13.591088790197052 ] ] ] } },
{ "type": "Feature", "properties": { "cell_id": "8764a494cffffff", "resolution": 7, "type": "h3" }, "geometry": { "type": "Polygon", "coordinates": [ [ [ 100.732931815921717, 13.596776096219667 ], [ 100.722716996326753, 13.587218643146356 ], [ 100.709058090445069, 13.591088790197052 ], [ 100.705613359162555, 13.60451694479689 ], [ 100.715828687340363, 13.614074706717293 ], [ 100.729488238505525, 13.610204005026631 ], [ 100.732931815921717, 13.596776096219667 ] ] ] } },
{ "type": "Feature", "properties": { "cell_id": "8764a4949ffffff", "resolution": 7, "type": "h3" }, "geometry": { "type": "Polygon", "coordinates": [ [ [ 100.691952891322188, 13.608386413795218 ], [ 100.681737801789225, 13.598827175178331 ], [ 100.668076421971548, 13.602695411603968 ], [ 100.664629484111273, 13.616123437448268 ], [ 100.674845077855494, 13.625682984696683 ], [ 100.688507105537028, 13.621814197305062 ], [ 100.691952891322188, 13.608386413795218 ] ] ] } },
{ "type": "Feature", "properties": { "cell_id": "8764a4948ffffff", "resolution": 7, "type": "h3" }, "geometry": { "type": "Polygon", "coordinates": [ [ [ 100.715828687340363, 13.614074706717293 ], [ 100.705613359162555, 13.60451694479689 ], [ 100.691952891322188, 13.608386413795218 ], [ 100.688507105537028, 13.621814197305062 ], [ 100.698722940512582, 13.631372267380739 ], [ 100.712384054763504, 13.62750224562714 ], [ 100.715828687340363, 13.614074706717293 ] ] ] } },
{ "type": "Feature", "properties": { "cell_id": "87658b484ffffff", "resolution": 7, "type": "h3" }, "geometry": { "type": "Polygon", "coordinates": [ [ [ 100.630667301339216, 13.551017809069204 ], [ 100.620454195124324, 13.541453310697824 ], [ 100.606792307963531, 13.545317987296803 ], [ 100.603342875888004, 13.558747709674002 ], [ 100.613556479540165, 13.568312519963472 ], [ 100.627219018119561, 13.564447295793315 ], [ 100.630667301339216, 13.551017809069204 ] ] ] } },
{ "type": "Feature", "properties": { "cell_id": "87658b4b1ffffff", "resolution": 7, "type": "h3" }, "geometry": { "type": "Polygon", "coordinates": [ [ [ 100.654541642770951, 13.556714935912442 ], [ 100.644328288825577, 13.547151903728743 ], [ 100.630667301339216, 13.551017809069204 ], [ 100.627219018119561, 13.564447295793315 ], [ 100.637432872089562, 13.57401063942096 ], [ 100.651094509543228, 13.570144184716254 ], [ 100.654541642770951, 13.556714935912442 ] ] ] } },
{ "type": "Feature", "properties": { "cell_id": "87658b4b0ffffff", "resolution": 7, "type": "h3" }, "geometry": { "type": "Polygon", "coordinates": [ [ [ 100.678415323995281, 13.562409365307778 ], [ 100.668201725883392, 13.552847801704132 ], [ 100.654541642770951, 13.556714935912442 ], [ 100.651094509543228, 13.570144184716254 ], [ 100.661308610266403, 13.579706059288849 ], [ 100.674969341894325, 13.575838373924434 ], [ 100.678415323995281, 13.562409365307778 ] ] ] } },
{ "type": "Feature", "properties": { "cell_id": "87658b480ffffff", "resolution": 7, "type": "h3" }, "geometry": { "type": "Polygon", "coordinates": [ [ [ 100.613556479540165, 13.568312519963472 ], [ 100.603342875888004, 13.558747709674002 ], [ 100.589679440884254, 13.56261170343693 ], [ 100.586228957276944, 13.576041053009059 ], [ 100.596443056577215, 13.585606174521637 ], [ 100.610107144125919, 13.581741635074618 ], [ 100.613556479540165, 13.568312519963472 ] ] ] } },
{ "type": "Feature", "properties": { "cell_id": "87658b486ffffff", "resolution": 7, "type": "h3" }, "geometry": { "type": "Polygon", "coordinates": [ [ [ 100.637432872089562, 13.57401063942096 ], [ 100.627219018119561, 13.564447295793315 ], [ 100.613556479540165, 13.568312519963472 ], [ 100.610107144125919, 13.581741635074618 ], [ 100.620321496332451, 13.591305289451848 ], [ 100.633984686005618, 13.587439517804029 ], [ 100.637432872089562, 13.57401063942096 ] ] ] } },
{ "type": "Feature", "properties": { "cell_id": "87658b4b3ffffff", "resolution": 7, "type": "h3" }, "geometry": { "type": "Polygon", "coordinates": [ [ [ 100.661308610266403, 13.579706059288849 ], [ 100.651094509543228, 13.570144184716254 ], [ 100.637432872089562, 13.57401063942096 ], [ 100.633984686005618, 13.587439517804029 ], [ 100.644199287552993, 13.59700170265185 ], [ 100.65786157464872, 13.593134698677103 ], [ 100.661308610266403, 13.579706059288849 ] ] ] } },
{ "type": "Feature", "properties": { "cell_id": "87658b482ffffff", "resolution": 7, "type": "h3" }, "geometry": { "type": "Polygon", "coordinates": [ [ [ 100.620321496332451, 13.591305289451848 ], [ 100.610107144125919, 13.581741635074618 ], [ 100.596443056577215, 13.585606174521637 ], [ 100.592992669303825, 13.599034913772442 ], [ 100.603207517957657, 13.608598878204905 ], [ 100.616872257726769, 13.604733793166986 ], [ 100.620321496332451, 13.591305289451848 ] ] ] } },
{ "type": "Feature", "properties": { "cell_id": "87658b495ffffff", "resolution": 7, "type": "h3" }, "geometry": { "type": "Polygon", "coordinates": [ [ [ 100.644199287552993, 13.59700170265185 ], [ 100.633984686005618, 13.587439517804029 ], [ 100.620321496332451, 13.591305289451848 ], [ 100.616872257726769, 13.604733793166986 ], [ 100.627087358310149, 13.614296287596318 ], [ 100.640751198752113, 13.610429968564699 ], [ 100.644199287552993, 13.59700170265185 ] ] ] } },
{ "type": "Feature", "properties": { "cell_id": "87658b494ffffff", "resolution": 7, "type": "h3" }, "geometry": { "type": "Polygon", "coordinates": [ [ [ 100.668076421971548, 13.602695411603968 ], [ 100.65786157464872, 13.593134698677103 ], [ 100.644199287552993, 13.59700170265185 ], [ 100.640751198752113, 13.610429968564699 ], [ 100.650966547698957, 13.619990990598509 ], [ 100.664629484111273, 13.616123437448268 ], [ 100.668076421971548, 13.602695411603968 ] ] ] } },
{ "type": "Feature", "properties": { "cell_id": "87658b491ffffff", "resolution": 7, "type": "h3" }, "geometry": { "type": "Polygon", "coordinates": [ [ [ 100.627087358310149, 13.614296287596318 ], [ 100.616872257726769, 13.604733793166986 ], [ 100.603207517957657, 13.608598878204905 ], [ 100.599757227165455, 13.622027003005201 ], [ 100.609972824995566, 13.63158980632233 ], [ 100.623638216660353, 13.627724175787041 ], [ 100.627087358310149, 13.614296287596318 ] ] ] } },
{ "type": "Feature", "properties": { "cell_id": "8764a494effffff", "resolution": 7, "type": "h3" }, "geometry": { "type": "Polygon", "coordinates": [ [ [ 100.7397038017629, 13.61976028786658 ], [ 100.729488238505525, 13.610204005026631 ], [ 100.715828687340363, 13.614074706717293 ], [ 100.712384054763504, 13.62750224562714 ], [ 100.722600127404434, 13.63705883614527 ], [ 100.736260323526309, 13.633187579911256 ], [ 100.7397038017629, 13.61976028786658 ] ] ] } },
{ "type": "Feature", "properties": { "cell_id": "8764a494bffffff", "resolution": 7, "type": "h3" }, "geometry": { "type": "Polygon", "coordinates": [ [ [ 100.698722940512582, 13.631372267380739 ], [ 100.688507105537028, 13.621814197305062 ], [ 100.674845077855494, 13.625682984696683 ], [ 100.671398237900036, 13.639110392870188 ], [ 100.681614577887217, 13.648668770409333 ], [ 100.695277253106497, 13.644799432147321 ], [ 100.698722940512582, 13.631372267380739 ] ] ] } },
{ "type": "Feature", "properties": { "cell_id": "8764a494affffff", "resolution": 7, "type": "h3" }, "geometry": { "type": "Polygon", "coordinates": [ [ [ 100.722600127404434, 13.63705883614527 ], [ 100.712384054763504, 13.62750224562714 ], [ 100.698722940512582, 13.631372267380739 ], [ 100.695277253106497, 13.644799432147321 ], [ 100.705493833345855, 13.654356329652453 ], [ 100.719155593680796, 13.650485755239863 ], [ 100.722600127404434, 13.63705883614527 ] ] ] } },
{ "type": "Feature", "properties": { "cell_id": "8764a495dffffff", "resolution": 7, "type": "h3" }, "geometry": { "type": "Polygon", "coordinates": [ [ [ 100.746476630266628, 13.64274268848955 ], [ 100.736260323526309, 13.633187579911256 ], [ 100.722600127404434, 13.63705883614527 ], [ 100.719155593680796, 13.650485755239863 ], [ 100.729372410605635, 13.660041170327856 ], [ 100.743033251357218, 13.656169359647464 ], [ 100.746476630266628, 13.64274268848955 ] ] ] } },
{ "type": "Feature", "properties": { "cell_id": "8764a4864ffffff", "resolution": 7, "type": "h3" }, "geometry": { "type": "Polygon", "coordinates": [ [ [ 100.705493833345855, 13.654356329652453 ], [ 100.695277253106497, 13.644799432147321 ], [ 100.681614577887217, 13.648668770409333 ], [ 100.678167835984041, 13.66209555678676 ], [ 100.688384922035638, 13.67165276058773 ], [ 100.702048244466368, 13.667782871551273 ], [ 100.705493833345855, 13.654356329652453 ] ] ] } },
{ "type": "Feature", "properties": { "cell_id": "8764a4959ffffff", "resolution": 7, "type": "h3" }, "geometry": { "type": "Polygon", "coordinates": [ [ [ 100.729372410605635, 13.660041170327856 ], [ 100.719155593680796, 13.650485755239863 ], [ 100.705493833345855, 13.654356329652453 ], [ 100.702048244466368, 13.667782871551273 ], [ 100.712265569790546, 13.677338592458439 ], [ 100.725927975882769, 13.673467465483489 ], [ 100.729372410605635, 13.660041170327856 ] ] ] } },
{ "type": "Feature", "properties": { "cell_id": "8764a4958ffffff", "resolution": 7, "type": "h3" }, "geometry": { "type": "Polygon", "coordinates": [ [ [ 100.753250301400911, 13.665723289937731 ], [ 100.743033251357218, 13.656169359647464 ], [ 100.729372410605635, 13.660041170327856 ], [ 100.725927975882769, 13.673467465483489 ], [ 100.736145536912161, 13.683021701115415 ], [ 100.749807021966305, 13.679149336085977 ], [ 100.753250301400911, 13.665723289937731 ] ] ] } },
{ "type": "Feature", "properties": { "cell_id": "8764a4860ffffff", "resolution": 7, "type": "h3" }, "geometry": { "type": "Polygon", "coordinates": [ [ [ 100.688384922035638, 13.67165276058773 ], [ 100.678167835984041, 13.66209555678676 ], [ 100.664503601915698, 13.665964208002915 ], [ 100.661055805848335, 13.679390611745582 ], [ 100.671273395924814, 13.688948121151244 ], [ 100.684938278332254, 13.685078921045362 ], [ 100.688384922035638, 13.67165276058773 ] ] ] } },
{ "type": "Feature", "properties": { "cell_id": "8764a4866ffffff", "resolution": 7, "type": "h3" }, "geometry": { "type": "Polygon", "coordinates": [ [ [ 100.712265569790546, 13.677338592458439 ], [ 100.702048244466368, 13.667782871551273 ], [ 100.688384922035638, 13.67165276058773 ], [ 100.684938278332254, 13.685078921045362 ], [ 100.695156110269508, 13.694634947081179 ], [ 100.708820079585237, 13.690764507366572 ], [ 100.712265569790546, 13.677338592458439 ] ] ] } },
{ "type": "Feature", "properties": { "cell_id": "8764a495bffffff", "resolution": 7, "type": "h3" }, "geometry": { "type": "Polygon", "coordinates": [ [ [ 100.736145536912161, 13.683021701115415 ], [ 100.725927975882769, 13.673467465483489 ], [ 100.712265569790546, 13.677338592458439 ], [ 100.708820079585237, 13.690764507366572 ], [ 100.71903814981512, 13.700319047650272 ], [ 100.732701201337704, 13.696447368209965 ], [ 100.736145536912161, 13.683021701115415 ] ] ] } },
{ "type": "Feature", "properties": { "cell_id": "87658b498ffffff", "resolution": 7, "type": "h3" }, "geometry": { "type": "Polygon", "coordinates": [ [ [ 100.586090939425802, 13.625891397880478 ], [ 100.575875596115011, 13.616327124087126 ], [ 100.562208417006175, 13.620190283430437 ], [ 100.55875592702381, 13.633618258219558 ], [ 100.568971763200153, 13.643182840679456 ], [ 100.582639596783068, 13.639319139519296 ], [ 100.586090939425802, 13.625891397880478 ] ] ] } },
{ "type": "Feature", "properties": { "cell_id": "87658b49effffff", "resolution": 7, "type": "h3" }, "geometry": { "type": "Polygon", "coordinates": [ [ [ 100.609972824995566, 13.63158980632233 ], [ 100.599757227165455, 13.622027003005201 ], [ 100.586090939425802, 13.625891397880478 ], [ 100.582639596783068, 13.639319139519296 ], [ 100.592855690069541, 13.648882251030514 ], [ 100.606522630831847, 13.645017312544475 ], [ 100.609972824995566, 13.63158980632233 ] ] ] } },
{ "type": "Feature", "properties": { "cell_id": "8764a4b26ffffff", "resolution": 7, "type": "h3" }, "geometry": { "type": "Polygon", "coordinates": [ [ [ 100.54508720532786, 13.637480722182863 ], [ 100.534871629829226, 13.627914671170878 ], [ 100.521202024729092, 13.631775898068517 ], [ 100.517747338366121, 13.645203713947629 ], [ 100.52796340234525, 13.654770073402798 ], [ 100.541633664497212, 13.650908308371212 ], [ 100.54508720532786, 13.637480722182863 ] ] ] } },
{ "type": "Feature", "properties": { "cell_id": "87658b49bffffff", "resolution": 7, "type": "h3" }, "geometry": { "type": "Polygon", "coordinates": [ [ [ 100.568971763200153, 13.643182840679456 ], [ 100.55875592702381, 13.633618258219558 ], [ 100.54508720532786, 13.637480722182863 ], [ 100.541633664497212, 13.650908308371212 ], [ 100.551849991746579, 13.660473198803322 ], [ 100.565519369043642, 13.656610194910456 ], [ 100.568971763200153, 13.643182840679456 ] ] ] } },
{ "type": "Feature", "properties": { "cell_id": "87658b49affffff", "resolution": 7, "type": "h3" }, "geometry": { "type": "Polygon", "coordinates": [ [ [ 100.592855690069541, 13.648882251030514 ], [ 100.582639596783068, 13.639319139519296 ], [ 100.568971763200153, 13.643182840679456 ], [ 100.565519369043642, 13.656610194910456 ], [ 100.575735955994972, 13.666173613922066 ], [ 100.589404443727702, 13.662309371037917 ], [ 100.592855690069541, 13.648882251030514 ] ] ] } },
{ "type": "Feature", "properties": { "cell_id": "8764a4b35ffffff", "resolution": 7, "type": "h3" }, "geometry": { "type": "Polygon", "coordinates": [ [ [ 100.551849991746579, 13.660473198803322 ], [ 100.541633664497212, 13.650908308371212 ], [ 100.52796340234525, 13.654770073402798 ], [ 100.524508811004722, 13.668197266744153 ], [ 100.534725627533533, 13.677762464454139 ], [ 100.548396546413755, 13.67390016138045 ], [ 100.551849991746579, 13.660473198803322 ] ] ] } },
{ "type": "Feature", "properties": { "cell_id": "8764a4b34ffffff", "resolution": 7, "type": "h3" }, "geometry": { "type": "Polygon", "coordinates": [ [ [ 100.575735955994972, 13.666173613922066 ], [ 100.565519369043642, 13.656610194910456 ], [ 100.551849991746579, 13.660473198803322 ], [ 100.548396546413755, 13.67390016138045 ], [ 100.558613625237385, 13.683463887198764 ], [ 100.572283657811553, 13.679600343468849 ], [ 100.575735955994972, 13.666173613922066 ] ] ] } },
{ "type": "Feature", "properties": { "cell_id": "8764a4869ffffff", "resolution": 7, "type": "h3" }, "geometry": { "type": "Polygon", "coordinates": [ [ [ 100.59962128681272, 13.671871316234112 ], [ 100.589404443727702, 13.662309371037917 ], [ 100.575735955994972, 13.666173613922066 ], [ 100.572283657811553, 13.679600343468849 ], [ 100.582500995360988, 13.689162594999729 ], [ 100.596170136919113, 13.685297810484789 ], [ 100.59962128681272, 13.671871316234112 ] ] ] } },
{ "type": "Feature", "properties": { "cell_id": "8764a4b30ffffff", "resolution": 7, "type": "h3" }, "geometry": { "type": "Polygon", "coordinates": [ [ [ 100.558613625237385, 13.683463887198764 ], [ 100.548396546413755, 13.67390016138045 ], [ 100.534725627533533, 13.677762464454139 ], [ 100.531271131362658, 13.691189031131655 ], [ 100.541488700264878, 13.700753063062988 ], [ 100.555160275549667, 13.696890222039366 ], [ 100.558613625237385, 13.683463887198764 ] ] ] } },
{ "type": "Feature", "properties": { "cell_id": "8764a4b36ffffff", "resolution": 7, "type": "h3" }, "geometry": { "type": "Polygon", "coordinates": [ [ [ 100.582500995360988, 13.689162594999729 ], [ 100.572283657811553, 13.679600343468849 ], [ 100.558613625237385, 13.683463887198764 ], [ 100.555160275549667, 13.696890222039366 ], [ 100.56537810577089, 13.706452779211881 ], [ 100.579048793298, 13.702588695737779 ], [ 100.582500995360988, 13.689162594999729 ] ] ] } },
{ "type": "Feature", "properties": { "cell_id": "8764a4b09ffffff", "resolution": 7, "type": "h3" }, "geometry": { "type": "Polygon", "coordinates": [ [ [ 100.404894926409966, 13.689496759404884 ], [ 100.39467824234606, 13.679925081918565 ], [ 100.380999918532225, 13.683779754813671 ], [ 100.377537613166695, 13.697206630211541 ], [ 100.387754770731931, 13.706778614761294 ], [ 100.401433760453742, 13.702923416685071 ], [ 100.404894926409966, 13.689496759404884 ] ] ] } },
{ "type": "Feature", "properties": { "cell_id": "8764a4b08ffffff", "resolution": 7, "type": "h3" }, "geometry": { "type": "Polygon", "coordinates": [ [ [ 100.428789359856992, 13.695211057480719 ], [ 100.418572394027876, 13.685640843211544 ], [ 100.404894926409966, 13.689496759404884 ], [ 100.401433760453742, 13.702923416685071 ], [ 100.411651202382899, 13.712493937551825 ], [ 100.425329334460315, 13.708637494376184 ], [ 100.428789359856992, 13.695211057480719 ] ] ] } },
{ "type": "Feature", "properties": { "cell_id": "8764a4b0effffff", "resolution": 7, "type": "h3" }, "geometry": { "type": "Polygon", "coordinates": [ [ [ 100.45268321058289, 13.700922646492042 ], [ 100.442465966558927, 13.69135389784751 ], [ 100.428789359856992, 13.695211057480719 ], [ 100.425329334460315, 13.708637494376184 ], [ 100.435547057182333, 13.71820654915159 ], [ 100.44922432689475, 13.714348860736067 ], [ 100.45268321058289, 13.700922646492042 ] ] ] } },
{ "type": "Feature", "properties": { "cell_id": "8764a4b0bffffff", "resolution": 7, "type": "h3" }, "geometry": { "type": "Polygon", "coordinates": [ [ [ 100.411651202382899, 13.712493937551825 ], [ 100.401433760453742, 13.702923416685071 ], [ 100.387754770731931, 13.706778614761294 ], [ 100.384292557644812, 13.720204858632336 ], [ 100.394510473872984, 13.729775685400426 ], [ 100.408190129181619, 13.725919962231485 ], [ 100.411651202382899, 13.712493937551825 ] ] ] } },
{ "type": "Feature", "properties": { "cell_id": "8764a4b0affffff", "resolution": 7, "type": "h3" }, "geometry": { "type": "Polygon", "coordinates": [ [ [ 100.435547057182333, 13.71820654915159 ], [ 100.425329334460315, 13.708637494376184 ], [ 100.411651202382899, 13.712493937551825 ], [ 100.408190129181619, 13.725919962231485 ], [ 100.418408328801718, 13.735489322442168 ], [ 100.432087125017048, 13.731632352373301 ], [ 100.435547057182333, 13.71820654915159 ] ] ] } },
{ "type": "Feature", "properties": { "cell_id": "8764a4b1dffffff", "resolution": 7, "type": "h3" }, "geometry": { "type": "Polygon", "coordinates": [ [ [ 100.459442326838555, 13.723916447014284 ], [ 100.44922432689475, 13.714348860736067 ], [ 100.435547057182333, 13.71820654915159 ], [ 100.432087125017048, 13.731632352373301 ], [ 100.442305604457275, 13.741200243619884 ], [ 100.455983536858113, 13.737342026511817 ], [ 100.459442326838555, 13.723916447014284 ] ] ] } },
{ "type": "Feature", "properties": { "cell_id": "8764a4a24ffffff", "resolution": 7, "type": "h3" }, "geometry": { "type": "Polygon", "coordinates": [ [ [ 100.418408328801718, 13.735489322442168 ], [ 100.408190129181619, 13.725919962231485 ], [ 100.394510473872984, 13.729775685400426 ], [ 100.391048353211247, 13.743201293619396 ], [ 100.401267027928313, 13.752770958569757 ], [ 100.414947348502452, 13.748914710396832 ], [ 100.418408328801718, 13.735489322442168 ] ] ] } },
{ "type": "Feature", "properties": { "cell_id": "8764a4b19ffffff", "resolution": 7, "type": "h3" }, "geometry": { "type": "Polygon", "coordinates": [ [ [ 100.442305604457275, 13.741200243619884 ], [ 100.432087125017048, 13.731632352373301 ], [ 100.418408328801718, 13.735489322442168 ], [ 100.414947348502452, 13.748914710396832 ], [ 100.42516630563901, 13.758482905916837 ], [ 100.438845765670493, 13.754625409044161 ], [ 100.442305604457275, 13.741200243619884 ] ] ] } },
{ "type": "Feature", "properties": { "cell_id": "8764a4b18ffffff", "resolution": 7, "type": "h3" }, "geometry": { "type": "Polygon", "coordinates": [ [ [ 100.466202292546654, 13.746908446390123 ], [ 100.455983536858113, 13.737342026511817 ], [ 100.442305604457275, 13.741200243619884 ], [ 100.438845765670493, 13.754625409044161 ], [ 100.449065001654049, 13.76419213272878 ], [ 100.462743596421078, 13.760333387018253 ], [ 100.466202292546654, 13.746908446390123 ] ] ] } },
{ "type": "Feature", "properties": { "cell_id": "8764a4a20ffffff", "resolution": 7, "type": "h3" }, "geometry": { "type": "Polygon", "coordinates": [ [ [ 100.401267027928313, 13.752770958569757 ], [ 100.391048353211247, 13.743201293619396 ], [ 100.377367176817472, 13.747056293232848 ], [ 100.373904009040146, 13.760481480746613 ], [ 100.384123157052002, 13.770051449741064 ], [ 100.397804999838996, 13.766195927013003 ], [ 100.401267027928313, 13.752770958569757 ] ] ] } },
{ "type": "Feature", "properties": { "cell_id": "8764a4b00ffffff", "resolution": 7, "type": "h3" }, "geometry": { "type": "Polygon", "coordinates": [ [ [ 100.493708032355258, 13.689345482055256 ], [ 100.483490996800157, 13.679778507798638 ], [ 100.469816786518663, 13.683637622258233 ], [ 100.466358951650079, 13.697064243279495 ], [ 100.476576470298482, 13.706631523894391 ], [ 100.490251341013362, 13.702771876965219 ], [ 100.493708032355258, 13.689345482055256 ] ] ] } },
{ "type": "Feature", "properties": { "cell_id": "8764a4b06ffffff", "resolution": 7, "type": "h3" }, "geometry": { "type": "Polygon", "coordinates": [ [ [ 100.517598673032055, 13.695050629834592 ], [ 100.507381369018518, 13.685485125541053 ], [ 100.493708032355258, 13.689345482055256 ], [ 100.490251341013362, 13.702771876965219 ], [ 100.500469130715814, 13.71233768714799 ], [ 100.514143126362114, 13.708476796367078 ], [ 100.517598673032055, 13.695050629834592 ] ] ] } },
{ "type": "Feature", "properties": { "cell_id": "8764a4b03ffffff", "resolution": 7, "type": "h3" }, "geometry": { "type": "Polygon", "coordinates": [ [ [ 100.476576470298482, 13.706631523894391 ], [ 100.466358951650079, 13.697064243279495 ], [ 100.45268321058289, 13.700922646492042 ], [ 100.44922432689475, 13.714348860736067 ], [ 100.459442326838555, 13.723916447014284 ], [ 100.473118729466577, 13.720057513220601 ], [ 100.476576470298482, 13.706631523894391 ] ] ] } },
{ "type": "Feature", "properties": { "cell_id": "8764a4b02ffffff", "resolution": 7, "type": "h3" }, "geometry": { "type": "Polygon", "coordinates": [ [ [ 100.500469130715814, 13.71233768714799 ], [ 100.490251341013362, 13.702771876965219 ], [ 100.476576470298482, 13.706631523894391 ], [ 100.473118729466577, 13.720057513220601 ], [ 100.483337003061067, 13.729623628598294 ], [ 100.497012533886576, 13.725763449290344 ], [ 100.500469130715814, 13.71233768714799 ] ] ] } },
{ "type": "Feature", "properties": { "cell_id": "8764a4b15ffffff", "resolution": 7, "type": "h3" }, "geometry": { "type": "Polygon", "coordinates": [ [ [ 100.52436118354818, 13.718041133717751 ], [ 100.514143126362114, 13.708476796367078 ], [ 100.500469130715814, 13.71233768714799 ], [ 100.497012533886576, 13.725763449290344 ], [ 100.507231077560618, 13.735328091366689 ], [ 100.520905731866762, 13.731466666410542 ], [ 100.52436118354818, 13.718041133717751 ] ] ] } },
{ "type": "Feature", "properties": { "cell_id": "8764a4b1cffffff", "resolution": 7, "type": "h3" }, "geometry": { "type": "Polygon", "coordinates": [ [ [ 100.483337003061067, 13.729623628598294 ], [ 100.473118729466577, 13.720057513220601 ], [ 100.459442326838555, 13.723916447014284 ], [ 100.455983536858113, 13.737342026511817 ], [ 100.466202292546654, 13.746908446390123 ], [ 100.479879356413036, 13.743048982105748 ], [ 100.483337003061067, 13.729623628598294 ] ] ] } },
{ "type": "Feature", "properties": { "cell_id": "8764a4b11ffffff", "resolution": 7, "type": "h3" }, "geometry": { "type": "Polygon", "coordinates": [ [ [ 100.507231077560618, 13.735328091366689 ], [ 100.497012533886576, 13.725763449290344 ], [ 100.483337003061067, 13.729623628598294 ], [ 100.479879356413036, 13.743048982105748 ], [ 100.490098384778079, 13.752613928214105 ], [ 100.503774575391276, 13.748753216618505 ], [ 100.507231077560618, 13.735328091366689 ] ] ] } },
{ "type": "Feature", "properties": { "cell_id": "8764a4b10ffffff", "resolution": 7, "type": "h3" }, "geometry": { "type": "Polygon", "coordinates": [ [ [ 100.531124542049213, 13.741029832787238 ], [ 100.520905731866762, 13.731466666410542 ], [ 100.507231077560618, 13.735328091366689 ], [ 100.503774575391276, 13.748753216618505 ], [ 100.513993872860993, 13.758316686557762 ], [ 100.527669185503584, 13.754454727518196 ], [ 100.531124542049213, 13.741029832787238 ] ] ] } },
{ "type": "Feature", "properties": { "cell_id": "8764a4b1effffff", "resolution": 7, "type": "h3" }, "geometry": { "type": "Polygon", "coordinates": [ [ [ 100.490098384778079, 13.752613928214105 ], [ 100.479879356413036, 13.743048982105748 ], [ 100.466202292546654, 13.746908446390123 ], [ 100.462743596421078, 13.760333387018253 ], [ 100.472963107679107, 13.769898636464969 ], [ 100.486640832461134, 13.766038641780682 ], [ 100.490098384778079, 13.752613928214105 ] ] ] } },
{ "type": "Feature", "properties": { "cell_id": "8764a4b13ffffff", "resolution": 7, "type": "h3" }, "geometry": { "type": "Polygon", "coordinates": [ [ [ 100.513993872860993, 13.758316686557762 ], [ 100.503774575391276, 13.748753216618505 ], [ 100.490098384778079, 13.752613928214105 ], [ 100.486640832461134, 13.766038641780682 ], [ 100.496860615421113, 13.775602414589496 ], [ 100.510537465498857, 13.771741170797705 ], [ 100.513993872860993, 13.758316686557762 ] ] ] } },
{ "type": "Feature", "properties": { "cell_id": "8764a486bffffff", "resolution": 7, "type": "h3" }, "geometry": { "type": "Polygon", "coordinates": [ [ [ 100.606387729625354, 13.694858585334988 ], [ 100.596170136919113, 13.685297810484789 ], [ 100.582500995360988, 13.689162594999729 ], [ 100.579048793298, 13.702588695737779 ], [ 100.589266881268472, 13.712149775757386 ], [ 100.602936676327374, 13.708284449705204 ], [ 100.606387729625354, 13.694858585334988 ] ] ] } },
{ "type": "Feature", "properties": { "cell_id": "8764a4b33ffffff", "resolution": 7, "type": "h3" }, "geometry": { "type": "Polygon", "coordinates": [ [ [ 100.541488700264878, 13.700753063062988 ], [ 100.531271131362658, 13.691189031131655 ], [ 100.517598673032055, 13.695050629834592 ], [ 100.514143126362114, 13.708476796367078 ], [ 100.52436118354818, 13.718041133717751 ], [ 100.53803429941091, 13.714178998952152 ], [ 100.541488700264878, 13.700753063062988 ] ] ] } },
{ "type": "Feature", "properties": { "cell_id": "8764a4b32ffffff", "resolution": 7, "type": "h3" }, "geometry": { "type": "Polygon", "coordinates": [ [ [ 100.56537810577089, 13.706452779211881 ], [ 100.555160275549667, 13.696890222039366 ], [ 100.541488700264878, 13.700753063062988 ], [ 100.53803429941091, 13.714178998952152 ], [ 100.548252620510169, 13.723741861073274 ], [ 100.561924851875602, 13.719878482192224 ], [ 100.56537810577089, 13.706452779211881 ] ] ] } },
{ "type": "Feature", "properties": { "cell_id": "8764a484dffffff", "resolution": 7, "type": "h3" }, "geometry": { "type": "Polygon", "coordinates": [ [ [ 100.589266881268472, 13.712149775757386 ], [ 100.579048793298, 13.702588695737779 ], [ 100.56537810577089, 13.706452779211881 ], [ 100.561924851875602, 13.719878482192224 ], [ 100.572143433317592, 13.729439866688853 ], [ 100.58581477547331, 13.72557524356376 ], [ 100.589266881268472, 13.712149775757386 ] ] ] } },
{ "type": "Feature", "properties": { "cell_id": "8764a4b14ffffff", "resolution": 7, "type": "h3" }, "geometry": { "type": "Polygon", "coordinates": [ [ [ 100.548252620510169, 13.723741861073274 ], [ 100.53803429941091, 13.714178998952152 ], [ 100.52436118354818, 13.718041133717751 ], [ 100.520905731866762, 13.731466666410542 ], [ 100.531124542049213, 13.741029832787238 ], [ 100.544798315120403, 13.737167162051138 ], [ 100.548252620510169, 13.723741861073274 ] ] ] } },
{ "type": "Feature", "properties": { "cell_id": "8764a4849ffffff", "resolution": 7, "type": "h3" }, "geometry": { "type": "Polygon", "coordinates": [ [ [ 100.572143433317592, 13.729439866688853 ], [ 100.561924851875602, 13.719878482192224 ], [ 100.548252620510169, 13.723741861073274 ], [ 100.544798315120403, 13.737167162051138 ], [ 100.555017388240131, 13.746728850332405 ], [ 100.568690275362101, 13.742864933686784 ], [ 100.572143433317592, 13.729439866688853 ] ] ] } },
{ "type": "Feature", "properties": { "cell_id": "8764a4848ffffff", "resolution": 7, "type": "h3" }, "geometry": { "type": "Polygon", "coordinates": [ [ [ 100.596033613687624, 13.735135148043492 ], [ 100.58581477547331, 13.72557524356376 ], [ 100.572143433317592, 13.729439866688853 ], [ 100.568690275362101, 13.742864933686784 ], [ 100.578909607847933, 13.752425141479364 ], [ 100.592581604307668, 13.748559978796822 ], [ 100.596033613687624, 13.735135148043492 ] ] ] } },
{ "type": "Feature", "properties": { "cell_id": "8764a4b16ffffff", "resolution": 7, "type": "h3" }, "geometry": { "type": "Polygon", "coordinates": [ [ [ 100.555017388240131, 13.746728850332405 ], [ 100.544798315120403, 13.737167162051138 ], [ 100.531124542049213, 13.741029832787238 ], [ 100.527669185503584, 13.754454727518196 ], [ 100.53788874850612, 13.764016718891728 ], [ 100.551563178461947, 13.760153512277629 ], [ 100.555017388240131, 13.746728850332405 ] ] ] } },
{ "type": "Feature", "properties": { "cell_id": "8764a484bffffff", "resolution": 7, "type": "h3" }, "geometry": { "type": "Polygon", "coordinates": [ [ [ 100.578909607847933, 13.752425141479364 ], [ 100.568690275362101, 13.742864933686784 ], [ 100.555017388240131, 13.746728850332405 ], [ 100.551563178461947, 13.760153512277629 ], [ 100.561783003425433, 13.769714022691328 ], [ 100.575456545979634, 13.765849568374319 ], [ 100.578909607847933, 13.752425141479364 ] ] ] } },
{ "type": "Feature", "properties": { "cell_id": "8764a484affffff", "resolution": 7, "type": "h3" }, "geometry": { "type": "Polygon", "coordinates": [ [ [ 100.602801192588501, 13.758118703709991 ], [ 100.592581604307668, 13.748559978796822 ], [ 100.578909607847933, 13.752425141479364 ], [ 100.575456545979634, 13.765849568374319 ], [ 100.585676629332212, 13.77540859543662 ], [ 100.599349279771232, 13.771542893290512 ], [ 100.602801192588501, 13.758118703709991 ] ] ] } },
{ "type": "Feature", "properties": { "cell_id": "8764a4a26ffffff", "resolution": 7, "type": "h3" }, "geometry": { "type": "Polygon", "coordinates": [ [ [ 100.42516630563901, 13.758482905916837 ], [ 100.414947348502452, 13.748914710396832 ], [ 100.401267027928313, 13.752770958569757 ], [ 100.397804999838996, 13.766195927013003 ], [ 100.408024432870718, 13.775764426111488 ], [ 100.421705418388868, 13.771907653023627 ], [ 100.42516630563901, 13.758482905916837 ] ] ] } },
{ "type": "Feature", "properties": { "cell_id": "8764a4b1bffffff", "resolution": 7, "type": "h3" }, "geometry": { "type": "Polygon", "coordinates": [ [ [ 100.449065001654049, 13.76419213272878 ], [ 100.438845765670493, 13.754625409044161 ], [ 100.42516630563901, 13.758482905916837 ], [ 100.421705418388868, 13.771907653023627 ], [ 100.431925132867264, 13.781474679820272 ], [ 100.445605256392938, 13.777616656233516 ], [ 100.449065001654049, 13.76419213272878 ] ] ] } },
{ "type": "Feature", "properties": { "cell_id": "8764a4a22ffffff", "resolution": 7, "type": "h3" }, "geometry": { "type": "Polygon", "coordinates": [ [ [ 100.408024432870718, 13.775764426111488 ], [ 100.397804999838996, 13.766195927013003 ], [ 100.384123157052002, 13.770051449741064 ], [ 100.380660081517334, 13.783475994428883 ], [ 100.39087998864197, 13.793044796410914 ], [ 100.404562497500933, 13.789188750656939 ], [ 100.408024432870718, 13.775764426111488 ] ] ] } },
{ "type": "Feature", "properties": { "cell_id": "8764a4a35ffffff", "resolution": 7, "type": "h3" }, "geometry": { "type": "Polygon", "coordinates": [ [ [ 100.431925132867264, 13.781474679820272 ], [ 100.421705418388868, 13.771907653023627 ], [ 100.408024432870718, 13.775764426111488 ], [ 100.404562497500933, 13.789188750656939 ], [ 100.414782688672958, 13.798756079871321 ], [ 100.428464338813384, 13.794898781957906 ], [ 100.431925132867264, 13.781474679820272 ] ] ] } },
{ "type": "Feature", "properties": { "cell_id": "8764a4a34ffffff", "resolution": 7, "type": "h3" }, "geometry": { "type": "Polygon", "coordinates": [ [ [ 100.455825248744802, 13.787182208324953 ], [ 100.445605256392938, 13.777616656233516 ], [ 100.431925132867264, 13.781474679820272 ], [ 100.428464338813384, 13.794898781957906 ], [ 100.438684810458867, 13.80446463600042 ], [ 100.452365597156557, 13.800606085789653 ], [ 100.455825248744802, 13.787182208324953 ] ] ] } },
{ "type": "Feature", "properties": { "cell_id": "8764a4a31ffffff", "resolution": 7, "type": "h3" }, "geometry": { "type": "Polygon", "coordinates": [ [ [ 100.414782688672958, 13.798756079871321 ], [ 100.404562497500933, 13.789188750656939 ], [ 100.39087998864197, 13.793044796410914 ], [ 100.387417005497028, 13.806468694151535 ], [ 100.397637671560332, 13.81603632508938 ], [ 100.411320846169815, 13.812179756398509 ], [ 100.414782688672958, 13.798756079871321 ] ] ] } },
{ "type": "Feature", "properties": { "cell_id": "8764a4a30ffffff", "resolution": 7, "type": "h3" }, "geometry": { "type": "Polygon", "coordinates": [ [ [ 100.438684810458867, 13.80446463600042 ], [ 100.428464338813384, 13.794898781957906 ], [ 100.414782688672958, 13.798756079871321 ], [ 100.411320846169815, 13.812179756398509 ], [ 100.421541795307604, 13.821745911698478 ], [ 100.435224109748447, 13.817888089049214 ], [ 100.438684810458867, 13.80446463600042 ] ] ] } },
{ "type": "Feature", "properties": { "cell_id": "8764a4a36ffffff", "resolution": 7, "type": "h3" }, "geometry": { "type": "Polygon", "coordinates": [ [ [ 100.462586345701581, 13.810170462258606 ], [ 100.452365597156557, 13.800606085789653 ], [ 100.438684810458867, 13.80446463600042 ], [ 100.435224109748447, 13.817888089049214 ], [ 100.445445338386094, 13.827452766308767 ], [ 100.459126787933471, 13.823593689564374 ], [ 100.462586345701581, 13.810170462258606 ] ] ] } },
{ "type": "Feature", "properties": { "cell_id": "8764a4a06ffffff", "resolution": 7, "type": "h3" }, "geometry": { "type": "Polygon", "coordinates": [ [ [ 100.397637671560332, 13.81603632508938 ], [ 100.387417005497028, 13.806468694151535 ], [ 100.373732975444909, 13.810324009022937 ], [ 100.370268944870006, 13.823747475715628 ], [ 100.380490084021204, 13.833315407682662 ], [ 100.394174780952213, 13.829459571763159 ], [ 100.397637671560332, 13.81603632508938 ] ] ] } },
{ "type": "Feature", "properties": { "cell_id": "8764a4a33ffffff", "resolution": 7, "type": "h3" }, "geometry": { "type": "Polygon", "coordinates": [ [ [ 100.421541795307604, 13.821745911698478 ], [ 100.411320846169815, 13.812179756398509 ], [ 100.397637671560332, 13.81603632508938 ], [ 100.394174780952213, 13.829459571763159 ], [ 100.404396205779932, 13.839026027626971 ], [ 100.418080045818328, 13.835168936088548 ], [ 100.421541795307604, 13.821745911698478 ] ] ] } },
{ "type": "Feature", "properties": { "cell_id": "8764a4b12ffffff", "resolution": 7, "type": "h3" }, "geometry": { "type": "Polygon", "coordinates": [ [ [ 100.53788874850612, 13.764016718891728 ], [ 100.527669185503584, 13.754454727518196 ], [ 100.513993872860993, 13.758316686557762 ], [ 100.510537465498857, 13.771741170797705 ], [ 100.520757516588176, 13.781303464571142 ], [ 100.534433487243646, 13.777440971540301 ], [ 100.53788874850612, 13.764016718891728 ] ] ] } },
{ "type": "Feature", "properties": { "cell_id": "8764a4b1affffff", "resolution": 7, "type": "h3" }, "geometry": { "type": "Polygon", "coordinates": [ [ [ 100.472963107679107, 13.769898636464969 ], [ 100.462743596421078, 13.760333387018253 ], [ 100.449065001654049, 13.76419213272878 ], [ 100.445605256392938, 13.777616656233516 ], [ 100.455825248744802, 13.787182208324953 ], [ 100.469504505555605, 13.783322934102388 ], [ 100.472963107679107, 13.769898636464969 ] ] ] } },
{ "type": "Feature", "properties": { "cell_id": "8764a4badffffff", "resolution": 7, "type": "h3" }, "geometry": { "type": "Polygon", "coordinates": [ [ [ 100.496860615421113, 13.775602414589496 ], [ 100.486640832461134, 13.766038641780682 ], [ 100.472963107679107, 13.769898636464969 ], [ 100.469504505555605, 13.783322934102388 ], [ 100.479724772207703, 13.792887009087764 ], [ 100.493403157582534, 13.789026484094665 ], [ 100.496860615421113, 13.775602414589496 ] ] ] } },
{ "type": "Feature", "properties": { "cell_id": "8764a4bacffffff", "resolution": 7, "type": "h3" }, "geometry": { "type": "Polygon", "coordinates": [ [ [ 100.520757516588176, 13.781303464571142 ], [ 100.510537465498857, 13.771741170797705 ], [ 100.496860615421113, 13.775602414589496 ], [ 100.493403157582534, 13.789026484094665 ], [ 100.50362369496159, 13.798589079575656 ], [ 100.517301204180569, 13.794727303679467 ], [ 100.520757516588176, 13.781303464571142 ] ] ] } },
{ "type": "Feature", "properties": { "cell_id": "8764a4ba9ffffff", "resolution": 7, "type": "h3" }, "geometry": { "type": "Polygon", "coordinates": [ [ [ 100.479724772207703, 13.792887009087764 ], [ 100.469504505555605, 13.783322934102388 ], [ 100.455825248744802, 13.787182208324953 ], [ 100.452365597156557, 13.800606085789653 ], [ 100.462586345701581, 13.810170462258606 ], [ 100.476266264233558, 13.806310659614754 ], [ 100.479724772207703, 13.792887009087764 ] ] ] } },
{ "type": "Feature", "properties": { "cell_id": "8764a4ba8ffffff", "resolution": 7, "type": "h3" }, "geometry": { "type": "Polygon", "coordinates": [ [ [ 100.50362369496159, 13.798589079575656 ], [ 100.493403157582534, 13.789026484094665 ], [ 100.479724772207703, 13.792887009087764 ], [ 100.476266264233558, 13.806310659614754 ], [ 100.486487286104165, 13.815873556110969 ], [ 100.500166331748702, 13.81201250090049 ], [ 100.50362369496159, 13.798589079575656 ] ] ] } },
{ "type": "Feature", "properties": { "cell_id": "8764a4baeffffff", "resolution": 7, "type": "h3" }, "geometry": { "type": "Polygon", "coordinates": [ [ [ 100.527522008713305, 13.804288417260281 ], [ 100.517301204180569, 13.794727303679467 ], [ 100.50362369496159, 13.798589079575656 ], [ 100.500166331748702, 13.81201250090049 ], [ 100.510387623370903, 13.82157391502732 ], [ 100.52406579140758, 13.817711607118861 ], [ 100.527522008713305, 13.804288417260281 ] ] ] } },
{ "type": "Feature", "properties": { "cell_id": "8764a4babffffff", "resolution": 7, "type": "h3" }, "geometry": { "type": "Polygon", "coordinates": [ [ [ 100.486487286104165, 13.815873556110969 ], [ 100.476266264233558, 13.806310659614754 ], [ 100.462586345701581, 13.810170462258606 ], [ 100.459126787933471, 13.823593689564374 ], [ 100.469348292496335, 13.833156886383486 ], [ 100.483028872426672, 13.829296555409423 ], [ 100.486487286104165, 13.815873556110969 ] ] ] } },
{ "type": "Feature", "properties": { "cell_id": "8764a4baaffffff", "resolution": 7, "type": "h3" }, "geometry": { "type": "Polygon", "coordinates": [ [ [ 100.510387623370903, 13.82157391502732 ], [ 100.500166331748702, 13.81201250090049 ], [ 100.486487286104165, 13.815873556110969 ], [ 100.483028872426672, 13.829296555409423 ], [ 100.493250649340069, 13.838858269390597 ], [ 100.506930354931086, 13.834996684054508 ], [ 100.510387623370903, 13.82157391502732 ] ] ] } },
{ "type": "Feature", "properties": { "cell_id": "8764a4b85ffffff", "resolution": 7, "type": "h3" }, "geometry": { "type": "Polygon", "coordinates": [ [ [ 100.534287349207403, 13.827271536482193 ], [ 100.52406579140758, 13.817711607118861 ], [ 100.510387623370903, 13.82157391502732 ], [ 100.506930354931086, 13.834996684054508 ], [ 100.517152400620333, 13.844556912802778 ], [ 100.530831227150983, 13.840694072974502 ], [ 100.534287349207403, 13.827271536482193 ] ] ] } },
{ "type": "Feature", "properties": { "cell_id": "8764a4ba5ffffff", "resolution": 7, "type": "h3" }, "geometry": { "type": "Polygon", "coordinates": [ [ [ 100.561783003425433, 13.769714022691328 ], [ 100.551563178461947, 13.760153512277629 ], [ 100.53788874850612, 13.764016718891728 ], [ 100.534433487243646, 13.777440971540301 ], [ 100.544653802889798, 13.787001783883406 ], [ 100.558328889406212, 13.783138041484147 ], [ 100.561783003425433, 13.769714022691328 ] ] ] } },
{ "type": "Feature", "properties": { "cell_id": "8764a4ba4ffffff", "resolution": 7, "type": "h3" }, "geometry": { "type": "Polygon", "coordinates": [ [ [ 100.585676629332212, 13.77540859543662 ], [ 100.575456545979634, 13.765849568374319 ], [ 100.561783003425433, 13.769714022691328 ], [ 100.558328889406212, 13.783138041484147 ], [ 100.5685494660366, 13.792697370004506 ], [ 100.582223663698571, 13.788832378109644 ], [ 100.585676629332212, 13.77540859543662 ] ] ] } },
{ "type": "Feature", "properties": { "cell_id": "8764a4859ffffff", "resolution": 7, "type": "h3" }, "geometry": { "type": "Polygon", "coordinates": [ [ [ 100.609569617941091, 13.781100434612375 ], [ 100.599349279771232, 13.771542893290512 ], [ 100.585676629332212, 13.77540859543662 ], [ 100.582223663698571, 13.788832378109644 ], [ 100.592444497740644, 13.798390220417376 ], [ 100.606117801834003, 13.794523978901914 ], [ 100.609569617941091, 13.781100434612375 ] ] ] } },
{ "type": "Feature", "properties": { "cell_id": "8764a4ba1ffffff", "resolution": 7, "type": "h3" }, "geometry": { "type": "Polygon", "coordinates": [ [ [ 100.544653802889798, 13.787001783883406 ], [ 100.534433487243646, 13.777440971540301 ], [ 100.520757516588176, 13.781303464571142 ], [ 100.517301204180569, 13.794727303679467 ], [ 100.527522008713305, 13.804288417260281 ], [ 100.541198637057846, 13.800425390330647 ], [ 100.544653802889798, 13.787001783883406 ] ] ] } },
{ "type": "Feature", "properties": { "cell_id": "8764a4ba0ffffff", "resolution": 7, "type": "h3" }, "geometry": { "type": "Polygon", "coordinates": [ [ [ 100.5685494660366, 13.792697370004506 ], [ 100.558328889406212, 13.783138041484147 ], [ 100.544653802889798, 13.787001783883406 ], [ 100.541198637057846, 13.800425390330647 ], [ 100.551419705171028, 13.809985019618013 ], [ 100.565095447923795, 13.806120741526767 ], [ 100.5685494660366, 13.792697370004506 ] ] ] } },
{ "type": "Feature", "properties": { "cell_id": "8764a4ba6ffffff", "resolution": 7, "type": "h3" }, "geometry": { "type": "Polygon", "coordinates": [ [ [ 100.592444497740644, 13.798390220417376 ], [ 100.582223663698571, 13.788832378109644 ], [ 100.5685494660366, 13.792697370004506 ], [ 100.565095447923795, 13.806120741526767 ], [ 100.575316776044133, 13.815678884129955 ], [ 100.588991628489154, 13.8118133547511 ], [ 100.592444497740644, 13.798390220417376 ] ] ] } },
{ "type": "Feature", "properties": { "cell_id": "8764a4ba3ffffff", "resolution": 7, "type": "h3" }, "geometry": { "type": "Polygon", "coordinates": [ [ [ 100.551419705171028, 13.809985019618013 ], [ 100.541198637057846, 13.800425390330647 ], [ 100.527522008713305, 13.804288417260281 ], [ 100.52406579140758, 13.817711607118861 ], [ 100.534287349207403, 13.827271536482193 ], [ 100.547964634917037, 13.823407975746585 ], [ 100.551419705171028, 13.809985019618013 ] ] ] } },
{ "type": "Feature", "properties": { "cell_id": "8764a4ba2ffffff", "resolution": 7, "type": "h3" }, "geometry": { "type": "Polygon", "coordinates": [ [ [ 100.575316776044133, 13.815678884129955 ], [ 100.565095447923795, 13.806120741526767 ], [ 100.551419705171028, 13.809985019618013 ], [ 100.547964634917037, 13.823407975746585 ], [ 100.558186455320509, 13.832966417954839 ], [ 100.571862853985223, 13.82910160426511 ], [ 100.575316776044133, 13.815678884129955 ] ] ] } },
{ "type": "Feature", "properties": { "cell_id": "8764a4bb5ffffff", "resolution": 7, "type": "h3" }, "geometry": { "type": "Polygon", "coordinates": [ [ [ 100.599213213043356, 13.821370008281926 ], [ 100.588991628489154, 13.8118133547511 ], [ 100.575316776044133, 13.815678884129955 ], [ 100.571862853985223, 13.82910160426511 ], [ 100.582084933418329, 13.838658556929248 ], [ 100.595760440321541, 13.834792490160609 ], [ 100.599213213043356, 13.821370008281926 ] ] ] } },
{ "type": "Feature", "properties": { "cell_id": "8764a4b84ffffff", "resolution": 7, "type": "h3" }, "geometry": { "type": "Polygon", "coordinates": [ [ [ 100.558186455320509, 13.832966417954839 ], [ 100.547964634917037, 13.823407975746585 ], [ 100.534287349207403, 13.827271536482193 ], [ 100.530831227150983, 13.840694072974502 ], [ 100.541053538041396, 13.850252814097445 ], [ 100.554731480791972, 13.84638871964901 ], [ 100.558186455320509, 13.832966417954839 ] ] ] } },
{ "type": "Feature", "properties": { "cell_id": "8764a4a32ffffff", "resolution": 7, "type": "h3" }, "geometry": { "type": "Polygon", "coordinates": [ [ [ 100.445445338386094, 13.827452766308767 ], [ 100.435224109748447, 13.817888089049214 ], [ 100.421541795307604, 13.821745911698478 ], [ 100.418080045818328, 13.835168936088548 ], [ 100.428301752747231, 13.844733913445733 ], [ 100.441984731166372, 13.840875566150645 ], [ 100.445445338386094, 13.827452766308767 ] ] ] } },
{ "type": "Feature", "properties": { "cell_id": "8764a4a15ffffff", "resolution": 7, "type": "h3" }, "geometry": { "type": "Polygon", "coordinates": [ [ [ 100.404396205779932, 13.839026027626971 ], [ 100.394174780952213, 13.829459571763159 ], [ 100.380490084021204, 13.833315407682662 ], [ 100.377026145653161, 13.846738220260455 ], [ 100.387248044367311, 13.856304975994501 ], [ 100.400933407855845, 13.852448619115878 ], [ 100.404396205779932, 13.839026027626971 ] ] ] } },
{ "type": "Feature", "properties": { "cell_id": "8764a4a14ffffff", "resolution": 7, "type": "h3" }, "geometry": { "type": "Polygon", "coordinates": [ [ [ 100.428301752747231, 13.844733913445733 ], [ 100.418080045818328, 13.835168936088548 ], [ 100.404396205779932, 13.839026027626971 ], [ 100.400933407855845, 13.852448619115878 ], [ 100.411155591273555, 13.862013895877753 ], [ 100.424840096419018, 13.858156281581435 ], [ 100.428301752747231, 13.844733913445733 ] ] ] } },
{ "type": "Feature", "properties": { "cell_id": "8764a4b89ffffff", "resolution": 7, "type": "h3" }, "geometry": { "type": "Polygon", "coordinates": [ [ [ 100.452206716621149, 13.850439062600341 ], [ 100.441984731166372, 13.840875566150645 ], [ 100.428301752747231, 13.844733913445733 ], [ 100.424840096419018, 13.858156281581435 ], [ 100.435062560964241, 13.867720076969412 ], [ 100.448746203039406, 13.86386120511885 ], [ 100.452206716621149, 13.850439062600341 ] ] ] } },
{ "type": "Feature", "properties": { "cell_id": "8764a4a10ffffff", "resolution": 7, "type": "h3" }, "geometry": { "type": "Polygon", "coordinates": [ [ [ 100.411155591273555, 13.862013895877753 ], [ 100.400933407855845, 13.852448619115878 ], [ 100.387248044367311, 13.856304975994501 ], [ 100.383784198353254, 13.869727130340205 ], [ 100.394006856456187, 13.879292705813823 ], [ 100.407692886180712, 13.87543582806537 ], [ 100.411155591273555, 13.862013895877753 ] ] ] } },
{ "type": "Feature", "properties": { "cell_id": "8764a4a16ffffff", "resolution": 7, "type": "h3" }, "geometry": { "type": "Polygon", "coordinates": [ [ [ 100.435062560964241, 13.867720076969412 ], [ 100.424840096419018, 13.858156281581435 ], [ 100.411155591273555, 13.862013895877753 ], [ 100.407692886180712, 13.87543582806537 ], [ 100.417915828013832, 13.884999921699347 ], [ 100.431600997944358, 13.881141784735124 ], [ 100.435062560964241, 13.867720076969412 ] ] ] } },
{ "type": "Feature", "properties": { "cell_id": "8764a4b8bffffff", "resolution": 7, "type": "h3" }, "geometry": { "type": "Polygon", "coordinates": [ [ [ 100.458968945136078, 13.873423516733739 ], [ 100.448746203039406, 13.86386120511885 ], [ 100.435062560964241, 13.867720076969412 ], [ 100.431600997944358, 13.881141784735124 ], [ 100.441824219930936, 13.890704394129413 ], [ 100.455508525339638, 13.886844997814048 ], [ 100.458968945136078, 13.873423516733739 ] ] ] } },
{ "type": "Feature", "properties": { "cell_id": "8764a4a12ffffff", "resolution": 7, "type": "h3" }, "geometry": { "type": "Polygon", "coordinates": [ [ [ 100.417915828013832, 13.884999921699347 ], [ 100.407692886180712, 13.87543582806537 ], [ 100.394006856456187, 13.879292705813823 ], [ 100.39054310294334, 13.892714197811863 ], [ 100.400766520260774, 13.902278588999563 ], [ 100.414453215899485, 13.898421190470895 ], [ 100.417915828013832, 13.884999921699347 ] ] ] } },
{ "type": "Feature", "properties": { "cell_id": "8764a4aa5ffffff", "resolution": 7, "type": "h3" }, "geometry": { "type": "Polygon", "coordinates": [ [ [ 100.441824219930936, 13.890704394129413 ], [ 100.431600997944358, 13.881141784735124 ], [ 100.417915828013832, 13.884999921699347 ], [ 100.414453215899485, 13.898421190470895 ], [ 100.42467691597335, 13.907984096952969 ], [ 100.438362750366707, 13.904125437411142 ], [ 100.441824219930936, 13.890704394129413 ] ] ] } },
{ "type": "Feature", "properties": { "cell_id": "8764a4aa4ffffff", "resolution": 7, "type": "h3" }, "geometry": { "type": "Polygon", "coordinates": [ [ [ 100.465732023902873, 13.896406120571138 ], [ 100.455508525339638, 13.886844997814048 ], [ 100.441824219930936, 13.890704394129413 ], [ 100.438362750366707, 13.904125437411142 ], [ 100.448586729619535, 13.913686856789223 ], [ 100.462271698039132, 13.909826936100057 ], [ 100.465732023902873, 13.896406120571138 ] ] ] } },
{ "type": "Feature", "properties": { "cell_id": "8764a4b8dffffff", "resolution": 7, "type": "h3" }, "geometry": { "type": "Polygon", "coordinates": [ [ [ 100.469348292496335, 13.833156886383486 ], [ 100.459126787933471, 13.823593689564374 ], [ 100.445445338386094, 13.827452766308767 ], [ 100.441984731166372, 13.840875566150645 ], [ 100.452206716621149, 13.850439062600341 ], [ 100.465888828695626, 13.846579459413039 ], [ 100.469348292496335, 13.833156886383486 ] ] ] } },
{ "type": "Feature", "properties": { "cell_id": "8764a4b8cffffff", "resolution": 7, "type": "h3" }, "geometry": { "type": "Polygon", "coordinates": [ [ [ 100.493250649340069, 13.838858269390597 ], [ 100.483028872426672, 13.829296555409423 ], [ 100.469348292496335, 13.833156886383486 ], [ 100.465888828695626, 13.846579459413039 ], [ 100.476111089100883, 13.856141472556894 ], [ 100.489792330106582, 13.852280613344021 ], [ 100.493250649340069, 13.838858269390597 ] ] ] } },
{ "type": "Feature", "properties": { "cell_id": "8764a4b81ffffff", "resolution": 7, "type": "h3" }, "geometry": { "type": "Polygon", "coordinates": [ [ [ 100.517152400620333, 13.844556912802778 ], [ 100.506930354931086, 13.834996684054508 ], [ 100.493250649340069, 13.838858269390597 ], [ 100.489792330106582, 13.852280613344021 ], [ 100.500014861886939, 13.86184114078622 ], [ 100.513695227100953, 13.85797902541662 ], [ 100.517152400620333, 13.844556912802778 ] ] ] } },
{ "type": "Feature", "properties": { "cell_id": "8764a4b88ffffff", "resolution": 7, "type": "h3" }, "geometry": { "type": "Polygon", "coordinates": [ [ [ 100.476111089100883, 13.856141472556894 ], [ 100.465888828695626, 13.846579459413039 ], [ 100.452206716621149, 13.850439062600341 ], [ 100.448746203039406, 13.86386120511885 ], [ 100.458968945136078, 13.873423516733739 ], [ 100.472651719414955, 13.869563387194567 ], [ 100.476111089100883, 13.856141472556894 ] ] ] } },
{ "type": "Feature", "properties": { "cell_id": "8764a4b8effffff", "resolution": 7, "type": "h3" }, "geometry": { "type": "Polygon", "coordinates": [ [ [ 100.500014861886939, 13.86184114078622 ], [ 100.489792330106582, 13.852280613344021 ], [ 100.476111089100883, 13.856141472556894 ], [ 100.472651719414955, 13.869563387194567 ], [ 100.482874735487002, 13.879124212639701 ], [ 100.496556637244865, 13.875262825279755 ], [ 100.500014861886939, 13.86184114078622 ] ] ] } },
{ "type": "Feature", "properties": { "cell_id": "8764a4b83ffffff", "resolution": 7, "type": "h3" }, "geometry": { "type": "Polygon", "coordinates": [ [ [ 100.523918026681002, 13.867538064763888 ], [ 100.513695227100953, 13.85797902541662 ], [ 100.500014861886939, 13.86184114078622 ], [ 100.496556637244865, 13.875262825279755 ], [ 100.506779923716167, 13.884822162161003 ], [ 100.520460948229541, 13.880959516850311 ], [ 100.523918026681002, 13.867538064763888 ] ] ] } },
{ "type": "Feature", "properties": { "cell_id": "8764a4b8affffff", "resolution": 7, "type": "h3" }, "geometry": { "type": "Polygon", "coordinates": [ [ [ 100.482874735487002, 13.879124212639701 ], [ 100.472651719414955, 13.869563387194567 ], [ 100.458968945136078, 13.873423516733739 ], [ 100.455508525339638, 13.886844997814048 ], [ 100.465732023902873, 13.896406120571138 ], [ 100.479415460063194, 13.892545464771462 ], [ 100.482874735487002, 13.879124212639701 ] ] ] } },
{ "type": "Feature", "properties": { "cell_id": "8764a4b9dffffff", "resolution": 7, "type": "h3" }, "geometry": { "type": "Polygon", "coordinates": [ [ [ 100.506779923716167, 13.884822162161003 ], [ 100.496556637244865, 13.875262825279755 ], [ 100.482874735487002, 13.879124212639701 ], [ 100.479415460063194, 13.892545464771462 ], [ 100.489639231626299, 13.902105098496369 ], [ 100.50332179381293, 13.898243183081403 ], [ 100.506779923716167, 13.884822162161003 ] ] ] } },
{ "type": "Feature", "properties": { "cell_id": "8764a4b9cffffff", "resolution": 7, "type": "h3" }, "geometry": { "type": "Polygon", "coordinates": [ [ [ 100.530684501523979, 13.890517362776096 ], [ 100.520460948229541, 13.880959516850311 ], [ 100.506779923716167, 13.884822162161003 ], [ 100.50332179381293, 13.898243183081403 ], [ 100.513545834799032, 13.907801325381698 ], [ 100.527227518287944, 13.903938150222668 ], [ 100.530684501523979, 13.890517362776096 ] ] ] } },
{ "type": "Feature", "properties": { "cell_id": "8764a4b99ffffff", "resolution": 7, "type": "h3" }, "geometry": { "type": "Polygon", "coordinates": [ [ [ 100.489639231626299, 13.902105098496369 ], [ 100.479415460063194, 13.892545464771462 ], [ 100.465732023902873, 13.896406120571138 ], [ 100.462271698039132, 13.909826936100057 ], [ 100.472495952893425, 13.919386865978312 ], [ 100.486180050612077, 13.915525684009818 ], [ 100.489639231626299, 13.902105098496369 ] ] ] } },
{ "type": "Feature", "properties": { "cell_id": "8764a4bb1ffffff", "resolution": 7, "type": "h3" }, "geometry": { "type": "Polygon", "coordinates": [ [ [ 100.582084933418329, 13.838658556929248 ], [ 100.571862853985223, 13.82910160426511 ], [ 100.558186455320509, 13.832966417954839 ], [ 100.554731480791972, 13.84638871964901 ], [ 100.56495405330881, 13.855945970756739 ], [ 100.578631107560852, 13.85208062156237 ], [ 100.582084933418329, 13.838658556929248 ] ] ] } },
{ "type": "Feature", "properties": { "cell_id": "8764a4bb0ffffff", "resolution": 7, "type": "h3" }, "geometry": { "type": "Polygon", "coordinates": [ [ [ 100.605982775210322, 13.844347950894138 ], [ 100.595760440321541, 13.834792490160609 ], [ 100.582084933418329, 13.838658556929248 ], [ 100.578631107560852, 13.85208062156237 ], [ 100.588853938129446, 13.861636380267541 ], [ 100.60253009916579, 13.857769776203657 ], [ 100.605982775210322, 13.844347950894138 ] ] ] } },
{ "type": "Feature", "properties": { "cell_id": "8764a4b80ffffff", "resolution": 7, "type": "h3" }, "geometry": { "type": "Polygon", "coordinates": [ [ [ 100.541053538041396, 13.850252814097445 ], [ 100.530831227150983, 13.840694072974502 ], [ 100.517152400620333, 13.844556912802778 ], [ 100.513695227100953, 13.85797902541662 ], [ 100.523918026681002, 13.867538064763888 ], [ 100.537597511381733, 13.863674693108585 ], [ 100.541053538041396, 13.850252814097445 ] ] ] } },
{ "type": "Feature", "properties": { "cell_id": "8764a4b86ffffff", "resolution": 7, "type": "h3" }, "geometry": { "type": "Polygon", "coordinates": [ [ [ 100.56495405330881, 13.855945970756739 ], [ 100.554731480791972, 13.84638871964901 ], [ 100.541053538041396, 13.850252814097445 ], [ 100.537597511381733, 13.863674693108585 ], [ 100.54782057518608, 13.873232241970188 ], [ 100.561499174653235, 13.869367613902414 ], [ 100.56495405330881, 13.855945970756739 ] ] ] } },
{ "type": "Feature", "properties": { "cell_id": "8764a4bb3ffffff", "resolution": 7, "type": "h3" }, "geometry": { "type": "Polygon", "coordinates": [ [ [ 100.588853938129446, 13.861636380267541 ], [ 100.578631107560852, 13.85208062156237 ], [ 100.56495405330881, 13.855945970756739 ], [ 100.561499174653235, 13.869367613902414 ], [ 100.571722499106428, 13.878923669890158 ], [ 100.585400208620968, 13.875057785285337 ], [ 100.588853938129446, 13.861636380267541 ] ] ] } },
{ "type": "Feature", "properties": { "cell_id": "8764a4b82ffffff", "resolution": 7, "type": "h3" }, "geometry": { "type": "Polygon", "coordinates": [ [ [ 100.54782057518608, 13.873232241970188 ], [ 100.537597511381733, 13.863674693108585 ], [ 100.523918026681002, 13.867538064763888 ], [ 100.520460948229541, 13.880959516850311 ], [ 100.530684501523979, 13.890517362776096 ], [ 100.544364644070711, 13.886653459386888 ], [ 100.54782057518608, 13.873232241970188 ] ] ] } },
{ "type": "Feature", "properties": { "cell_id": "8764a4b95ffffff", "resolution": 7, "type": "h3" }, "geometry": { "type": "Polygon", "coordinates": [ [ [ 100.571722499106428, 13.878923669890158 ], [ 100.561499174653235, 13.869367613902414 ], [ 100.54782057518608, 13.873232241970188 ], [ 100.544364644070711, 13.886653459386888 ], [ 100.55458846061218, 13.896209811968165 ], [ 100.568267716471368, 13.89234465037487 ], [ 100.571722499106428, 13.878923669890158 ] ] ] } },
{ "type": "Feature", "properties": { "cell_id": "8764a4b94ffffff", "resolution": 7, "type": "h3" }, "geometry": { "type": "Polygon", "coordinates": [ [ [ 100.595623790147641, 13.884612346013585 ], [ 100.585400208620968, 13.875057785285337 ], [ 100.571722499106428, 13.878923669890158 ], [ 100.568267716471368, 13.89234465037487 ], [ 100.578491792683735, 13.901899507225153 ], [ 100.592170157135783, 13.898033087304393 ], [ 100.595623790147641, 13.884612346013585 ] ] ] } },
{ "type": "Feature", "properties": { "cell_id": "8764a4b91ffffff", "resolution": 7, "type": "h3" }, "geometry": { "type": "Polygon", "coordinates": [ [ [ 100.55458846061218, 13.896209811968165 ], [ 100.544364644070711, 13.886653459386888 ], [ 100.530684501523979, 13.890517362776096 ], [ 100.527227518287944, 13.903938150222668 ], [ 100.537451825120243, 13.913494798708459 ], [ 100.551132625188671, 13.909630363678797 ], [ 100.55458846061218, 13.896209811968165 ] ] ] } },
{ "type": "Feature", "properties": { "cell_id": "8764a4b90ffffff", "resolution": 7, "type": "h3" }, "geometry": { "type": "Polygon", "coordinates": [ [ [ 100.578491792683735, 13.901899507225153 ], [ 100.568267716471368, 13.89234465037487 ], [ 100.55458846061218, 13.896209811968165 ], [ 100.551132625188671, 13.909630363678797 ], [ 100.561357194290338, 13.919185515962738 ], [ 100.575037106216811, 13.91531982093807 ], [ 100.578491792683735, 13.901899507225153 ] ] ] } },
{ "type": "Feature", "properties": { "cell_id": "87658b490ffffff", "resolution": 7, "type": "h3" }, "geometry": { "type": "Polygon", "coordinates": [ [ [ 100.650966547698957, 13.619990990598509 ], [ 100.640751198752113, 13.610429968564699 ], [ 100.627087358310149, 13.614296287596318 ], [ 100.623638216660353, 13.627724175787041 ], [ 100.633854065442947, 13.63728550623471 ], [ 100.647518556328478, 13.633418639913515 ], [ 100.650966547698957, 13.619990990598509 ] ] ] } },
{ "type": "Feature", "properties": { "cell_id": "87658b496ffffff", "resolution": 7, "type": "h3" }, "geometry": { "type": "Polygon", "coordinates": [ [ [ 100.674845077855494, 13.625682984696683 ], [ 100.664629484111273, 13.616123437448268 ], [ 100.650966547698957, 13.619990990598509 ], [ 100.647518556328478, 13.633418639913515 ], [ 100.657734652496785, 13.642978495101014 ], [ 100.671398237900036, 13.639110392870188 ], [ 100.674845077855494, 13.625682984696683 ] ] ] } },
{ "type": "Feature", "properties": { "cell_id": "87658b493ffffff", "resolution": 7, "type": "h3" }, "geometry": { "type": "Polygon", "coordinates": [ [ [ 100.633854065442947, 13.63728550623471 ], [ 100.623638216660353, 13.627724175787041 ], [ 100.609972824995566, 13.63158980632233 ], [ 100.606522630831847, 13.645017312544475 ], [ 100.616738977660887, 13.654578950712938 ], [ 100.630405020896376, 13.650712774774158 ], [ 100.633854065442947, 13.63728550623471 ] ] ] } },
{ "type": "Feature", "properties": { "cell_id": "87658b492ffffff", "resolution": 7, "type": "h3" }, "geometry": { "type": "Polygon", "coordinates": [ [ [ 100.657734652496785, 13.642978495101014 ], [ 100.647518556328478, 13.633418639913515 ], [ 100.633854065442947, 13.63728550623471 ], [ 100.630405020896376, 13.650712774774158 ], [ 100.640621617700404, 13.660272937208314 ], [ 100.654286758704131, 13.656405523692104 ], [ 100.657734652496785, 13.642978495101014 ] ] ] } },
{ "type": "Feature", "properties": { "cell_id": "8764a4865ffffff", "resolution": 7, "type": "h3" }, "geometry": { "type": "Polygon", "coordinates": [ [ [ 100.681614577887217, 13.648668770409333 ], [ 100.671398237900036, 13.639110392870188 ], [ 100.657734652496785, 13.642978495101014 ], [ 100.654286758704131, 13.656405523692104 ], [ 100.664503601915698, 13.665964208002915 ], [ 100.678167835984041, 13.66209555678676 ], [ 100.681614577887217, 13.648668770409333 ] ] ] } },
{ "type": "Feature", "properties": { "cell_id": "8764a486dffffff", "resolution": 7, "type": "h3" }, "geometry": { "type": "Polygon", "coordinates": [ [ [ 100.616738977660887, 13.654578950712938 ], [ 100.606522630831847, 13.645017312544475 ], [ 100.592855690069541, 13.648882251030514 ], [ 100.589404443727702, 13.662309371037917 ], [ 100.59962128681272, 13.671871316234112 ], [ 100.613288880273004, 13.668005834230847 ], [ 100.616738977660887, 13.654578950712938 ] ] ] } },
{ "type": "Feature", "properties": { "cell_id": "8764a486cffffff", "resolution": 7, "type": "h3" }, "geometry": { "type": "Polygon", "coordinates": [ [ [ 100.640621617700404, 13.660272937208314 ], [ 100.630405020896376, 13.650712774774158 ], [ 100.616738977660887, 13.654578950712938 ], [ 100.613288880273004, 13.668005834230847 ], [ 100.623505975923408, 13.677566303219228 ], [ 100.637172670404453, 13.67369958197119 ], [ 100.640621617700404, 13.660272937208314 ] ] ] } },
{ "type": "Feature", "properties": { "cell_id": "8764a4861ffffff", "resolution": 7, "type": "h3" }, "geometry": { "type": "Polygon", "coordinates": [ [ [ 100.664503601915698, 13.665964208002915 ], [ 100.654286758704131, 13.656405523692104 ], [ 100.640621617700404, 13.660272937208314 ], [ 100.637172670404453, 13.67369958197119 ], [ 100.647390015052011, 13.683258572361884 ], [ 100.661055805848335, 13.679390611745582 ], [ 100.664503601915698, 13.665964208002915 ] ] ] } },
{ "type": "Feature", "properties": { "cell_id": "8764a4868ffffff", "resolution": 7, "type": "h3" }, "geometry": { "type": "Polygon", "coordinates": [ [ [ 100.623505975923408, 13.677566303219228 ], [ 100.613288880273004, 13.668005834230847 ], [ 100.59962128681272, 13.671871316234112 ], [ 100.596170136919113, 13.685297810484789 ], [ 100.606387729625354, 13.694858585334988 ], [ 100.620055975458754, 13.690992559908382 ], [ 100.623505975923408, 13.677566303219228 ] ] ] } },
{ "type": "Feature", "properties": { "cell_id": "8764a486effffff", "resolution": 7, "type": "h3" }, "geometry": { "type": "Polygon", "coordinates": [ [ [ 100.647390015052011, 13.683258572361884 ], [ 100.637172670404453, 13.67369958197119 ], [ 100.623505975923408, 13.677566303219228 ], [ 100.620055975458754, 13.690992559908382 ], [ 100.63027381975283, 13.700551855687184 ], [ 100.643941165154132, 13.696684589224459 ], [ 100.647390015052011, 13.683258572361884 ] ] ] } },
{ "type": "Feature", "properties": { "cell_id": "8764a495affffff", "resolution": 7, "type": "h3" }, "geometry": { "type": "Polygon", "coordinates": [ [ [ 100.76002481513359, 13.688702084063774 ], [ 100.749807021966305, 13.679149336085977 ], [ 100.736145536912161, 13.683021701115415 ], [ 100.732701201337704, 13.696447368209965 ], [ 100.742919506292154, 13.706000420361818 ], [ 100.756581635321467, 13.702127501081019 ], [ 100.76002481513359, 13.688702084063774 ] ] ] } },
{ "type": "Feature", "properties": { "cell_id": "8764a482dffffff", "resolution": 7, "type": "h3" }, "geometry": { "type": "Polygon", "coordinates": [ [ [ 100.783903396189416, 13.694379738813328 ], [ 100.773685374451475, 13.684828480865999 ], [ 100.76002481513359, 13.688702084063774 ], [ 100.756581635321467, 13.702127501081019 ], [ 100.766800171432465, 13.711679062723839 ], [ 100.780461373269787, 13.707804903489926 ], [ 100.783903396189416, 13.694379738813328 ] ] ] } },
{ "type": "Feature", "properties": { "cell_id": "8764a482cffffff", "resolution": 7, "type": "h3" }, "geometry": { "type": "Polygon", "coordinates": [ [ [ 100.807781271815614, 13.70005466287863 ], [ 100.797563025074197, 13.690504897335558 ], [ 100.783903396189416, 13.694379738813328 ], [ 100.780461373269787, 13.707804903489926 ], [ 100.790680136969414, 13.717354972249083 ], [ 100.804340406917376, 13.713479572951606 ], [ 100.807781271815614, 13.70005466287863 ] ] ] } },
{ "type": "Feature", "properties": { "cell_id": "8764a4829ffffff", "resolution": 7, "type": "h3" }, "geometry": { "type": "Polygon", "coordinates": [ [ [ 100.766800171432465, 13.711679062723839 ], [ 100.756581635321467, 13.702127501081019 ], [ 100.742919506292154, 13.706000420361818 ], [ 100.739475270013756, 13.719425455274729 ], [ 100.749694318713608, 13.728977319924448 ], [ 100.763357091390546, 13.725103846490333 ], [ 100.766800171432465, 13.711679062723839 ] ] ] } },
{ "type": "Feature", "properties": { "cell_id": "8764a4828ffffff", "resolution": 7, "type": "h3" }, "geometry": { "type": "Polygon", "coordinates": [ [ [ 100.790680136969414, 13.717354972249083 ], [ 100.780461373269787, 13.707804903489926 ], [ 100.766800171432465, 13.711679062723839 ], [ 100.763357091390546, 13.725103846490333 ], [ 100.773576370265218, 13.734654217777617 ], [ 100.787238214293978, 13.730779502606307 ], [ 100.790680136969414, 13.717354972249083 ] ] ] } },
{ "type": "Feature", "properties": { "cell_id": "8764a482effffff", "resolution": 7, "type": "h3" }, "geometry": { "type": "Polygon", "coordinates": [ [ [ 100.814559394637755, 13.723028146455018 ], [ 100.804340406917376, 13.713479572951606 ], [ 100.790680136969414, 13.717354972249083 ], [ 100.787238214293978, 13.730779502606307 ], [ 100.797457719774854, 13.740328378158232 ], [ 100.811118630457557, 13.736452421140495 ], [ 100.814559394637755, 13.723028146455018 ] ] ] } },
{ "type": "Feature", "properties": { "cell_id": "8764a482bffffff", "resolution": 7, "type": "h3" }, "geometry": { "type": "Polygon", "coordinates": [ [ [ 100.773576370265218, 13.734654217777617 ], [ 100.763357091390546, 13.725103846490333 ], [ 100.749694318713608, 13.728977319924448 ], [ 100.746250181878992, 13.742401718536758 ], [ 100.756469974144451, 13.751952391664231 ], [ 100.770133390141254, 13.7480783641752 ], [ 100.773576370265218, 13.734654217777617 ] ] ] } },
{ "type": "Feature", "properties": { "cell_id": "8764a482affffff", "resolution": 7, "type": "h3" }, "geometry": { "type": "Polygon", "coordinates": [ [ [ 100.797457719774854, 13.740328378158232 ], [ 100.787238214293978, 13.730779502606307 ], [ 100.773576370265218, 13.734654217777617 ], [ 100.770133390141254, 13.7480783641752 ], [ 100.780353411599407, 13.75762754108834 ], [ 100.794015897491434, 13.75375227007873 ], [ 100.797457719774854, 13.740328378158232 ] ] ] } },
{ "type": "Feature", "properties": { "cell_id": "8764a4805ffffff", "resolution": 7, "type": "h3" }, "geometry": { "type": "Polygon", "coordinates": [ [ [ 100.821338358976064, 13.745999798586707 ], [ 100.811118630457557, 13.736452421140495 ], [ 100.797457719774854, 13.740328378158232 ], [ 100.794015897491434, 13.75375227007873 ], [ 100.804236144572968, 13.763299948406333 ], [ 100.81789769566177, 13.759423433768141 ], [ 100.821338358976064, 13.745999798586707 ] ] ] } },
{ "type": "Feature", "properties": { "cell_id": "8764a480dffffff", "resolution": 7, "type": "h3" }, "geometry": { "type": "Polygon", "coordinates": [ [ [ 100.756469974144451, 13.751952391664231 ], [ 100.746250181878992, 13.742401718536758 ], [ 100.732585840477228, 13.746274502615389 ], [ 100.729140647180259, 13.759698511829715 ], [ 100.73936095105114, 13.769249486109455 ], [ 100.753025936901338, 13.765376149858566 ], [ 100.756469974144451, 13.751952391664231 ] ] ] } },
{ "type": "Feature", "properties": { "cell_id": "8764a4863ffffff", "resolution": 7, "type": "h3" }, "geometry": { "type": "Polygon", "coordinates": [ [ [ 100.671273395924814, 13.688948121151244 ], [ 100.661055805848335, 13.679390611745582 ], [ 100.647390015052011, 13.683258572361884 ], [ 100.643941165154132, 13.696684589224459 ], [ 100.654159257467086, 13.706242403543671 ], [ 100.667825697730237, 13.702373895922539 ], [ 100.671273395924814, 13.688948121151244 ] ] ] } },
{ "type": "Feature", "properties": { "cell_id": "8764a486affffff", "resolution": 7, "type": "h3" }, "geometry": { "type": "Polygon", "coordinates": [ [ [ 100.63027381975283, 13.700551855687184 ], [ 100.620055975458754, 13.690992559908382 ], [ 100.606387729625354, 13.694858585334988 ], [ 100.602936676327374, 13.708284449705204 ], [ 100.613155018477414, 13.717844050180345 ], [ 100.626823916358845, 13.713977481424637 ], [ 100.63027381975283, 13.700551855687184 ] ] ] } },
{ "type": "Feature", "properties": { "cell_id": "8764a4845ffffff", "resolution": 7, "type": "h3" }, "geometry": { "type": "Polygon", "coordinates": [ [ [ 100.654159257467086, 13.706242403543671 ], [ 100.643941165154132, 13.696684589224459 ], [ 100.63027381975283, 13.700551855687184 ], [ 100.626823916358845, 13.713977481424637 ], [ 100.637042509118757, 13.723535599966274 ], [ 100.650710505114787, 13.71966778838379 ], [ 100.654159257467086, 13.706242403543671 ] ] ] } },
{ "type": "Feature", "properties": { "cell_id": "8764a4844ffffff", "resolution": 7, "type": "h3" }, "geometry": { "type": "Polygon", "coordinates": [ [ [ 100.678044034493183, 13.711930226396511 ], [ 100.667825697730237, 13.702373895922539 ], [ 100.654159257467086, 13.706242403543671 ], [ 100.650710505114787, 13.71966778838379 ], [ 100.660929344914948, 13.729224422605427 ], [ 100.674596434318957, 13.725355368075084 ], [ 100.678044034493183, 13.711930226396511 ] ] ] } },
{ "type": "Feature", "properties": { "cell_id": "8764a484cffffff", "resolution": 7, "type": "h3" }, "geometry": { "type": "Polygon", "coordinates": [ [ [ 100.613155018477414, 13.717844050180345 ], [ 100.602936676327374, 13.708284449705204 ], [ 100.589266881268472, 13.712149775757386 ], [ 100.58581477547331, 13.72557524356376 ], [ 100.596033613687624, 13.735135148043492 ], [ 100.609704061922486, 13.731269280547947 ], [ 100.613155018477414, 13.717844050180345 ] ] ] } },
{ "type": "Feature", "properties": { "cell_id": "8764a4841ffffff", "resolution": 7, "type": "h3" }, "geometry": { "type": "Polygon", "coordinates": [ [ [ 100.637042509118757, 13.723535599966274 ], [ 100.626823916358845, 13.713977481424637 ], [ 100.613155018477414, 13.717844050180345 ], [ 100.609704061922486, 13.731269280547947 ], [ 100.619923153338732, 13.740827702620898 ], [ 100.63359270294292, 13.736960590630666 ], [ 100.637042509118757, 13.723535599966274 ] ] ] } },
{ "type": "Feature", "properties": { "cell_id": "8764a4840ffffff", "resolution": 7, "type": "h3" }, "geometry": { "type": "Polygon", "coordinates": [ [ [ 100.660929344914948, 13.729224422605427 ], [ 100.650710505114787, 13.71966778838379 ], [ 100.637042509118757, 13.723535599966274 ], [ 100.63359270294292, 13.736960590630666 ], [ 100.643812043990707, 13.746517527909495 ], [ 100.657480690255738, 13.742649171302521 ], [ 100.660929344914948, 13.729224422605427 ] ] ] } },
{ "type": "Feature", "properties": { "cell_id": "8764a484effffff", "resolution": 7, "type": "h3" }, "geometry": { "type": "Polygon", "coordinates": [ [ [ 100.619923153338732, 13.740827702620898 ], [ 100.609704061922486, 13.731269280547947 ], [ 100.596033613687624, 13.735135148043492 ], [ 100.592581604307668, 13.748559978796822 ], [ 100.602801192588501, 13.758118703709991 ], [ 100.616472293674306, 13.754252294865317 ], [ 100.619923153338732, 13.740827702620898 ] ] ] } },
{ "type": "Feature", "properties": { "cell_id": "8764a4843ffffff", "resolution": 7, "type": "h3" }, "geometry": { "type": "Polygon", "coordinates": [ [ [ 100.643812043990707, 13.746517527909495 ], [ 100.63359270294292, 13.736960590630666 ], [ 100.619923153338732, 13.740827702620898 ], [ 100.616472293674306, 13.754252294865317 ], [ 100.626692134179024, 13.763809534510884 ], [ 100.640362335180541, 13.759941879381048 ], [ 100.643812043990707, 13.746517527909495 ] ] ] } },
{ "type": "Feature", "properties": { "cell_id": "8764a4842ffffff", "resolution": 7, "type": "h3" }, "geometry": { "type": "Polygon", "coordinates": [ [ [ 100.667700277364716, 13.752204621402424 ], [ 100.657480690255738, 13.742649171302521 ], [ 100.643812043990707, 13.746517527909495 ], [ 100.640362335180541, 13.759941879381048 ], [ 100.650582424338054, 13.769497631373364 ], [ 100.664251720546204, 13.765628729837513 ], [ 100.667700277364716, 13.752204621402424 ] ] ] } },
{ "type": "Feature", "properties": { "cell_id": "8764a4862ffffff", "resolution": 7, "type": "h3" }, "geometry": { "type": "Polygon", "coordinates": [ [ [ 100.695156110269508, 13.694634947081179 ], [ 100.684938278332254, 13.685078921045362 ], [ 100.671273395924814, 13.688948121151244 ], [ 100.667825697730237, 13.702373895922539 ], [ 100.678044034493183, 13.711930226396511 ], [ 100.691709564913481, 13.708060477496863 ], [ 100.695156110269508, 13.694634947081179 ] ] ] } },
{ "type": "Feature", "properties": { "cell_id": "8764a4875ffffff", "resolution": 7, "type": "h3" }, "geometry": { "type": "Polygon", "coordinates": [ [ [ 100.71903814981512, 13.700319047650272 ], [ 100.708820079585237, 13.690764507366572 ], [ 100.695156110269508, 13.694634947081179 ], [ 100.691709564913481, 13.708060477496863 ], [ 100.701928142557534, 13.717615321742475 ], [ 100.715592758431598, 13.713744331446367 ], [ 100.71903814981512, 13.700319047650272 ] ] ] } },
{ "type": "Feature", "properties": { "cell_id": "8764a4874ffffff", "resolution": 7, "type": "h3" }, "geometry": { "type": "Polygon", "coordinates": [ [ [ 100.742919506292154, 13.706000420361818 ], [ 100.732701201337704, 13.696447368209965 ], [ 100.71903814981512, 13.700319047650272 ], [ 100.715592758431598, 13.713744331446367 ], [ 100.725811573387929, 13.723297687083047 ], [ 100.739475270013756, 13.719425455274729 ], [ 100.742919506292154, 13.706000420361818 ] ] ] } },
{ "type": "Feature", "properties": { "cell_id": "8764a4871ffffff", "resolution": 7, "type": "h3" }, "geometry": { "type": "Polygon", "coordinates": [ [ [ 100.701928142557534, 13.717615321742475 ], [ 100.691709564913481, 13.708060477496863 ], [ 100.678044034493183, 13.711930226396511 ], [ 100.674596434318957, 13.725355368075084 ], [ 100.684815517589726, 13.734910515592757 ], [ 100.698481695696458, 13.73104021799565 ], [ 100.701928142557534, 13.717615321742475 ] ] ] } },
{ "type": "Feature", "properties": { "cell_id": "8764a4870ffffff", "resolution": 7, "type": "h3" }, "geometry": { "type": "Polygon", "coordinates": [ [ [ 100.725811573387929, 13.723297687083047 ], [ 100.715592758431598, 13.713744331446367 ], [ 100.701928142557534, 13.717615321742475 ], [ 100.698481695696458, 13.73104021799565 ], [ 100.708701018868311, 13.740593876427944 ], [ 100.722366280973844, 13.736722335647343 ], [ 100.725811573387929, 13.723297687083047 ] ] ] } },
{ "type": "Feature", "properties": { "cell_id": "8764a4876ffffff", "resolution": 7, "type": "h3" }, "geometry": { "type": "Polygon", "coordinates": [ [ [ 100.749694318713608, 13.728977319924448 ], [ 100.739475270013756, 13.719425455274729 ], [ 100.725811573387929, 13.723297687083047 ], [ 100.722366280973844, 13.736722335647343 ], [ 100.732585840477228, 13.746274502615389 ], [ 100.746250181878992, 13.742401718536758 ], [ 100.749694318713608, 13.728977319924448 ] ] ] } },
{ "type": "Feature", "properties": { "cell_id": "8764a4846ffffff", "resolution": 7, "type": "h3" }, "geometry": { "type": "Polygon", "coordinates": [ [ [ 100.684815517589726, 13.734910515592757 ], [ 100.674596434318957, 13.725355368075084 ], [ 100.660929344914948, 13.729224422605427 ], [ 100.657480690255738, 13.742649171302521 ], [ 100.667700277364716, 13.752204621402424 ], [ 100.681368015583416, 13.748335020058828 ], [ 100.684815517589726, 13.734910515592757 ] ] ] } },
{ "type": "Feature", "properties": { "cell_id": "8764a4873ffffff", "resolution": 7, "type": "h3" }, "geometry": { "type": "Polygon", "coordinates": [ [ [ 100.708701018868311, 13.740593876427944 ], [ 100.698481695696458, 13.73104021799565 ], [ 100.684815517589726, 13.734910515592757 ], [ 100.681368015583416, 13.748335020058828 ], [ 100.691587845183278, 13.757888980597542 ], [ 100.70525467064985, 13.754018134399637 ], [ 100.708701018868311, 13.740593876427944 ] ] ] } },
{ "type": "Feature", "properties": { "cell_id": "8764a4872ffffff", "resolution": 7, "type": "h3" }, "geometry": { "type": "Polygon", "coordinates": [ [ [ 100.732585840477228, 13.746274502615389 ], [ 100.722366280973844, 13.736722335647343 ], [ 100.708701018868311, 13.740593876427944 ], [ 100.70525467064985, 13.754018134399637 ], [ 100.715474739170304, 13.763570602997445 ], [ 100.729140647180259, 13.759698511829715 ], [ 100.732585840477228, 13.746274502615389 ] ] ] } },
{ "type": "Feature", "properties": { "cell_id": "8764a4855ffffff", "resolution": 7, "type": "h3" }, "geometry": { "type": "Polygon", "coordinates": [ [ [ 100.691587845183278, 13.757888980597542 ], [ 100.681368015583416, 13.748335020058828 ], [ 100.667700277364716, 13.752204621402424 ], [ 100.664251720546204, 13.765628729837513 ], [ 100.674472054785468, 13.775182991793468 ], [ 100.688140441492521, 13.77131284373294 ], [ 100.691587845183278, 13.757888980597542 ] ] ] } },
{ "type": "Feature", "properties": { "cell_id": "8764a4854ffffff", "resolution": 7, "type": "h3" }, "geometry": { "type": "Polygon", "coordinates": [ [ [ 100.715474739170304, 13.763570602997445 ], [ 100.70525467064985, 13.754018134399637 ], [ 100.691587845183278, 13.757888980597542 ], [ 100.688140441492521, 13.77131284373294 ], [ 100.698361017242547, 13.780865613271976 ], [ 100.712028489742139, 13.776994218570282 ], [ 100.715474739170304, 13.763570602997445 ] ] ] } },
{ "type": "Feature", "properties": { "cell_id": "8764a4809ffffff", "resolution": 7, "type": "h3" }, "geometry": { "type": "Polygon", "coordinates": [ [ [ 100.73936095105114, 13.769249486109455 ], [ 100.729140647180259, 13.759698511829715 ], [ 100.715474739170304, 13.763570602997445 ], [ 100.712028489742139, 13.776994218570282 ], [ 100.722249303431937, 13.78654549331439 ], [ 100.735915857019037, 13.782672851857237 ], [ 100.73936095105114, 13.769249486109455 ] ] ] } },
{ "type": "Feature", "properties": { "cell_id": "8764a4850ffffff", "resolution": 7, "type": "h3" }, "geometry": { "type": "Polygon", "coordinates": [ [ [ 100.698361017242547, 13.780865613271976 ], [ 100.688140441492521, 13.77131284373294 ], [ 100.674472054785468, 13.775182991793468 ], [ 100.671023595955276, 13.788606455849179 ], [ 100.681244677146168, 13.798159525640926 ], [ 100.694913712015037, 13.794288830960118 ], [ 100.698361017242547, 13.780865613271976 ] ] ] } },
{ "type": "Feature", "properties": { "cell_id": "8764a4856ffffff", "resolution": 7, "type": "h3" }, "geometry": { "type": "Polygon", "coordinates": [ [ [ 100.722249303431937, 13.78654549331439 ], [ 100.712028489742139, 13.776994218570282 ], [ 100.698361017242547, 13.780865613271976 ], [ 100.694913712015037, 13.794288830960118 ], [ 100.705135033736141, 13.803840405480724 ], [ 100.718803152941788, 13.799968462372602 ], [ 100.722249303431937, 13.78654549331439 ] ] ] } },
{ "type": "Feature", "properties": { "cell_id": "8764a480bffffff", "resolution": 7, "type": "h3" }, "geometry": { "type": "Polygon", "coordinates": [ [ [ 100.746136905077719, 13.792222629430968 ], [ 100.735915857019037, 13.782672851857237 ], [ 100.722249303431937, 13.78654549331439 ], [ 100.718803152941788, 13.799968462372602 ], [ 100.729024711621449, 13.809518539245763 ], [ 100.742691910458305, 13.805645347597247 ], [ 100.746136905077719, 13.792222629430968 ] ] ] } },
{ "type": "Feature", "properties": { "cell_id": "8764a4852ffffff", "resolution": 7, "type": "h3" }, "geometry": { "type": "Polygon", "coordinates": [ [ [ 100.705135033736141, 13.803840405480724 ], [ 100.694913712015037, 13.794288830960118 ], [ 100.681244677146168, 13.798159525640926 ], [ 100.677796316451946, 13.811582341201486 ], [ 100.688018144415651, 13.821134214810725 ], [ 100.701687827119599, 13.817262973606654 ], [ 100.705135033736141, 13.803840405480724 ] ] ] } },
{ "type": "Feature", "properties": { "cell_id": "8764a48e5ffffff", "resolution": 7, "type": "h3" }, "geometry": { "type": "Polygon", "coordinates": [ [ [ 100.729024711621449, 13.809518539245763 ], [ 100.718803152941788, 13.799968462372602 ], [ 100.705135033736141, 13.803840405480724 ], [ 100.701687827119599, 13.817262973606654 ], [ 100.711909894632583, 13.82681334909203 ], [ 100.72557866021711, 13.822940857675196 ], [ 100.729024711621449, 13.809518539245763 ] ] ] } },
{ "type": "Feature", "properties": { "cell_id": "8764a48e4ffffff", "resolution": 7, "type": "h3" }, "geometry": { "type": "Polygon", "coordinates": [ [ [ 100.752913702524921, 13.815193924449234 ], [ 100.742691910458305, 13.805645347597247 ], [ 100.729024711621449, 13.809518539245763 ], [ 100.72557866021711, 13.822940857675196 ], [ 100.735800963707035, 13.832489732662129 ], [ 100.749468807466002, 13.828615990920664 ], [ 100.752913702524921, 13.815193924449234 ] ] ] } },
{ "type": "Feature", "properties": { "cell_id": "8764a48ecffffff", "resolution": 7, "type": "h3" }, "geometry": { "type": "Polygon", "coordinates": [ [ [ 100.688018144415651, 13.821134214810725 ], [ 100.677796316451946, 13.811582341201486 ], [ 100.664125721336063, 13.815452332306853 ], [ 100.660676305508517, 13.828874741497259 ], [ 100.670898637924992, 13.838426913507298 ], [ 100.684569882005135, 13.834556377761988 ], [ 100.688018144415651, 13.821134214810725 ] ] ] } },
{ "type": "Feature", "properties": { "cell_id": "8764a48e1ffffff", "resolution": 7, "type": "h3" }, "geometry": { "type": "Polygon", "coordinates": [ [ [ 100.711909894632583, 13.82681334909203 ], [ 100.701687827119599, 13.817262973606654 ], [ 100.688018144415651, 13.821134214810725 ], [ 100.684569882005135, 13.834556377761988 ], [ 100.694792456562681, 13.844107051172385 ], [ 100.708462786774788, 13.840235263542407 ], [ 100.711909894632583, 13.82681334909203 ] ] ] } },
{ "type": "Feature", "properties": { "cell_id": "8764a485dffffff", "resolution": 7, "type": "h3" }, "geometry": { "type": "Polygon", "coordinates": [ [ [ 100.626692134179024, 13.763809534510884 ], [ 100.616472293674306, 13.754252294865317 ], [ 100.602801192588501, 13.758118703709991 ], [ 100.599349279771232, 13.771542893290512 ], [ 100.609569617941091, 13.781100434612375 ], [ 100.623241371552652, 13.777233484513143 ], [ 100.626692134179024, 13.763809534510884 ] ] ] } },
{ "type": "Feature", "properties": { "cell_id": "8764a485cffffff", "resolution": 7, "type": "h3" }, "geometry": { "type": "Polygon", "coordinates": [ [ [ 100.650582424338054, 13.769497631373364 ], [ 100.640362335180541, 13.759941879381048 ], [ 100.626692134179024, 13.763809534510884 ], [ 100.623241371552652, 13.777233484513143 ], [ 100.633461960967949, 13.786789537708072 ], [ 100.647132813041125, 13.782921339533898 ], [ 100.650582424338054, 13.769497631373364 ] ] ] } },
{ "type": "Feature", "properties": { "cell_id": "8764a4851ffffff", "resolution": 7, "type": "h3" }, "geometry": { "type": "Polygon", "coordinates": [ [ [ 100.674472054785468, 13.775182991793468 ], [ 100.664251720546204, 13.765628729837513 ], [ 100.650582424338054, 13.769497631373364 ], [ 100.647132813041125, 13.782921339533898 ], [ 100.657353650130105, 13.792475902217937 ], [ 100.671023595955276, 13.788606455849179 ], [ 100.674472054785468, 13.775182991793468 ] ] ] } },
{ "type": "Feature", "properties": { "cell_id": "8764a4858ffffff", "resolution": 7, "type": "h3" }, "geometry": { "type": "Polygon", "coordinates": [ [ [ 100.633461960967949, 13.786789537708072 ], [ 100.623241371552652, 13.777233484513143 ], [ 100.609569617941091, 13.781100434612375 ], [ 100.606117801834003, 13.794523978901914 ], [ 100.616338889715252, 13.80408033260967 ], [ 100.630011295527183, 13.800212841350804 ], [ 100.633461960967949, 13.786789537708072 ] ] ] } },
{ "type": "Feature", "properties": { "cell_id": "8764a485effffff", "resolution": 7, "type": "h3" }, "geometry": { "type": "Polygon", "coordinates": [ [ [ 100.657353650130105, 13.792475902217937 ], [ 100.647132813041125, 13.782921339533898 ], [ 100.633461960967949, 13.786789537708072 ], [ 100.630011295527183, 13.800212841350804 ], [ 100.640232633675055, 13.80976770407379 ], [ 100.653904136494035, 13.80589896295089 ], [ 100.657353650130105, 13.792475902217937 ] ] ] } },
{ "type": "Feature", "properties": { "cell_id": "8764a4853ffffff", "resolution": 7, "type": "h3" }, "geometry": { "type": "Polygon", "coordinates": [ [ [ 100.681244677146168, 13.798159525640926 ], [ 100.671023595955276, 13.788606455849179 ], [ 100.657353650130105, 13.792475902217937 ], [ 100.653904136494035, 13.80589896295089 ], [ 100.664125721336063, 13.815452332306853 ], [ 100.677796316451946, 13.811582341201486 ], [ 100.681244677146168, 13.798159525640926 ] ] ] } },
{ "type": "Feature", "properties": { "cell_id": "8764a485bffffff", "resolution": 7, "type": "h3" }, "geometry": { "type": "Polygon", "coordinates": [ [ [ 100.616338889715252, 13.80408033260967 ], [ 100.606117801834003, 13.794523978901914 ], [ 100.592444497740644, 13.798390220417376 ], [ 100.588991628489154, 13.8118133547511 ], [ 100.599213213043356, 13.821370008281926 ], [ 100.61288717046591, 13.817503227491676 ], [ 100.616338889715252, 13.80408033260967 ] ] ] } },
{ "type": "Feature", "properties": { "cell_id": "8764a485affffff", "resolution": 7, "type": "h3" }, "geometry": { "type": "Polygon", "coordinates": [ [ [ 100.640232633675055, 13.80976770407379 ], [ 100.630011295527183, 13.800212841350804 ], [ 100.616338889715252, 13.80408033260967 ], [ 100.61288717046591, 13.817503227491676 ], [ 100.623109007880757, 13.827058389564481 ], [ 100.636782065567473, 13.823190357241229 ], [ 100.640232633675055, 13.80976770407379 ] ] ] } },
{ "type": "Feature", "properties": { "cell_id": "8764a48edffffff", "resolution": 7, "type": "h3" }, "geometry": { "type": "Polygon", "coordinates": [ [ [ 100.664125721336063, 13.815452332306853 ], [ 100.653904136494035, 13.80589896295089 ], [ 100.640232633675055, 13.80976770407379 ], [ 100.636782065567473, 13.823190357241229 ], [ 100.64700415226973, 13.832744025472927 ], [ 100.660676305508517, 13.828874741497259 ], [ 100.664125721336063, 13.815452332306853 ] ] ] } },
{ "type": "Feature", "properties": { "cell_id": "8764a4bb4ffffff", "resolution": 7, "type": "h3" }, "geometry": { "type": "Polygon", "coordinates": [ [ [ 100.623109007880757, 13.827058389564481 ], [ 100.61288717046591, 13.817503227491676 ], [ 100.599213213043356, 13.821370008281926 ], [ 100.595760440321541, 13.834792490160609 ], [ 100.605982775210322, 13.844347950894138 ], [ 100.619657385636771, 13.840480630924004 ], [ 100.623109007880757, 13.827058389564481 ] ] ] } },
{ "type": "Feature", "properties": { "cell_id": "8764a4818ffffff", "resolution": 7, "type": "h3" }, "geometry": { "type": "Polygon", "coordinates": [ [ [ 100.800689590284804, 13.82653643924797 ], [ 100.790467342158806, 13.816990869549279 ], [ 100.776801998170811, 13.820866558609071 ], [ 100.773358260589234, 13.83428837086138 ], [ 100.783581025316224, 13.84383423773795 ], [ 100.797247011311185, 13.839957995020415 ], [ 100.800689590284804, 13.82653643924797 ] ] ] } },
{ "type": "Feature", "properties": { "cell_id": "8764a481effffff", "resolution": 7, "type": "h3" }, "geometry": { "type": "Polygon", "coordinates": [ [ [ 100.824576470594124, 13.832203563893392 ], [ 100.814353999795529, 13.822659501321676 ], [ 100.800689590284804, 13.82653643924797 ], [ 100.797247011311185, 13.839957995020415 ], [ 100.807470001298455, 13.849502354290209 ], [ 100.821135051357743, 13.845624860925613 ], [ 100.824576470594124, 13.832203563893392 ] ] ] } },
{ "type": "Feature", "properties": { "cell_id": "8764a48e6ffffff", "resolution": 7, "type": "h3" }, "geometry": { "type": "Polygon", "coordinates": [ [ [ 100.759691343360572, 13.83816336303714 ], [ 100.749468807466002, 13.828615990920664 ], [ 100.735800963707035, 13.832489732662129 ], [ 100.732355011536328, 13.845911396350246 ], [ 100.742578059656765, 13.855459065437644 ], [ 100.75624654801004, 13.851584773702001 ], [ 100.759691343360572, 13.83816336303714 ] ] ] } },
{ "type": "Feature", "properties": { "cell_id": "8764a481bffffff", "resolution": 7, "type": "h3" }, "geometry": { "type": "Polygon", "coordinates": [ [ [ 100.783581025316224, 13.84383423773795 ], [ 100.773358260589234, 13.83428837086138 ], [ 100.759691343360572, 13.83816336303714 ], [ 100.75624654801004, 13.851584773702001 ], [ 100.766469827552427, 13.861130937071183 ], [ 100.78013738791762, 13.85725539311894 ], [ 100.783581025316224, 13.84383423773795 ] ] ] } },
{ "type": "Feature", "properties": { "cell_id": "8764a481affffff", "resolution": 7, "type": "h3" }, "geometry": { "type": "Polygon", "coordinates": [ [ [ 100.807470001298455, 13.849502354290209 ], [ 100.797247011311185, 13.839957995020415 ], [ 100.783581025316224, 13.84383423773795 ], [ 100.78013738791762, 13.85725539311894 ], [ 100.790360895309036, 13.866800048402181 ], [ 100.804027522982253, 13.862923252127088 ], [ 100.807470001298455, 13.849502354290209 ] ] ] } },
{ "type": "Feature", "properties": { "cell_id": "8764a48f5ffffff", "resolution": 7, "type": "h3" }, "geometry": { "type": "Polygon", "coordinates": [ [ [ 100.766469827552427, 13.861130937071183 ], [ 100.75624654801004, 13.851584773702001 ], [ 100.742578059656765, 13.855459065437644 ], [ 100.739132206867566, 13.868880070273551 ], [ 100.749355999438635, 13.878426529450101 ], [ 100.763025132058175, 13.874551687819395 ], [ 100.766469827552427, 13.861130937071183 ] ] ] } },
{ "type": "Feature", "properties": { "cell_id": "8764a48f4ffffff", "resolution": 7, "type": "h3" }, "geometry": { "type": "Polygon", "coordinates": [ [ [ 100.790360895309036, 13.866800048402181 ], [ 100.78013738791762, 13.85725539311894 ], [ 100.766469827552427, 13.861130937071183 ], [ 100.763025132058175, 13.874551687819395 ], [ 100.7732491550681, 13.884096638431487 ], [ 100.786917358241382, 13.880220542802594 ], [ 100.790360895309036, 13.866800048402181 ] ] ] } },
{ "type": "Feature", "properties": { "cell_id": "8764a48a9ffffff", "resolution": 7, "type": "h3" }, "geometry": { "type": "Polygon", "coordinates": [ [ [ 100.814251254649861, 13.872466396959261 ], [ 100.804027522982253, 13.862923252127088 ], [ 100.790360895309036, 13.866800048402181 ], [ 100.786917358241382, 13.880220542802594 ], [ 100.797141608116547, 13.889763982484249 ], [ 100.810808877139124, 13.885886632752133 ], [ 100.814251254649861, 13.872466396959261 ] ] ] } },
{ "type": "Feature", "properties": { "cell_id": "8764a48f0ffffff", "resolution": 7, "type": "h3" }, "geometry": { "type": "Polygon", "coordinates": [ [ [ 100.7732491550681, 13.884096638431487 ], [ 100.763025132058175, 13.874551687819395 ], [ 100.749355999438635, 13.878426529450101 ], [ 100.745910246178823, 13.891846871324534 ], [ 100.756134783020485, 13.901392116580906 ], [ 100.76980455957812, 13.897516725154611 ], [ 100.7732491550681, 13.884096638431487 ] ] ] } },
{ "type": "Feature", "properties": { "cell_id": "8764a48f6ffffff", "resolution": 7, "type": "h3" }, "geometry": { "type": "Polygon", "coordinates": [ [ [ 100.797141608116547, 13.889763982484249 ], [ 100.786917358241382, 13.880220542802594 ], [ 100.7732491550681, 13.884096638431487 ], [ 100.76980455957812, 13.897516725154611 ], [ 100.780029325875134, 13.907060459001825 ], [ 100.793698171527865, 13.903183811796454 ], [ 100.797141608116547, 13.889763982484249 ] ] ] } },
{ "type": "Feature", "properties": { "cell_id": "8764a48e0ffffff", "resolution": 7, "type": "h3" }, "geometry": { "type": "Polygon", "coordinates": [ [ [ 100.735800963707035, 13.832489732662129 ], [ 100.72557866021711, 13.822940857675196 ], [ 100.711909894632583, 13.82681334909203 ], [ 100.708462786774788, 13.840235263542407 ], [ 100.718685599900311, 13.849784435977734 ], [ 100.732355011536328, 13.845911396350246 ], [ 100.735800963707035, 13.832489732662129 ] ] ] } },
{ "type": "Feature", "properties": { "cell_id": "8764a48eeffffff", "resolution": 7, "type": "h3" }, "geometry": { "type": "Polygon", "coordinates": [ [ [ 100.694792456562681, 13.844107051172385 ], [ 100.684569882005135, 13.834556377761988 ], [ 100.670898637924992, 13.838426913507298 ], [ 100.667449320053692, 13.851848667041832 ], [ 100.677672399865912, 13.861399637690084 ], [ 100.691344292583651, 13.857528557401826 ], [ 100.694792456562681, 13.844107051172385 ] ] ] } },
{ "type": "Feature", "properties": { "cell_id": "8764a48e3ffffff", "resolution": 7, "type": "h3" }, "geometry": { "type": "Polygon", "coordinates": [ [ [ 100.718685599900311, 13.849784435977734 ], [ 100.708462786774788, 13.840235263542407 ], [ 100.694792456562681, 13.844107051172385 ], [ 100.691344292583651, 13.857528557401826 ], [ 100.701567613555923, 13.867078026599026 ], [ 100.71523859094907, 13.863205692640843 ], [ 100.718685599900311, 13.849784435977734 ] ] ] } },
{ "type": "Feature", "properties": { "cell_id": "8764a48e2ffffff", "resolution": 7, "type": "h3" }, "geometry": { "type": "Polygon", "coordinates": [ [ [ 100.742578059656765, 13.855459065437644 ], [ 100.732355011536328, 13.845911396350246 ], [ 100.718685599900311, 13.849784435977734 ], [ 100.71523859094907, 13.863205692640843 ], [ 100.725462149507607, 13.872753658013282 ], [ 100.739132206867566, 13.868880070273551 ], [ 100.742578059656765, 13.855459065437644 ] ] ] } },
{ "type": "Feature", "properties": { "cell_id": "8764a48c5ffffff", "resolution": 7, "type": "h3" }, "geometry": { "type": "Polygon", "coordinates": [ [ [ 100.701567613555923, 13.867078026599026 ], [ 100.691344292583651, 13.857528557401826 ], [ 100.677672399865912, 13.861399637690084 ], [ 100.674223180098593, 13.874820731457035 ], [ 100.684447007127702, 13.884370496729604 ], [ 100.698119548156143, 13.880498871995751 ], [ 100.701567613555923, 13.867078026599026 ] ] ] } },
{ "type": "Feature", "properties": { "cell_id": "8764a48c4ffffff", "resolution": 7, "type": "h3" }, "geometry": { "type": "Polygon", "coordinates": [ [ [ 100.725462149507607, 13.872753658013282 ], [ 100.71523859094907, 13.863205692640843 ], [ 100.701567613555923, 13.867078026599026 ], [ 100.698119548156143, 13.880498871995751 ], [ 100.708343615363901, 13.890047132967378 ], [ 100.722015239610769, 13.886174252779044 ], [ 100.725462149507607, 13.872753658013282 ] ] ] } },
{ "type": "Feature", "properties": { "cell_id": "8764a48f1ffffff", "resolution": 7, "type": "h3" }, "geometry": { "type": "Polygon", "coordinates": [ [ [ 100.749355999438635, 13.878426529450101 ], [ 100.739132206867566, 13.868880070273551 ], [ 100.725462149507607, 13.872753658013282 ], [ 100.722015239610769, 13.886174252779044 ], [ 100.732239543422693, 13.895721007077748 ], [ 100.745910246178823, 13.891846871324534 ], [ 100.749355999438635, 13.878426529450101 ] ] ] } },
{ "type": "Feature", "properties": { "cell_id": "8764a48c1ffffff", "resolution": 7, "type": "h3" }, "geometry": { "type": "Polygon", "coordinates": [ [ [ 100.684447007127702, 13.884370496729604 ], [ 100.674223180098593, 13.874820731457035 ], [ 100.660549726999065, 13.878691100849004 ], [ 100.657099451777214, 13.892111777912254 ], [ 100.667323783072078, 13.901661838573721 ], [ 100.680997885612157, 13.897790926618912 ], [ 100.684447007127702, 13.884370496729604 ] ] ] } },
{ "type": "Feature", "properties": { "cell_id": "8764a48c0ffffff", "resolution": 7, "type": "h3" }, "geometry": { "type": "Polygon", "coordinates": [ [ [ 100.708343615363901, 13.890047132967378 ], [ 100.698119548156143, 13.880498871995751 ], [ 100.684447007127702, 13.884370496729604 ], [ 100.680997885612157, 13.897790926618912 ], [ 100.691222459679139, 13.907339482503899 ], [ 100.704895648691249, 13.903467313422139 ], [ 100.708343615363901, 13.890047132967378 ] ] ] } },
{ "type": "Feature", "properties": { "cell_id": "8764a48c6ffffff", "resolution": 7, "type": "h3" }, "geometry": { "type": "Polygon", "coordinates": [ [ [ 100.732239543422693, 13.895721007077748 ], [ 100.722015239610769, 13.886174252779044 ], [ 100.708343615363901, 13.890047132967378 ], [ 100.704895648691249, 13.903467313422139 ], [ 100.715120461955095, 13.913014362157817 ], [ 100.728792732728166, 13.90914093583773 ], [ 100.732239543422693, 13.895721007077748 ] ] ] } },
{ "type": "Feature", "properties": { "cell_id": "8764a48e9ffffff", "resolution": 7, "type": "h3" }, "geometry": { "type": "Polygon", "coordinates": [ [ [ 100.64700415226973, 13.832744025472927 ], [ 100.636782065567473, 13.823190357241229 ], [ 100.623109007880757, 13.827058389564481 ], [ 100.619657385636771, 13.840480630924004 ], [ 100.629879972407281, 13.850034597342978 ], [ 100.643553681643013, 13.846166024050943 ], [ 100.64700415226973, 13.832744025472927 ] ] ] } },
{ "type": "Feature", "properties": { "cell_id": "8764a48e8ffffff", "resolution": 7, "type": "h3" }, "geometry": { "type": "Polygon", "coordinates": [ [ [ 100.670898637924992, 13.838426913507298 ], [ 100.660676305508517, 13.828874741497259 ], [ 100.64700415226973, 13.832744025472927 ], [ 100.643553681643013, 13.846166024050943 ], [ 100.653776516721322, 13.855718493773971 ], [ 100.667449320053692, 13.851848667041832 ], [ 100.670898637924992, 13.838426913507298 ] ] ] } },
{ "type": "Feature", "properties": { "cell_id": "8764a4bb6ffffff", "resolution": 7, "type": "h3" }, "geometry": { "type": "Polygon", "coordinates": [ [ [ 100.629879972407281, 13.850034597342978 ], [ 100.619657385636771, 13.840480630924004 ], [ 100.605982775210322, 13.844347950894138 ], [ 100.60253009916579, 13.857769776203657 ], [ 100.612753184211471, 13.867324040121476 ], [ 100.626428447316286, 13.863456181066692 ], [ 100.629879972407281, 13.850034597342978 ] ] ] } },
{ "type": "Feature", "properties": { "cell_id": "8764a48ebffffff", "resolution": 7, "type": "h3" }, "geometry": { "type": "Polygon", "coordinates": [ [ [ 100.653776516721322, 13.855718493773971 ], [ 100.643553681643013, 13.846166024050943 ], [ 100.629879972407281, 13.850034597342978 ], [ 100.626428447316286, 13.863456181066692 ], [ 100.636651783264398, 13.873008947814922 ], [ 100.650326143723163, 13.869139833650042 ], [ 100.653776516721322, 13.855718493773971 ] ] ] } },
{ "type": "Feature", "properties": { "cell_id": "8764a48eaffffff", "resolution": 7, "type": "h3" }, "geometry": { "type": "Polygon", "coordinates": [ [ [ 100.677672399865912, 13.861399637690084 ], [ 100.667449320053692, 13.851848667041832 ], [ 100.653776516721322, 13.855718493773971 ], [ 100.650326143723163, 13.869139833650042 ], [ 100.660549726999065, 13.878691100849004 ], [ 100.674223180098593, 13.874820731457035 ], [ 100.677672399865912, 13.861399637690084 ] ] ] } },
{ "type": "Feature", "properties": { "cell_id": "8764a4bb2ffffff", "resolution": 7, "type": "h3" }, "geometry": { "type": "Polygon", "coordinates": [ [ [ 100.612753184211471, 13.867324040121476 ], [ 100.60253009916579, 13.857769776203657 ], [ 100.588853938129446, 13.861636380267541 ], [ 100.585400208620968, 13.875057785285337 ], [ 100.595623790147641, 13.884612346013585 ], [ 100.609300604991844, 13.880745204749335 ], [ 100.612753184211471, 13.867324040121476 ] ] ] } },
{ "type": "Feature", "properties": { "cell_id": "8764a48cdffffff", "resolution": 7, "type": "h3" }, "geometry": { "type": "Polygon", "coordinates": [ [ [ 100.636651783264398, 13.873008947814922 ], [ 100.626428447316286, 13.863456181066692 ], [ 100.612753184211471, 13.867324040121476 ], [ 100.609300604991844, 13.880745204749335 ], [ 100.619524440016605, 13.890298267834998 ], [ 100.633200355474074, 13.886429869791145 ], [ 100.636651783264398, 13.873008947814922 ] ] ] } },
{ "type": "Feature", "properties": { "cell_id": "8764a48ccffffff", "resolution": 7, "type": "h3" }, "geometry": { "type": "Polygon", "coordinates": [ [ [ 100.660549726999065, 13.878691100849004 ], [ 100.650326143723163, 13.869139833650042 ], [ 100.636651783264398, 13.873008947814922 ], [ 100.633200355474074, 13.886429869791145 ], [ 100.643424440421555, 13.895981432853695 ], [ 100.657099451777214, 13.892111777912254 ], [ 100.660549726999065, 13.878691100849004 ] ] ] } },
{ "type": "Feature", "properties": { "cell_id": "8764a48c9ffffff", "resolution": 7, "type": "h3" }, "geometry": { "type": "Polygon", "coordinates": [ [ [ 100.619524440016605, 13.890298267834998 ], [ 100.609300604991844, 13.880745204749335 ], [ 100.595623790147641, 13.884612346013585 ], [ 100.592170157135783, 13.898033087304393 ], [ 100.602394489442929, 13.90758644603974 ], [ 100.616071957769549, 13.903718767670346 ], [ 100.619524440016605, 13.890298267834998 ] ] ] } },
{ "type": "Feature", "properties": { "cell_id": "8764a48c8ffffff", "resolution": 7, "type": "h3" }, "geometry": { "type": "Polygon", "coordinates": [ [ [ 100.643424440421555, 13.895981432853695 ], [ 100.633200355474074, 13.886429869791145 ], [ 100.619524440016605, 13.890298267834998 ], [ 100.616071957769549, 13.903718767670346 ], [ 100.626296542595398, 13.913270625909387 ], [ 100.639973110079623, 13.909401688972384 ], [ 100.643424440421555, 13.895981432853695 ] ] ] } },
{ "type": "Feature", "properties": { "cell_id": "8764a48f3ffffff", "resolution": 7, "type": "h3" }, "geometry": { "type": "Polygon", "coordinates": [ [ [ 100.756134783020485, 13.901392116580906 ], [ 100.745910246178823, 13.891846871324534 ], [ 100.732239543422693, 13.895721007077748 ], [ 100.728792732728166, 13.90914093583773 ], [ 100.739017781613683, 13.918686475053844 ], [ 100.752689129438039, 13.914811791386253 ], [ 100.756134783020485, 13.901392116580906 ] ] ] } },
{ "type": "Feature", "properties": { "cell_id": "8764a48c3ffffff", "resolution": 7, "type": "h3" }, "geometry": { "type": "Polygon", "coordinates": [ [ [ 100.691222459679139, 13.907339482503899 ], [ 100.680997885612157, 13.897790926618912 ], [ 100.667323783072078, 13.901661838573721 ], [ 100.663873605774299, 13.915081848714921 ], [ 100.674098684909382, 13.924630698827464 ], [ 100.687773436563219, 13.92075924440714 ], [ 100.691222459679139, 13.907339482503899 ] ] ] } },
{ "type": "Feature", "properties": { "cell_id": "8764a48c2ffffff", "resolution": 7, "type": "h3" }, "geometry": { "type": "Polygon", "coordinates": [ [ [ 100.715120461955095, 13.913014362157817 ], [ 100.704895648691249, 13.903467313422139 ], [ 100.691222459679139, 13.907339482503899 ], [ 100.687773436563219, 13.92075924440714 ], [ 100.697998757488918, 13.930306586894636 ], [ 100.711672594157449, 13.926433873563008 ], [ 100.715120461955095, 13.913014362157817 ] ] ] } },
{ "type": "Feature", "properties": { "cell_id": "8764a48d5ffffff", "resolution": 7, "type": "h3" }, "geometry": { "type": "Polygon", "coordinates": [ [ [ 100.739017781613683, 13.918686475053844 ], [ 100.728792732728166, 13.90914093583773 ], [ 100.715120461955095, 13.913014362157817 ], [ 100.711672594157449, 13.926433873563008 ], [ 100.721898153297801, 13.935979706054351 ], [ 100.73557107026943, 13.932105733701263 ], [ 100.739017781613683, 13.918686475053844 ] ] ] } },
{ "type": "Feature", "properties": { "cell_id": "8764a48dcffffff", "resolution": 7, "type": "h3" }, "geometry": { "type": "Polygon", "coordinates": [ [ [ 100.697998757488918, 13.930306586894636 ], [ 100.687773436563219, 13.92075924440714 ], [ 100.674098684909382, 13.924630698827464 ], [ 100.670648605683525, 13.938050037939028 ], [ 100.680874432479897, 13.947597673493213 ], [ 100.694549832920501, 13.943725676705052 ], [ 100.697998757488918, 13.930306586894636 ] ] ] } },
{ "type": "Feature", "properties": { "cell_id": "8764a48d1ffffff", "resolution": 7, "type": "h3" }, "geometry": { "type": "Polygon", "coordinates": [ [ [ 100.721898153297801, 13.935979706054351 ], [ 100.711672594157449, 13.926433873563008 ], [ 100.697998757488918, 13.930306586894636 ], [ 100.694549832920501, 13.943725676705052 ], [ 100.704775900525604, 13.953271801787148 ], [ 100.718450384523123, 13.949398544304037 ], [ 100.721898153297801, 13.935979706054351 ] ] ] } },
{ "type": "Feature", "properties": { "cell_id": "8764a48d0ffffff", "resolution": 7, "type": "h3" }, "geometry": { "type": "Polygon", "coordinates": [ [ [ 100.745796864048572, 13.941650053827937 ], [ 100.73557107026943, 13.932105733701263 ], [ 100.721898153297801, 13.935979706054351 ], [ 100.718450384523123, 13.949398544304037 ], [ 100.728676689360299, 13.958943156544676 ], [ 100.742350252202584, 13.955068638257673 ], [ 100.745796864048572, 13.941650053827937 ] ] ] } },
{ "type": "Feature", "properties": { "cell_id": "8764a48deffffff", "resolution": 7, "type": "h3" }, "geometry": { "type": "Polygon", "coordinates": [ [ [ 100.704775900525604, 13.953271801787148 ], [ 100.694549832920501, 13.943725676705052 ], [ 100.680874432479897, 13.947597673493213 ], [ 100.677424451473826, 13.961016337469225 ], [ 100.687651025752444, 13.970562754457623 ], [ 100.701327074652639, 13.966690215399638 ], [ 100.704775900525604, 13.953271801787148 ] ] ] } },
{ "type": "Feature", "properties": { "cell_id": "8764a48d3ffffff", "resolution": 7, "type": "h3" }, "geometry": { "type": "Polygon", "coordinates": [ [ [ 100.728676689360299, 13.958943156544676 ], [ 100.718450384523123, 13.949398544304037 ], [ 100.704775900525604, 13.953271801787148 ], [ 100.701327074652639, 13.966690215399638 ], [ 100.711553888757692, 13.97623511907044 ], [ 100.725229019756554, 13.972361317534569 ], [ 100.728676689360299, 13.958943156544676 ] ] ] } },
{ "type": "Feature", "properties": { "cell_id": "8764a48d2ffffff", "resolution": 7, "type": "h3" }, "geometry": { "type": "Polygon", "coordinates": [ [ [ 100.752576790695258, 13.964611735290067 ], [ 100.742350252202584, 13.955068638257673 ], [ 100.728676689360299, 13.958943156544676 ], [ 100.725229019756554, 13.972361317534569 ], [ 100.735456070110729, 13.981904705520142 ], [ 100.749130278495571, 13.978029641398669 ], [ 100.752576790695258, 13.964611735290067 ] ] ] } },
{ "type": "Feature", "properties": { "cell_id": "8764a4834ffffff", "resolution": 7, "type": "h3" }, "geometry": { "type": "Polygon", "coordinates": [ [ [ 100.910069181372776, 13.745693440601109 ], [ 100.899849333246209, 13.736150871790207 ], [ 100.886192837801246, 13.740031232402833 ], [ 100.882755555865955, 13.753454726502069 ], [ 100.892975932087012, 13.762997595434616 ], [ 100.906633062434494, 13.759116669982557 ], [ 100.910069181372776, 13.745693440601109 ] ] ] } },
{ "type": "Feature", "properties": { "cell_id": "8764a4825ffffff", "resolution": 7, "type": "h3" }, "geometry": { "type": "Polygon", "coordinates": [ [ [ 100.848754834674892, 13.68842450793076 ], [ 100.838536887820638, 13.678876540586378 ], [ 100.824879772365037, 13.682753297466792 ], [ 100.821439965571898, 13.69617858301137 ], [ 100.831658433749695, 13.705726853778941 ], [ 100.845316187683451, 13.701849535414874 ], [ 100.848754834674892, 13.68842450793076 ] ] ] } },
{ "type": "Feature", "properties": { "cell_id": "8764a4824ffffff", "resolution": 7, "type": "h3" }, "geometry": { "type": "Polygon", "coordinates": [ [ [ 100.87262916921388, 13.69409298491091 ], [ 100.862411007072765, 13.684546514228986 ], [ 100.848754834674892, 13.68842450793076 ], [ 100.845316187683451, 13.701849535414874 ], [ 100.855534873730633, 13.711396309038271 ], [ 100.869191683149225, 13.707517752072256 ], [ 100.87262916921388, 13.69409298491091 ] ] ] } },
{ "type": "Feature", "properties": { "cell_id": "8764a4821ffffff", "resolution": 7, "type": "h3" }, "geometry": { "type": "Polygon", "coordinates": [ [ [ 100.831658433749695, 13.705726853778941 ], [ 100.821439965571898, 13.69617858301137 ], [ 100.807781271815614, 13.70005466287863 ], [ 100.804340406917376, 13.713479572951606 ], [ 100.814559394637755, 13.723028146455018 ], [ 100.828218728000408, 13.719151506985714 ], [ 100.831658433749695, 13.705726853778941 ] ] ] } },
{ "type": "Feature", "properties": { "cell_id": "8764a4820ffffff", "resolution": 7, "type": "h3" }, "geometry": { "type": "Polygon", "coordinates": [ [ [ 100.855534873730633, 13.711396309038271 ], [ 100.845316187683451, 13.701849535414874 ], [ 100.831658433749695, 13.705726853778941 ], [ 100.828218728000408, 13.719151506985714 ], [ 100.838437936173761, 13.728698582863863 ], [ 100.852096328256536, 13.724820703116636 ], [ 100.855534873730633, 13.711396309038271 ] ] ] } },
{ "type": "Feature", "properties": { "cell_id": "8764a4826ffffff", "resolution": 7, "type": "h3" }, "geometry": { "type": "Polygon", "coordinates": [ [ [ 100.879410583498867, 13.717063026185363 ], [ 100.869191683149225, 13.707517752072256 ], [ 100.855534873730633, 13.711396309038271 ], [ 100.852096328256536, 13.724820703116636 ], [ 100.862315753315173, 13.734366279002566 ], [ 100.875973199424919, 13.730487158873506 ], [ 100.879410583498867, 13.717063026185363 ] ] ] } },
{ "type": "Feature", "properties": { "cell_id": "8764a4823ffffff", "resolution": 7, "type": "h3" }, "geometry": { "type": "Polygon", "coordinates": [ [ [ 100.838437936173761, 13.728698582863863 ], [ 100.828218728000408, 13.719151506985714 ], [ 100.814559394637755, 13.723028146455018 ], [ 100.811118630457557, 13.736452421140495 ], [ 100.821338358976064, 13.745999798586707 ], [ 100.834998331616205, 13.742122599615502 ], [ 100.838437936173761, 13.728698582863863 ] ] ] } },
{ "type": "Feature", "properties": { "cell_id": "8764a4822ffffff", "resolution": 7, "type": "h3" }, "geometry": { "type": "Polygon", "coordinates": [ [ [ 100.862315753315173, 13.734366279002566 ], [ 100.852096328256536, 13.724820703116636 ], [ 100.838437936173761, 13.728698582863863 ], [ 100.834998331616205, 13.742122599615502 ], [ 100.845218279603884, 13.751668476588197 ], [ 100.858877309506354, 13.747790035558664 ], [ 100.862315753315173, 13.734366279002566 ] ] ] } },
{ "type": "Feature", "properties": { "cell_id": "8764a4835ffffff", "resolution": 7, "type": "h3" }, "geometry": { "type": "Polygon", "coordinates": [ [ [ 100.886192837801246, 13.740031232402833 ], [ 100.875973199424919, 13.730487158873506 ], [ 100.862315753315173, 13.734366279002566 ], [ 100.858877309506354, 13.747790035558664 ], [ 100.869097473394859, 13.757334409692614 ], [ 100.882755555865955, 13.753454726502069 ], [ 100.886192837801246, 13.740031232402833 ] ] ] } },
{ "type": "Feature", "properties": { "cell_id": "8764a4804ffffff", "resolution": 7, "type": "h3" }, "geometry": { "type": "Polygon", "coordinates": [ [ [ 100.845218279603884, 13.751668476588197 ], [ 100.834998331616205, 13.742122599615502 ], [ 100.821338358976064, 13.745999798586707 ], [ 100.81789769566177, 13.759423433768141 ], [ 100.828118164797431, 13.768969611141564 ], [ 100.841778776385979, 13.765091852768972 ], [ 100.845218279603884, 13.751668476588197 ] ] ] } },
{ "type": "Feature", "properties": { "cell_id": "8764a4836ffffff", "resolution": 7, "type": "h3" }, "geometry": { "type": "Polygon", "coordinates": [ [ [ 100.916853647419913, 13.768658031353622 ], [ 100.906633062434494, 13.759116669982557 ], [ 100.892975932087012, 13.762997595434616 ], [ 100.889538752438426, 13.776420446830839 ], [ 100.899759866322015, 13.785962107155594 ], [ 100.913417631241643, 13.78208061696674 ], [ 100.916853647419913, 13.768658031353622 ] ] ] } },
{ "type": "Feature", "properties": { "cell_id": "8764a498dffffff", "resolution": 7, "type": "h3" }, "geometry": { "type": "Polygon", "coordinates": [ [ [ 100.923638952903403, 13.791620766888485 ], [ 100.913417631241643, 13.78208061696674 ], [ 100.899759866322015, 13.785962107155594 ], [ 100.896322789108211, 13.799384311736315 ], [ 100.906544640472063, 13.808924759444247 ], [ 100.920203039633236, 13.805042704621597 ], [ 100.923638952903403, 13.791620766888485 ] ] ] } },
{ "type": "Feature", "properties": { "cell_id": "8764a498cffffff", "resolution": 7, "type": "h3" }, "geometry": { "type": "Polygon", "coordinates": [ [ [ 100.947517285419934, 13.797276669726783 ], [ 100.937295759548746, 13.787738032563807 ], [ 100.923638952903403, 13.791620766888485 ], [ 100.920203039633236, 13.805042704621597 ], [ 100.930425097788643, 13.814581639086525 ], [ 100.94408253721528, 13.810698338352767 ], [ 100.947517285419934, 13.797276669726783 ] ] ] } },
{ "type": "Feature", "properties": { "cell_id": "8764a4989ffffff", "resolution": 7, "type": "h3" }, "geometry": { "type": "Polygon", "coordinates": [ [ [ 100.906544640472063, 13.808924759444247 ], [ 100.896322789108211, 13.799384311736315 ], [ 100.882663434904401, 13.803265120743694 ], [ 100.879225296979413, 13.816686940049912 ], [ 100.889447676266414, 13.826227684860584 ], [ 100.903107665841134, 13.822346313098594 ], [ 100.906544640472063, 13.808924759444247 ] ] ] } },
{ "type": "Feature", "properties": { "cell_id": "8764a4988ffffff", "resolution": 7, "type": "h3" }, "geometry": { "type": "Polygon", "coordinates": [ [ [ 100.930425097788643, 13.814581639086525 ], [ 100.920203039633236, 13.805042704621597 ], [ 100.906544640472063, 13.808924759444247 ], [ 100.903107665841134, 13.822346313098594 ], [ 100.913330254502853, 13.831885544182663 ], [ 100.926989287574756, 13.82800292482959 ], [ 100.930425097788643, 13.814581639086525 ] ] ] } },
{ "type": "Feature", "properties": { "cell_id": "8764a498effffff", "resolution": 7, "type": "h3" }, "geometry": { "type": "Polygon", "coordinates": [ [ [ 100.954304798592844, 13.820235757220685 ], [ 100.94408253721528, 13.810698338352767 ], [ 100.930425097788643, 13.814581639086525 ], [ 100.926989287574756, 13.82800292482959 ], [ 100.937212082041015, 13.837540639832204 ], [ 100.95087015391772, 13.833656772793457 ], [ 100.954304798592844, 13.820235757220685 ] ] ] } },
{ "type": "Feature", "properties": { "cell_id": "8764a4831ffffff", "resolution": 7, "type": "h3" }, "geometry": { "type": "Polygon", "coordinates": [ [ [ 100.869097473394859, 13.757334409692614 ], [ 100.858877309506354, 13.747790035558664 ], [ 100.845218279603884, 13.751668476588197 ], [ 100.841778776385979, 13.765091852768972 ], [ 100.851999464006639, 13.774636526822146 ], [ 100.865659131399283, 13.770757524611522 ], [ 100.869097473394859, 13.757334409692614 ] ] ] } },
{ "type": "Feature", "properties": { "cell_id": "8764a4830ffffff", "resolution": 7, "type": "h3" }, "geometry": { "type": "Polygon", "coordinates": [ [ [ 100.892975932087012, 13.762997595434616 ], [ 100.882755555865955, 13.753454726502069 ], [ 100.869097473394859, 13.757334409692614 ], [ 100.865659131399283, 13.770757524611522 ], [ 100.875880033935886, 13.780300692980944 ], [ 100.889538752438426, 13.776420446830839 ], [ 100.892975932087012, 13.762997595434616 ] ] ] } },
{ "type": "Feature", "properties": { "cell_id": "8764a4806ffffff", "resolution": 7, "type": "h3" }, "geometry": { "type": "Polygon", "coordinates": [ [ [ 100.851999464006639, 13.774636526822146 ], [ 100.841778776385979, 13.765091852768972 ], [ 100.828118164797431, 13.768969611141564 ], [ 100.824677602496948, 13.782392602704011 ], [ 100.834898812068658, 13.791937575991035 ], [ 100.848560062276334, 13.788059258317929 ], [ 100.851999464006639, 13.774636526822146 ] ] ] } },
{ "type": "Feature", "properties": { "cell_id": "8764a4833ffffff", "resolution": 7, "type": "h3" }, "geometry": { "type": "Polygon", "coordinates": [ [ [ 100.875880033935886, 13.780300692980944 ], [ 100.865659131399283, 13.770757524611522 ], [ 100.851999464006639, 13.774636526822146 ], [ 100.848560062276334, 13.788059258317929 ], [ 100.858781489348473, 13.797602725439489 ], [ 100.872441793901586, 13.793723162149355 ], [ 100.875880033935886, 13.780300692980944 ] ] ] } },
{ "type": "Feature", "properties": { "cell_id": "8764a4832ffffff", "resolution": 7, "type": "h3" }, "geometry": { "type": "Polygon", "coordinates": [ [ [ 100.899759866322015, 13.785962107155594 ], [ 100.889538752438426, 13.776420446830839 ], [ 100.875880033935886, 13.780300692980944 ], [ 100.872441793901586, 13.793723162149355 ], [ 100.882663434904401, 13.803265120743694 ], [ 100.896322789108211, 13.799384311736315 ], [ 100.899759866322015, 13.785962107155594 ] ] ] } },
{ "type": "Feature", "properties": { "cell_id": "8764a4802ffffff", "resolution": 7, "type": "h3" }, "geometry": { "type": "Polygon", "coordinates": [ [ [ 100.834898812068658, 13.791937575991035 ], [ 100.824677602496948, 13.782392602704011 ], [ 100.811015411330871, 13.786269674862494 ], [ 100.807573790275072, 13.799692277563899 ], [ 100.817795520015608, 13.809237549399416 ], [ 100.831458350929935, 13.805359919821171 ], [ 100.834898812068658, 13.791937575991035 ] ] ] } },
{ "type": "Feature", "properties": { "cell_id": "8764a4815ffffff", "resolution": 7, "type": "h3" }, "geometry": { "type": "Polygon", "coordinates": [ [ [ 100.858781489348473, 13.797602725439489 ], [ 100.848560062276334, 13.788059258317929 ], [ 100.834898812068658, 13.791937575991035 ], [ 100.831458350929935, 13.805359919821171 ], [ 100.841680300756451, 13.814903685010156 ], [ 100.85534218925379, 13.81102480813777 ], [ 100.858781489348473, 13.797602725439489 ] ] ] } },
{ "type": "Feature", "properties": { "cell_id": "8764a4814ffffff", "resolution": 7, "type": "h3" }, "geometry": { "type": "Polygon", "coordinates": [ [ [ 100.882663434904401, 13.803265120743694 ], [ 100.872441793901586, 13.793723162149355 ], [ 100.858781489348473, 13.797602725439489 ], [ 100.85534218925379, 13.81102480813777 ], [ 100.865564355595751, 13.82056706431761 ], [ 100.879225296979413, 13.816686940049912 ], [ 100.882663434904401, 13.803265120743694 ] ] ] } },
{ "type": "Feature", "properties": { "cell_id": "8764a4811ffffff", "resolution": 7, "type": "h3" }, "geometry": { "type": "Polygon", "coordinates": [ [ [ 100.841680300756451, 13.814903685010156 ], [ 100.831458350929935, 13.805359919821171 ], [ 100.817795520015608, 13.809237549399416 ], [ 100.814353999795529, 13.822659501321676 ], [ 100.824576470594124, 13.832203563893392 ], [ 100.83823994092748, 13.828325376996276 ], [ 100.841680300756451, 13.814903685010156 ] ] ] } },
{ "type": "Feature", "properties": { "cell_id": "8764a4810ffffff", "resolution": 7, "type": "h3" }, "geometry": { "type": "Polygon", "coordinates": [ [ [ 100.865564355595751, 13.82056706431761 ], [ 100.85534218925379, 13.81102480813777 ], [ 100.841680300756451, 13.814903685010156 ], [ 100.83823994092748, 13.828325376996276 ], [ 100.848462630827356, 13.83786793007757 ], [ 100.862125157284737, 13.8339884941075 ], [ 100.865564355595751, 13.82056706431761 ] ] ] } },
{ "type": "Feature", "properties": { "cell_id": "8764a480cffffff", "resolution": 7, "type": "h3" }, "geometry": { "type": "Polygon", "coordinates": [ [ [ 100.780353411599407, 13.75762754108834 ], [ 100.770133390141254, 13.7480783641752 ], [ 100.756469974144451, 13.751952391664231 ], [ 100.753025936901338, 13.765376149858566 ], [ 100.763246472552467, 13.774925627445635 ], [ 100.776910531541205, 13.771051046000453 ], [ 100.780353411599407, 13.75762754108834 ] ] ] } },
{ "type": "Feature", "properties": { "cell_id": "8764a4801ffffff", "resolution": 7, "type": "h3" }, "geometry": { "type": "Polygon", "coordinates": [ [ [ 100.804236144572968, 13.763299948406333 ], [ 100.794015897491434, 13.75375227007873 ], [ 100.780353411599407, 13.75762754108834 ], [ 100.776910531541205, 13.771051046000453 ], [ 100.787131295402503, 13.780599024522797 ], [ 100.800794422829398, 13.776723197774352 ], [ 100.804236144572968, 13.763299948406333 ] ] ] } },
{ "type": "Feature", "properties": { "cell_id": "8764a4800ffffff", "resolution": 7, "type": "h3" }, "geometry": { "type": "Polygon", "coordinates": [ [ [ 100.828118164797431, 13.768969611141564 ], [ 100.81789769566177, 13.759423433768141 ], [ 100.804236144572968, 13.763299948406333 ], [ 100.800794422829398, 13.776723197774352 ], [ 100.811015411330871, 13.786269674862494 ], [ 100.824677602496948, 13.782392602704011 ], [ 100.828118164797431, 13.768969611141564 ] ] ] } },
{ "type": "Feature", "properties": { "cell_id": "8764a4808ffffff", "resolution": 7, "type": "h3" }, "geometry": { "type": "Polygon", "coordinates": [ [ [ 100.763246472552467, 13.774925627445635 ], [ 100.753025936901338, 13.765376149858566 ], [ 100.73936095105114, 13.769249486109455 ], [ 100.735915857019037, 13.782672851857237 ], [ 100.746136905077719, 13.792222629430968 ], [ 100.759802535048678, 13.78834874110624 ], [ 100.763246472552467, 13.774925627445635 ] ] ] } },
{ "type": "Feature", "properties": { "cell_id": "8764a480effffff", "resolution": 7, "type": "h3" }, "geometry": { "type": "Polygon", "coordinates": [ [ [ 100.787131295402503, 13.780599024522797 ], [ 100.776910531541205, 13.771051046000453 ], [ 100.763246472552467, 13.774925627445635 ], [ 100.759802535048678, 13.78834874110624 ], [ 100.770023813905382, 13.797897019136707 ], [ 100.783688515557927, 13.794021883834482 ], [ 100.787131295402503, 13.780599024522797 ] ] ] } },
{ "type": "Feature", "properties": { "cell_id": "8764a4803ffffff", "resolution": 7, "type": "h3" }, "geometry": { "type": "Polygon", "coordinates": [ [ [ 100.811015411330871, 13.786269674862494 ], [ 100.800794422829398, 13.776723197774352 ], [ 100.787131295402503, 13.780599024522797 ], [ 100.783688515557927, 13.794021883834482 ], [ 100.793910021641892, 13.803568659951354 ], [ 100.807573790275072, 13.799692277563899 ], [ 100.811015411330871, 13.786269674862494 ] ] ] } },
{ "type": "Feature", "properties": { "cell_id": "8764a480affffff", "resolution": 7, "type": "h3" }, "geometry": { "type": "Polygon", "coordinates": [ [ [ 100.770023813905382, 13.797897019136707 ], [ 100.759802535048678, 13.78834874110624 ], [ 100.746136905077719, 13.792222629430968 ], [ 100.742691910458305, 13.805645347597247 ], [ 100.752913702524921, 13.815193924449234 ], [ 100.766579976288767, 13.811319484149431 ], [ 100.770023813905382, 13.797897019136707 ] ] ] } },
{ "type": "Feature", "properties": { "cell_id": "8764a481dffffff", "resolution": 7, "type": "h3" }, "geometry": { "type": "Polygon", "coordinates": [ [ [ 100.793910021641892, 13.803568659951354 ], [ 100.783688515557927, 13.794021883834482 ], [ 100.770023813905382, 13.797897019136707 ], [ 100.766579976288767, 13.811319484149431 ], [ 100.776801998170811, 13.820866558609071 ], [ 100.790467342158806, 13.816990869549279 ], [ 100.793910021641892, 13.803568659951354 ] ] ] } },
{ "type": "Feature", "properties": { "cell_id": "8764a481cffffff", "resolution": 7, "type": "h3" }, "geometry": { "type": "Polygon", "coordinates": [ [ [ 100.817795520015608, 13.809237549399416 ], [ 100.807573790275072, 13.799692277563899 ], [ 100.793910021641892, 13.803568659951354 ], [ 100.790467342158806, 13.816990869549279 ], [ 100.800689590284804, 13.82653643924797 ], [ 100.814353999795529, 13.822659501321676 ], [ 100.817795520015608, 13.809237549399416 ] ] ] } },
{ "type": "Feature", "properties": { "cell_id": "8764a4819ffffff", "resolution": 7, "type": "h3" }, "geometry": { "type": "Polygon", "coordinates": [ [ [ 100.776801998170811, 13.820866558609071 ], [ 100.766579976288767, 13.811319484149431 ], [ 100.752913702524921, 13.815193924449234 ], [ 100.749468807466002, 13.828615990920664 ], [ 100.759691343360572, 13.83816336303714 ], [ 100.773358260589234, 13.83428837086138 ], [ 100.776801998170811, 13.820866558609071 ] ] ] } },
{ "type": "Feature", "properties": { "cell_id": "8764a4816ffffff", "resolution": 7, "type": "h3" }, "geometry": { "type": "Polygon", "coordinates": [ [ [ 100.889447676266414, 13.826227684860584 ], [ 100.879225296979413, 13.816686940049912 ], [ 100.865564355595751, 13.82056706431761 ], [ 100.862125157284737, 13.8339884941075 ], [ 100.872348062714721, 13.843529535337506 ], [ 100.886009640598857, 13.839648850194553 ], [ 100.889447676266414, 13.826227684860584 ] ] ] } },
{ "type": "Feature", "properties": { "cell_id": "8764a4813ffffff", "resolution": 7, "type": "h3" }, "geometry": { "type": "Polygon", "coordinates": [ [ [ 100.848462630827356, 13.83786793007757 ], [ 100.83823994092748, 13.828325376996276 ], [ 100.824576470594124, 13.832203563893392 ], [ 100.821135051357743, 13.845624860925613 ], [ 100.831358263033209, 13.85516771022434 ], [ 100.845022372456214, 13.851288966109596 ], [ 100.848462630827356, 13.83786793007757 ] ] ] } },
{ "type": "Feature", "properties": { "cell_id": "8764a4812ffffff", "resolution": 7, "type": "h3" }, "geometry": { "type": "Polygon", "coordinates": [ [ [ 100.872348062714721, 13.843529535337506 ], [ 100.862125157284737, 13.8339884941075 ], [ 100.848462630827356, 13.83786793007757 ], [ 100.845022372456214, 13.851288966109596 ], [ 100.855245802247907, 13.860830303075543 ], [ 100.868908966335468, 13.856950308109754 ], [ 100.872348062714721, 13.843529535337506 ] ] ] } },
{ "type": "Feature", "properties": { "cell_id": "8764a48a5ffffff", "resolution": 7, "type": "h3" }, "geometry": { "type": "Polygon", "coordinates": [ [ [ 100.896232757987832, 13.849188377214979 ], [ 100.886009640598857, 13.839648850194553 ], [ 100.872348062714721, 13.843529535337506 ], [ 100.868908966335468, 13.856950308109754 ], [ 100.879132610671519, 13.866490130383795 ], [ 100.892794824725854, 13.862608884468264 ], [ 100.896232757987832, 13.849188377214979 ] ] ] } },
{ "type": "Feature", "properties": { "cell_id": "8764a48adffffff", "resolution": 7, "type": "h3" }, "geometry": { "type": "Polygon", "coordinates": [ [ [ 100.831358263033209, 13.85516771022434 ], [ 100.821135051357743, 13.845624860925613 ], [ 100.807470001298455, 13.849502354290209 ], [ 100.804027522982253, 13.862923252127088 ], [ 100.814251254649861, 13.872466396959261 ], [ 100.82791694492856, 13.86858834825726 ], [ 100.831358263033209, 13.85516771022434 ] ] ] } },
{ "type": "Feature", "properties": { "cell_id": "8764a48acffffff", "resolution": 7, "type": "h3" }, "geometry": { "type": "Polygon", "coordinates": [ [ [ 100.855245802247907, 13.860830303075543 ], [ 100.845022372456214, 13.851288966109596 ], [ 100.831358263033209, 13.85516771022434 ], [ 100.82791694492856, 13.86858834825726 ], [ 100.838140897299596, 13.878129980275803 ], [ 100.851805645482671, 13.874250679045035 ], [ 100.855245802247907, 13.860830303075543 ] ] ] } },
{ "type": "Feature", "properties": { "cell_id": "8764a48a1ffffff", "resolution": 7, "type": "h3" }, "geometry": { "type": "Polygon", "coordinates": [ [ [ 100.879132610671519, 13.866490130383795 ], [ 100.868908966335468, 13.856950308109754 ], [ 100.855245802247907, 13.860830303075543 ], [ 100.851805645482671, 13.874250679045035 ], [ 100.862029814984481, 13.883790795889979 ], [ 100.875693616372189, 13.879910242030787 ], [ 100.879132610671519, 13.866490130383795 ] ] ] } },
{ "type": "Feature", "properties": { "cell_id": "8764a48a8ffffff", "resolution": 7, "type": "h3" }, "geometry": { "type": "Polygon", "coordinates": [ [ [ 100.838140897299596, 13.878129980275803 ], [ 100.82791694492856, 13.86858834825726 ], [ 100.814251254649861, 13.872466396959261 ], [ 100.810808877139124, 13.885886632752133 ], [ 100.821033350305996, 13.895428559139953 ], [ 100.834699680474785, 13.891549955201798 ], [ 100.838140897299596, 13.878129980275803 ] ] ] } },
{ "type": "Feature", "properties": { "cell_id": "8764a48aeffffff", "resolution": 7, "type": "h3" }, "geometry": { "type": "Polygon", "coordinates": [ [ [ 100.862029814984481, 13.883790795889979 ], [ 100.851805645482671, 13.874250679045035 ], [ 100.838140897299596, 13.878129980275803 ], [ 100.834699680474785, 13.891549955201798 ], [ 100.84492437335993, 13.901090365934964 ], [ 100.858589759973256, 13.897210507690142 ], [ 100.862029814984481, 13.883790795889979 ] ] ] } },
{ "type": "Feature", "properties": { "cell_id": "8764a48a3ffffff", "resolution": 7, "type": "h3" }, "geometry": { "type": "Polygon", "coordinates": [ [ [ 100.885917999432209, 13.889448841344761 ], [ 100.875693616372189, 13.879910242030787 ], [ 100.862029814984481, 13.883790795889979 ], [ 100.858589759973256, 13.897210507690142 ], [ 100.868814669003342, 13.906749400410444 ], [ 100.882479107360965, 13.902868287760528 ], [ 100.885917999432209, 13.889448841344761 ] ] ] } },
{ "type": "Feature", "properties": { "cell_id": "8764a498bffffff", "resolution": 7, "type": "h3" }, "geometry": { "type": "Polygon", "coordinates": [ [ [ 100.913330254502853, 13.831885544182663 ], [ 100.903107665841134, 13.822346313098594 ], [ 100.889447676266414, 13.826227684860584 ], [ 100.886009640598857, 13.839648850194553 ], [ 100.896232757987832, 13.849188377214979 ], [ 100.909893382602931, 13.8453064428014 ], [ 100.913330254502853, 13.831885544182663 ] ] ] } },
{ "type": "Feature", "properties": { "cell_id": "8764a498affffff", "resolution": 7, "type": "h3" }, "geometry": { "type": "Polygon", "coordinates": [ [ [ 100.937212082041015, 13.837540639832204 ], [ 100.926989287574756, 13.82800292482959 ], [ 100.913330254502853, 13.831885544182663 ], [ 100.909893382602931, 13.8453064428014 ], [ 100.920116708379922, 13.854844453256565 ], [ 100.933776375031627, 13.850961269476807 ], [ 100.937212082041015, 13.837540639832204 ] ] ] } },
{ "type": "Feature", "properties": { "cell_id": "8764a48a4ffffff", "resolution": 7, "type": "h3" }, "geometry": { "type": "Polygon", "coordinates": [ [ [ 100.920116708379922, 13.854844453256565 ], [ 100.909893382602931, 13.8453064428014 ], [ 100.896232757987832, 13.849188377214979 ], [ 100.892794824725854, 13.862608884468264 ], [ 100.903018680034464, 13.872147189693868 ], [ 100.916679939359256, 13.868264692732089 ], [ 100.920116708379922, 13.854844453256565 ] ] ] } },
{ "type": "Feature", "properties": { "cell_id": "8764a48a0ffffff", "resolution": 7, "type": "h3" }, "geometry": { "type": "Polygon", "coordinates": [ [ [ 100.903018680034464, 13.872147189693868 ], [ 100.892794824725854, 13.862608884468264 ], [ 100.879132610671519, 13.866490130383795 ], [ 100.875693616372189, 13.879910242030787 ], [ 100.885917999432209, 13.889448841344761 ], [ 100.899580849326256, 13.885567034759683 ], [ 100.903018680034464, 13.872147189693868 ] ] ] } },
{ "type": "Feature", "properties": { "cell_id": "8764a48a6ffffff", "resolution": 7, "type": "h3" }, "geometry": { "type": "Polygon", "coordinates": [ [ [ 100.926904002068781, 13.877801478555318 ], [ 100.916679939359256, 13.868264692732089 ], [ 100.903018680034464, 13.872147189693868 ], [ 100.899580849326256, 13.885567034759683 ], [ 100.909805442372047, 13.895104114187898 ], [ 100.923467336075561, 13.891221054781674 ], [ 100.926904002068781, 13.877801478555318 ] ] ] } },
{ "type": "Feature", "properties": { "cell_id": "8764a48a2ffffff", "resolution": 7, "type": "h3" }, "geometry": { "type": "Polygon", "coordinates": [ [ [ 100.909805442372047, 13.895104114187898 ], [ 100.899580849326256, 13.885567034759683 ], [ 100.885917999432209, 13.889448841344761 ], [ 100.882479107360965, 13.902868287760528 ], [ 100.892704228962742, 13.912405660112329 ], [ 100.906367714365814, 13.908523292961107 ], [ 100.909805442372047, 13.895104114187898 ] ] ] } },
{ "type": "Feature", "properties": { "cell_id": "8764a48abffffff", "resolution": 7, "type": "h3" }, "geometry": { "type": "Polygon", "coordinates": [ [ [ 100.821033350305996, 13.895428559139953 ], [ 100.810808877139124, 13.885886632752133 ], [ 100.797141608116547, 13.889763982484249 ], [ 100.793698171527865, 13.903183811796454 ], [ 100.80392316370596, 13.912726031870262 ], [ 100.817591073748787, 13.908848128782022 ], [ 100.821033350305996, 13.895428559139953 ] ] ] } },
{ "type": "Feature", "properties": { "cell_id": "8764a48f2ffffff", "resolution": 7, "type": "h3" }, "geometry": { "type": "Polygon", "coordinates": [ [ [ 100.780029325875134, 13.907060459001825 ], [ 100.76980455957812, 13.897516725154611 ], [ 100.756134783020485, 13.901392116580906 ], [ 100.752689129438039, 13.914811791386253 ], [ 100.762914410370101, 13.92435581871513 ], [ 100.776584830537431, 13.920479877593062 ], [ 100.780029325875134, 13.907060459001825 ] ] ] } },
{ "type": "Feature", "properties": { "cell_id": "8764a488dffffff", "resolution": 7, "type": "h3" }, "geometry": { "type": "Polygon", "coordinates": [ [ [ 100.80392316370596, 13.912726031870262 ], [ 100.793698171527865, 13.903183811796454 ], [ 100.780029325875134, 13.907060459001825 ], [ 100.776584830537431, 13.920479877593062 ], [ 100.786810339940956, 13.930022390669608 ], [ 100.800479827744311, 13.926145191988297 ], [ 100.80392316370596, 13.912726031870262 ] ] ] } },
{ "type": "Feature", "properties": { "cell_id": "8764a488cffffff", "resolution": 7, "type": "h3" }, "geometry": { "type": "Polygon", "coordinates": [ [ [ 100.827816288233706, 13.918388832720771 ], [ 100.817591073748787, 13.908848128782022 ], [ 100.80392316370596, 13.912726031870262 ], [ 100.800479827744311, 13.926145191988297 ], [ 100.810705562044333, 13.935686188450015 ], [ 100.824374112778145, 13.931807732106893 ], [ 100.827816288233706, 13.918388832720771 ] ] ] } },
{ "type": "Feature", "properties": { "cell_id": "8764a48d4ffffff", "resolution": 7, "type": "h3" }, "geometry": { "type": "Polygon", "coordinates": [ [ [ 100.762914410370101, 13.92435581871513 ], [ 100.752689129438039, 13.914811791386253 ], [ 100.739017781613683, 13.918686475053844 ], [ 100.73557107026943, 13.932105733701263 ], [ 100.745796864048572, 13.941650053827937 ], [ 100.759468856613026, 13.937774822345432 ], [ 100.762914410370101, 13.92435581871513 ] ] ] } },
{ "type": "Feature", "properties": { "cell_id": "8764a4889ffffff", "resolution": 7, "type": "h3" }, "geometry": { "type": "Polygon", "coordinates": [ [ [ 100.786810339940956, 13.930022390669608 ], [ 100.776584830537431, 13.920479877593062 ], [ 100.762914410370101, 13.92435581871513 ], [ 100.759468856613026, 13.937774822345432 ], [ 100.769694881455138, 13.947317627741494 ], [ 100.783365944903579, 13.943441137023827 ], [ 100.786810339940956, 13.930022390669608 ] ] ] } },
{ "type": "Feature", "properties": { "cell_id": "8764a4888ffffff", "resolution": 7, "type": "h3" }, "geometry": { "type": "Polygon", "coordinates": [ [ [ 100.810705562044333, 13.935686188450015 ], [ 100.800479827744311, 13.926145191988297 ], [ 100.786810339940956, 13.930022390669608 ], [ 100.783365944903579, 13.943441137023827 ], [ 100.793592197232897, 13.952982425325937 ], [ 100.807262326857824, 13.949104675269572 ], [ 100.810705562044333, 13.935686188450015 ] ] ] } },
{ "type": "Feature", "properties": { "cell_id": "8764a48d6ffffff", "resolution": 7, "type": "h3" }, "geometry": { "type": "Polygon", "coordinates": [ [ [ 100.769694881455138, 13.947317627741494 ], [ 100.759468856613026, 13.937774822345432 ], [ 100.745796864048572, 13.941650053827937 ], [ 100.742350252202584, 13.955068638257673 ], [ 100.752576790695258, 13.964611735290067 ], [ 100.766249427671497, 13.960735956092456 ], [ 100.769694881455138, 13.947317627741494 ] ] ] } },
{ "type": "Feature", "properties": { "cell_id": "8764a488bffffff", "resolution": 7, "type": "h3" }, "geometry": { "type": "Polygon", "coordinates": [ [ [ 100.793592197232897, 13.952982425325937 ], [ 100.783365944903579, 13.943441137023827 ], [ 100.769694881455138, 13.947317627741494 ], [ 100.766249427671497, 13.960735956092456 ], [ 100.776476196243166, 13.970277535552412 ], [ 100.790147902643952, 13.96640049533967 ], [ 100.793592197232897, 13.952982425325937 ] ] ] } },
{ "type": "Feature", "properties": { "cell_id": "8764a488affffff", "resolution": 7, "type": "h3" }, "geometry": { "type": "Polygon", "coordinates": [ [ [ 100.817488803098669, 13.958644444116965 ], [ 100.807262326857824, 13.949104675269572 ], [ 100.793592197232897, 13.952982425325937 ], [ 100.790147902643952, 13.96640049533967 ], [ 100.800374897718171, 13.975940554865586 ], [ 100.814045668835462, 13.972062253535405 ], [ 100.817488803098669, 13.958644444116965 ] ] ] } },
{ "type": "Feature", "properties": { "cell_id": "8764a48b5ffffff", "resolution": 7, "type": "h3" }, "geometry": { "type": "Polygon", "coordinates": [ [ [ 100.93369213553477, 13.900756611971948 ], [ 100.923467336075561, 13.891221054781674 ], [ 100.909805442372047, 13.895104114187898 ], [ 100.906367714365814, 13.908523292961107 ], [ 100.916593044966149, 13.918059142591385 ], [ 100.930255572717314, 13.914175520844836 ], [ 100.93369213553477, 13.900756611971948 ] ] ] } },
{ "type": "Feature", "properties": { "cell_id": "8764a48b1ffffff", "resolution": 7, "type": "h3" }, "geometry": { "type": "Polygon", "coordinates": [ [ [ 100.916593044966149, 13.918059142591385 ], [ 100.906367714365814, 13.908523292961107 ], [ 100.892704228962742, 13.912405660112329 ], [ 100.889265439267803, 13.925824437192565 ], [ 100.899491299228927, 13.935360578582122 ], [ 100.913155419810209, 13.931477650968517 ], [ 100.916593044966149, 13.918059142591385 ] ] ] } },
{ "type": "Feature", "properties": { "cell_id": "8764a48b3ffffff", "resolution": 7, "type": "h3" }, "geometry": { "type": "Polygon", "coordinates": [ [ [ 100.923381487782294, 13.941012266802341 ], [ 100.913155419810209, 13.931477650968517 ], [ 100.899491299228927, 13.935360578582122 ], [ 100.896052612058583, 13.948778682224175 ], [ 100.906279210196544, 13.958313588653436 ], [ 100.919943965624952, 13.954430100681579 ], [ 100.923381487782294, 13.941012266802341 ] ] ] } },
{ "type": "Feature", "properties": { "cell_id": "8764a4895ffffff", "resolution": 7, "type": "h3" }, "geometry": { "type": "Polygon", "coordinates": [ [ [ 100.906279210196544, 13.958313588653436 ], [ 100.896052612058583, 13.948778682224175 ], [ 100.88238690075255, 13.952660912146037 ], [ 100.878947151892646, 13.966078606814015 ], [ 100.88917427841497, 13.975613803158712 ], [ 100.902840625699085, 13.97173101475634 ], [ 100.906279210196544, 13.958313588653436 ] ] ] } },
{ "type": "Feature", "properties": { "cell_id": "8764a4894ffffff", "resolution": 7, "type": "h3" }, "geometry": { "type": "Polygon", "coordinates": [ [ [ 100.930170770785878, 13.963963478722455 ], [ 100.919943965624952, 13.954430100681579 ], [ 100.906279210196544, 13.958313588653436 ], [ 100.902840625699085, 13.97173101475634 ], [ 100.913067961831189, 13.9812646822293 ], [ 100.926733351775496, 13.977380634003673 ], [ 100.930170770785878, 13.963963478722455 ] ] ] } },
{ "type": "Feature", "properties": { "cell_id": "8764a48aaffffff", "resolution": 7, "type": "h3" }, "geometry": { "type": "Polygon", "coordinates": [ [ [ 100.84492437335993, 13.901090365934964 ], [ 100.834699680474785, 13.891549955201798 ], [ 100.821033350305996, 13.895428559139953 ], [ 100.817591073748787, 13.908848128782022 ], [ 100.827816288233706, 13.918388832720771 ], [ 100.841483257963048, 13.914509673648068 ], [ 100.84492437335993, 13.901090365934964 ] ] ] } },
{ "type": "Feature", "properties": { "cell_id": "8764a4885ffffff", "resolution": 7, "type": "h3" }, "geometry": { "type": "Polygon", "coordinates": [ [ [ 100.868814669003342, 13.906749400410444 ], [ 100.858589759973256, 13.897210507690142 ], [ 100.84492437335993, 13.901090365934964 ], [ 100.841483257963048, 13.914509673648068 ], [ 100.851708691180704, 13.924048859092686 ], [ 100.865374715894319, 13.920168443936134 ], [ 100.868814669003342, 13.906749400410444 ] ] ] } },
{ "type": "Feature", "properties": { "cell_id": "8764a4884ffffff", "resolution": 7, "type": "h3" }, "geometry": { "type": "Polygon", "coordinates": [ [ [ 100.892704228962742, 13.912405660112329 ], [ 100.882479107360965, 13.902868287760528 ], [ 100.868814669003342, 13.906749400410444 ], [ 100.865374715894319, 13.920168443936134 ], [ 100.875600364270667, 13.929706108530153 ], [ 100.889265439267803, 13.925824437192565 ], [ 100.892704228962742, 13.912405660112329 ] ] ] } },
{ "type": "Feature", "properties": { "cell_id": "8764a4881ffffff", "resolution": 7, "type": "h3" }, "geometry": { "type": "Polygon", "coordinates": [ [ [ 100.851708691180704, 13.924048859092686 ], [ 100.841483257963048, 13.914509673648068 ], [ 100.827816288233706, 13.918388832720771 ], [ 100.824374112778145, 13.931807732106893 ], [ 100.834600068399766, 13.941347209593868 ], [ 100.848267677359928, 13.93746749548858 ], [ 100.851708691180704, 13.924048859092686 ] ] ] } },
{ "type": "Feature", "properties": { "cell_id": "8764a4880ffffff", "resolution": 7, "type": "h3" }, "geometry": { "type": "Polygon", "coordinates": [ [ [ 100.875600364270667, 13.929706108530153 ], [ 100.865374715894319, 13.920168443936134 ], [ 100.851708691180704, 13.924048859092686 ], [ 100.848267677359928, 13.93746749548858 ], [ 100.858493850728337, 13.9470054516435 ], [ 100.87216051321208, 13.943124479677895 ], [ 100.875600364270667, 13.929706108530153 ] ] ] } },
{ "type": "Feature", "properties": { "cell_id": "8764a4886ffffff", "resolution": 7, "type": "h3" }, "geometry": { "type": "Polygon", "coordinates": [ [ [ 100.899491299228927, 13.935360578582122 ], [ 100.889265439267803, 13.925824437192565 ], [ 100.875600364270667, 13.929706108530153 ], [ 100.87216051321208, 13.943124479677895 ], [ 100.88238690075255, 13.952660912146037 ], [ 100.896052612058583, 13.948778682224175 ], [ 100.899491299228927, 13.935360578582122 ] ] ] } },
{ "type": "Feature", "properties": { "cell_id": "8764a488effffff", "resolution": 7, "type": "h3" }, "geometry": { "type": "Polygon", "coordinates": [ [ [ 100.834600068399766, 13.941347209593868 ], [ 100.824374112778145, 13.931807732106893 ], [ 100.810705562044333, 13.935686188450015 ], [ 100.807262326857824, 13.949104675269572 ], [ 100.817488803098669, 13.958644444116965 ], [ 100.831157994194015, 13.954765434620571 ], [ 100.834600068399766, 13.941347209593868 ] ] ] } },
{ "type": "Feature", "properties": { "cell_id": "8764a4883ffffff", "resolution": 7, "type": "h3" }, "geometry": { "type": "Polygon", "coordinates": [ [ [ 100.858493850728337, 13.9470054516435 ], [ 100.848267677359928, 13.93746749548858 ], [ 100.834600068399766, 13.941347209593868 ], [ 100.831157994194015, 13.954765434620571 ], [ 100.841384690770823, 13.964303681655089 ], [ 100.855052938631871, 13.960423412619544 ], [ 100.858493850728337, 13.9470054516435 ] ] ] } },
{ "type": "Feature", "properties": { "cell_id": "8764a4882ffffff", "resolution": 7, "type": "h3" }, "geometry": { "type": "Polygon", "coordinates": [ [ [ 100.88238690075255, 13.952660912146037 ], [ 100.87216051321208, 13.943124479677895 ], [ 100.858493850728337, 13.9470054516435 ], [ 100.855052938631871, 13.960423412619544 ], [ 100.865279851969134, 13.969960135485628 ], [ 100.878947151892646, 13.966078606814015 ], [ 100.88238690075255, 13.952660912146037 ] ] ] } },
{ "type": "Feature", "properties": { "cell_id": "8764a489dffffff", "resolution": 7, "type": "h3" }, "geometry": { "type": "Polygon", "coordinates": [ [ [ 100.841384690770823, 13.964303681655089 ], [ 100.831157994194015, 13.954765434620571 ], [ 100.817488803098669, 13.958644444116965 ], [ 100.814045668835462, 13.972062253535405 ], [ 100.824272886835885, 13.981600790768274 ], [ 100.837942717963074, 13.977721228220563 ], [ 100.841384690770823, 13.964303681655089 ] ] ] } },
{ "type": "Feature", "properties": { "cell_id": "8764a48ceffffff", "resolution": 7, "type": "h3" }, "geometry": { "type": "Polygon", "coordinates": [ [ [ 100.667323783072078, 13.901661838573721 ], [ 100.657099451777214, 13.892111777912254 ], [ 100.643424440421555, 13.895981432853695 ], [ 100.639973110079623, 13.909401688972384 ], [ 100.650197943848113, 13.918952044336299 ], [ 100.663873605774299, 13.915081848714921 ], [ 100.667323783072078, 13.901661838573721 ] ] ] } },
{ "type": "Feature", "properties": { "cell_id": "8764a48cbffffff", "resolution": 7, "type": "h3" }, "geometry": { "type": "Polygon", "coordinates": [ [ [ 100.626296542595398, 13.913270625909387 ], [ 100.616071957769549, 13.903718767670346 ], [ 100.602394489442929, 13.90758644603974 ], [ 100.59894095307537, 13.92100651949354 ], [ 100.609166035985268, 13.930558672222 ], [ 100.622844157468663, 13.926690456843009 ], [ 100.626296542595398, 13.913270625909387 ] ] ] } },
{ "type": "Feature", "properties": { "cell_id": "8764a48caffffff", "resolution": 7, "type": "h3" }, "geometry": { "type": "Polygon", "coordinates": [ [ [ 100.650197943848113, 13.918952044336299 ], [ 100.639973110079623, 13.909401688972384 ], [ 100.626296542595398, 13.913270625909387 ], [ 100.622844157468663, 13.926690456843009 ], [ 100.633069491917482, 13.936241106222948 ], [ 100.646746711102381, 13.932371630489055 ], [ 100.650197943848113, 13.918952044336299 ] ] ] } },
{ "type": "Feature", "properties": { "cell_id": "8764a48ddffffff", "resolution": 7, "type": "h3" }, "geometry": { "type": "Polygon", "coordinates": [ [ [ 100.674098684909382, 13.924630698827464 ], [ 100.663873605774299, 13.915081848714921 ], [ 100.650197943848113, 13.918952044336299 ], [ 100.646746711102381, 13.932371630489055 ], [ 100.656972293513334, 13.941920774143382 ], [ 100.670648605683525, 13.938050037939028 ], [ 100.674098684909382, 13.924630698827464 ] ] ] } },
{ "type": "Feature", "properties": { "cell_id": "8764a4164ffffff", "resolution": 7, "type": "h3" }, "geometry": { "type": "Polygon", "coordinates": [ [ [ 100.633069491917482, 13.936241106222948 ], [ 100.622844157468663, 13.926690456843009 ], [ 100.609166035985268, 13.930558672222 ], [ 100.605712596409717, 13.943978073730417 ], [ 100.615938429744489, 13.953529016439987 ], [ 100.629617204058832, 13.949660264147289 ], [ 100.633069491917482, 13.936241106222948 ] ] ] } },
{ "type": "Feature", "properties": { "cell_id": "8764a48d9ffffff", "resolution": 7, "type": "h3" }, "geometry": { "type": "Polygon", "coordinates": [ [ [ 100.656972293513334, 13.941920774143382 ], [ 100.646746711102381, 13.932371630489055 ], [ 100.633069491917482, 13.936241106222948 ], [ 100.629617204058832, 13.949660264147289 ], [ 100.639843287952331, 13.959209700657652 ], [ 100.653521158511609, 13.955339686223464 ], [ 100.656972293513334, 13.941920774143382 ] ] ] } },
{ "type": "Feature", "properties": { "cell_id": "8764a48d8ffffff", "resolution": 7, "type": "h3" }, "geometry": { "type": "Polygon", "coordinates": [ [ [ 100.680874432479897, 13.947597673493213 ], [ 100.670648605683525, 13.938050037939028 ], [ 100.656972293513334, 13.941920774143382 ], [ 100.653521158511609, 13.955339686223464 ], [ 100.663747489386381, 13.964887614159245 ], [ 100.677424451473826, 13.961016337469225 ], [ 100.680874432479897, 13.947597673493213 ] ] ] } },
{ "type": "Feature", "properties": { "cell_id": "8764a4160ffffff", "resolution": 7, "type": "h3" }, "geometry": { "type": "Polygon", "coordinates": [ [ [ 100.615938429744489, 13.953529016439987 ], [ 100.605712596409717, 13.943978073730417 ], [ 100.592032923058426, 13.947845563998165 ], [ 100.588578429370799, 13.961264531841623 ], [ 100.598804759796053, 13.970815767194447 ], [ 100.612485087108695, 13.966947741896314 ], [ 100.615938429744489, 13.953529016439987 ] ] ] } },
{ "type": "Feature", "properties": { "cell_id": "8764a4166ffffff", "resolution": 7, "type": "h3" }, "geometry": { "type": "Polygon", "coordinates": [ [ [ 100.639843287952331, 13.959209700657652 ], [ 100.629617204058832, 13.949660264147289 ], [ 100.615938429744489, 13.953529016439987 ], [ 100.612485087108695, 13.966947741896314 ], [ 100.622711670690336, 13.976497470576994 ], [ 100.636391097509559, 13.972628181466828 ], [ 100.639843287952331, 13.959209700657652 ] ] ] } },
{ "type": "Feature", "properties": { "cell_id": "8764a48dbffffff", "resolution": 7, "type": "h3" }, "geometry": { "type": "Polygon", "coordinates": [ [ [ 100.663747489386381, 13.964887614159245 ], [ 100.653521158511609, 13.955339686223464 ], [ 100.639843287952331, 13.959209700657652 ], [ 100.636391097509559, 13.972628181466828 ], [ 100.64661793066935, 13.98217640109913 ], [ 100.660296452276526, 13.978305848061586 ], [ 100.663747489386381, 13.964887614159245 ] ] ] } },
{ "type": "Feature", "properties": { "cell_id": "8764a4125ffffff", "resolution": 7, "type": "h3" }, "geometry": { "type": "Polygon", "coordinates": [ [ [ 100.776476196243166, 13.970277535552412 ], [ 100.766249427671497, 13.960735956092456 ], [ 100.752576790695258, 13.964611735290067 ], [ 100.749130278495571, 13.978029641398669 ], [ 100.759357561521554, 13.987571511333975 ], [ 100.773030842581036, 13.983695184521405 ], [ 100.776476196243166, 13.970277535552412 ] ] ] } },
{ "type": "Feature", "properties": { "cell_id": "8764a4124ffffff", "resolution": 7, "type": "h3" }, "geometry": { "type": "Polygon", "coordinates": [ [ [ 100.800374897718171, 13.975940554865586 ], [ 100.790147902643952, 13.96640049533967 ], [ 100.776476196243166, 13.970277535552412 ], [ 100.773030842581036, 13.983695184521405 ], [ 100.783258354701658, 13.993235534043986 ], [ 100.796930703725806, 13.989357944437039 ], [ 100.800374897718171, 13.975940554865586 ] ] ] } },
{ "type": "Feature", "properties": { "cell_id": "8764a4899ffffff", "resolution": 7, "type": "h3" }, "geometry": { "type": "Polygon", "coordinates": [ [ [ 100.824272886835885, 13.981600790768274 ], [ 100.814045668835462, 13.972062253535405 ], [ 100.800374897718171, 13.975940554865586 ], [ 100.796930703725806, 13.989357944437039 ], [ 100.80715844136391, 13.998896771187045 ], [ 100.82082985364417, 13.995017918684638 ], [ 100.824272886835885, 13.981600790768274 ] ] ] } },
{ "type": "Feature", "properties": { "cell_id": "8764a4121ffffff", "resolution": 7, "type": "h3" }, "geometry": { "type": "Polygon", "coordinates": [ [ [ 100.759357561521554, 13.987571511333975 ], [ 100.749130278495571, 13.978029641398669 ], [ 100.735456070110729, 13.981904705520142 ], [ 100.732008499825938, 13.995322185147645 ], [ 100.742236295517102, 14.004864344875822 ], [ 100.755911149116244, 14.000988735019668 ], [ 100.759357561521554, 13.987571511333975 ] ] ] } },
{ "type": "Feature", "properties": { "cell_id": "8764a4120ffffff", "resolution": 7, "type": "h3" }, "geometry": { "type": "Polygon", "coordinates": [ [ [ 100.783258354701658, 13.993235534043986 ], [ 100.773030842581036, 13.983695184521405 ], [ 100.759357561521554, 13.987571511333975 ], [ 100.755911149116244, 14.000988735019668 ], [ 100.766139176495159, 14.010529373857088 ], [ 100.779813101309159, 14.006652499530073 ], [ 100.783258354701658, 13.993235534043986 ] ] ] } },
{ "type": "Feature", "properties": { "cell_id": "8764a4126ffffff", "resolution": 7, "type": "h3" }, "geometry": { "type": "Polygon", "coordinates": [ [ [ 100.80715844136391, 13.998896771187045 ], [ 100.796930703725806, 13.989357944437039 ], [ 100.783258354701658, 13.993235534043986 ], [ 100.779813101309159, 14.006652499530073 ], [ 100.790041356797943, 14.016191615116036 ], [ 100.803714348116301, 14.012313476216105 ], [ 100.80715844136391, 13.998896771187045 ] ] ] } },
{ "type": "Feature", "properties": { "cell_id": "8764a4123ffffff", "resolution": 7, "type": "h3" }, "geometry": { "type": "Polygon", "coordinates": [ [ [ 100.766139176495159, 14.010529373857088 ], [ 100.755911149116244, 14.000988735019668 ], [ 100.742236295517102, 14.004864344875822 ], [ 100.73878882469937, 14.018281139040013 ], [ 100.74901736554736, 14.027822066510486 ], [ 100.762692864032346, 14.023945911019782 ], [ 100.766139176495159, 14.010529373857088 ] ] ] } },
{ "type": "Feature", "properties": { "cell_id": "8764a4122ffffff", "resolution": 7, "type": "h3" }, "geometry": { "type": "Polygon", "coordinates": [ [ [ 100.790041356797943, 14.016191615116036 ], [ 100.779813101309159, 14.006652499530073 ], [ 100.766139176495159, 14.010529373857088 ], [ 100.762692864032346, 14.023945911019782 ], [ 100.772921635583657, 14.033485314760563 ], [ 100.786596203823279, 14.029607893019953 ], [ 100.790041356797943, 14.016191615116036 ] ] ] } },
{ "type": "Feature", "properties": { "cell_id": "8764a4135ffffff", "resolution": 7, "type": "h3" }, "geometry": { "type": "Polygon", "coordinates": [ [ [ 100.813942828137129, 14.021851066192513 ], [ 100.803714348116301, 14.012313476216105 ], [ 100.790041356797943, 14.016191615116036 ], [ 100.786596203823279, 14.029607893019953 ], [ 100.796825202499306, 14.039145770672102 ], [ 100.810498835782525, 14.035267082580763 ], [ 100.813942828137129, 14.021851066192513 ] ] ] } },
{ "type": "Feature", "properties": { "cell_id": "8764a4104ffffff", "resolution": 7, "type": "h3" }, "geometry": { "type": "Polygon", "coordinates": [ [ [ 100.772921635583657, 14.033485314760563 ], [ 100.762692864032346, 14.023945911019782 ], [ 100.74901736554736, 14.027822066510486 ], [ 100.745569994344777, 14.041238171112136 ], [ 100.755799280169327, 14.050777862326642 ], [ 100.769475423211517, 14.046901161301863 ], [ 100.772921635583657, 14.033485314760563 ] ] ] } },
{ "type": "Feature", "properties": { "cell_id": "8764a48daffffff", "resolution": 7, "type": "h3" }, "geometry": { "type": "Polygon", "coordinates": [ [ [ 100.687651025752444, 13.970562754457623 ], [ 100.677424451473826, 13.961016337469225 ], [ 100.663747489386381, 13.964887614159245 ], [ 100.660296452276526, 13.978305848061586 ], [ 100.670523531436302, 13.987852556271871 ], [ 100.684201143114095, 13.983980739193829 ], [ 100.687651025752444, 13.970562754457623 ] ] ] } },
{ "type": "Feature", "properties": { "cell_id": "8764a412dffffff", "resolution": 7, "type": "h3" }, "geometry": { "type": "Polygon", "coordinates": [ [ [ 100.711553888757692, 13.97623511907044 ], [ 100.701327074652639, 13.966690215399638 ], [ 100.687651025752444, 13.970562754457623 ], [ 100.684201143114095, 13.983980739193829 ], [ 100.694428464695733, 13.993525933611025 ], [ 100.708105161728142, 13.989652852381575 ], [ 100.711553888757692, 13.97623511907044 ] ] ] } },
{ "type": "Feature", "properties": { "cell_id": "8764a412cffffff", "resolution": 7, "type": "h3" }, "geometry": { "type": "Polygon", "coordinates": [ [ [ 100.735456070110729, 13.981904705520142 ], [ 100.725229019756554, 13.972361317534569 ], [ 100.711553888757692, 13.97623511907044 ], [ 100.708105161728142, 13.989652852381575 ], [ 100.718332722153548, 13.999196530637207 ], [ 100.732008499825938, 13.995322185147645 ], [ 100.735456070110729, 13.981904705520142 ] ] ] } },
{ "type": "Feature", "properties": { "cell_id": "8764a4129ffffff", "resolution": 7, "type": "h3" }, "geometry": { "type": "Polygon", "coordinates": [ [ [ 100.694428464695733, 13.993525933611025 ], [ 100.684201143114095, 13.983980739193829 ], [ 100.670523531436302, 13.987852556271871 ], [ 100.667072592366239, 14.001270107893067 ], [ 100.677300419632061, 14.010815592372925 ], [ 100.690978680573053, 14.006943235004846 ], [ 100.694428464695733, 13.993525933611025 ] ] ] } },
{ "type": "Feature", "properties": { "cell_id": "8764a4128ffffff", "resolution": 7, "type": "h3" }, "geometry": { "type": "Polygon", "coordinates": [ [ [ 100.718332722153548, 13.999196530637207 ], [ 100.708105161728142, 13.989652852381575 ], [ 100.694428464695733, 13.993525933611025 ], [ 100.690978680573053, 14.006943235004846 ], [ 100.701206749278356, 14.016487202847454 ], [ 100.714884094115419, 14.012613579545233 ], [ 100.718332722153548, 13.999196530637207 ] ] ] } },
{ "type": "Feature", "properties": { "cell_id": "8764a412effffff", "resolution": 7, "type": "h3" }, "geometry": { "type": "Polygon", "coordinates": [ [ [ 100.742236295517102, 14.004864344875822 ], [ 100.732008499825938, 13.995322185147645 ], [ 100.718332722153548, 13.999196530637207 ], [ 100.714884094115419, 14.012613579545233 ], [ 100.725112400681439, 14.022156028383844 ], [ 100.73878882469937, 14.018281139040013 ], [ 100.742236295517102, 14.004864344875822 ] ] ] } },
{ "type": "Feature", "properties": { "cell_id": "8764a412bffffff", "resolution": 7, "type": "h3" }, "geometry": { "type": "Polygon", "coordinates": [ [ [ 100.701206749278356, 14.016487202847454 ], [ 100.690978680573053, 14.006943235004846 ], [ 100.677300419632061, 14.010815592372925 ], [ 100.673849578749724, 14.024232457611259 ], [ 100.684078153942494, 14.033776714357787 ], [ 100.697757063819395, 14.029903816797999 ], [ 100.701206749278356, 14.016487202847454 ] ] ] } },
{ "type": "Feature", "properties": { "cell_id": "8764a412affffff", "resolution": 7, "type": "h3" }, "geometry": { "type": "Polygon", "coordinates": [ [ [ 100.725112400681439, 14.022156028383844 ], [ 100.714884094115419, 14.012613579545233 ], [ 100.701206749278356, 14.016487202847454 ], [ 100.697757063819395, 14.029903816797999 ], [ 100.707985879468865, 14.039446554064648 ], [ 100.721663871782809, 14.035572388788703 ], [ 100.725112400681439, 14.022156028383844 ] ] ] } },
{ "type": "Feature", "properties": { "cell_id": "8764a4105ffffff", "resolution": 7, "type": "h3" }, "geometry": { "type": "Polygon", "coordinates": [ [ [ 100.74901736554736, 14.027822066510486 ], [ 100.73878882469937, 14.018281139040013 ], [ 100.725112400681439, 14.022156028383844 ], [ 100.721663871782809, 14.035572388788703 ], [ 100.731892924309534, 14.045113604210481 ], [ 100.745569994344777, 14.041238171112136 ], [ 100.74901736554736, 14.027822066510486 ] ] ] } },
{ "type": "Feature", "properties": { "cell_id": "8764a410cffffff", "resolution": 7, "type": "h3" }, "geometry": { "type": "Polygon", "coordinates": [ [ [ 100.707985879468865, 14.039446554064648 ], [ 100.697757063819395, 14.029903816797999 ], [ 100.684078153942494, 14.033776714357787 ], [ 100.680627411395903, 14.047192889113228 ], [ 100.690856734336336, 14.056735914125554 ], [ 100.704536292821643, 14.05286247647272 ], [ 100.707985879468865, 14.039446554064648 ] ] ] } },
{ "type": "Feature", "properties": { "cell_id": "8764a4162ffffff", "resolution": 7, "type": "h3" }, "geometry": { "type": "Polygon", "coordinates": [ [ [ 100.622711670690336, 13.976497470576994 ], [ 100.612485087108695, 13.966947741896314 ], [ 100.598804759796053, 13.970815767194447 ], [ 100.595350362719685, 13.984234055943551 ], [ 100.605577444193869, 13.993784076108851 ], [ 100.619258425142093, 13.989915515876202 ], [ 100.622711670690336, 13.976497470576994 ] ] ] } },
{ "type": "Feature", "properties": { "cell_id": "8764a4175ffffff", "resolution": 7, "type": "h3" }, "geometry": { "type": "Polygon", "coordinates": [ [ [ 100.64661793066935, 13.98217640109913 ], [ 100.636391097509559, 13.972628181466828 ], [ 100.622711670690336, 13.976497470576994 ], [ 100.619258425142093, 13.989915515876202 ], [ 100.629485758792399, 13.999464026519989 ], [ 100.64316583779032, 13.995594200688913 ], [ 100.64661793066935, 13.98217640109913 ] ] ] } },
{ "type": "Feature", "properties": { "cell_id": "8764a4174ffffff", "resolution": 7, "type": "h3" }, "geometry": { "type": "Polygon", "coordinates": [ [ [ 100.670523531436302, 13.987852556271871 ], [ 100.660296452276526, 13.978305848061586 ], [ 100.64661793066935, 13.98217640109913 ], [ 100.64316583779032, 13.995594200688913 ], [ 100.65339342003783, 14.005141199436693 ], [ 100.667072592366239, 14.001270107893067 ], [ 100.670523531436302, 13.987852556271871 ] ] ] } },
{ "type": "Feature", "properties": { "cell_id": "8764a4171ffffff", "resolution": 7, "type": "h3" }, "geometry": { "type": "Polygon", "coordinates": [ [ [ 100.629485758792399, 13.999464026519989 ], [ 100.619258425142093, 13.989915515876202 ], [ 100.605577444193869, 13.993784076108851 ], [ 100.602123143876526, 14.00720168165943 ], [ 100.612350976221748, 14.016750482629694 ], [ 100.626032610479584, 14.012881387558709 ], [ 100.629485758792399, 13.999464026519989 ] ] ] } },
{ "type": "Feature", "properties": { "cell_id": "8764a4170ffffff", "resolution": 7, "type": "h3" }, "geometry": { "type": "Polygon", "coordinates": [ [ [ 100.65339342003783, 14.005141199436693 ], [ 100.64316583779032, 13.995594200688913 ], [ 100.629485758792399, 13.999464026519989 ], [ 100.626032610479584, 14.012881387558709 ], [ 100.636260694020251, 14.022428676159635 ], [ 100.649941424870448, 14.01855831370454 ], [ 100.65339342003783, 14.005141199436693 ] ] ] } },
{ "type": "Feature", "properties": { "cell_id": "8764a4176ffffff", "resolution": 7, "type": "h3" }, "geometry": { "type": "Polygon", "coordinates": [ [ [ 100.677300419632061, 14.010815592372925 ], [ 100.667072592366239, 14.001270107893067 ], [ 100.65339342003783, 14.005141199436693 ], [ 100.649941424870448, 14.01855831370454 ], [ 100.660169756026946, 14.028104087563356 ], [ 100.673849578749724, 14.024232457611259 ], [ 100.677300419632061, 14.010815592372925 ] ] ] } },
{ "type": "Feature", "properties": { "cell_id": "8764a4173ffffff", "resolution": 7, "type": "h3" }, "geometry": { "type": "Polygon", "coordinates": [ [ [ 100.636260694020251, 14.022428676159635 ], [ 100.626032610479584, 14.012881387558709 ], [ 100.612350976221748, 14.016750482629694 ], [ 100.608896772811278, 14.030167400879233 ], [ 100.619125355849434, 14.039714978648981 ], [ 100.632807643090729, 14.035845348836178 ], [ 100.636260694020251, 14.022428676159635 ] ] ] } },
{ "type": "Feature", "properties": { "cell_id": "8764a4172ffffff", "resolution": 7, "type": "h3" }, "geometry": { "type": "Polygon", "coordinates": [ [ [ 100.660169756026946, 14.028104087563356 ], [ 100.649941424870448, 14.01855831370454 ], [ 100.636260694020251, 14.022428676159635 ], [ 100.632807643090729, 14.035845348836178 ], [ 100.643036476343312, 14.045391411390282 ], [ 100.656717858719176, 14.041520512408416 ], [ 100.660169756026946, 14.028104087563356 ] ] ] } },
{ "type": "Feature", "properties": { "cell_id": "8764a410dffffff", "resolution": 7, "type": "h3" }, "geometry": { "type": "Polygon", "coordinates": [ [ [ 100.684078153942494, 14.033776714357787 ], [ 100.673849578749724, 14.024232457611259 ], [ 100.660169756026946, 14.028104087563356 ], [ 100.656717858719176, 14.041520512408416 ], [ 100.666946938605818, 14.051065057375848 ], [ 100.680627411395903, 14.047192889113228 ], [ 100.684078153942494, 14.033776714357787 ] ] ] } },
{ "type": "Feature", "properties": { "cell_id": "8764a4155ffffff", "resolution": 7, "type": "h3" }, "geometry": { "type": "Polygon", "coordinates": [ [ [ 100.619125355849434, 14.039714978648981 ], [ 100.608896772811278, 14.030167400879233 ], [ 100.595213585426222, 14.034035761636861 ], [ 100.591758327254993, 14.047452232859511 ], [ 100.601987407993875, 14.057000099113782 ], [ 100.615671249493715, 14.053131205496662 ], [ 100.619125355849434, 14.039714978648981 ] ] ] } },
{ "type": "Feature", "properties": { "cell_id": "8764a4101ffffff", "resolution": 7, "type": "h3" }, "geometry": { "type": "Polygon", "coordinates": [ [ [ 100.731892924309534, 14.045113604210481 ], [ 100.721663871782809, 14.035572388788703 ], [ 100.707985879468865, 14.039446554064648 ], [ 100.704536292821643, 14.05286247647272 ], [ 100.714765855235655, 14.06240397916409 ], [ 100.728444494698522, 14.0585292720138 ], [ 100.731892924309534, 14.045113604210481 ] ] ] } },
{ "type": "Feature", "properties": { "cell_id": "8764a4100ffffff", "resolution": 7, "type": "h3" }, "geometry": { "type": "Polygon", "coordinates": [ [ [ 100.755799280169327, 14.050777862326642 ], [ 100.745569994344777, 14.041238171112136 ], [ 100.731892924309534, 14.045113604210481 ], [ 100.728444494698522, 14.0585292720138 ], [ 100.738674293005914, 14.068069250020969 ], [ 100.752352008730085, 14.064193273268211 ], [ 100.755799280169327, 14.050777862326642 ] ] ] } },
{ "type": "Feature", "properties": { "cell_id": "8764a4108ffffff", "resolution": 7, "type": "h3" }, "geometry": { "type": "Polygon", "coordinates": [ [ [ 100.690856734336336, 14.056735914125554 ], [ 100.680627411395903, 14.047192889113228 ], [ 100.666946938605818, 14.051065057375848 ], [ 100.66349513930561, 14.064480788698955 ], [ 100.673724967743397, 14.074024100774626 ], [ 100.687406090273541, 14.070151394299771 ], [ 100.690856734336336, 14.056735914125554 ] ] ] } },
{ "type": "Feature", "properties": { "cell_id": "8764a410effffff", "resolution": 7, "type": "h3" }, "geometry": { "type": "Polygon", "coordinates": [ [ [ 100.714765855235655, 14.06240397916409 ], [ 100.704536292821643, 14.05286247647272 ], [ 100.690856734336336, 14.056735914125554 ], [ 100.687406090273541, 14.070151394299771 ], [ 100.697636160782267, 14.079693183579058 ], [ 100.711316367548264, 14.075819205932186 ], [ 100.714765855235655, 14.06240397916409 ] ] ] } },
{ "type": "Feature", "properties": { "cell_id": "8764a4103ffffff", "resolution": 7, "type": "h3" }, "geometry": { "type": "Polygon", "coordinates": [ [ [ 100.738674293005914, 14.068069250020969 ], [ 100.728444494698522, 14.0585292720138 ], [ 100.714765855235655, 14.06240397916409 ], [ 100.711316367548264, 14.075819205932186 ], [ 100.721546676547007, 14.085359470050996 ], [ 100.735225962830668, 14.081484221126091 ], [ 100.738674293005914, 14.068069250020969 ] ] ] } },
{ "type": "Feature", "properties": { "cell_id": "8764a410affffff", "resolution": 7, "type": "h3" }, "geometry": { "type": "Polygon", "coordinates": [ [ [ 100.697636160782267, 14.079693183579058 ], [ 100.687406090273541, 14.070151394299771 ], [ 100.673724967743397, 14.074024100774626 ], [ 100.670273266598812, 14.08743913447832 ], [ 100.680503843408559, 14.096981209663891 ], [ 100.694185615351344, 14.093107965075427 ], [ 100.697636160782267, 14.079693183579058 ] ] ] } },
{ "type": "Feature", "properties": { "cell_id": "8764a411dffffff", "resolution": 7, "type": "h3" }, "geometry": { "type": "Polygon", "coordinates": [ [ [ 100.721546676547007, 14.085359470050996 ], [ 100.711316367548264, 14.075819205932186 ], [ 100.697636160782267, 14.079693183579058 ], [ 100.694185615351344, 14.093107965075427 ], [ 100.704416433248795, 14.102648514624894 ], [ 100.718097287967623, 14.098773997083329 ], [ 100.721546676547007, 14.085359470050996 ] ] ] } },
{ "type": "Feature", "properties": { "cell_id": "8764a411cffffff", "resolution": 7, "type": "h3" }, "geometry": { "type": "Polygon", "coordinates": [ [ [ 100.745456506738563, 14.091022957722924 ], [ 100.735225962830668, 14.081484221126091 ], [ 100.721546676547007, 14.085359470050996 ], [ 100.718097287967623, 14.098773997083329 ], [ 100.72832834337116, 14.108313018634346 ], [ 100.74200827614726, 14.104437228034893 ], [ 100.745456506738563, 14.091022957722924 ] ] ] } },
{ "type": "Feature", "properties": { "cell_id": "8764a4119ffffff", "resolution": 7, "type": "h3" }, "geometry": { "type": "Polygon", "coordinates": [ [ [ 100.704416433248795, 14.102648514624894 ], [ 100.694185615351344, 14.093107965075427 ], [ 100.680503843408559, 14.096981209663891 ], [ 100.677052240567704, 14.11039554165243 ], [ 100.687283565570112, 14.119936375951612 ], [ 100.700965986597893, 14.116062593348502 ], [ 100.704416433248795, 14.102648514624894 ] ] ] } },
{ "type": "Feature", "properties": { "cell_id": "8764a4118ffffff", "resolution": 7, "type": "h3" }, "geometry": { "type": "Polygon", "coordinates": [ [ [ 100.72832834337116, 14.108313018634346 ], [ 100.718097287967623, 14.098773997083329 ], [ 100.704416433248795, 14.102648514624894 ], [ 100.700965986597893, 14.116062593348502 ], [ 100.711197551704373, 14.125601899173418 ], [ 100.724879054047946, 14.121726841836843 ], [ 100.72832834337116, 14.108313018634346 ] ] ] } },
{ "type": "Feature", "properties": { "cell_id": "8764a4154ffffff", "resolution": 7, "type": "h3" }, "geometry": { "type": "Polygon", "coordinates": [ [ [ 100.643036476343312, 14.045391411390282 ], [ 100.632807643090729, 14.035845348836178 ], [ 100.619125355849434, 14.039714978648981 ], [ 100.615671249493715, 14.053131205496662 ], [ 100.625900583046629, 14.062677556062422 ], [ 100.639583522945031, 14.05880739160467 ], [ 100.643036476343312, 14.045391411390282 ] ] ] } },
{ "type": "Feature", "properties": { "cell_id": "8764a4109ffffff", "resolution": 7, "type": "h3" }, "geometry": { "type": "Polygon", "coordinates": [ [ [ 100.666946938605818, 14.051065057375848 ], [ 100.656717858719176, 14.041520512408416 ], [ 100.643036476343312, 14.045391411390282 ], [ 100.639583522945031, 14.05880739160467 ], [ 100.649813105730885, 14.068352224110027 ], [ 100.66349513930561, 14.064480788698955 ], [ 100.666946938605818, 14.051065057375848 ] ] ] } },
{ "type": "Feature", "properties": { "cell_id": "8764a4150ffffff", "resolution": 7, "type": "h3" }, "geometry": { "type": "Polygon", "coordinates": [ [ [ 100.625900583046629, 14.062677556062422 ], [ 100.615671249493715, 14.053131205496662 ], [ 100.601987407993875, 14.057000099113782 ], [ 100.598532246548643, 14.070415875895463 ], [ 100.608762078605054, 14.079962513789269 ], [ 100.622446573893583, 14.076093087409143 ], [ 100.625900583046629, 14.062677556062422 ] ] ] } },
{ "type": "Feature", "properties": { "cell_id": "8764a4156ffffff", "resolution": 7, "type": "h3" }, "geometry": { "type": "Polygon", "coordinates": [ [ [ 100.649813105730885, 14.068352224110027 ], [ 100.639583522945031, 14.05880739160467 ], [ 100.625900583046629, 14.062677556062422 ], [ 100.622446573893583, 14.076093087409143 ], [ 100.632676657782852, 14.085638206769483 ], [ 100.646360250011838, 14.081767507763965 ], [ 100.649813105730885, 14.068352224110027 ] ] ] } },
{ "type": "Feature", "properties": { "cell_id": "8764a410bffffff", "resolution": 7, "type": "h3" }, "geometry": { "type": "Polygon", "coordinates": [ [ [ 100.673724967743397, 14.074024100774626 ], [ 100.66349513930561, 14.064480788698955 ], [ 100.649813105730885, 14.068352224110027 ], [ 100.646360250011838, 14.081767507763965 ], [ 100.656590582152205, 14.09131110622069 ], [ 100.670273266598812, 14.08743913447832 ], [ 100.673724967743397, 14.074024100774626 ] ] ] } },
{ "type": "Feature", "properties": { "cell_id": "8764a4152ffffff", "resolution": 7, "type": "h3" }, "geometry": { "type": "Polygon", "coordinates": [ [ [ 100.632676657782852, 14.085638206769483 ], [ 100.622446573893583, 14.076093087409143 ], [ 100.608762078605054, 14.079962513789269 ], [ 100.605307014033727, 14.093377592031748 ], [ 100.615537597229505, 14.102922997564152 ], [ 100.629222745980471, 14.099053038517829 ], [ 100.632676657782852, 14.085638206769483 ] ] ] } },
{ "type": "Feature", "properties": { "cell_id": "8764a4025ffffff", "resolution": 7, "type": "h3" }, "geometry": { "type": "Polygon", "coordinates": [ [ [ 100.656590582152205, 14.09131110622069 ], [ 100.646360250011838, 14.081767507763965 ], [ 100.632676657782852, 14.085638206769483 ], [ 100.629222745980471, 14.099053038517829 ], [ 100.639453580027592, 14.108596922673355 ], [ 100.653137824260398, 14.104725689217601 ], [ 100.656590582152205, 14.09131110622069 ] ] ] } },
{ "type": "Feature", "properties": { "cell_id": "8764a4024ffffff", "resolution": 7, "type": "h3" }, "geometry": { "type": "Polygon", "coordinates": [ [ [ 100.680503843408559, 14.096981209663891 ], [ 100.670273266598812, 14.08743913447832 ], [ 100.656590582152205, 14.09131110622069 ], [ 100.653137824260398, 14.104725689217601 ], [ 100.663368905576391, 14.114268049627857 ], [ 100.677052240567704, 14.11039554165243 ], [ 100.680503843408559, 14.096981209663891 ] ] ] } },
{ "type": "Feature", "properties": { "cell_id": "8764a402cffffff", "resolution": 7, "type": "h3" }, "geometry": { "type": "Polygon", "coordinates": [ [ [ 100.615537597229505, 14.102922997564152 ], [ 100.605307014033727, 14.093377592031748 ], [ 100.591620965489327, 14.097246276781116 ], [ 100.588164845836971, 14.110660897683198 ], [ 100.598395926541272, 14.120206588704791 ], [ 100.612082629680074, 14.116337373170904 ], [ 100.615537597229505, 14.102922997564152 ] ] ] } },
{ "type": "Feature", "properties": { "cell_id": "8764a4021ffffff", "resolution": 7, "type": "h3" }, "geometry": { "type": "Polygon", "coordinates": [ [ [ 100.639453580027592, 14.108596922673355 ], [ 100.629222745980471, 14.099053038517829 ], [ 100.615537597229505, 14.102922997564152 ], [ 100.612082629680074, 14.116337373170904 ], [ 100.622313963836987, 14.125881542343013 ], [ 100.635999765723881, 14.122011050727629 ], [ 100.639453580027592, 14.108596922673355 ] ] ] } },
{ "type": "Feature", "properties": { "cell_id": "8764a4116ffffff", "resolution": 7, "type": "h3" }, "geometry": { "type": "Polygon", "coordinates": [ [ [ 100.817181800904791, 14.107996603336144 ], [ 100.806950573754065, 14.098462463448097 ], [ 100.793274077212914, 14.102341526820911 ], [ 100.789828166002295, 14.115755276924688 ], [ 100.800059912434875, 14.125289700332397 ], [ 100.813737051084118, 14.121410089952867 ], [ 100.817181800904791, 14.107996603336144 ] ] ] } },
{ "type": "Feature", "properties": { "cell_id": "8764a4113ffffff", "resolution": 7, "type": "h3" }, "geometry": { "type": "Polygon", "coordinates": [ [ [ 100.776150091262366, 14.119633613945354 ], [ 100.765918571591328, 14.110097655467829 ], [ 100.752239565475293, 14.113974719227727 ], [ 100.748791434616209, 14.127388284653307 ], [ 100.759023469183916, 14.136924526450541 ], [ 100.772703120002518, 14.133046919338602 ], [ 100.776150091262366, 14.119633613945354 ] ] ] } },
{ "type": "Feature", "properties": { "cell_id": "8764a4112ffffff", "resolution": 7, "type": "h3" }, "geometry": { "type": "Polygon", "coordinates": [ [ [ 100.800059912434875, 14.125289700332397 ], [ 100.789828166002295, 14.115755276924688 ], [ 100.776150091262366, 14.119633613945354 ], [ 100.772703120002518, 14.133046919338602 ], [ 100.782935383927466, 14.142581625587649 ], [ 100.796614101908077, 14.138702743438277 ], [ 100.800059912434875, 14.125289700332397 ] ] ] } },
{ "type": "Feature", "properties": { "cell_id": "8764a41a5ffffff", "resolution": 7, "type": "h3" }, "geometry": { "type": "Polygon", "coordinates": [ [ [ 100.823969020696907, 14.130942975938868 ], [ 100.813737051084118, 14.121410089952867 ], [ 100.800059912434875, 14.125289700332397 ], [ 100.796614101908077, 14.138702743438277 ], [ 100.806846591608164, 14.148235911786401 ], [ 100.820524372035635, 14.144355754502742 ], [ 100.823969020696907, 14.130942975938868 ] ] ] } },
{ "type": "Feature", "properties": { "cell_id": "8764a41adffffff", "resolution": 7, "type": "h3" }, "geometry": { "type": "Polygon", "coordinates": [ [ [ 100.759023469183916, 14.136924526450541 ], [ 100.748791434616209, 14.127388284653307 ], [ 100.735110855676169, 14.131264616826904 ], [ 100.731661665757386, 14.144677732107215 ], [ 100.741894213430058, 14.15421425654522 ], [ 100.755575438205327, 14.150337382898229 ], [ 100.759023469183916, 14.136924526450541 ] ] ] } },
{ "type": "Feature", "properties": { "cell_id": "8764a41acffffff", "resolution": 7, "type": "h3" }, "geometry": { "type": "Polygon", "coordinates": [ [ [ 100.782935383927466, 14.142581625587649 ], [ 100.772703120002518, 14.133046919338602 ], [ 100.759023469183916, 14.136924526450541 ], [ 100.755575438205327, 14.150337382898229 ], [ 100.765808217832031, 14.159872371310335 ], [ 100.779488513024063, 14.155994220947827 ], [ 100.782935383927466, 14.142581625587649 ] ] ] } },
{ "type": "Feature", "properties": { "cell_id": "8764a41a1ffffff", "resolution": 7, "type": "h3" }, "geometry": { "type": "Polygon", "coordinates": [ [ [ 100.806846591608164, 14.148235911786401 ], [ 100.796614101908077, 14.138702743438277 ], [ 100.782935383927466, 14.142581625587649 ], [ 100.779488513024063, 14.155994220947827 ], [ 100.789721521021903, 14.165527670980445 ], [ 100.803400881913589, 14.161648243804574 ], [ 100.806846591608164, 14.148235911786401 ] ] ] } },
{ "type": "Feature", "properties": { "cell_id": "8764a41a8ffffff", "resolution": 7, "type": "h3" }, "geometry": { "type": "Polygon", "coordinates": [ [ [ 100.765808217832031, 14.159872371310335 ], [ 100.755575438205327, 14.150337382898229 ], [ 100.741894213430058, 14.15421425654522 ], [ 100.738445123063968, 14.167626659812733 ], [ 100.748678416600725, 14.177161929709662 ], [ 100.76236028688227, 14.173284514690362 ], [ 100.765808217832031, 14.159872371310335 ] ] ] } },
{ "type": "Feature", "properties": { "cell_id": "8764a41aeffffff", "resolution": 7, "type": "h3" }, "geometry": { "type": "Polygon", "coordinates": [ [ [ 100.789721521021903, 14.165527670980445 ], [ 100.779488513024063, 14.155994220947827 ], [ 100.765808217832031, 14.159872371310335 ], [ 100.76236028688227, 14.173284514690362 ], [ 100.772593811387253, 14.182818245729893 ], [ 100.786274750623306, 14.178939552218639 ], [ 100.789721521021903, 14.165527670980445 ] ] ] } },
{ "type": "Feature", "properties": { "cell_id": "8764a41a3ffffff", "resolution": 7, "type": "h3" }, "geometry": { "type": "Polygon", "coordinates": [ [ [ 100.813634114699781, 14.171180153106736 ], [ 100.803400881913589, 14.161648243804574 ], [ 100.789721521021903, 14.165527670980445 ], [ 100.786274750623306, 14.178939552218639 ], [ 100.796508502512907, 14.188471742048957 ], [ 100.81018850598582, 14.184591769949131 ], [ 100.813634114699781, 14.171180153106736 ] ] ] } },
{ "type": "Feature", "properties": { "cell_id": "8764a411effffff", "resolution": 7, "type": "h3" }, "geometry": { "type": "Polygon", "coordinates": [ [ [ 100.752239565475293, 14.113974719227727 ], [ 100.74200827614726, 14.104437228034893 ], [ 100.72832834337116, 14.108313018634346 ], [ 100.724879054047946, 14.121726841836843 ], [ 100.735110855676169, 14.131264616826904 ], [ 100.748791434616209, 14.127388284653307 ], [ 100.752239565475293, 14.113974719227727 ] ] ] } },
{ "type": "Feature", "properties": { "cell_id": "8764a4026ffffff", "resolution": 7, "type": "h3" }, "geometry": { "type": "Polygon", "coordinates": [ [ [ 100.687283565570112, 14.119936375951612 ], [ 100.677052240567704, 14.11039554165243 ], [ 100.663368905576391, 14.114268049627857 ], [ 100.659916245659915, 14.127681927872871 ], [ 100.670148075972463, 14.137223046240868 ], [ 100.683832061181079, 14.133350002130969 ], [ 100.687283565570112, 14.119936375951612 ] ] ] } },
{ "type": "Feature", "properties": { "cell_id": "8764a411bffffff", "resolution": 7, "type": "h3" }, "geometry": { "type": "Polygon", "coordinates": [ [ [ 100.711197551704373, 14.125601899173418 ], [ 100.700965986597893, 14.116062593348502 ], [ 100.687283565570112, 14.119936375951612 ], [ 100.683832061181079, 14.133350002130969 ], [ 100.694064134196736, 14.142889591549533 ], [ 100.707747203981668, 14.139015271031079 ], [ 100.711197551704373, 14.125601899173418 ] ] ] } },
{ "type": "Feature", "properties": { "cell_id": "8764a411affffff", "resolution": 7, "type": "h3" }, "geometry": { "type": "Polygon", "coordinates": [ [ [ 100.735110855676169, 14.131264616826904 ], [ 100.724879054047946, 14.121726841836843 ], [ 100.711197551704373, 14.125601899173418 ], [ 100.707747203981668, 14.139015271031079 ], [ 100.717979516117353, 14.148553329138778 ], [ 100.731661665757386, 14.144677732107215 ], [ 100.735110855676169, 14.131264616826904 ] ] ] } },
{ "type": "Feature", "properties": { "cell_id": "8764a4035ffffff", "resolution": 7, "type": "h3" }, "geometry": { "type": "Polygon", "coordinates": [ [ [ 100.694064134196736, 14.142889591549533 ], [ 100.683832061181079, 14.133350002130969 ], [ 100.670148075972463, 14.137223046240868 ], [ 100.666695514179423, 14.150636215640857 ], [ 100.676928093309314, 14.16017608797287 ], [ 100.6906127284077, 14.156302507827403 ], [ 100.694064134196736, 14.142889591549533 ] ] ] } },
{ "type": "Feature", "properties": { "cell_id": "8764a4034ffffff", "resolution": 7, "type": "h3" }, "geometry": { "type": "Polygon", "coordinates": [ [ [ 100.717979516117353, 14.148553329138778 ], [ 100.707747203981668, 14.139015271031079 ], [ 100.694064134196736, 14.142889591549533 ], [ 100.6906127284077, 14.156302507827403 ], [ 100.700845549256982, 14.165840848373193 ], [ 100.714529267471065, 14.161965990039029 ], [ 100.717979516117353, 14.148553329138778 ] ] ] } },
{ "type": "Feature", "properties": { "cell_id": "8764a41a9ffffff", "resolution": 7, "type": "h3" }, "geometry": { "type": "Polygon", "coordinates": [ [ [ 100.741894213430058, 14.15421425654522 ], [ 100.731661665757386, 14.144677732107215 ], [ 100.717979516117353, 14.148553329138778 ], [ 100.714529267471065, 14.161965990039029 ], [ 100.724762326455945, 14.171502796438922 ], [ 100.738445123063968, 14.167626659812733 ], [ 100.741894213430058, 14.15421425654522 ] ] ] } },
{ "type": "Feature", "properties": { "cell_id": "8764a4030ffffff", "resolution": 7, "type": "h3" }, "geometry": { "type": "Polygon", "coordinates": [ [ [ 100.700845549256982, 14.165840848373193 ], [ 100.6906127284077, 14.156302507827403 ], [ 100.676928093309314, 14.16017608797287 ], [ 100.673475629787887, 14.173588544436418 ], [ 100.68370895755578, 14.183127166740801 ], [ 100.697394242216163, 14.179253050659014 ], [ 100.700845549256982, 14.165840848373193 ] ] ] } },
{ "type": "Feature", "properties": { "cell_id": "8764a4036ffffff", "resolution": 7, "type": "h3" }, "geometry": { "type": "Polygon", "coordinates": [ [ [ 100.724762326455945, 14.171502796438922 ], [ 100.714529267471065, 14.161965990039029 ], [ 100.700845549256982, 14.165840848373193 ], [ 100.697394242216163, 14.179253050659014 ], [ 100.707627810719316, 14.188790138341945 ], [ 100.721312177034349, 14.184914742292039 ], [ 100.724762326455945, 14.171502796438922 ] ] ] } },
{ "type": "Feature", "properties": { "cell_id": "8764a41abffffff", "resolution": 7, "type": "h3" }, "geometry": { "type": "Polygon", "coordinates": [ [ [ 100.748678416600725, 14.177161929709662 ], [ 100.738445123063968, 14.167626659812733 ], [ 100.724762326455945, 14.171502796438922 ], [ 100.721312177034349, 14.184914742292039 ], [ 100.731545982688274, 14.194450292995608 ], [ 100.745229425935662, 14.190573616875495 ], [ 100.748678416600725, 14.177161929709662 ] ] ] } },
{ "type": "Feature", "properties": { "cell_id": "8764a4029ffffff", "resolution": 7, "type": "h3" }, "geometry": { "type": "Polygon", "coordinates": [ [ [ 100.574477246172862, 14.114528837249065 ], [ 100.564246422504382, 14.104981626749835 ], [ 100.550557931042889, 14.108848290463396 ], [ 100.547099606356781, 14.122262691628373 ], [ 100.55733092313163, 14.131810187405051 ], [ 100.571020071777454, 14.127942996575017 ], [ 100.574477246172862, 14.114528837249065 ] ] ] } },
{ "type": "Feature", "properties": { "cell_id": "8764a4028ffffff", "resolution": 7, "type": "h3" }, "geometry": { "type": "Polygon", "coordinates": [ [ [ 100.598395926541272, 14.120206588704791 ], [ 100.588164845836971, 14.110660897683198 ], [ 100.574477246172862, 14.114528837249065 ], [ 100.571020071777454, 14.127942996575017 ], [ 100.581251648191156, 14.137488972402965 ], [ 100.594939903581803, 14.133620503934365 ], [ 100.598395926541272, 14.120206588704791 ] ] ] } },
{ "type": "Feature", "properties": { "cell_id": "8764a4020ffffff", "resolution": 7, "type": "h3" }, "geometry": { "type": "Polygon", "coordinates": [ [ [ 100.663368905576391, 14.114268049627857 ], [ 100.653137824260398, 14.104725689217601 ], [ 100.639453580027592, 14.108596922673355 ], [ 100.635999765723881, 14.122011050727629 ], [ 100.646231349750181, 14.131553695681008 ], [ 100.659916245659915, 14.127681927872871 ], [ 100.663368905576391, 14.114268049627857 ] ] ] } },
{ "type": "Feature", "properties": { "cell_id": "8764a402effffff", "resolution": 7, "type": "h3" }, "geometry": { "type": "Polygon", "coordinates": [ [ [ 100.622313963836987, 14.125881542343013 ], [ 100.612082629680074, 14.116337373170904 ], [ 100.598395926541272, 14.120206588704791 ], [ 100.594939903581803, 14.133620503934365 ], [ 100.605171736050437, 14.143164957440883 ], [ 100.618859093457431, 14.139295211219224 ], [ 100.622313963836987, 14.125881542343013 ] ] ] } },
{ "type": "Feature", "properties": { "cell_id": "8764a4023ffffff", "resolution": 7, "type": "h3" }, "geometry": { "type": "Polygon", "coordinates": [ [ [ 100.646231349750181, 14.131553695681008 ], [ 100.635999765723881, 14.122011050727629 ], [ 100.622313963836987, 14.125881542343013 ], [ 100.618859093457431, 14.139295211219224 ], [ 100.629091178397033, 14.14883814003421 ], [ 100.642777633093218, 14.144967115947232 ], [ 100.646231349750181, 14.131553695681008 ] ] ] } },
{ "type": "Feature", "properties": { "cell_id": "8764a4022ffffff", "resolution": 7, "type": "h3" }, "geometry": { "type": "Polygon", "coordinates": [ [ [ 100.670148075972463, 14.137223046240868 ], [ 100.659916245659915, 14.127681927872871 ], [ 100.646231349750181, 14.131553695681008 ], [ 100.642777633093218, 14.144967115947232 ], [ 100.65300996691991, 14.15450851770318 ], [ 100.666695514179423, 14.150636215640857 ], [ 100.670148075972463, 14.137223046240868 ] ] ] } },
{ "type": "Feature", "properties": { "cell_id": "8764a4005ffffff", "resolution": 7, "type": "h3" }, "geometry": { "type": "Polygon", "coordinates": [ [ [ 100.629091178397033, 14.14883814003421 ], [ 100.618859093457431, 14.139295211219224 ], [ 100.605171736050437, 14.143164957440883 ], [ 100.601715809931861, 14.156578162904037 ], [ 100.611948393986665, 14.166121374899143 ], [ 100.625636405335428, 14.162251098086797 ], [ 100.629091178397033, 14.14883814003421 ] ] ] } },
{ "type": "Feature", "properties": { "cell_id": "8764a4004ffffff", "resolution": 7, "type": "h3" }, "geometry": { "type": "Polygon", "coordinates": [ [ [ 100.65300996691991, 14.15450851770318 ], [ 100.642777633093218, 14.144967115947232 ], [ 100.629091178397033, 14.14883814003421 ], [ 100.625636405335428, 14.162251098086797 ], [ 100.635869240879188, 14.171792782549877 ], [ 100.649556348057772, 14.167921226089108 ], [ 100.65300996691991, 14.15450851770318 ] ] ] } },
{ "type": "Feature", "properties": { "cell_id": "8764a4031ffffff", "resolution": 7, "type": "h3" }, "geometry": { "type": "Polygon", "coordinates": [ [ [ 100.676928093309314, 14.16017608797287 ], [ 100.666695514179423, 14.150636215640857 ], [ 100.65300996691991, 14.15450851770318 ], [ 100.649556348057772, 14.167921226089108 ], [ 100.659789431505885, 14.177461380654412 ], [ 100.673475629787887, 14.173588544436418 ], [ 100.676928093309314, 14.16017608797287 ] ] ] } },
{ "type": "Feature", "properties": { "cell_id": "8764a4b96ffffff", "resolution": 7, "type": "h3" }, "geometry": { "type": "Polygon", "coordinates": [ [ [ 100.602394489442929, 13.90758644603974 ], [ 100.592170157135783, 13.898033087304393 ], [ 100.578491792683735, 13.901899507225153 ], [ 100.575037106216811, 13.91531982093807 ], [ 100.585261934011001, 13.924873474635383 ], [ 100.59894095307537, 13.92100651949354 ], [ 100.602394489442929, 13.90758644603974 ] ] ] } },
{ "type": "Feature", "properties": { "cell_id": "8764a4b93ffffff", "resolution": 7, "type": "h3" }, "geometry": { "type": "Polygon", "coordinates": [ [ [ 100.561357194290338, 13.919185515962738 ], [ 100.551132625188671, 13.909630363678797 ], [ 100.537451825120243, 13.913494798708459 ], [ 100.533994937247158, 13.926914917404387 ], [ 100.544219997440649, 13.936470364433644 ], [ 100.557901454706283, 13.932605397857309 ], [ 100.561357194290338, 13.919185515962738 ] ] ] } },
{ "type": "Feature", "properties": { "cell_id": "8764a4b92ffffff", "resolution": 7, "type": "h3" }, "geometry": { "type": "Polygon", "coordinates": [ [ [ 100.585261934011001, 13.924873474635383 ], [ 100.575037106216811, 13.91531982093807 ], [ 100.561357194290338, 13.919185515962738 ], [ 100.557901454706283, 13.932605397857309 ], [ 100.56812677619105, 13.942159345828893 ], [ 100.581807343859879, 13.938293117467333 ], [ 100.585261934011001, 13.924873474635383 ] ] ] } },
{ "type": "Feature", "properties": { "cell_id": "8764a4165ffffff", "resolution": 7, "type": "h3" }, "geometry": { "type": "Polygon", "coordinates": [ [ [ 100.609166035985268, 13.930558672222 ], [ 100.59894095307537, 13.92100651949354 ], [ 100.585261934011001, 13.924873474635383 ], [ 100.581807343859879, 13.938293117467333 ], [ 100.592032923058426, 13.947845563998165 ], [ 100.605712596409717, 13.943978073730417 ], [ 100.609166035985268, 13.930558672222 ] ] ] } },
{ "type": "Feature", "properties": { "cell_id": "8764a416dffffff", "resolution": 7, "type": "h3" }, "geometry": { "type": "Polygon", "coordinates": [ [ [ 100.544219997440649, 13.936470364433644 ], [ 100.533994937247158, 13.926914917404387 ], [ 100.520312595106759, 13.930778622318666 ], [ 100.516854655123723, 13.944198303759663 ], [ 100.527080204610442, 13.953754044845907 ], [ 100.540763205078107, 13.949889810269788 ], [ 100.544219997440649, 13.936470364433644 ] ] ] } },
{ "type": "Feature", "properties": { "cell_id": "8764a416cffffff", "resolution": 7, "type": "h3" }, "geometry": { "type": "Polygon", "coordinates": [ [ [ 100.56812677619105, 13.942159345828893 ], [ 100.557901454706283, 13.932605397857309 ], [ 100.544219997440649, 13.936470364433644 ], [ 100.540763205078107, 13.949889810269788 ], [ 100.550989018455923, 13.959444051827964 ], [ 100.564671132594086, 13.95557855379907 ], [ 100.56812677619105, 13.942159345828893 ] ] ] } },
{ "type": "Feature", "properties": { "cell_id": "8764a4161ffffff", "resolution": 7, "type": "h3" }, "geometry": { "type": "Polygon", "coordinates": [ [ [ 100.592032923058426, 13.947845563998165 ], [ 100.581807343859879, 13.938293117467333 ], [ 100.56812677619105, 13.942159345828893 ], [ 100.564671132594086, 13.95557855379907 ], [ 100.574897206284732, 13.965131293445253 ], [ 100.588578429370799, 13.961264531841623 ], [ 100.592032923058426, 13.947845563998165 ] ] ] } },
{ "type": "Feature", "properties": { "cell_id": "8764a4168ffffff", "resolution": 7, "type": "h3" }, "geometry": { "type": "Polygon", "coordinates": [ [ [ 100.550989018455923, 13.959444051827964 ], [ 100.540763205078107, 13.949889810269788 ], [ 100.527080204610442, 13.953754044845907 ], [ 100.523622359808854, 13.967173050383936 ], [ 100.533848663281034, 13.976727584841054 ], [ 100.547532321751561, 13.972862820696839 ], [ 100.550989018455923, 13.959444051827964 ] ] ] } },
{ "type": "Feature", "properties": { "cell_id": "8764a416effffff", "resolution": 7, "type": "h3" }, "geometry": { "type": "Polygon", "coordinates": [ [ [ 100.574897206284732, 13.965131293445253 ], [ 100.564671132594086, 13.95557855379907 ], [ 100.550989018455923, 13.959444051827964 ], [ 100.547532321751561, 13.972862820696839 ], [ 100.557758888136703, 13.982415852771375 ], [ 100.57144165882255, 13.978549823384366 ], [ 100.574897206284732, 13.965131293445253 ] ] ] } },
{ "type": "Feature", "properties": { "cell_id": "8764a4163ffffff", "resolution": 7, "type": "h3" }, "geometry": { "type": "Polygon", "coordinates": [ [ [ 100.598804759796053, 13.970815767194447 ], [ 100.588578429370799, 13.961264531841623 ], [ 100.574897206284732, 13.965131293445253 ], [ 100.57144165882255, 13.978549823384366 ], [ 100.581668484541709, 13.988101350694109 ], [ 100.595350362719685, 13.984234055943551 ], [ 100.598804759796053, 13.970815767194447 ] ] ] } },
{ "type": "Feature", "properties": { "cell_id": "8764a4b98ffffff", "resolution": 7, "type": "h3" }, "geometry": { "type": "Polygon", "coordinates": [ [ [ 100.513545834799032, 13.907801325381698 ], [ 100.50332179381293, 13.898243183081403 ], [ 100.489639231626299, 13.902105098496369 ], [ 100.486180050612077, 13.915525684009818 ], [ 100.496404577490296, 13.925084121994967 ], [ 100.510087799782141, 13.921221678617371 ], [ 100.513545834799032, 13.907801325381698 ] ] ] } },
{ "type": "Feature", "properties": { "cell_id": "8764a4b9effffff", "resolution": 7, "type": "h3" }, "geometry": { "type": "Polygon", "coordinates": [ [ [ 100.537451825120243, 13.913494798708459 ], [ 100.527227518287944, 13.903938150222668 ], [ 100.513545834799032, 13.907801325381698 ], [ 100.510087799782141, 13.921221678617371 ], [ 100.520312595106759, 13.930778622318666 ], [ 100.533994937247158, 13.926914917404387 ], [ 100.537451825120243, 13.913494798708459 ] ] ] } },
{ "type": "Feature", "properties": { "cell_id": "8764a4aa6ffffff", "resolution": 7, "type": "h3" }, "geometry": { "type": "Polygon", "coordinates": [ [ [ 100.472495952893425, 13.919386865978312 ], [ 100.462271698039132, 13.909826936100057 ], [ 100.448586729619535, 13.913686856789223 ], [ 100.445125353658341, 13.927107231474618 ], [ 100.45535009000217, 13.936667456815929 ], [ 100.469035721109776, 13.932807011844281 ], [ 100.472495952893425, 13.919386865978312 ] ] ] } },
{ "type": "Feature", "properties": { "cell_id": "8764a4b9bffffff", "resolution": 7, "type": "h3" }, "geometry": { "type": "Polygon", "coordinates": [ [ [ 100.496404577490296, 13.925084121994967 ], [ 100.486180050612077, 13.915525684009818 ], [ 100.472495952893425, 13.919386865978312 ], [ 100.469035721109776, 13.932807011844281 ], [ 100.479260732079481, 13.942365744824645 ], [ 100.49294549103314, 13.938504036779355 ], [ 100.496404577490296, 13.925084121994967 ] ] ] } },
{ "type": "Feature", "properties": { "cell_id": "8764a4b9affffff", "resolution": 7, "type": "h3" }, "geometry": { "type": "Polygon", "coordinates": [ [ [ 100.520312595106759, 13.930778622318666 ], [ 100.510087799782141, 13.921221678617371 ], [ 100.496404577490296, 13.925084121994967 ], [ 100.49294549103314, 13.938504036779355 ], [ 100.503170773050471, 13.948061275007177 ], [ 100.516854655123723, 13.944198303759663 ], [ 100.520312595106759, 13.930778622318666 ] ] ] } },
{ "type": "Feature", "properties": { "cell_id": "8764a4ab5ffffff", "resolution": 7, "type": "h3" }, "geometry": { "type": "Polygon", "coordinates": [ [ [ 100.479260732079481, 13.942365744824645 ], [ 100.469035721109776, 13.932807011844281 ], [ 100.45535009000217, 13.936667456815929 ], [ 100.451888807791391, 13.950087158794297 ], [ 100.462114301050846, 13.959646186080262 ], [ 100.475800594523392, 13.955785216917771 ], [ 100.479260732079481, 13.942365744824645 ] ] ] } },
{ "type": "Feature", "properties": { "cell_id": "8764a4ab4ffffff", "resolution": 7, "type": "h3" }, "geometry": { "type": "Polygon", "coordinates": [ [ [ 100.503170773050471, 13.948061275007177 ], [ 100.49294549103314, 13.938504036779355 ], [ 100.479260732079481, 13.942365744824645 ], [ 100.475800594523392, 13.955785216917771 ], [ 100.486026361432707, 13.96534274898316 ], [ 100.49971178129789, 13.96148051495341 ], [ 100.503170773050471, 13.948061275007177 ] ] ] } },
{ "type": "Feature", "properties": { "cell_id": "8764a4169ffffff", "resolution": 7, "type": "h3" }, "geometry": { "type": "Polygon", "coordinates": [ [ [ 100.527080204610442, 13.953754044845907 ], [ 100.516854655123723, 13.944198303759663 ], [ 100.503170773050471, 13.948061275007177 ], [ 100.49971178129789, 13.96148051495341 ], [ 100.509937818278118, 13.97103654940833 ], [ 100.523622359808854, 13.967173050383936 ], [ 100.527080204610442, 13.953754044845907 ] ] ] } },
{ "type": "Feature", "properties": { "cell_id": "8764a4ab0ffffff", "resolution": 7, "type": "h3" }, "geometry": { "type": "Polygon", "coordinates": [ [ [ 100.486026361432707, 13.96534274898316 ], [ 100.475800594523392, 13.955785216917771 ], [ 100.462114301050846, 13.959646186080262 ], [ 100.458653112737949, 13.97306521124254 ], [ 100.468879362737454, 13.982623036456557 ], [ 100.482566318251713, 13.978761543195187 ], [ 100.486026361432707, 13.96534274898316 ] ] ] } },
{ "type": "Feature", "properties": { "cell_id": "8764a4ab6ffffff", "resolution": 7, "type": "h3" }, "geometry": { "type": "Polygon", "coordinates": [ [ [ 100.509937818278118, 13.97103654940833 ], [ 100.49971178129789, 13.96148051495341 ], [ 100.486026361432707, 13.96534274898316 ], [ 100.482566318251713, 13.978761543195187 ], [ 100.492792840924707, 13.988317870330508 ], [ 100.506478921377678, 13.984455110408966 ], [ 100.509937818278118, 13.97103654940833 ] ] ] } },
{ "type": "Feature", "properties": { "cell_id": "8764a4a80ffffff", "resolution": 7, "type": "h3" }, "geometry": { "type": "Polygon", "coordinates": [ [ [ 100.421050621696097, 13.971225077398595 ], [ 100.410824927782514, 13.961664263201969 ], [ 100.397135375462867, 13.965521957262055 ], [ 100.393670851271892, 13.978940983976944 ], [ 100.403897021263518, 13.988502091565863 ], [ 100.417587239660989, 13.984643878883016 ], [ 100.421050621696097, 13.971225077398595 ] ] ] } },
{ "type": "Feature", "properties": { "cell_id": "8764a4a86ffffff", "resolution": 7, "type": "h3" }, "geometry": { "type": "Polygon", "coordinates": [ [ [ 100.444965286891303, 13.976925437972133 ], [ 100.434739313144945, 13.967366117070165 ], [ 100.421050621696097, 13.971225077398595 ], [ 100.417587239660989, 13.984643878883016 ], [ 100.427813692090353, 13.994203492711407 ], [ 100.441503048164449, 13.990344011964414 ], [ 100.444965286891303, 13.976925437972133 ] ] ] } },
{ "type": "Feature", "properties": { "cell_id": "8764a4a83ffffff", "resolution": 7, "type": "h3" }, "geometry": { "type": "Polygon", "coordinates": [ [ [ 100.403897021263518, 13.988502091565863 ], [ 100.393670851271892, 13.978940983976944 ], [ 100.379979775284298, 13.982797928729491 ], [ 100.376514202373443, 13.996216497642305 ], [ 100.386740846637053, 14.005777897933294 ], [ 100.400432589832718, 14.001920436444792 ], [ 100.403897021263518, 13.988502091565863 ] ] ] } },
{ "type": "Feature", "properties": { "cell_id": "8764a4a82ffffff", "resolution": 7, "type": "h3" }, "geometry": { "type": "Polygon", "coordinates": [ [ [ 100.427813692090353, 13.994203492711407 ], [ 100.417587239660989, 13.984643878883016 ], [ 100.403897021263518, 13.988502091565863 ], [ 100.400432589832718, 14.001920436444792 ], [ 100.410659519140097, 14.011480342510055 ], [ 100.424350403293147, 14.007621611294953 ], [ 100.427813692090353, 13.994203492711407 ] ] ] } },
{ "type": "Feature", "properties": { "cell_id": "8764a4a95ffffff", "resolution": 7, "type": "h3" }, "geometry": { "type": "Polygon", "coordinates": [ [ [ 100.451729779451256, 13.999902129638139 ], [ 100.441503048164449, 13.990344011964414 ], [ 100.427813692090353, 13.994203492711407 ], [ 100.424350403293147, 14.007621611294953 ], [ 100.434577614063272, 14.01718002073949 ], [ 100.448267634439873, 14.013320019665141 ], [ 100.451729779451256, 13.999902129638139 ] ] ] } },
{ "type": "Feature", "properties": { "cell_id": "8764a4a9cffffff", "resolution": 7, "type": "h3" }, "geometry": { "type": "Polygon", "coordinates": [ [ [ 100.410659519140097, 14.011480342510055 ], [ 100.400432589832718, 14.001920436444792 ], [ 100.386740846637053, 14.005777897933294 ], [ 100.383275366155914, 14.019195781968307 ], [ 100.393502770535207, 14.028755979580909 ], [ 100.407195180616895, 14.024898001446568 ], [ 100.410659519140097, 14.011480342510055 ] ] ] } },
{ "type": "Feature", "properties": { "cell_id": "8764a4a91ffffff", "resolution": 7, "type": "h3" }, "geometry": { "type": "Polygon", "coordinates": [ [ [ 100.434577614063272, 14.01718002073949 ], [ 100.424350403293147, 14.007621611294953 ], [ 100.410659519140097, 14.011480342510055 ], [ 100.407195180616895, 14.024898001446568 ], [ 100.417422869065263, 14.034456701973044 ], [ 100.431114418651447, 14.030597452316513 ], [ 100.434577614063272, 14.01718002073949 ] ] ] } },
{ "type": "Feature", "properties": { "cell_id": "8764a4a90ffffff", "resolution": 7, "type": "h3" }, "geometry": { "type": "Polygon", "coordinates": [ [ [ 100.45849512309168, 14.022876930096499 ], [ 100.448267634439873, 14.013320019665141 ], [ 100.434577614063272, 14.01718002073949 ], [ 100.431114418651447, 14.030597452316513 ], [ 100.441342387587113, 14.040154653363558 ], [ 100.455033071943305, 14.03629413205338 ], [ 100.45849512309168, 14.022876930096499 ] ] ] } },
{ "type": "Feature", "properties": { "cell_id": "8764a4a9effffff", "resolution": 7, "type": "h3" }, "geometry": { "type": "Polygon", "coordinates": [ [ [ 100.417422869065263, 14.034456701973044 ], [ 100.407195180616895, 14.024898001446568 ], [ 100.393502770535207, 14.028755979580909 ], [ 100.390037382631149, 14.042173174632536 ], [ 100.400265546951587, 14.051732165552096 ], [ 100.413958623597139, 14.047873670862366 ], [ 100.417422869065263, 14.034456701973044 ] ] ] } },
{ "type": "Feature", "properties": { "cell_id": "8764a4a93ffffff", "resolution": 7, "type": "h3" }, "geometry": { "type": "Polygon", "coordinates": [ [ [ 100.441342387587113, 14.040154653363558 ], [ 100.431114418651447, 14.030597452316513 ], [ 100.417422869065263, 14.034456701973044 ], [ 100.413958623597139, 14.047873670862366 ], [ 100.424187071011531, 14.057431161836909 ], [ 100.437879285708163, 14.053571393830097 ], [ 100.441342387587113, 14.040154653363558 ] ] ] } },
{ "type": "Feature", "properties": { "cell_id": "8764a416affffff", "resolution": 7, "type": "h3" }, "geometry": { "type": "Polygon", "coordinates": [ [ [ 100.557758888136703, 13.982415852771375 ], [ 100.547532321751561, 13.972862820696839 ], [ 100.533848663281034, 13.976727584841054 ], [ 100.530390913808532, 13.990145910369494 ], [ 100.540617971089446, 13.999699234185412 ], [ 100.554302287238229, 13.99583394056717 ], [ 100.557758888136703, 13.982415852771375 ] ] ] } },
{ "type": "Feature", "properties": { "cell_id": "8764a4145ffffff", "resolution": 7, "type": "h3" }, "geometry": { "type": "Polygon", "coordinates": [ [ [ 100.581668484541709, 13.988101350694109 ], [ 100.57144165882255, 13.978549823384366 ], [ 100.557758888136703, 13.982415852771375 ], [ 100.554302287238229, 13.99583394056717 ], [ 100.564529606453604, 14.005385759147511 ], [ 100.578213033362033, 14.001519198497158 ], [ 100.581668484541709, 13.988101350694109 ] ] ] } },
{ "type": "Feature", "properties": { "cell_id": "8764a4144ffffff", "resolution": 7, "type": "h3" }, "geometry": { "type": "Polygon", "coordinates": [ [ [ 100.605577444193869, 13.993784076108851 ], [ 100.595350362719685, 13.984234055943551 ], [ 100.581668484541709, 13.988101350694109 ], [ 100.578213033362033, 14.001519198497158 ], [ 100.588440610932167, 14.011069509461427 ], [ 100.602123143876526, 14.00720168165943 ], [ 100.605577444193869, 13.993784076108851 ] ] ] } },
{ "type": "Feature", "properties": { "cell_id": "8764a414cffffff", "resolution": 7, "type": "h3" }, "geometry": { "type": "Polygon", "coordinates": [ [ [ 100.540617971089446, 13.999699234185412 ], [ 100.530390913808532, 13.990145910369494 ], [ 100.516705713144489, 13.994009937077399 ], [ 100.513246911243797, 14.007427815026675 ], [ 100.523474457620694, 14.016981429897029 ], [ 100.537160317093694, 14.013116875599305 ], [ 100.540617971089446, 13.999699234185412 ] ] ] } },
{ "type": "Feature", "properties": { "cell_id": "8764a4141ffffff", "resolution": 7, "type": "h3" }, "geometry": { "type": "Polygon", "coordinates": [ [ [ 100.564529606453604, 14.005385759147511 ], [ 100.554302287238229, 13.99583394056717 ], [ 100.540617971089446, 13.999699234185412 ], [ 100.537160317093694, 14.013116875599305 ], [ 100.547388128006489, 14.022668984763957 ], [ 100.561073101508711, 14.018803161766082 ], [ 100.564529606453604, 14.005385759147511 ] ] ] } },
{ "type": "Feature", "properties": { "cell_id": "8764a4140ffffff", "resolution": 7, "type": "h3" }, "geometry": { "type": "Polygon", "coordinates": [ [ [ 100.588440610932167, 14.011069509461427 ], [ 100.578213033362033, 14.001519198497158 ], [ 100.564529606453604, 14.005385759147511 ], [ 100.561073101508711, 14.018803161766082 ], [ 100.571301173377009, 14.028353762843679 ], [ 100.58498525618279, 14.024486671025096 ], [ 100.588440610932167, 14.011069509461427 ] ] ] } },
{ "type": "Feature", "properties": { "cell_id": "8764a4146ffffff", "resolution": 7, "type": "h3" }, "geometry": { "type": "Polygon", "coordinates": [ [ [ 100.612350976221748, 14.016750482629694 ], [ 100.602123143876526, 14.00720168165943 ], [ 100.588440610932167, 14.011069509461427 ], [ 100.58498525618279, 14.024486671025096 ], [ 100.595213585426222, 14.034035761636861 ], [ 100.608896772811278, 14.030167400879233 ], [ 100.612350976221748, 14.016750482629694 ] ] ] } },
{ "type": "Feature", "properties": { "cell_id": "8764a414effffff", "resolution": 7, "type": "h3" }, "geometry": { "type": "Polygon", "coordinates": [ [ [ 100.547388128006489, 14.022668984763957 ], [ 100.537160317093694, 14.013116875599305 ], [ 100.523474457620694, 14.016981429897029 ], [ 100.520015750867429, 14.030398620690859 ], [ 100.530244051677755, 14.039951019753554 ], [ 100.543930569635179, 14.036085937960031 ], [ 100.547388128006489, 14.022668984763957 ] ] ] } },
{ "type": "Feature", "properties": { "cell_id": "8764a4143ffffff", "resolution": 7, "type": "h3" }, "geometry": { "type": "Polygon", "coordinates": [ [ [ 100.571301173377009, 14.028353762843679 ], [ 100.561073101508711, 14.018803161766082 ], [ 100.547388128006489, 14.022668984763957 ], [ 100.543930569635179, 14.036085937960031 ], [ 100.554159134002816, 14.045636828465353 ], [ 100.567844764533476, 14.041770476182572 ], [ 100.571301173377009, 14.028353762843679 ] ] ] } },
{ "type": "Feature", "properties": { "cell_id": "8764a4142ffffff", "resolution": 7, "type": "h3" }, "geometry": { "type": "Polygon", "coordinates": [ [ [ 100.595213585426222, 14.034035761636861 ], [ 100.58498525618279, 14.024486671025096 ], [ 100.571301173377009, 14.028353762843679 ], [ 100.567844764533476, 14.041770476182572 ], [ 100.578073588877288, 14.051319855750895 ], [ 100.591758327254993, 14.047452232859511 ], [ 100.595213585426222, 14.034035761636861 ] ] ] } },
{ "type": "Feature", "properties": { "cell_id": "8764a416bffffff", "resolution": 7, "type": "h3" }, "geometry": { "type": "Polygon", "coordinates": [ [ [ 100.533848663281034, 13.976727584841054 ], [ 100.523622359808854, 13.967173050383936 ], [ 100.509937818278118, 13.97103654940833 ], [ 100.506478921377678, 13.984455110408966 ], [ 100.516705713144489, 13.994009937077399 ], [ 100.530390913808532, 13.990145910369494 ], [ 100.533848663281034, 13.976727584841054 ] ] ] } },
{ "type": "Feature", "properties": { "cell_id": "8764a4ab3ffffff", "resolution": 7, "type": "h3" }, "geometry": { "type": "Polygon", "coordinates": [ [ [ 100.468879362737454, 13.982623036456557 ], [ 100.458653112737949, 13.97306521124254 ], [ 100.444965286891303, 13.976925437972133 ], [ 100.441503048164449, 13.990344011964414 ], [ 100.451729779451256, 13.999902129638139 ], [ 100.465418268469946, 13.99604138069537 ], [ 100.468879362737454, 13.982623036456557 ] ] ] } },
{ "type": "Feature", "properties": { "cell_id": "8764a4ab2ffffff", "resolution": 7, "type": "h3" }, "geometry": { "type": "Polygon", "coordinates": [ [ [ 100.492792840924707, 13.988317870330508 ], [ 100.482566318251713, 13.978761543195187 ], [ 100.468879362737454, 13.982623036456557 ], [ 100.465418268469946, 13.99604138069537 ], [ 100.475645275033827, 14.005597999822829 ], [ 100.489332892266347, 14.001735982554873 ], [ 100.492792840924707, 13.988317870330508 ] ] ] } },
{ "type": "Feature", "properties": { "cell_id": "8764a414dffffff", "resolution": 7, "type": "h3" }, "geometry": { "type": "Polygon", "coordinates": [ [ [ 100.516705713144489, 13.994009937077399 ], [ 100.506478921377678, 13.984455110408966 ], [ 100.492792840924707, 13.988317870330508 ], [ 100.489332892266347, 14.001735982554873 ], [ 100.499560170526919, 14.011291100747018 ], [ 100.513246911243797, 14.007427815026675 ], [ 100.516705713144489, 13.994009937077399 ] ] ] } },
{ "type": "Feature", "properties": { "cell_id": "8764a4a94ffffff", "resolution": 7, "type": "h3" }, "geometry": { "type": "Polygon", "coordinates": [ [ [ 100.475645275033827, 14.005597999822829 ], [ 100.465418268469946, 13.99604138069537 ], [ 100.451729779451256, 13.999902129638139 ], [ 100.448267634439873, 14.013320019665141 ], [ 100.45849512309168, 14.022876930096499 ], [ 100.472184274959233, 14.019015659032467 ], [ 100.475645275033827, 14.005597999822829 ] ] ] } },
{ "type": "Feature", "properties": { "cell_id": "8764a4149ffffff", "resolution": 7, "type": "h3" }, "geometry": { "type": "Polygon", "coordinates": [ [ [ 100.499560170526919, 14.011291100747018 ], [ 100.489332892266347, 14.001735982554873 ], [ 100.475645275033827, 14.005597999822829 ], [ 100.472184274959233, 14.019015659032467 ], [ 100.482412037911658, 14.028571068060748 ], [ 100.496100316538815, 14.024708526878817 ], [ 100.499560170526919, 14.011291100747018 ] ] ] } },
{ "type": "Feature", "properties": { "cell_id": "8764a4148ffffff", "resolution": 7, "type": "h3" }, "geometry": { "type": "Polygon", "coordinates": [ [ [ 100.523474457620694, 14.016981429897029 ], [ 100.513246911243797, 14.007427815026675 ], [ 100.499560170526919, 14.011291100747018 ], [ 100.496100316538815, 14.024708526878817 ], [ 100.506328350210737, 14.034262432116694 ], [ 100.520015750867429, 14.030398620690859 ], [ 100.523474457620694, 14.016981429897029 ] ] ] } },
{ "type": "Feature", "properties": { "cell_id": "8764a4a96ffffff", "resolution": 7, "type": "h3" }, "geometry": { "type": "Polygon", "coordinates": [ [ [ 100.482412037911658, 14.028571068060748 ], [ 100.472184274959233, 14.019015659032467 ], [ 100.45849512309168, 14.022876930096499 ], [ 100.455033071943305, 14.03629413205338 ], [ 100.465261317784538, 14.045849831230246 ], [ 100.478951132177571, 14.041988038137179 ], [ 100.482412037911658, 14.028571068060748 ] ] ] } },
{ "type": "Feature", "properties": { "cell_id": "8764a414bffffff", "resolution": 7, "type": "h3" }, "geometry": { "type": "Polygon", "coordinates": [ [ [ 100.506328350210737, 14.034262432116694 ], [ 100.496100316538815, 14.024708526878817 ], [ 100.482412037911658, 14.028571068060748 ], [ 100.478951132177571, 14.041988038137179 ], [ 100.489179651342539, 14.051542233055679 ], [ 100.502868591040496, 14.047679168052701 ], [ 100.506328350210737, 14.034262432116694 ] ] ] } },
{ "type": "Feature", "properties": { "cell_id": "8764a414affffff", "resolution": 7, "type": "h3" }, "geometry": { "type": "Polygon", "coordinates": [ [ [ 100.530244051677755, 14.039951019753554 ], [ 100.520015750867429, 14.030398620690859 ], [ 100.506328350210737, 14.034262432116694 ], [ 100.502868591040496, 14.047679168052701 ], [ 100.513097379947396, 14.057231856327219 ], [ 100.526785440219612, 14.053367519289528 ], [ 100.530244051677755, 14.039951019753554 ] ] ] } },
{ "type": "Feature", "properties": { "cell_id": "8764a415dffffff", "resolution": 7, "type": "h3" }, "geometry": { "type": "Polygon", "coordinates": [ [ [ 100.554159134002816, 14.045636828465353 ], [ 100.543930569635179, 14.036085937960031 ], [ 100.530244051677755, 14.039951019753554 ], [ 100.526785440219612, 14.053367519289528 ], [ 100.537014495286613, 14.062918698537004 ], [ 100.550701671403729, 14.05905308934202 ], [ 100.554159134002816, 14.045636828465353 ] ] ] } },
{ "type": "Feature", "properties": { "cell_id": "8764a415cffffff", "resolution": 7, "type": "h3" }, "geometry": { "type": "Polygon", "coordinates": [ [ [ 100.578073588877288, 14.051319855750895 ], [ 100.567844764533476, 14.041770476182572 ], [ 100.554159134002816, 14.045636828465353 ], [ 100.550701671403729, 14.05905308934202 ], [ 100.560930989049012, 14.068602757181981 ], [ 100.574617276282936, 14.064735875709346 ], [ 100.578073588877288, 14.051319855750895 ] ] ] } },
{ "type": "Feature", "properties": { "cell_id": "8764a4151ffffff", "resolution": 7, "type": "h3" }, "geometry": { "type": "Polygon", "coordinates": [ [ [ 100.601987407993875, 14.057000099113782 ], [ 100.591758327254993, 14.047452232859511 ], [ 100.578073588877288, 14.051319855750895 ], [ 100.574617276282936, 14.064735875709346 ], [ 100.584846852924684, 14.074284029763888 ], [ 100.598532246548643, 14.070415875895463 ], [ 100.601987407993875, 14.057000099113782 ] ] ] } },
{ "type": "Feature", "properties": { "cell_id": "8764a4158ffffff", "resolution": 7, "type": "h3" }, "geometry": { "type": "Polygon", "coordinates": [ [ [ 100.560930989049012, 14.068602757181981 ], [ 100.550701671403729, 14.05905308934202 ], [ 100.537014495286613, 14.062918698537004 ], [ 100.533555979271341, 14.076334502714415 ], [ 100.543785788418091, 14.085884458141123 ], [ 100.557473622369955, 14.082018321639357 ], [ 100.560930989049012, 14.068602757181981 ] ] ] } },
{ "type": "Feature", "properties": { "cell_id": "8764a415effffff", "resolution": 7, "type": "h3" }, "geometry": { "type": "Polygon", "coordinates": [ [ [ 100.584846852924684, 14.074284029763888 ], [ 100.574617276282936, 14.064735875709346 ], [ 100.560930989049012, 14.068602757181981 ], [ 100.557473622369955, 14.082018321639357 ], [ 100.567703693115561, 14.091566762809938 ], [ 100.581390636727363, 14.087699352242831 ], [ 100.584846852924684, 14.074284029763888 ] ] ] } },
{ "type": "Feature", "properties": { "cell_id": "8764a4153ffffff", "resolution": 7, "type": "h3" }, "geometry": { "type": "Polygon", "coordinates": [ [ [ 100.608762078605054, 14.079962513789269 ], [ 100.598532246548643, 14.070415875895463 ], [ 100.584846852924684, 14.074284029763888 ], [ 100.581390636727363, 14.087699352242831 ], [ 100.591620965489327, 14.097246276781116 ], [ 100.605307014033727, 14.093377592031748 ], [ 100.608762078605054, 14.079962513789269 ] ] ] } },
{ "type": "Feature", "properties": { "cell_id": "8764a415bffffff", "resolution": 7, "type": "h3" }, "geometry": { "type": "Polygon", "coordinates": [ [ [ 100.543785788418091, 14.085884458141123 ], [ 100.533555979271341, 14.076334502714415 ], [ 100.519867259708064, 14.080199365269996 ], [ 100.516407690616731, 14.09361470851155 ], [ 100.526637989463808, 14.103164950840156 ], [ 100.540327367993484, 14.099299562860965 ], [ 100.543785788418091, 14.085884458141123 ] ] ] } },
{ "type": "Feature", "properties": { "cell_id": "8764a415affffff", "resolution": 7, "type": "h3" }, "geometry": { "type": "Polygon", "coordinates": [ [ [ 100.567703693115561, 14.091566762809938 ], [ 100.557473622369955, 14.082018321639357 ], [ 100.543785788418091, 14.085884458141123 ], [ 100.540327367993484, 14.099299562860965 ], [ 100.550557931042889, 14.108848290463396 ], [ 100.564246422504382, 14.104981626749835 ], [ 100.567703693115561, 14.091566762809938 ] ] ] } },
{ "type": "Feature", "properties": { "cell_id": "8764a402dffffff", "resolution": 7, "type": "h3" }, "geometry": { "type": "Polygon", "coordinates": [ [ [ 100.591620965489327, 14.097246276781116 ], [ 100.581390636727363, 14.087699352242831 ], [ 100.567703693115561, 14.091566762809938 ], [ 100.564246422504382, 14.104981626749835 ], [ 100.574477246172862, 14.114528837249065 ], [ 100.588164845836971, 14.110660897683198 ], [ 100.591620965489327, 14.097246276781116 ] ] ] } },
{ "type": "Feature", "properties": { "cell_id": "8764a4074ffffff", "resolution": 7, "type": "h3" }, "geometry": { "type": "Polygon", "coordinates": [ [ [ 100.550557931042889, 14.108848290463396 ], [ 100.540327367993484, 14.099299562860965 ], [ 100.526637989463808, 14.103164950840156 ], [ 100.523178515633575, 14.116579591586451 ], [ 100.533409569185594, 14.126128604936564 ], [ 100.547099606356781, 14.122262691628373 ], [ 100.550557931042889, 14.108848290463396 ] ] ] } },
{ "type": "Feature", "properties": { "cell_id": "8764a4a92ffffff", "resolution": 7, "type": "h3" }, "geometry": { "type": "Polygon", "coordinates": [ [ [ 100.465261317784538, 14.045849831230246 ], [ 100.455033071943305, 14.03629413205338 ], [ 100.441342387587113, 14.040154653363558 ], [ 100.437879285708163, 14.053571393830097 ], [ 100.448108012634066, 14.063127382468018 ], [ 100.461799360646765, 14.059266341013855 ], [ 100.465261317784538, 14.045849831230246 ] ] ] } },
{ "type": "Feature", "properties": { "cell_id": "8764a4a9affffff", "resolution": 7, "type": "h3" }, "geometry": { "type": "Polygon", "coordinates": [ [ [ 100.400265546951587, 14.051732165552096 ], [ 100.390037382631149, 14.042173174632536 ], [ 100.376343448772985, 14.046030396137663 ], [ 100.37287701183395, 14.059447123066997 ], [ 100.383105650219221, 14.069006403690818 ], [ 100.396800251772106, 14.065148667516443 ], [ 100.400265546951587, 14.051732165552096 ] ] ] } },
{ "type": "Feature", "properties": { "cell_id": "8764a406dffffff", "resolution": 7, "type": "h3" }, "geometry": { "type": "Polygon", "coordinates": [ [ [ 100.424187071011531, 14.057431161836909 ], [ 100.413958623597139, 14.047873670862366 ], [ 100.400265546951587, 14.051732165552096 ], [ 100.396800251772106, 14.065148667516443 ], [ 100.40702917585898, 14.074706447730316 ], [ 100.420722918745994, 14.070847436575955 ], [ 100.424187071011531, 14.057431161836909 ] ] ] } },
{ "type": "Feature", "properties": { "cell_id": "8764a406cffffff", "resolution": 7, "type": "h3" }, "geometry": { "type": "Polygon", "coordinates": [ [ [ 100.448108012634066, 14.063127382468018 ], [ 100.437879285708163, 14.053571393830097 ], [ 100.424187071011531, 14.057431161836909 ], [ 100.420722918745994, 14.070847436575955 ], [ 100.430952124951347, 14.08040371398743 ], [ 100.444645004435586, 14.076543427721788 ], [ 100.448108012634066, 14.063127382468018 ] ] ] } },
{ "type": "Feature", "properties": { "cell_id": "8764a4069ffffff", "resolution": 7, "type": "h3" }, "geometry": { "type": "Polygon", "coordinates": [ [ [ 100.40702917585898, 14.074706447730316 ], [ 100.396800251772106, 14.065148667516443 ], [ 100.383105650219221, 14.069006403690818 ], [ 100.379639305674033, 14.082422434493365 ], [ 100.389868704626096, 14.091980503258437 ], [ 100.403563973551556, 14.088122252505174 ], [ 100.40702917585898, 14.074706447730316 ] ] ] } },
{ "type": "Feature", "properties": { "cell_id": "8764a4068ffffff", "resolution": 7, "type": "h3" }, "geometry": { "type": "Polygon", "coordinates": [ [ [ 100.430952124951347, 14.08040371398743 ], [ 100.420722918745994, 14.070847436575955 ], [ 100.40702917585898, 14.074706447730316 ], [ 100.403563973551556, 14.088122252505174 ], [ 100.413793657230059, 14.097678818002731 ], [ 100.42748806603592, 14.0938192904748 ], [ 100.430952124951347, 14.08040371398743 ] ] ] } },
{ "type": "Feature", "properties": { "cell_id": "8764a406effffff", "resolution": 7, "type": "h3" }, "geometry": { "type": "Polygon", "coordinates": [ [ [ 100.45487448917622, 14.086098199940972 ], [ 100.444645004435586, 14.076543427721788 ], [ 100.430952124951347, 14.08040371398743 ], [ 100.42748806603592, 14.0938192904748 ], [ 100.437718030856999, 14.103374350314093 ], [ 100.451411574805817, 14.099513545881399 ], [ 100.45487448917622, 14.086098199940972 ] ] ] } },
{ "type": "Feature", "properties": { "cell_id": "8764a406bffffff", "resolution": 7, "type": "h3" }, "geometry": { "type": "Polygon", "coordinates": [ [ [ 100.413793657230059, 14.097678818002731 ], [ 100.403563973551556, 14.088122252505174 ], [ 100.389868704626096, 14.091980503258437 ], [ 100.386402452622249, 14.10539583383288 ], [ 100.39663261196651, 14.114952686729065 ], [ 100.410328547942214, 14.111093921487603 ], [ 100.413793657230059, 14.097678818002731 ] ] ] } },
{ "type": "Feature", "properties": { "cell_id": "8764a406affffff", "resolution": 7, "type": "h3" }, "geometry": { "type": "Polygon", "coordinates": [ [ [ 100.437718030856999, 14.103374350314093 ], [ 100.42748806603592, 14.0938192904748 ], [ 100.413793657230059, 14.097678818002731 ], [ 100.410328547942214, 14.111093921487603 ], [ 100.420558991037353, 14.12064926826022 ], [ 100.434254065439319, 14.116789224450109 ], [ 100.437718030856999, 14.103374350314093 ] ] ] } },
{ "type": "Feature", "properties": { "cell_id": "8764a4045ffffff", "resolution": 7, "type": "h3" }, "geometry": { "type": "Polygon", "coordinates": [ [ [ 100.461641817185537, 14.109067097674245 ], [ 100.451411574805817, 14.099513545881399 ], [ 100.437718030856999, 14.103374350314093 ], [ 100.434254065439319, 14.116789224450109 ], [ 100.444484788700706, 14.126343062710118 ], [ 100.458178996790878, 14.12248174020246 ], [ 100.461641817185537, 14.109067097674245 ] ] ] } },
{ "type": "Feature", "properties": { "cell_id": "8764a4065ffffff", "resolution": 7, "type": "h3" }, "geometry": { "type": "Polygon", "coordinates": [ [ [ 100.489179651342539, 14.051542233055679 ], [ 100.478951132177571, 14.041988038137179 ], [ 100.465261317784538, 14.045849831230246 ], [ 100.461799360646765, 14.059266341013855 ], [ 100.47202836350165, 14.068820824926117 ], [ 100.485718840096624, 14.064958509896558 ], [ 100.489179651342539, 14.051542233055679 ] ] ] } },
{ "type": "Feature", "properties": { "cell_id": "8764a4064ffffff", "resolution": 7, "type": "h3" }, "geometry": { "type": "Polygon", "coordinates": [ [ [ 100.513097379947396, 14.057231856327219 ], [ 100.502868591040496, 14.047679168052701 ], [ 100.489179651342539, 14.051542233055679 ], [ 100.485718840096624, 14.064958509896558 ], [ 100.495948115297992, 14.074511486696686 ], [ 100.509637715742741, 14.070647897965912 ], [ 100.513097379947396, 14.057231856327219 ] ] ] } },
{ "type": "Feature", "properties": { "cell_id": "8764a4159ffffff", "resolution": 7, "type": "h3" }, "geometry": { "type": "Polygon", "coordinates": [ [ [ 100.537014495286613, 14.062918698537004 ], [ 100.526785440219612, 14.053367519289528 ], [ 100.513097379947396, 14.057231856327219 ], [ 100.509637715742741, 14.070647897965912 ], [ 100.519867259708064, 14.080199365269996 ], [ 100.533555979271341, 14.076334502714415 ], [ 100.537014495286613, 14.062918698537004 ] ] ] } },
{ "type": "Feature", "properties": { "cell_id": "8764a4061ffffff", "resolution": 7, "type": "h3" }, "geometry": { "type": "Polygon", "coordinates": [ [ [ 100.47202836350165, 14.068820824926117 ], [ 100.461799360646765, 14.059266341013855 ], [ 100.448108012634066, 14.063127382468018 ], [ 100.444645004435586, 14.076543427721788 ], [ 100.45487448917622, 14.086098199940972 ], [ 100.468566500522087, 14.082236638434985 ], [ 100.47202836350165, 14.068820824926117 ] ] ] } },
{ "type": "Feature", "properties": { "cell_id": "8764a4060ffffff", "resolution": 7, "type": "h3" }, "geometry": { "type": "Polygon", "coordinates": [ [ [ 100.495948115297992, 14.074511486696686 ], [ 100.485718840096624, 14.064958509896558 ], [ 100.47202836350165, 14.068820824926117 ], [ 100.468566500522087, 14.082236638434985 ], [ 100.478796260214779, 14.091789903074542 ], [ 100.492487398687913, 14.087927066201365 ], [ 100.495948115297992, 14.074511486696686 ] ] ] } },
{ "type": "Feature", "properties": { "cell_id": "8764a4066ffffff", "resolution": 7, "type": "h3" }, "geometry": { "type": "Polygon", "coordinates": [ [ [ 100.519867259708064, 14.080199365269996 ], [ 100.509637715742741, 14.070647897965912 ], [ 100.495948115297992, 14.074511486696686 ], [ 100.492487398687913, 14.087927066201365 ], [ 100.502717429749424, 14.097478820876541 ], [ 100.516407690616731, 14.09361470851155 ], [ 100.519867259708064, 14.080199365269996 ] ] ] } },
{ "type": "Feature", "properties": { "cell_id": "8764a4063ffffff", "resolution": 7, "type": "h3" }, "geometry": { "type": "Polygon", "coordinates": [ [ [ 100.478796260214779, 14.091789903074542 ], [ 100.468566500522087, 14.082236638434985 ], [ 100.45487448917622, 14.086098199940972 ], [ 100.451411574805817, 14.099513545881399 ], [ 100.461641817185537, 14.109067097674245 ], [ 100.475334491541105, 14.105205016208913 ], [ 100.478796260214779, 14.091789903074542 ] ] ] } },
{ "type": "Feature", "properties": { "cell_id": "8764a4062ffffff", "resolution": 7, "type": "h3" }, "geometry": { "type": "Polygon", "coordinates": [ [ [ 100.502717429749424, 14.097478820876541 ], [ 100.492487398687913, 14.087927066201365 ], [ 100.478796260214779, 14.091789903074542 ], [ 100.475334491541105, 14.105205016208913 ], [ 100.485565007895545, 14.114757057569692 ], [ 100.499256807922904, 14.110893698946079 ], [ 100.502717429749424, 14.097478820876541 ] ] ] } },
{ "type": "Feature", "properties": { "cell_id": "8764a4075ffffff", "resolution": 7, "type": "h3" }, "geometry": { "type": "Polygon", "coordinates": [ [ [ 100.526637989463808, 14.103164950840156 ], [ 100.516407690616731, 14.09361470851155 ], [ 100.502717429749424, 14.097478820876541 ], [ 100.499256807922904, 14.110893698946079 ], [ 100.509487594668101, 14.12044422749176 ], [ 100.523178515633575, 14.116579591586451 ], [ 100.526637989463808, 14.103164950840156 ] ] ] } },
{ "type": "Feature", "properties": { "cell_id": "8764a4044ffffff", "resolution": 7, "type": "h3" }, "geometry": { "type": "Polygon", "coordinates": [ [ [ 100.485565007895545, 14.114757057569692 ], [ 100.475334491541105, 14.105205016208913 ], [ 100.461641817185537, 14.109067097674245 ], [ 100.458178996790878, 14.12248174020246 ], [ 100.468409996633909, 14.13203406756339 ], [ 100.482103333675468, 14.12817146623151 ], [ 100.485565007895545, 14.114757057569692 ] ] ] } },
{ "type": "Feature", "properties": { "cell_id": "8764a4071ffffff", "resolution": 7, "type": "h3" }, "geometry": { "type": "Polygon", "coordinates": [ [ [ 100.509487594668101, 14.12044422749176 ], [ 100.499256807922904, 14.110893698946079 ], [ 100.485565007895545, 14.114757057569692 ], [ 100.482103333675468, 14.12817146623151 ], [ 100.492334606515499, 14.137722280309472 ], [ 100.506027067772919, 14.133858400028929 ], [ 100.509487594668101, 14.12044422749176 ] ] ] } },
{ "type": "Feature", "properties": { "cell_id": "8764a4070ffffff", "resolution": 7, "type": "h3" }, "geometry": { "type": "Polygon", "coordinates": [ [ [ 100.533409569185594, 14.126128604936564 ], [ 100.523178515633575, 14.116579591586451 ], [ 100.509487594668101, 14.12044422749176 ], [ 100.506027067772919, 14.133858400028929 ], [ 100.516258610025261, 14.143407698442605 ], [ 100.529950190764282, 14.139542539091192 ], [ 100.533409569185594, 14.126128604936564 ] ] ] } },
{ "type": "Feature", "properties": { "cell_id": "8764a4890ffffff", "resolution": 7, "type": "h3" }, "geometry": { "type": "Polygon", "coordinates": [ [ [ 100.913067961831189, 13.9812646822293 ], [ 100.902840625699085, 13.97173101475634 ], [ 100.88917427841497, 13.975613803158712 ], [ 100.885734631902054, 13.989030817246796 ], [ 100.895962497223763, 13.998564773472513 ], [ 100.909629480155004, 13.994681426693758 ], [ 100.913067961831189, 13.9812646822293 ] ] ] } },
{ "type": "Feature", "properties": { "cell_id": "8764a4896ffffff", "resolution": 7, "type": "h3" }, "geometry": { "type": "Polygon", "coordinates": [ [ [ 100.936960893942185, 13.986912770257163 ], [ 100.926733351775496, 13.977380634003673 ], [ 100.913067961831189, 13.9812646822293 ], [ 100.909629480155004, 13.994681426693758 ], [ 100.9198575540984, 14.004213851216448 ], [ 100.933523578227195, 14.000329242841905 ], [ 100.936960893942185, 13.986912770257163 ] ] ] } },
{ "type": "Feature", "properties": { "cell_id": "8764a4892ffffff", "resolution": 7, "type": "h3" }, "geometry": { "type": "Polygon", "coordinates": [ [ [ 100.9198575540984, 14.004213851216448 ], [ 100.909629480155004, 13.994681426693758 ], [ 100.895962497223763, 13.998564773472513 ], [ 100.89252295320621, 14.011981102882258 ], [ 100.902751557144725, 14.021513814995513 ], [ 100.916419175391894, 14.017629909944857 ], [ 100.9198575540984, 14.004213851216448 ] ] ] } },
{ "type": "Feature", "properties": { "cell_id": "8764a4c6cffffff", "resolution": 7, "type": "h3" }, "geometry": { "type": "Polygon", "coordinates": [ [ [ 100.902751557144725, 14.021513814995513 ], [ 100.89252295320621, 14.011981102882258 ], [ 100.878854379394994, 14.015863744655318 ], [ 100.875413773361217, 14.029279654772726 ], [ 100.885642905512157, 14.038812653797953 ], [ 100.899312115770925, 14.034929455630159 ], [ 100.902751557144725, 14.021513814995513 ] ] ] } },
{ "type": "Feature", "properties": { "cell_id": "8764a4c61ffffff", "resolution": 7, "type": "h3" }, "geometry": { "type": "Polygon", "coordinates": [ [ [ 100.926647986963644, 14.027161087525377 ], [ 100.916419175391894, 14.017629909944857 ], [ 100.902751557144725, 14.021513814995513 ], [ 100.899312115770925, 14.034929455630159 ], [ 100.909541458143522, 14.044460919639537 ], [ 100.92320971137525, 14.040576456421825 ], [ 100.926647986963644, 14.027161087525377 ] ] ] } },
{ "type": "Feature", "properties": { "cell_id": "8764a489cffffff", "resolution": 7, "type": "h3" }, "geometry": { "type": "Polygon", "coordinates": [ [ [ 100.865279851969134, 13.969960135485628 ], [ 100.855052938631871, 13.960423412619544 ], [ 100.841384690770823, 13.964303681655089 ], [ 100.837942717963074, 13.977721228220563 ], [ 100.848170155313397, 13.987258240803977 ], [ 100.861839041745256, 13.983377416940849 ], [ 100.865279851969134, 13.969960135485628 ] ] ] } },
{ "type": "Feature", "properties": { "cell_id": "8764a4891ffffff", "resolution": 7, "type": "h3" }, "geometry": { "type": "Polygon", "coordinates": [ [ [ 100.88917427841497, 13.975613803158712 ], [ 100.878947151892646, 13.966078606814015 ], [ 100.865279851969134, 13.969960135485628 ], [ 100.861839041745256, 13.983377416940849 ], [ 100.872066694869318, 13.992912902521011 ], [ 100.885734631902054, 13.989030817246796 ], [ 100.88917427841497, 13.975613803158712 ] ] ] } },
{ "type": "Feature", "properties": { "cell_id": "8764a4898ffffff", "resolution": 7, "type": "h3" }, "geometry": { "type": "Polygon", "coordinates": [ [ [ 100.848170155313397, 13.987258240803977 ], [ 100.837942717963074, 13.977721228220563 ], [ 100.824272886835885, 13.981600790768274 ], [ 100.82082985364417, 13.995017918684638 ], [ 100.831057813222728, 14.004555220304816 ], [ 100.844728284051911, 14.000675104808098 ], [ 100.848170155313397, 13.987258240803977 ] ] ] } },
{ "type": "Feature", "properties": { "cell_id": "8764a489effffff", "resolution": 7, "type": "h3" }, "geometry": { "type": "Polygon", "coordinates": [ [ [ 100.872066694869318, 13.992912902521011 ], [ 100.861839041745256, 13.983377416940849 ], [ 100.848170155313397, 13.987258240803977 ], [ 100.844728284051911, 14.000675104808098 ], [ 100.85495646199395, 14.0102108789438 ], [ 100.868625986666316, 14.006329500356127 ], [ 100.872066694869318, 13.992912902521011 ] ] ] } },
{ "type": "Feature", "properties": { "cell_id": "8764a4893ffffff", "resolution": 7, "type": "h3" }, "geometry": { "type": "Polygon", "coordinates": [ [ [ 100.895962497223763, 13.998564773472513 ], [ 100.885734631902054, 13.989030817246796 ], [ 100.872066694869318, 13.992912902521011 ], [ 100.868625986666316, 14.006329500356127 ], [ 100.878854379394994, 14.015863744655318 ], [ 100.89252295320621, 14.011981102882258 ], [ 100.895962497223763, 13.998564773472513 ] ] ] } },
{ "type": "Feature", "properties": { "cell_id": "8764a489bffffff", "resolution": 7, "type": "h3" }, "geometry": { "type": "Polygon", "coordinates": [ [ [ 100.831057813222728, 14.004555220304816 ], [ 100.82082985364417, 13.995017918684638 ], [ 100.80715844136391, 13.998896771187045 ], [ 100.803714348116301, 14.012313476216105 ], [ 100.813942828137129, 14.021851066192513 ], [ 100.827614881250724, 14.017971662619829 ], [ 100.831057813222728, 14.004555220304816 ] ] ] } },
{ "type": "Feature", "properties": { "cell_id": "8764a489affffff", "resolution": 7, "type": "h3" }, "geometry": { "type": "Polygon", "coordinates": [ [ [ 100.85495646199395, 14.0102108789438 ], [ 100.844728284051911, 14.000675104808098 ], [ 100.831057813222728, 14.004555220304816 ], [ 100.827614881250724, 14.017971662619829 ], [ 100.837843582225887, 14.027507724631189 ], [ 100.851514692427031, 14.023627056288129 ], [ 100.85495646199395, 14.0102108789438 ] ] ] } },
{ "type": "Feature", "properties": { "cell_id": "8764a4c6dffffff", "resolution": 7, "type": "h3" }, "geometry": { "type": "Polygon", "coordinates": [ [ [ 100.878854379394994, 14.015863744655318 ], [ 100.868625986666316, 14.006329500356127 ], [ 100.85495646199395, 14.0102108789438 ], [ 100.851514692427031, 14.023627056288129 ], [ 100.861743610778831, 14.03316158798156 ], [ 100.875413773361217, 14.029279654772726 ], [ 100.878854379394994, 14.015863744655318 ] ] ] } },
{ "type": "Feature", "properties": { "cell_id": "8764a4134ffffff", "resolution": 7, "type": "h3" }, "geometry": { "type": "Polygon", "coordinates": [ [ [ 100.837843582225887, 14.027507724631189 ], [ 100.827614881250724, 14.017971662619829 ], [ 100.813942828137129, 14.021851066192513 ], [ 100.810498835782525, 14.035267082580763 ], [ 100.820728058004761, 14.044803431787935 ], [ 100.834400751621914, 14.040923477247267 ], [ 100.837843582225887, 14.027507724631189 ] ] ] } },
{ "type": "Feature", "properties": { "cell_id": "8764a4c69ffffff", "resolution": 7, "type": "h3" }, "geometry": { "type": "Polygon", "coordinates": [ [ [ 100.861743610778831, 14.03316158798156 ], [ 100.851514692427031, 14.023627056288129 ], [ 100.837843582225887, 14.027507724631189 ], [ 100.834400751621914, 14.040923477247267 ], [ 100.844630193811938, 14.050458295655737 ], [ 100.858301943054798, 14.046577074569356 ], [ 100.861743610778831, 14.03316158798156 ] ] ] } },
{ "type": "Feature", "properties": { "cell_id": "8764a4c68ffffff", "resolution": 7, "type": "h3" }, "geometry": { "type": "Polygon", "coordinates": [ [ [ 100.885642905512157, 14.038812653797953 ], [ 100.875413773361217, 14.029279654772726 ], [ 100.861743610778831, 14.03316158798156 ], [ 100.858301943054798, 14.046577074569356 ], [ 100.86853160163426, 14.056110359828006 ], [ 100.882202401796008, 14.05222787210176 ], [ 100.885642905512157, 14.038812653797953 ] ] ] } },
{ "type": "Feature", "properties": { "cell_id": "8764a4136ffffff", "resolution": 7, "type": "h3" }, "geometry": { "type": "Polygon", "coordinates": [ [ [ 100.844630193811938, 14.050458295655737 ], [ 100.834400751621914, 14.040923477247267 ], [ 100.820728058004761, 14.044803431787935 ], [ 100.817284166691422, 14.05821875543865 ], [ 100.827514130933594, 14.067753859883007 ], [ 100.841187464724328, 14.063873354477 ], [ 100.844630193811938, 14.050458295655737 ] ] ] } },
{ "type": "Feature", "properties": { "cell_id": "8764a4c6bffffff", "resolution": 7, "type": "h3" }, "geometry": { "type": "Polygon", "coordinates": [ [ [ 100.86853160163426, 14.056110359828006 ], [ 100.858301943054798, 14.046577074569356 ], [ 100.844630193811938, 14.050458295655737 ], [ 100.841187464724328, 14.063873354477 ], [ 100.851417647947358, 14.073406925290557 ], [ 100.865090035901503, 14.069525151564234 ], [ 100.86853160163426, 14.056110359828006 ] ] ] } },
{ "type": "Feature", "properties": { "cell_id": "8764a4c6affffff", "resolution": 7, "type": "h3" }, "geometry": { "type": "Polygon", "coordinates": [ [ [ 100.892432273186685, 14.061759621862084 ], [ 100.882202401796008, 14.05222787210176 ], [ 100.86853160163426, 14.056110359828006 ], [ 100.865090035901503, 14.069525151564234 ], [ 100.875320434526401, 14.079057186397655 ], [ 100.888991871936597, 14.075174144258099 ], [ 100.892432273186685, 14.061759621862084 ] ] ] } },
{ "type": "Feature", "properties": { "cell_id": "8764a4c4dffffff", "resolution": 7, "type": "h3" }, "geometry": { "type": "Polygon", "coordinates": [ [ [ 100.851417647947358, 14.073406925290557 ], [ 100.841187464724328, 14.063873354477 ], [ 100.827514130933594, 14.067753859883007 ], [ 100.824070340809854, 14.081168486701173 ], [ 100.83430104689036, 14.090702342391184 ], [ 100.847975020524473, 14.086821286222838 ], [ 100.851417647947358, 14.073406925290557 ] ] ] } },
{ "type": "Feature", "properties": { "cell_id": "8764a4c4cffffff", "resolution": 7, "type": "h3" }, "geometry": { "type": "Polygon", "coordinates": [ [ [ 100.875320434526401, 14.079057186397655 ], [ 100.865090035901503, 14.069525151564234 ], [ 100.851417647947358, 14.073406925290557 ], [ 100.847975020524473, 14.086821286222838 ], [ 100.858205944598538, 14.096353605451538 ], [ 100.871878970933338, 14.092471279188992 ], [ 100.875320434526401, 14.079057186397655 ] ] ] } },
{ "type": "Feature", "properties": { "cell_id": "8764a4c41ffffff", "resolution": 7, "type": "h3" }, "geometry": { "type": "Polygon", "coordinates": [ [ [ 100.899222482384431, 14.084704640764659 ], [ 100.888991871936597, 14.075174144258099 ], [ 100.875320434526401, 14.079057186397655 ], [ 100.871878970933338, 14.092471279188992 ], [ 100.882110109421262, 14.102002059608809 ], [ 100.895782183748864, 14.098118463160402 ], [ 100.899222482384431, 14.084704640764659 ] ] ] } },
{ "type": "Feature", "properties": { "cell_id": "8764a4c49ffffff", "resolution": 7, "type": "h3" }, "geometry": { "type": "Polygon", "coordinates": [ [ [ 100.83430104689036, 14.090702342391184 ], [ 100.824070340809854, 14.081168486701173 ], [ 100.810395424585735, 14.085048272869217 ], [ 100.806950573754065, 14.098462463448097 ], [ 100.817181800904791, 14.107996603336144 ], [ 100.830857358104566, 14.104116268283503 ], [ 100.83430104689036, 14.090702342391184 ] ] ] } },
{ "type": "Feature", "properties": { "cell_id": "8764a4c48ffffff", "resolution": 7, "type": "h3" }, "geometry": { "type": "Polygon", "coordinates": [ [ [ 100.858205944598538, 14.096353605451538 ], [ 100.847975020524473, 14.086821286222838 ], [ 100.83430104689036, 14.090702342391184 ], [ 100.830857358104566, 14.104116268283503 ], [ 100.84108880584165, 14.113648871229714 ], [ 100.854763418988782, 14.109767264402379 ], [ 100.858205944598538, 14.096353605451538 ] ] ] } },
{ "type": "Feature", "properties": { "cell_id": "8764a4c4effffff", "resolution": 7, "type": "h3" }, "geometry": { "type": "Polygon", "coordinates": [ [ [ 100.882110109421262, 14.102002059608809 ], [ 100.871878970933338, 14.092471279188992 ], [ 100.858205944598538, 14.096353605451538 ], [ 100.854763418988782, 14.109767264402379 ], [ 100.864995083731714, 14.119298328058338 ], [ 100.878668748116368, 14.115415449363651 ], [ 100.882110109421262, 14.102002059608809 ] ] ] } },
{ "type": "Feature", "properties": { "cell_id": "8764a4131ffffff", "resolution": 7, "type": "h3" }, "geometry": { "type": "Polygon", "coordinates": [ [ [ 100.796825202499306, 14.039145770672102 ], [ 100.786596203823279, 14.029607893019953 ], [ 100.772921635583657, 14.033485314760563 ], [ 100.769475423211517, 14.046901161301863 ], [ 100.779704938754534, 14.056439325949302 ], [ 100.793380150090684, 14.052561356896295 ], [ 100.796825202499306, 14.039145770672102 ] ] ] } },
{ "type": "Feature", "properties": { "cell_id": "8764a4130ffffff", "resolution": 7, "type": "h3" }, "geometry": { "type": "Polygon", "coordinates": [ [ [ 100.820728058004761, 14.044803431787935 ], [ 100.810498835782525, 14.035267082580763 ], [ 100.796825202499306, 14.039145770672102 ], [ 100.793380150090684, 14.052561356896295 ], [ 100.803609891772894, 14.062097992619481 ], [ 100.817284166691422, 14.05821875543865 ], [ 100.820728058004761, 14.044803431787935 ] ] ] } },
{ "type": "Feature", "properties": { "cell_id": "8764a4106ffffff", "resolution": 7, "type": "h3" }, "geometry": { "type": "Polygon", "coordinates": [ [ [ 100.779704938754534, 14.056439325949302 ], [ 100.769475423211517, 14.046901161301863 ], [ 100.755799280169327, 14.050777862326642 ], [ 100.752352008730085, 14.064193273268211 ], [ 100.762582039350761, 14.073731724230534 ], [ 100.776258826621302, 14.069854477772511 ], [ 100.779704938754534, 14.056439325949302 ] ] ] } },
{ "type": "Feature", "properties": { "cell_id": "8764a4133ffffff", "resolution": 7, "type": "h3" }, "geometry": { "type": "Polygon", "coordinates": [ [ [ 100.803609891772894, 14.062097992619481 ], [ 100.793380150090684, 14.052561356896295 ], [ 100.779704938754534, 14.056439325949302 ], [ 100.776258826621302, 14.069854477772511 ], [ 100.786489085975191, 14.079391399331948 ], [ 100.800164940078588, 14.07551288306809 ], [ 100.803609891772894, 14.062097992619481 ] ] ] } },
{ "type": "Feature", "properties": { "cell_id": "8764a4132ffffff", "resolution": 7, "type": "h3" }, "geometry": { "type": "Polygon", "coordinates": [ [ [ 100.827514130933594, 14.067753859883007 ], [ 100.817284166691422, 14.05821875543865 ], [ 100.803609891772894, 14.062097992619481 ], [ 100.800164940078588, 14.07551288306809 ], [ 100.810395424585735, 14.085048272869217 ], [ 100.824070340809854, 14.081168486701173 ], [ 100.827514130933594, 14.067753859883007 ] ] ] } },
{ "type": "Feature", "properties": { "cell_id": "8764a4102ffffff", "resolution": 7, "type": "h3" }, "geometry": { "type": "Polygon", "coordinates": [ [ [ 100.762582039350761, 14.073731724230534 ], [ 100.752352008730085, 14.064193273268211 ], [ 100.738674293005914, 14.068069250020969 ], [ 100.735225962830668, 14.081484221126091 ], [ 100.745456506738563, 14.091022957722924 ], [ 100.75913486782305, 14.087146437416203 ], [ 100.762582039350761, 14.073731724230534 ] ] ] } },
{ "type": "Feature", "properties": { "cell_id": "8764a4115ffffff", "resolution": 7, "type": "h3" }, "geometry": { "type": "Polygon", "coordinates": [ [ [ 100.786489085975191, 14.079391399331948 ], [ 100.776258826621302, 14.069854477772511 ], [ 100.762582039350761, 14.073731724230534 ], [ 100.75913486782305, 14.087146437416203 ], [ 100.769365643059245, 14.096683644132177 ], [ 100.783043074229113, 14.092805852342075 ], [ 100.786489085975191, 14.079391399331948 ] ] ] } },
{ "type": "Feature", "properties": { "cell_id": "8764a4114ffffff", "resolution": 7, "type": "h3" }, "geometry": { "type": "Polygon", "coordinates": [ [ [ 100.810395424585735, 14.085048272869217 ], [ 100.800164940078588, 14.07551288306809 ], [ 100.786489085975191, 14.079391399331948 ], [ 100.783043074229113, 14.092805852342075 ], [ 100.793274077212914, 14.102341526820911 ], [ 100.806950573754065, 14.098462463448097 ], [ 100.810395424585735, 14.085048272869217 ] ] ] } },
{ "type": "Feature", "properties": { "cell_id": "8764a4111ffffff", "resolution": 7, "type": "h3" }, "geometry": { "type": "Polygon", "coordinates": [ [ [ 100.769365643059245, 14.096683644132177 ], [ 100.75913486782305, 14.087146437416203 ], [ 100.745456506738563, 14.091022957722924 ], [ 100.74200827614726, 14.104437228034893 ], [ 100.752239565475293, 14.113974719227727 ], [ 100.765918571591328, 14.110097655467829 ], [ 100.769365643059245, 14.096683644132177 ] ] ] } },
{ "type": "Feature", "properties": { "cell_id": "8764a4110ffffff", "resolution": 7, "type": "h3" }, "geometry": { "type": "Polygon", "coordinates": [ [ [ 100.793274077212914, 14.102341526820911 ], [ 100.783043074229113, 14.092805852342075 ], [ 100.769365643059245, 14.096683644132177 ], [ 100.765918571591328, 14.110097655467829 ], [ 100.776150091262366, 14.119633613945354 ], [ 100.789828166002295, 14.115755276924688 ], [ 100.793274077212914, 14.102341526820911 ] ] ] } },
{ "type": "Feature", "properties": { "cell_id": "8764a4c6effffff", "resolution": 7, "type": "h3" }, "geometry": { "type": "Polygon", "coordinates": [ [ [ 100.909541458143522, 14.044460919639537 ], [ 100.899312115770925, 14.034929455630159 ], [ 100.885642905512157, 14.038812653797953 ], [ 100.882202401796008, 14.05222787210176 ], [ 100.892432273186685, 14.061759621862084 ], [ 100.906102119561893, 14.057875867404036 ], [ 100.909541458143522, 14.044460919639537 ] ] ] } },
{ "type": "Feature", "properties": { "cell_id": "8764a4c63ffffff", "resolution": 7, "type": "h3" }, "geometry": { "type": "Polygon", "coordinates": [ [ [ 100.933439260392205, 14.05010638307032 ], [ 100.92320971137525, 14.040576456421825 ], [ 100.909541458143522, 14.044460919639537 ], [ 100.906102119561893, 14.057875867404036 ], [ 100.916332200185707, 14.067406079320174 ], [ 100.930001088070426, 14.063521058040605 ], [ 100.933439260392205, 14.05010638307032 ] ] ] } },
{ "type": "Feature", "properties": { "cell_id": "8764a4c45ffffff", "resolution": 7, "type": "h3" }, "geometry": { "type": "Polygon", "coordinates": [ [ [ 100.916332200185707, 14.067406079320174 ], [ 100.906102119561893, 14.057875867404036 ], [ 100.892432273186685, 14.061759621862084 ], [ 100.888991871936597, 14.075174144258099 ], [ 100.899222482384431, 14.084704640764659 ], [ 100.912892964544767, 14.080820330121183 ], [ 100.916332200185707, 14.067406079320174 ] ] ] } },
{ "type": "Feature", "properties": { "cell_id": "8764a4c44ffffff", "resolution": 7, "type": "h3" }, "geometry": { "type": "Polygon", "coordinates": [ [ [ 100.940231374349324, 14.0730497297693 ], [ 100.930001088070426, 14.063521058040605 ], [ 100.916332200185707, 14.067406079320174 ], [ 100.912892964544767, 14.080820330121183 ], [ 100.923123783236733, 14.09034928595679 ], [ 100.936793305442691, 14.086463706720931 ], [ 100.940231374349324, 14.0730497297693 ] ] ] } },
{ "type": "Feature", "properties": { "cell_id": "8764a4c40ffffff", "resolution": 7, "type": "h3" }, "geometry": { "type": "Polygon", "coordinates": [ [ [ 100.923123783236733, 14.09034928595679 ], [ 100.912892964544767, 14.080820330121183 ], [ 100.899222482384431, 14.084704640764659 ], [ 100.895782183748864, 14.098118463160402 ], [ 100.906013533071061, 14.107647702426402 ], [ 100.919684650684999, 14.103762835702685 ], [ 100.923123783236733, 14.09034928595679 ] ] ] } },
{ "type": "Feature", "properties": { "cell_id": "8764a4c43ffffff", "resolution": 7, "type": "h3" }, "geometry": { "type": "Polygon", "coordinates": [ [ [ 100.906013533071061, 14.107647702426402 ], [ 100.895782183748864, 14.098118463160402 ], [ 100.882110109421262, 14.102002059608809 ], [ 100.878668748116368, 14.115415449363651 ], [ 100.888900626284794, 14.124944971383574 ], [ 100.902573337198532, 14.121060820731122 ], [ 100.906013533071061, 14.107647702426402 ] ] ] } },
{ "type": "Feature", "properties": { "cell_id": "8764a4c42ffffff", "resolution": 7, "type": "h3" }, "geometry": { "type": "Polygon", "coordinates": [ [ [ 100.929916207261968, 14.113290531472558 ], [ 100.919684650684999, 14.103762835702685 ], [ 100.906013533071061, 14.107647702426402 ], [ 100.902573337198532, 14.121060820731122 ], [ 100.912805425212156, 14.13058879877185 ], [ 100.926477177948001, 14.126703376073444 ], [ 100.929916207261968, 14.113290531472558 ] ] ] } },
{ "type": "Feature", "properties": { "cell_id": "8764a4c5cffffff", "resolution": 7, "type": "h3" }, "geometry": { "type": "Polygon", "coordinates": [ [ [ 100.912805425212156, 14.13058879877185 ], [ 100.902573337198532, 14.121060820731122 ], [ 100.888900626284794, 14.124944971383574 ], [ 100.885459367416587, 14.138357654012045 ], [ 100.895691985082792, 14.147885913647858 ], [ 100.909365332251241, 14.144001208896528 ], [ 100.912805425212156, 14.13058879877185 ] ] ] } },
{ "type": "Feature", "properties": { "cell_id": "8764a4c51ffffff", "resolution": 7, "type": "h3" }, "geometry": { "type": "Polygon", "coordinates": [ [ [ 100.936709472226653, 14.136229807794461 ], [ 100.926477177948001, 14.126703376073444 ], [ 100.912805425212156, 14.13058879877185 ], [ 100.909365332251241, 14.144001208896528 ], [ 100.919598158773198, 14.153527921729369 ], [ 100.933270546299084, 14.14964194316217 ], [ 100.936709472226653, 14.136229807794461 ] ] ] } },
{ "type": "Feature", "properties": { "cell_id": "8764a4c5effffff", "resolution": 7, "type": "h3" }, "geometry": { "type": "Polygon", "coordinates": [ [ [ 100.919598158773198, 14.153527921729369 ], [ 100.909365332251241, 14.144001208896528 ], [ 100.895691985082792, 14.147885913647858 ], [ 100.892250828799845, 14.161297885061813 ], [ 100.902484185781006, 14.170824878331405 ], [ 100.916158168872528, 14.166939619586721 ], [ 100.919598158773198, 14.153527921729369 ] ] ] } },
{ "type": "Feature", "properties": { "cell_id": "8764a4c5affffff", "resolution": 7, "type": "h3" }, "geometry": { "type": "Polygon", "coordinates": [ [ [ 100.902484185781006, 14.170824878331405 ], [ 100.892250828799845, 14.161297885061813 ], [ 100.878575889308678, 14.16518186830713 ], [ 100.875133670029314, 14.178593396776231 ], [ 100.885367555684482, 14.188120669807562 ], [ 100.89904313223191, 14.184236134444456 ], [ 100.902484185781006, 14.170824878331405 ] ] ] } },
{ "type": "Feature", "properties": { "cell_id": "8764a4cedffffff", "resolution": 7, "type": "h3" }, "geometry": { "type": "Polygon", "coordinates": [ [ [ 100.926391733719598, 14.176465063231149 ], [ 100.916158168872528, 14.166939619586721 ], [ 100.902484185781006, 14.170824878331405 ], [ 100.89904313223191, 14.184236134444456 ], [ 100.909277228345061, 14.193761857367811 ], [ 100.922951847027818, 14.189876044735646 ], [ 100.926391733719598, 14.176465063231149 ] ] ] } },
{ "type": "Feature", "properties": { "cell_id": "8764a4c4bffffff", "resolution": 7, "type": "h3" }, "geometry": { "type": "Polygon", "coordinates": [ [ [ 100.84108880584165, 14.113648871229714 ], [ 100.830857358104566, 14.104116268283503 ], [ 100.817181800904791, 14.107996603336144 ], [ 100.813737051084118, 14.121410089952867 ], [ 100.823969020696907, 14.130942975938868 ], [ 100.837645218542235, 14.127062092104607 ], [ 100.84108880584165, 14.113648871229714 ] ] ] } },
{ "type": "Feature", "properties": { "cell_id": "8764a4c4affffff", "resolution": 7, "type": "h3" }, "geometry": { "type": "Polygon", "coordinates": [ [ [ 100.864995083731714, 14.119298328058338 ], [ 100.854763418988782, 14.109767264402379 ], [ 100.84108880584165, 14.113648871229714 ], [ 100.837645218542235, 14.127062092104607 ], [ 100.84787740775397, 14.136593438319636 ], [ 100.861552660083575, 14.132711280937011 ], [ 100.864995083731714, 14.119298328058338 ] ] ] } },
{ "type": "Feature", "properties": { "cell_id": "8764a4c5dffffff", "resolution": 7, "type": "h3" }, "geometry": { "type": "Polygon", "coordinates": [ [ [ 100.888900626284794, 14.124944971383574 ], [ 100.878668748116368, 14.115415449363651 ], [ 100.864995083731714, 14.119298328058338 ], [ 100.861552660083575, 14.132711280937011 ], [ 100.871785065313077, 14.142241085034435 ], [ 100.885459367416587, 14.138357654012045 ], [ 100.888900626284794, 14.124944971383574 ] ] ] } },
{ "type": "Feature", "properties": { "cell_id": "8764a41a4ffffff", "resolution": 7, "type": "h3" }, "geometry": { "type": "Polygon", "coordinates": [ [ [ 100.84787740775397, 14.136593438319636 ], [ 100.837645218542235, 14.127062092104607 ], [ 100.823969020696907, 14.130942975938868 ], [ 100.820524372035635, 14.144355754502742 ], [ 100.83075708392883, 14.153887382599825 ], [ 100.844433922089394, 14.150005950087255 ], [ 100.84787740775397, 14.136593438319636 ] ] ] } },
{ "type": "Feature", "properties": { "cell_id": "8764a4c59ffffff", "resolution": 7, "type": "h3" }, "geometry": { "type": "Polygon", "coordinates": [ [ [ 100.871785065313077, 14.142241085034435 ], [ 100.861552660083575, 14.132711280937011 ], [ 100.84787740775397, 14.136593438319636 ], [ 100.844433922089394, 14.150005950087255 ], [ 100.854666852593724, 14.159536035585816 ], [ 100.868342743775045, 14.155653327751947 ], [ 100.871785065313077, 14.142241085034435 ] ] ] } },
{ "type": "Feature", "properties": { "cell_id": "8764a4c58ffffff", "resolution": 7, "type": "h3" }, "geometry": { "type": "Polygon", "coordinates": [ [ [ 100.895691985082792, 14.147885913647858 ], [ 100.885459367416587, 14.138357654012045 ], [ 100.871785065313077, 14.142241085034435 ], [ 100.868342743775045, 14.155653327751947 ], [ 100.878575889308678, 14.16518186830713 ], [ 100.892250828799845, 14.161297885061813 ], [ 100.895691985082792, 14.147885913647858 ] ] ] } },
{ "type": "Feature", "properties": { "cell_id": "8764a41a0ffffff", "resolution": 7, "type": "h3" }, "geometry": { "type": "Polygon", "coordinates": [ [ [ 100.83075708392883, 14.153887382599825 ], [ 100.820524372035635, 14.144355754502742 ], [ 100.806846591608164, 14.148235911786401 ], [ 100.803400881913589, 14.161648243804574 ], [ 100.813634114699781, 14.171180153106736 ], [ 100.827312536575391, 14.167299449021884 ], [ 100.83075708392883, 14.153887382599825 ] ] ] } },
{ "type": "Feature", "properties": { "cell_id": "8764a41a6ffffff", "resolution": 7, "type": "h3" }, "geometry": { "type": "Polygon", "coordinates": [ [ [ 100.854666852593724, 14.159536035585816 ], [ 100.844433922089394, 14.150005950087255 ], [ 100.83075708392883, 14.153887382599825 ], [ 100.827312536575391, 14.167299449021884 ], [ 100.837545990567193, 14.176829815245258 ], [ 100.851223468712476, 14.172947834158048 ], [ 100.854666852593724, 14.159536035585816 ] ] ] } },
{ "type": "Feature", "properties": { "cell_id": "8764a4c5bffffff", "resolution": 7, "type": "h3" }, "geometry": { "type": "Polygon", "coordinates": [ [ [ 100.878575889308678, 14.16518186830713 ], [ 100.868342743775045, 14.155653327751947 ], [ 100.854666852593724, 14.159536035585816 ], [ 100.851223468712476, 14.172947834158048 ], [ 100.861457140327232, 14.182476654956934 ], [ 100.875133670029314, 14.178593396776231 ], [ 100.878575889308678, 14.16518186830713 ] ] ] } },
{ "type": "Feature", "properties": { "cell_id": "8764a41a2ffffff", "resolution": 7, "type": "h3" }, "geometry": { "type": "Polygon", "coordinates": [ [ [ 100.837545990567193, 14.176829815245258 ], [ 100.827312536575391, 14.167299449021884 ], [ 100.813634114699781, 14.171180153106736 ], [ 100.81018850598582, 14.184591769949131 ], [ 100.820422481676545, 14.194122416221052 ], [ 100.834101544670105, 14.190241165438286 ], [ 100.837545990567193, 14.176829815245258 ] ] ] } },
{ "type": "Feature", "properties": { "cell_id": "8764a41b5ffffff", "resolution": 7, "type": "h3" }, "geometry": { "type": "Polygon", "coordinates": [ [ [ 100.861457140327232, 14.182476654956934 ], [ 100.851223468712476, 14.172947834158048 ], [ 100.837545990567193, 14.176829815245258 ], [ 100.834101544670105, 14.190241165438286 ], [ 100.844335740578529, 14.199770265805258 ], [ 100.858013858377859, 14.195887736247425 ], [ 100.861457140327232, 14.182476654956934 ] ] ] } },
{ "type": "Feature", "properties": { "cell_id": "8764a41b4ffffff", "resolution": 7, "type": "h3" }, "geometry": { "type": "Polygon", "coordinates": [ [ [ 100.885367555684482, 14.188120669807562 ], [ 100.875133670029314, 14.178593396776231 ], [ 100.861457140327232, 14.182476654956934 ], [ 100.858013858377859, 14.195887736247425 ], [ 100.86824827092066, 14.205415288365531 ], [ 100.881925438812374, 14.201531479942737 ], [ 100.885367555684482, 14.188120669807562 ] ] ] } },
{ "type": "Feature", "properties": { "cell_id": "8764a41b1ffffff", "resolution": 7, "type": "h3" }, "geometry": { "type": "Polygon", "coordinates": [ [ [ 100.844335740578529, 14.199770265805258 ], [ 100.834101544670105, 14.190241165438286 ], [ 100.820422481676545, 14.194122416221052 ], [ 100.816976974091745, 14.207533313801346 ], [ 100.827211692505287, 14.217062693060839 ], [ 100.840891396286295, 14.213180895683792 ], [ 100.844335740578529, 14.199770265805258 ] ] ] } },
{ "type": "Feature", "properties": { "cell_id": "8764a41b0ffffff", "resolution": 7, "type": "h3" }, "geometry": { "type": "Polygon", "coordinates": [ [ [ 100.86824827092066, 14.205415288365531 ], [ 100.858013858377859, 14.195887736247425 ], [ 100.844335740578529, 14.199770265805258 ], [ 100.840891396286295, 14.213180895683792 ], [ 100.851126333929258, 14.222708726213767 ], [ 100.86480509105175, 14.218825648289672 ], [ 100.86824827092066, 14.205415288365531 ] ] ] } },
{ "type": "Feature", "properties": { "cell_id": "8764a41b6ffffff", "resolution": 7, "type": "h3" }, "geometry": { "type": "Polygon", "coordinates": [ [ [ 100.89216006440634, 14.211057481470712 ], [ 100.881925438812374, 14.201531479942737 ], [ 100.86824827092066, 14.205415288365531 ], [ 100.86480509105175, 14.218825648289672 ], [ 100.875040244340127, 14.228351927748008 ], [ 100.888718050090134, 14.224467569188231 ], [ 100.89216006440634, 14.211057481470712 ] ] ] } },
{ "type": "Feature", "properties": { "cell_id": "8764a41b3ffffff", "resolution": 7, "type": "h3" }, "geometry": { "type": "Polygon", "coordinates": [ [ [ 100.851126333929258, 14.222708726213767 ], [ 100.840891396286295, 14.213180895683792 ], [ 100.827211692505287, 14.217062693060839 ], [ 100.823766286198136, 14.230472867294473 ], [ 100.834001747152627, 14.240000975561459 ], [ 100.847682091390496, 14.236118631694101 ], [ 100.851126333929258, 14.222708726213767 ] ] ] } },
{ "type": "Feature", "properties": { "cell_id": "8764a41b2ffffff", "resolution": 7, "type": "h3" }, "geometry": { "type": "Polygon", "coordinates": [ [ [ 100.875040244340127, 14.228351927748008 ], [ 100.86480509105175, 14.218825648289672 ], [ 100.851126333929258, 14.222708726213767 ], [ 100.847682091390496, 14.236118631694101 ], [ 100.857917770585729, 14.2456451884086 ], [ 100.871597166700298, 14.241761562222955 ], [ 100.875040244340127, 14.228351927748008 ] ] ] } },
{ "type": "Feature", "properties": { "cell_id": "8764a4ccdffffff", "resolution": 7, "type": "h3" }, "geometry": { "type": "Polygon", "coordinates": [ [ [ 100.898953415440005, 14.233992295235447 ], [ 100.888718050090134, 14.224467569188231 ], [ 100.875040244340127, 14.228351927748008 ], [ 100.871597166700298, 14.241761562222955 ], [ 100.8818330605516, 14.251286565044639 ], [ 100.895511503828388, 14.247401656453322 ], [ 100.898953415440005, 14.233992295235447 ] ] ] } },
{ "type": "Feature", "properties": { "cell_id": "8764a4195ffffff", "resolution": 7, "type": "h3" }, "geometry": { "type": "Polygon", "coordinates": [ [ [ 100.834001747152627, 14.240000975561459 ], [ 100.823766286198136, 14.230472867294473 ], [ 100.810084998552895, 14.234353928933183 ], [ 100.806638530559482, 14.247763643289389 ], [ 100.816874513035785, 14.257292028618586 ], [ 100.830556442271714, 14.253410422365633 ], [ 100.834001747152627, 14.240000975561459 ] ] ] } },
{ "type": "Feature", "properties": { "cell_id": "8764a4194ffffff", "resolution": 7, "type": "h3" }, "geometry": { "type": "Polygon", "coordinates": [ [ [ 100.857917770585729, 14.2456451884086 ], [ 100.847682091390496, 14.236118631694101 ], [ 100.834001747152627, 14.240000975561459 ], [ 100.830556442271714, 14.253410422365633 ], [ 100.840792645585168, 14.262937255662152 ], [ 100.854473629949041, 14.259054365408794 ], [ 100.857917770585729, 14.2456451884086 ] ] ] } },
{ "type": "Feature", "properties": { "cell_id": "8764a41aaffffff", "resolution": 7, "type": "h3" }, "geometry": { "type": "Polygon", "coordinates": [ [ [ 100.772593811387253, 14.182818245729893 ], [ 100.76236028688227, 14.173284514690362 ], [ 100.748678416600725, 14.177161929709662 ], [ 100.745229425935662, 14.190573616875495 ], [ 100.755463465155941, 14.20010762824441 ], [ 100.769145980614695, 14.196229671954232 ], [ 100.772593811387253, 14.182818245729893 ] ] ] } },
{ "type": "Feature", "properties": { "cell_id": "8764a4185ffffff", "resolution": 7, "type": "h3" }, "geometry": { "type": "Polygon", "coordinates": [ [ [ 100.796508502512907, 14.188471742048957 ], [ 100.786274750623306, 14.178939552218639 ], [ 100.772593811387253, 14.182818245729893 ], [ 100.769145980614695, 14.196229671954232 ], [ 100.779380249816995, 14.205762141635834 ], [ 100.793061832767549, 14.201882905077985 ], [ 100.796508502512907, 14.188471742048957 ] ] ] } },
{ "type": "Feature", "properties": { "cell_id": "8764a4184ffffff", "resolution": 7, "type": "h3" }, "geometry": { "type": "Polygon", "coordinates": [ [ [ 100.820422481676545, 14.194122416221052 ], [ 100.81018850598582, 14.184591769949131 ], [ 100.796508502512907, 14.188471742048957 ], [ 100.793061832767549, 14.201882905077985 ], [ 100.803296328367566, 14.211413830722233 ], [ 100.816976974091745, 14.207533313801346 ], [ 100.820422481676545, 14.194122416221052 ] ] ] } },
{ "type": "Feature", "properties": { "cell_id": "8764a4181ffffff", "resolution": 7, "type": "h3" }, "geometry": { "type": "Polygon", "coordinates": [ [ [ 100.779380249816995, 14.205762141635834 ], [ 100.769145980614695, 14.196229671954232 ], [ 100.755463465155941, 14.20010762824441 ], [ 100.752014574340279, 14.213518595221439 ], [ 100.762249359063418, 14.223051344077495 ], [ 100.775932519370073, 14.219172846618207 ], [ 100.779380249816995, 14.205762141635834 ] ] ] } },
{ "type": "Feature", "properties": { "cell_id": "8764a4180ffffff", "resolution": 7, "type": "h3" }, "geometry": { "type": "Polygon", "coordinates": [ [ [ 100.803296328367566, 14.211413830722233 ], [ 100.793061832767549, 14.201882905077985 ], [ 100.779380249816995, 14.205762141635834 ], [ 100.775932519370073, 14.219172846618207 ], [ 100.786167533088616, 14.228704050958614 ], [ 100.799849759423921, 14.224824271456677 ], [ 100.803296328367566, 14.211413830722233 ] ] ] } },
{ "type": "Feature", "properties": { "cell_id": "8764a4186ffffff", "resolution": 7, "type": "h3" }, "geometry": { "type": "Polygon", "coordinates": [ [ [ 100.827211692505287, 14.217062693060839 ], [ 100.816976974091745, 14.207533313801346 ], [ 100.803296328367566, 14.211413830722233 ], [ 100.799849759423921, 14.224824271456677 ], [ 100.810084998552895, 14.234353928933183 ], [ 100.823766286198136, 14.230472867294473 ], [ 100.827211692505287, 14.217062693060839 ] ] ] } },
{ "type": "Feature", "properties": { "cell_id": "8764a4183ffffff", "resolution": 7, "type": "h3" }, "geometry": { "type": "Polygon", "coordinates": [ [ [ 100.786167533088616, 14.228704050958614 ], [ 100.775932519370073, 14.219172846618207 ], [ 100.762249359063418, 14.223051344077495 ], [ 100.758800568245547, 14.236461586780351 ], [ 100.769036098290726, 14.245993069140798 ], [ 100.78271990311579, 14.242114030614511 ], [ 100.786167533088616, 14.228704050958614 ] ] ] } },
{ "type": "Feature", "properties": { "cell_id": "8764a4182ffffff", "resolution": 7, "type": "h3" }, "geometry": { "type": "Polygon", "coordinates": [ [ [ 100.810084998552895, 14.234353928933183 ], [ 100.799849759423921, 14.224824271456677 ], [ 100.786167533088616, 14.228704050958614 ], [ 100.78271990311579, 14.242114030614511 ], [ 100.792955661169344, 14.251643965632569 ], [ 100.806638530559482, 14.247763643289389 ], [ 100.810084998552895, 14.234353928933183 ] ] ] } },
{ "type": "Feature", "properties": { "cell_id": "8764a4ce9ffffff", "resolution": 7, "type": "h3" }, "geometry": { "type": "Polygon", "coordinates": [ [ [ 100.909277228345061, 14.193761857367811 ], [ 100.89904313223191, 14.184236134444456 ], [ 100.885367555684482, 14.188120669807562 ], [ 100.881925438812374, 14.201531479942737 ], [ 100.89216006440634, 14.211057481470712 ], [ 100.905836277678446, 14.207172394095311 ], [ 100.909277228345061, 14.193761857367811 ] ] ] } },
{ "type": "Feature", "properties": { "cell_id": "8764a4ce8ffffff", "resolution": 7, "type": "h3" }, "geometry": { "type": "Polygon", "coordinates": [ [ [ 100.933186150016624, 14.199400215213247 ], [ 100.922951847027818, 14.189876044735646 ], [ 100.909277228345061, 14.193761857367811 ], [ 100.905836277678446, 14.207172394095311 ], [ 100.916071112740454, 14.216696842694523 ], [ 100.929746366682423, 14.212810476281099 ], [ 100.933186150016624, 14.199400215213247 ] ] ] } },
{ "type": "Feature", "properties": { "cell_id": "8764a4cebffffff", "resolution": 7, "type": "h3" }, "geometry": { "type": "Polygon", "coordinates": [ [ [ 100.916071112740454, 14.216696842694523 ], [ 100.905836277678446, 14.207172394095311 ], [ 100.89216006440634, 14.211057481470712 ], [ 100.888718050090134, 14.224467569188231 ], [ 100.898953415440005, 14.233992295235447 ], [ 100.912630265105037, 14.230106655953588 ], [ 100.916071112740454, 14.216696842694523 ] ] ] } },
{ "type": "Feature", "properties": { "cell_id": "8764a4ceaffffff", "resolution": 7, "type": "h3" }, "geometry": { "type": "Polygon", "coordinates": [ [ [ 100.93998140762946, 14.222333369615576 ], [ 100.929746366682423, 14.212810476281099 ], [ 100.916071112740454, 14.216696842694523 ], [ 100.912630265105037, 14.230106655953588 ], [ 100.922865838932609, 14.239629826252868 ], [ 100.936541727801568, 14.235742906164777 ], [ 100.93998140762946, 14.222333369615576 ] ] ] } },
{ "type": "Feature", "properties": { "cell_id": "8764a4cc5ffffff", "resolution": 7, "type": "h3" }, "geometry": { "type": "Polygon", "coordinates": [ [ [ 100.963890940781383, 14.227967059817393 ], [ 100.953655697532184, 14.218445724080976 ], [ 100.93998140762946, 14.222333369615576 ], [ 100.936541727801568, 14.235742906164777 ], [ 100.946777506523176, 14.245264518381946 ], [ 100.960452429886459, 14.241376317405718 ], [ 100.963890940781383, 14.227967059817393 ] ] ] } },
{ "type": "Feature", "properties": { "cell_id": "8764a4cccffffff", "resolution": 7, "type": "h3" }, "geometry": { "type": "Polygon", "coordinates": [ [ [ 100.922865838932609, 14.239629826252868 ], [ 100.912630265105037, 14.230106655953588 ], [ 100.898953415440005, 14.233992295235447 ], [ 100.895511503828388, 14.247401656453322 ], [ 100.905747608751142, 14.256925103044518 ], [ 100.91942509447712, 14.253038911962387 ], [ 100.922865838932609, 14.239629826252868 ] ] ] } },
{ "type": "Feature", "properties": { "cell_id": "8764a4cc1ffffff", "resolution": 7, "type": "h3" }, "geometry": { "type": "Polygon", "coordinates": [ [ [ 100.946777506523176, 14.245264518381946 ], [ 100.936541727801568, 14.235742906164777 ], [ 100.922865838932609, 14.239629826252868 ], [ 100.91942509447712, 14.253038911962387 ], [ 100.929661406886837, 14.262560799988075 ], [ 100.94333793035041, 14.258673326332246 ], [ 100.946777506523176, 14.245264518381946 ] ] ] } },
{ "type": "Feature", "properties": { "cell_id": "8764a4cc0ffffff", "resolution": 7, "type": "h3" }, "geometry": { "type": "Polygon", "coordinates": [ [ [ 100.970688409918523, 14.250896369209268 ], [ 100.960452429886459, 14.241376317405718 ], [ 100.946777506523176, 14.245264518381946 ], [ 100.94333793035041, 14.258673326332246 ], [ 100.953574446662742, 14.268193653460061 ], [ 100.967250003153751, 14.264304897149888 ], [ 100.970688409918523, 14.250896369209268 ] ] ] } },
{ "type": "Feature", "properties": { "cell_id": "8764a4032ffffff", "resolution": 7, "type": "h3" }, "geometry": { "type": "Polygon", "coordinates": [ [ [ 100.707627810719316, 14.188790138341945 ], [ 100.697394242216163, 14.179253050659014 ], [ 100.68370895755578, 14.183127166740801 ], [ 100.680256592454171, 14.196538906178242 ], [ 100.690490668680582, 14.206076274465413 ], [ 100.704176602574989, 14.202201622546893 ], [ 100.707627810719316, 14.188790138341945 ] ] ] } },
{ "type": "Feature", "properties": { "cell_id": "8764a418dffffff", "resolution": 7, "type": "h3" }, "geometry": { "type": "Polygon", "coordinates": [ [ [ 100.731545982688274, 14.194450292995608 ], [ 100.721312177034349, 14.184914742292039 ], [ 100.707627810719316, 14.188790138341945 ], [ 100.704176602574989, 14.202201622546893 ], [ 100.714410918552119, 14.211737453378955 ], [ 100.728095932639704, 14.207861519713623 ], [ 100.731545982688274, 14.194450292995608 ] ] ] } },
{ "type": "Feature", "properties": { "cell_id": "8764a418cffffff", "resolution": 7, "type": "h3" }, "geometry": { "type": "Polygon", "coordinates": [ [ [ 100.755463465155941, 14.20010762824441 ], [ 100.745229425935662, 14.190573616875495 ], [ 100.731545982688274, 14.194450292995608 ], [ 100.728095932639704, 14.207861519713623 ], [ 100.738330484782395, 14.217395810734443 ], [ 100.752014574340279, 14.213518595221439 ], [ 100.755463465155941, 14.20010762824441 ] ] ] } },
{ "type": "Feature", "properties": { "cell_id": "8764a4cc9ffffff", "resolution": 7, "type": "h3" }, "geometry": { "type": "Polygon", "coordinates": [ [ [ 100.8818330605516, 14.251286565044639 ], [ 100.871597166700298, 14.241761562222955 ], [ 100.857917770585729, 14.2456451884086 ], [ 100.854473629949041, 14.259054365408794 ], [ 100.864710050514176, 14.268579644331453 ], [ 100.878390085289553, 14.264695469989315 ], [ 100.8818330605516, 14.251286565044639 ] ] ] } },
{ "type": "Feature", "properties": { "cell_id": "8764a4cc8ffffff", "resolution": 7, "type": "h3" }, "geometry": { "type": "Polygon", "coordinates": [ [ [ 100.905747608751142, 14.256925103044518 ], [ 100.895511503828388, 14.247401656453322 ], [ 100.8818330605516, 14.251286565044639 ], [ 100.878390085289553, 14.264695469989315 ], [ 100.888626719520971, 14.274219192199592 ], [ 100.902305799992831, 14.27033373368254 ], [ 100.905747608751142, 14.256925103044518 ] ] ] } },
{ "type": "Feature", "properties": { "cell_id": "8764a4cceffffff", "resolution": 7, "type": "h3" }, "geometry": { "type": "Polygon", "coordinates": [ [ [ 100.929661406886837, 14.262560799988075 ], [ 100.91942509447712, 14.253038911962387 ], [ 100.905747608751142, 14.256925103044518 ], [ 100.902305799992831, 14.27033373368254 ], [ 100.912542644305276, 14.279855896844563 ], [ 100.92622076576005, 14.27596915406871 ], [ 100.929661406886837, 14.262560799988075 ] ] ] } },
{ "type": "Feature", "properties": { "cell_id": "87658b4e2ffffff", "resolution": 7, "type": "h3" }, "geometry": { "type": "Polygon", "coordinates": [ [ [ 100.480651559660132, 13.493773833491149 ], [ 100.470440768451667, 13.484199454915863 ], [ 100.456774242443061, 13.488056224963131 ], [ 100.45331784749736, 13.501487910298023 ], [ 100.463529119806552, 13.511062604786297 ], [ 100.477196306251557, 13.507205297862081 ], [ 100.480651559660132, 13.493773833491149 ] ] ] } },
{ "type": "Feature", "properties": { "cell_id": "87658b4f5ffffff", "resolution": 7, "type": "h3" }, "geometry": { "type": "Polygon", "coordinates": [ [ [ 100.504528276961778, 13.499488766979796 ], [ 100.494317215666044, 13.489915837306622 ], [ 100.480651559660132, 13.493773833491149 ], [ 100.477196306251557, 13.507205297862081 ], [ 100.487407851239396, 13.516778542979354 ], [ 100.501074166234247, 13.512920008117023 ], [ 100.504528276961778, 13.499488766979796 ] ] ] } },
{ "type": "Feature", "properties": { "cell_id": "87658b4f4ffffff", "resolution": 7, "type": "h3" }, "geometry": { "type": "Polygon", "coordinates": [ [ [ 100.528404386077952, 13.505201022879604 ], [ 100.518193058258262, 13.495629544517556 ], [ 100.504528276961778, 13.499488766979796 ], [ 100.501074166234247, 13.512920008117023 ], [ 100.511285980336709, 13.522491801453445 ], [ 100.524951419174144, 13.518632038513729 ], [ 100.528404386077952, 13.505201022879604 ] ] ] } },
{ "type": "Feature", "properties": { "cell_id": "87658b4f1ffffff", "resolution": 7, "type": "h3" }, "geometry": { "type": "Polygon", "coordinates": [ [ [ 100.487407851239396, 13.516778542979354 ], [ 100.477196306251557, 13.507205297862081 ], [ 100.463529119806552, 13.511062604786297 ], [ 100.460072818525731, 13.524493693451017 ], [ 100.470284845411442, 13.534067253313601 ], [ 100.483952691970913, 13.530209409601561 ], [ 100.487407851239396, 13.516778542979354 ] ] ] } },
{ "type": "Feature", "properties": { "cell_id": "87658b4f0ffffff", "resolution": 7, "type": "h3" }, "geometry": { "type": "Polygon", "coordinates": [ [ [ 100.511285980336709, 13.522491801453445 ], [ 100.501074166234247, 13.512920008117023 ], [ 100.487407851239396, 13.516778542979354 ], [ 100.483952691970913, 13.530209409601561 ], [ 100.494164990562908, 13.539781517214195 ], [ 100.507831964224337, 13.535922443763855 ], [ 100.511285980336709, 13.522491801453445 ] ] ] } },
{ "type": "Feature", "properties": { "cell_id": "87658b4f6ffffff", "resolution": 7, "type": "h3" }, "geometry": { "type": "Polygon", "coordinates": [ [ [ 100.53516349882716, 13.528202377661918 ], [ 100.524951419174144, 13.518632038513729 ], [ 100.511285980336709, 13.522491801453445 ], [ 100.507831964224337, 13.535922443763855 ], [ 100.518044530957866, 13.545493096718321 ], [ 100.531710627013425, 13.541632793391587 ], [ 100.53516349882716, 13.528202377661918 ] ] ] } },
{ "type": "Feature", "properties": { "cell_id": "87658b4c6ffffff", "resolution": 7, "type": "h3" }, "geometry": { "type": "Polygon", "coordinates": [ [ [ 100.470284845411442, 13.534067253313601 ], [ 100.460072818525731, 13.524493693451017 ], [ 100.446404103777354, 13.528350307565002 ], [ 100.442946754965675, 13.541781016274623 ], [ 100.453159261953942, 13.55135489018371 ], [ 100.466828637942413, 13.547497741172059 ], [ 100.470284845411442, 13.534067253313601 ] ] ] } },
{ "type": "Feature", "properties": { "cell_id": "87658b4f3ffffff", "resolution": 7, "type": "h3" }, "geometry": { "type": "Polygon", "coordinates": [ [ [ 100.494164990562908, 13.539781517214195 ], [ 100.483952691970913, 13.530209409601561 ], [ 100.470284845411442, 13.534067253313601 ], [ 100.466828637942413, 13.547497741172059 ], [ 100.47704141922965, 13.55707016236274 ], [ 100.490709925581456, 13.553211781952337 ], [ 100.494164990562908, 13.539781517214195 ] ] ] } },
{ "type": "Feature", "properties": { "cell_id": "87658b4eeffffff", "resolution": 7, "type": "h3" }, "geometry": { "type": "Polygon", "coordinates": [ [ [ 100.432896333581809, 13.482335943949829 ], [ 100.422686093237829, 13.472758674807276 ], [ 100.40901784134887, 13.476612993009955 ], [ 100.405559166765798, 13.490045113462211 ], [ 100.415769883025703, 13.499622699452999 ], [ 100.429438798244163, 13.495767847978604 ], [ 100.432896333581809, 13.482335943949829 ] ] ] } },
{ "type": "Feature", "properties": { "cell_id": "87658b4e3ffffff", "resolution": 7, "type": "h3" }, "geometry": { "type": "Polygon", "coordinates": [ [ [ 100.456774242443061, 13.488056224963131 ], [ 100.446563724885195, 13.478480399897226 ], [ 100.432896333581809, 13.482335943949829 ], [ 100.429438798244163, 13.495767847978604 ], [ 100.439649794310725, 13.505343989425542 ], [ 100.45331784749736, 13.501487910298023 ], [ 100.456774242443061, 13.488056224963131 ] ] ] } },
{ "type": "Feature", "properties": { "cell_id": "87658b4eaffffff", "resolution": 7, "type": "h3" }, "geometry": { "type": "Polygon", "coordinates": [ [ [ 100.415769883025703, 13.499622699452999 ], [ 100.405559166765798, 13.490045113462211 ], [ 100.39188939422651, 13.493898737429195 ], [ 100.388429673784259, 13.507330478602475 ], [ 100.398640864162843, 13.516908380740793 ], [ 100.412311301156734, 13.513054225393587 ], [ 100.415769883025703, 13.499622699452999 ] ] ] } },
{ "type": "Feature", "properties": { "cell_id": "87658b4c5ffffff", "resolution": 7, "type": "h3" }, "geometry": { "type": "Polygon", "coordinates": [ [ [ 100.439649794310725, 13.505343989425542 ], [ 100.429438798244163, 13.495767847978604 ], [ 100.415769883025703, 13.499622699452999 ], [ 100.412311301156734, 13.513054225393587 ], [ 100.422522773935711, 13.522630682521489 ], [ 100.436192352162664, 13.518775297863167 ], [ 100.439649794310725, 13.505343989425542 ] ] ] } },
{ "type": "Feature", "properties": { "cell_id": "87658b4c4ffffff", "resolution": 7, "type": "h3" }, "geometry": { "type": "Polygon", "coordinates": [ [ [ 100.463529119806552, 13.511062604786297 ], [ 100.45331784749736, 13.501487910298023 ], [ 100.439649794310725, 13.505343989425542 ], [ 100.436192352162664, 13.518775297863167 ], [ 100.446404103777354, 13.528350307565002 ], [ 100.460072818525731, 13.524493693451017 ], [ 100.463529119806552, 13.511062604786297 ] ] ] } },
{ "type": "Feature", "properties": { "cell_id": "87658b4c1ffffff", "resolution": 7, "type": "h3" }, "geometry": { "type": "Polygon", "coordinates": [ [ [ 100.422522773935711, 13.522630682521489 ], [ 100.412311301156734, 13.513054225393587 ], [ 100.398640864162843, 13.516908380740793 ], [ 100.395181236105799, 13.530339524343965 ], [ 100.405393183799887, 13.539916296452759 ], [ 100.4190642849276, 13.536061609812789 ], [ 100.422522773935711, 13.522630682521489 ] ] ] } },
{ "type": "Feature", "properties": { "cell_id": "87658b4c0ffffff", "resolution": 7, "type": "h3" }, "geometry": { "type": "Polygon", "coordinates": [ [ [ 100.446404103777354, 13.528350307565002 ], [ 100.436192352162664, 13.518775297863167 ], [ 100.422522773935711, 13.522630682521489 ], [ 100.4190642849276, 13.536061609812789 ], [ 100.42927651405148, 13.545636934028744 ], [ 100.442946754965675, 13.541781016274623 ], [ 100.446404103777354, 13.528350307565002 ] ] ] } },
{ "type": "Feature", "properties": { "cell_id": "87658b4ceffffff", "resolution": 7, "type": "h3" }, "geometry": { "type": "Polygon", "coordinates": [ [ [ 100.405393183799887, 13.539916296452759 ], [ 100.395181236105799, 13.530339524343965 ], [ 100.381509279477996, 13.534192980015302 ], [ 100.378048605576893, 13.54762373703214 ], [ 100.388261026387653, 13.557200823421736 ], [ 100.401933648274806, 13.553346838348974 ], [ 100.405393183799887, 13.539916296452759 ] ] ] } },
{ "type": "Feature", "properties": { "cell_id": "87658b4c3ffffff", "resolution": 7, "type": "h3" }, "geometry": { "type": "Polygon", "coordinates": [ [ [ 100.42927651405148, 13.545636934028744 ], [ 100.4190642849276, 13.536061609812789 ], [ 100.405393183799887, 13.539916296452759 ], [ 100.401933648274806, 13.553346838348974 ], [ 100.41214635311043, 13.562922476379606 ], [ 100.425818118051055, 13.559067258534668 ], [ 100.42927651405148, 13.545636934028744 ] ] ] } },
{ "type": "Feature", "properties": { "cell_id": "87658b4c2ffffff", "resolution": 7, "type": "h3" }, "geometry": { "type": "Polygon", "coordinates": [ [ [ 100.453159261953942, 13.55135489018371 ], [ 100.442946754965675, 13.541781016274623 ], [ 100.42927651405148, 13.545636934028744 ], [ 100.425818118051055, 13.559067258534668 ], [ 100.436031103345471, 13.568641445791457 ], [ 100.449702006625515, 13.564784995029989 ], [ 100.453159261953942, 13.55135489018371 ] ] ] } },
{ "type": "Feature", "properties": { "cell_id": "87658b4ddffffff", "resolution": 7, "type": "h3" }, "geometry": { "type": "Polygon", "coordinates": [ [ [ 100.41214635311043, 13.562922476379606 ], [ 100.401933648274806, 13.553346838348974 ], [ 100.388261026387653, 13.557200823421736 ], [ 100.384800444689446, 13.570630975674405 ], [ 100.395013623438345, 13.58020692682026 ], [ 100.408686910264137, 13.576352412433526 ], [ 100.41214635311043, 13.562922476379606 ] ] ] } },
{ "type": "Feature", "properties": { "cell_id": "87658b4dcffffff", "resolution": 7, "type": "h3" }, "geometry": { "type": "Polygon", "coordinates": [ [ [ 100.436031103345471, 13.568641445791457 ], [ 100.425818118051055, 13.559067258534668 ], [ 100.41214635311043, 13.562922476379606 ], [ 100.408686910264137, 13.576352412433526 ], [ 100.418900372067228, 13.585926912339204 ], [ 100.432572800499585, 13.582071163377416 ], [ 100.436031103345471, 13.568641445791457 ] ] ] } },
{ "type": "Feature", "properties": { "cell_id": "87658b4d1ffffff", "resolution": 7, "type": "h3" }, "geometry": { "type": "Polygon", "coordinates": [ [ [ 100.459915268812608, 13.57435772910055 ], [ 100.449702006625515, 13.564784995029989 ], [ 100.436031103345471, 13.568641445791457 ], [ 100.432572800499585, 13.582071163377416 ], [ 100.44278654179007, 13.59164420962969 ], [ 100.456458107114372, 13.58778722594967 ], [ 100.459915268812608, 13.57435772910055 ] ] ] } },
{ "type": "Feature", "properties": { "cell_id": "87658b4d8ffffff", "resolution": 7, "type": "h3" }, "geometry": { "type": "Polygon", "coordinates": [ [ [ 100.418900372067228, 13.585926912339204 ], [ 100.408686910264137, 13.576352412433526 ], [ 100.395013623438345, 13.58020692682026 ], [ 100.39155313408979, 13.593636470174181 ], [ 100.401767070603015, 13.603211282029934 ], [ 100.415441022046565, 13.599356238417009 ], [ 100.418900372067228, 13.585926912339204 ] ] ] } },
{ "type": "Feature", "properties": { "cell_id": "87658b4deffffff", "resolution": 7, "type": "h3" }, "geometry": { "type": "Polygon", "coordinates": [ [ [ 100.44278654179007, 13.59164420962969 ], [ 100.432572800499585, 13.582071163377416 ], [ 100.418900372067228, 13.585926912339204 ], [ 100.415441022046565, 13.599356238417009 ], [ 100.425655240642882, 13.608929596152816 ], [ 100.439328332245637, 13.605073316162638 ], [ 100.44278654179007, 13.59164420962969 ] ] ] } },
{ "type": "Feature", "properties": { "cell_id": "87658b4d3ffffff", "resolution": 7, "type": "h3" }, "geometry": { "type": "Polygon", "coordinates": [ [ [ 100.466672124325413, 13.597358816137783 ], [ 100.456458107114372, 13.58778722594967 ], [ 100.44278654179007, 13.59164420962969 ], [ 100.439328332245637, 13.605073316162638 ], [ 100.449542829357569, 13.614645217366897 ], [ 100.463215056404337, 13.610787700857459 ], [ 100.466672124325413, 13.597358816137783 ] ] ] } },
{ "type": "Feature", "properties": { "cell_id": "87658b4dbffffff", "resolution": 7, "type": "h3" }, "geometry": { "type": "Polygon", "coordinates": [ [ [ 100.401767070603015, 13.603211282029934 ], [ 100.39155313408979, 13.593636470174181 ], [ 100.377878327521884, 13.597490277554018 ], [ 100.374416792015467, 13.610919423960265 ], [ 100.384631201439149, 13.620494547067269 ], [ 100.398306673750966, 13.616640212352069 ], [ 100.401767070603015, 13.603211282029934 ] ] ] } },
{ "type": "Feature", "properties": { "cell_id": "87658b4daffffff", "resolution": 7, "type": "h3" }, "geometry": { "type": "Polygon", "coordinates": [ [ [ 100.425655240642882, 13.608929596152816 ], [ 100.415441022046565, 13.599356238417009 ], [ 100.401767070603015, 13.603211282029934 ], [ 100.398306673750966, 13.616640212352069 ], [ 100.408521367854505, 13.626213880873225 ], [ 100.422195983594747, 13.622358308122234 ], [ 100.425655240642882, 13.608929596152816 ] ] ] } },
{ "type": "Feature", "properties": { "cell_id": "87658b4f2ffffff", "resolution": 7, "type": "h3" }, "geometry": { "type": "Polygon", "coordinates": [ [ [ 100.518044530957866, 13.545493096718321 ], [ 100.507831964224337, 13.535922443763855 ], [ 100.494164990562908, 13.539781517214195 ], [ 100.490709925581456, 13.553211781952337 ], [ 100.500922977602215, 13.56278274801555 ], [ 100.514590609607652, 13.558923136067337 ], [ 100.518044530957866, 13.545493096718321 ] ] ] } },
{ "type": "Feature", "properties": { "cell_id": "87658b4d5ffffff", "resolution": 7, "type": "h3" }, "geometry": { "type": "Polygon", "coordinates": [ [ [ 100.47704141922965, 13.55707016236274 ], [ 100.466828637942413, 13.547497741172059 ], [ 100.453159261953942, 13.55135489018371 ], [ 100.449702006625515, 13.564784995029989 ], [ 100.459915268812608, 13.57435772910055 ], [ 100.473585305719311, 13.570500045280356 ], [ 100.47704141922965, 13.55707016236274 ] ] ] } },
{ "type": "Feature", "properties": { "cell_id": "87658b4d4ffffff", "resolution": 7, "type": "h3" }, "geometry": { "type": "Polygon", "coordinates": [ [ [ 100.500922977602215, 13.56278274801555 ], [ 100.490709925581456, 13.553211781952337 ], [ 100.47704141922965, 13.55707016236274 ], [ 100.473585305719311, 13.570500045280356 ], [ 100.483798841232939, 13.580071323754785 ], [ 100.497468007054778, 13.576212406735822 ], [ 100.500922977602215, 13.56278274801555 ] ] ] } },
{ "type": "Feature", "properties": { "cell_id": "87658b489ffffff", "resolution": 7, "type": "h3" }, "geometry": { "type": "Polygon", "coordinates": [ [ [ 100.524803928796487, 13.568492644596507 ], [ 100.514590609607652, 13.558923136067337 ], [ 100.500922977602215, 13.56278274801555 ], [ 100.497468007054778, 13.576212406735822 ], [ 100.507681812328784, 13.585782227206703 ], [ 100.521350102355484, 13.581922076851088 ], [ 100.524803928796487, 13.568492644596507 ] ] ] } },
{ "type": "Feature", "properties": { "cell_id": "87658b4d0ffffff", "resolution": 7, "type": "h3" }, "geometry": { "type": "Polygon", "coordinates": [ [ [ 100.483798841232939, 13.580071323754785 ], [ 100.473585305719311, 13.570500045280356 ], [ 100.459915268812608, 13.57435772910055 ], [ 100.456458107114372, 13.58778722594967 ], [ 100.466672124325413, 13.597358816137783 ], [ 100.480342821828302, 13.593500597598515 ], [ 100.483798841232939, 13.580071323754785 ] ] ] } },
{ "type": "Feature", "properties": { "cell_id": "87658b4d6ffffff", "resolution": 7, "type": "h3" }, "geometry": { "type": "Polygon", "coordinates": [ [ [ 100.507681812328784, 13.585782227206703 ], [ 100.497468007054778, 13.576212406735822 ], [ 100.483798841232939, 13.580071323754785 ], [ 100.480342821828302, 13.593500597598515 ], [ 100.490557111393045, 13.603070729314208 ], [ 100.504226936362414, 13.59921127577682 ], [ 100.507681812328784, 13.585782227206703 ] ] ] } },
{ "type": "Feature", "properties": { "cell_id": "87658b48bffffff", "resolution": 7, "type": "h3" }, "geometry": { "type": "Polygon", "coordinates": [ [ [ 100.531564173823696, 13.591490436913496 ], [ 100.521350102355484, 13.581922076851088 ], [ 100.507681812328784, 13.585782227206703 ], [ 100.504226936362414, 13.59921127577682 ], [ 100.514441494713992, 13.608779946614328 ], [ 100.528110442438972, 13.604919257942122 ], [ 100.531564173823696, 13.591490436913496 ] ] ] } },
{ "type": "Feature", "properties": { "cell_id": "87658b4d2ffffff", "resolution": 7, "type": "h3" }, "geometry": { "type": "Polygon", "coordinates": [ [ [ 100.490557111393045, 13.603070729314208 ], [ 100.480342821828302, 13.593500597598515 ], [ 100.466672124325413, 13.597358816137783 ], [ 100.463215056404337, 13.610787700857459 ], [ 100.473429828464305, 13.620358143121072 ], [ 100.487101186241134, 13.616499389952526 ], [ 100.490557111393045, 13.603070729314208 ] ] ] } },
{ "type": "Feature", "properties": { "cell_id": "8764a4b25ffffff", "resolution": 7, "type": "h3" }, "geometry": { "type": "Polygon", "coordinates": [ [ [ 100.514441494713992, 13.608779946614328 ], [ 100.504226936362414, 13.59921127577682 ], [ 100.490557111393045, 13.603070729314208 ], [ 100.487101186241134, 13.616499389952526 ], [ 100.497316229681559, 13.626068370868877 ], [ 100.510986713475759, 13.622208380903544 ], [ 100.514441494713992, 13.608779946614328 ] ] ] } },
{ "type": "Feature", "properties": { "cell_id": "8764a4b24ffffff", "resolution": 7, "type": "h3" }, "geometry": { "type": "Polygon", "coordinates": [ [ [ 100.538325266010517, 13.614486465498175 ], [ 100.528110442438972, 13.604919257942122 ], [ 100.514441494713992, 13.608779946614328 ], [ 100.510986713475759, 13.622208380903544 ], [ 100.521202024729092, 13.631775898068517 ], [ 100.534871629829226, 13.627914671170878 ], [ 100.538325266010517, 13.614486465498175 ] ] ] } },
{ "type": "Feature", "properties": { "cell_id": "87658b48dffffff", "resolution": 7, "type": "h3" }, "geometry": { "type": "Polygon", "coordinates": [ [ [ 100.541923458323737, 13.551201989282159 ], [ 100.531710627013425, 13.541632793391587 ], [ 100.518044530957866, 13.545493096718321 ], [ 100.514590609607652, 13.558923136067337 ], [ 100.524803928796487, 13.568492644596507 ], [ 100.538470681747143, 13.564631800973569 ], [ 100.541923458323737, 13.551201989282159 ] ] ] } },
{ "type": "Feature", "properties": { "cell_id": "87658b48cffffff", "resolution": 7, "type": "h3" }, "geometry": { "type": "Polygon", "coordinates": [ [ [ 100.565801764389207, 13.556908192366537 ], [ 100.555588672066861, 13.547340455943095 ], [ 100.541923458323737, 13.551201989282159 ], [ 100.538470681747143, 13.564631800973569 ], [ 100.548684264538579, 13.574199849564621 ], [ 100.562350133727364, 13.5703377741322 ], [ 100.565801764389207, 13.556908192366537 ] ] ] } },
{ "type": "Feature", "properties": { "cell_id": "87658b481ffffff", "resolution": 7, "type": "h3" }, "geometry": { "type": "Polygon", "coordinates": [ [ [ 100.589679440884254, 13.56261170343693 ], [ 100.579466091114639, 13.553045428881356 ], [ 100.565801764389207, 13.556908192366537 ], [ 100.562350133727364, 13.5703377741322 ], [ 100.572563976555927, 13.579904360383557 ], [ 100.586228957276944, 13.576041053009059 ], [ 100.589679440884254, 13.56261170343693 ] ] ] } },
{ "type": "Feature", "properties": { "cell_id": "87658b488ffffff", "resolution": 7, "type": "h3" }, "geometry": { "type": "Polygon", "coordinates": [ [ [ 100.548684264538579, 13.574199849564621 ], [ 100.538470681747143, 13.564631800973569 ], [ 100.524803928796487, 13.568492644596507 ], [ 100.521350102355484, 13.581922076851088 ], [ 100.531564173823696, 13.591490436913496 ], [ 100.545231583346265, 13.587629053085495 ], [ 100.548684264538579, 13.574199849564621 ] ] ] } },
{ "type": "Feature", "properties": { "cell_id": "87658b48effffff", "resolution": 7, "type": "h3" }, "geometry": { "type": "Polygon", "coordinates": [ [ [ 100.572563976555927, 13.579904360383557 ], [ 100.562350133727364, 13.5703377741322 ], [ 100.548684264538579, 13.574199849564621 ], [ 100.545231583346265, 13.587629053085495 ], [ 100.555445917442512, 13.59719595033701 ], [ 100.569112441753234, 13.593333332903057 ], [ 100.572563976555927, 13.579904360383557 ] ] ] } },
{ "type": "Feature", "properties": { "cell_id": "87658b483ffffff", "resolution": 7, "type": "h3" }, "geometry": { "type": "Polygon", "coordinates": [ [ [ 100.596443056577215, 13.585606174521637 ], [ 100.586228957276944, 13.576041053009059 ], [ 100.572563976555927, 13.579904360383557 ], [ 100.569112441753234, 13.593333332903057 ], [ 100.579327034911344, 13.602898764943754 ], [ 100.592992669303825, 13.599034913772442 ], [ 100.596443056577215, 13.585606174521637 ] ] ] } },
{ "type": "Feature", "properties": { "cell_id": "87658b48affffff", "resolution": 7, "type": "h3" }, "geometry": { "type": "Polygon", "coordinates": [ [ [ 100.555445917442512, 13.59719595033701 ], [ 100.545231583346265, 13.587629053085495 ], [ 100.531564173823696, 13.591490436913496 ], [ 100.528110442438972, 13.604919257942122 ], [ 100.538325266010517, 13.614486465498175 ], [ 100.551993331781574, 13.610624541556607 ], [ 100.555445917442512, 13.59719595033701 ] ] ] } },
{ "type": "Feature", "properties": { "cell_id": "87658b49dffffff", "resolution": 7, "type": "h3" }, "geometry": { "type": "Polygon", "coordinates": [ [ [ 100.579327034911344, 13.602898764943754 ], [ 100.569112441753234, 13.593333332903057 ], [ 100.555445917442512, 13.59719595033701 ], [ 100.551993331781574, 13.610624541556607 ], [ 100.562208417006175, 13.620190283430437 ], [ 100.575875596115011, 13.616327124087126 ], [ 100.579327034911344, 13.602898764943754 ] ] ] } },
{ "type": "Feature", "properties": { "cell_id": "87658b49cffffff", "resolution": 7, "type": "h3" }, "geometry": { "type": "Polygon", "coordinates": [ [ [ 100.603207517957657, 13.608598878204905 ], [ 100.592992669303825, 13.599034913772442 ], [ 100.579327034911344, 13.602898764943754 ], [ 100.575875596115011, 13.616327124087126 ], [ 100.586090939425802, 13.625891397880478 ], [ 100.599757227165455, 13.622027003005201 ], [ 100.603207517957657, 13.608598878204905 ] ] ] } },
{ "type": "Feature", "properties": { "cell_id": "87658b499ffffff", "resolution": 7, "type": "h3" }, "geometry": { "type": "Polygon", "coordinates": [ [ [ 100.562208417006175, 13.620190283430437 ], [ 100.551993331781574, 13.610624541556607 ], [ 100.538325266010517, 13.614486465498175 ], [ 100.534871629829226, 13.627914671170878 ], [ 100.54508720532786, 13.637480722182863 ], [ 100.55875592702381, 13.633618258219558 ], [ 100.562208417006175, 13.620190283430437 ] ] ] } },
{ "type": "Feature", "properties": { "cell_id": "8764a4b2dffffff", "resolution": 7, "type": "h3" }, "geometry": { "type": "Polygon", "coordinates": [ [ [ 100.449542829357569, 13.614645217366897 ], [ 100.439328332245637, 13.605073316162638 ], [ 100.425655240642882, 13.608929596152816 ], [ 100.422195983594747, 13.622358308122234 ], [ 100.432410958809911, 13.631930519645106 ], [ 100.446084713261541, 13.628073708715323 ], [ 100.449542829357569, 13.614645217366897 ] ] ] } },
{ "type": "Feature", "properties": { "cell_id": "8764a4b74ffffff", "resolution": 7, "type": "h3" }, "geometry": { "type": "Polygon", "coordinates": [ [ [ 100.408521367854505, 13.626213880873225 ], [ 100.398306673750966, 13.616640212352069 ], [ 100.384631201439149, 13.620494547067269 ], [ 100.381169758099915, 13.633923077386532 ], [ 100.391384925910941, 13.64349705599486 ], [ 100.405061063645846, 13.639642194032069 ], [ 100.408521367854505, 13.626213880873225 ] ] ] } },
{ "type": "Feature", "properties": { "cell_id": "8764a4b29ffffff", "resolution": 7, "type": "h3" }, "geometry": { "type": "Polygon", "coordinates": [ [ [ 100.432410958809911, 13.631930519645106 ], [ 100.422195983594747, 13.622358308122234 ], [ 100.408521367854505, 13.626213880873225 ], [ 100.405061063645846, 13.639642194032069 ], [ 100.415276515165573, 13.649214715176015 ], [ 100.428951794881229, 13.645358613375393 ], [ 100.432410958809911, 13.631930519645106 ] ] ] } },
{ "type": "Feature", "properties": { "cell_id": "8764a4b28ffffff", "resolution": 7, "type": "h3" }, "geometry": { "type": "Polygon", "coordinates": [ [ [ 100.45629996602014, 13.637644460829957 ], [ 100.446084713261541, 13.628073708715323 ], [ 100.432410958809911, 13.631930519645106 ], [ 100.428951794881229, 13.645358613375393 ], [ 100.439167526540729, 13.654929674644153 ], [ 100.45284194351953, 13.65107233286389 ], [ 100.45629996602014, 13.637644460829957 ] ] ] } },
{ "type": "Feature", "properties": { "cell_id": "8764a4b76ffffff", "resolution": 7, "type": "h3" }, "geometry": { "type": "Polygon", "coordinates": [ [ [ 100.415276515165573, 13.649214715176015 ], [ 100.405061063645846, 13.639642194032069 ], [ 100.391384925910941, 13.64349705599486 ], [ 100.387923574885775, 13.656924966096414 ], [ 100.398139500910247, 13.66649779616389 ], [ 100.411816303747273, 13.662642407041609 ], [ 100.415276515165573, 13.649214715176015 ] ] ] } },
{ "type": "Feature", "properties": { "cell_id": "8764a4b2bffffff", "resolution": 7, "type": "h3" }, "geometry": { "type": "Polygon", "coordinates": [ [ [ 100.439167526540729, 13.654929674644153 ], [ 100.428951794881229, 13.645358613375393 ], [ 100.415276515165573, 13.649214715176015 ], [ 100.411816303747273, 13.662642407041609 ], [ 100.422032512508892, 13.672213776767599 ], [ 100.435708455878526, 13.66835714600613 ], [ 100.439167526540729, 13.654929674644153 ] ] ] } },
{ "type": "Feature", "properties": { "cell_id": "8764a4b2affffff", "resolution": 7, "type": "h3" }, "geometry": { "type": "Polygon", "coordinates": [ [ [ 100.463057951749832, 13.660641931849156 ], [ 100.45284194351953, 13.65107233286389 ], [ 100.439167526540729, 13.654929674644153 ], [ 100.435708455878526, 13.66835714600613 ], [ 100.445924943807654, 13.677927052981476 ], [ 100.459600022991694, 13.674069180440179 ], [ 100.463057951749832, 13.660641931849156 ] ] ] } },
{ "type": "Feature", "properties": { "cell_id": "8764a4b72ffffff", "resolution": 7, "type": "h3" }, "geometry": { "type": "Polygon", "coordinates": [ [ [ 100.398139500910247, 13.66649779616389 ], [ 100.387923574885775, 13.656924966096414 ], [ 100.374245917300826, 13.66077911372232 ], [ 100.370783519803865, 13.674206616520205 ], [ 100.380999918532225, 13.683779754813671 ], [ 100.39467824234606, 13.679925081918565 ], [ 100.398139500910247, 13.66649779616389 ] ] ] } },
{ "type": "Feature", "properties": { "cell_id": "8764a4b0dffffff", "resolution": 7, "type": "h3" }, "geometry": { "type": "Polygon", "coordinates": [ [ [ 100.422032512508892, 13.672213776767599 ], [ 100.411816303747273, 13.662642407041609 ], [ 100.398139500910247, 13.66649779616389 ], [ 100.39467824234606, 13.679925081918565 ], [ 100.404894926409966, 13.689496759404884 ], [ 100.418572394027876, 13.685640843211544 ], [ 100.422032512508892, 13.672213776767599 ] ] ] } },
{ "type": "Feature", "properties": { "cell_id": "8764a4b0cffffff", "resolution": 7, "type": "h3" }, "geometry": { "type": "Polygon", "coordinates": [ [ [ 100.445924943807654, 13.677927052981476 ], [ 100.435708455878526, 13.66835714600613 ], [ 100.422032512508892, 13.672213776767599 ], [ 100.418572394027876, 13.685640843211544 ], [ 100.428789359856992, 13.695211057480719 ], [ 100.442465966558927, 13.69135389784751 ], [ 100.445924943807654, 13.677927052981476 ] ] ] } },
{ "type": "Feature", "properties": { "cell_id": "8764a4b2cffffff", "resolution": 7, "type": "h3" }, "geometry": { "type": "Polygon", "coordinates": [ [ [ 100.473429828464305, 13.620358143121072 ], [ 100.463215056404337, 13.610787700857459 ], [ 100.449542829357569, 13.614645217366897 ], [ 100.446084713261541, 13.628073708715323 ], [ 100.45629996602014, 13.637644460829957 ], [ 100.469972854467372, 13.633786411580559 ], [ 100.473429828464305, 13.620358143121072 ] ] ] } },
{ "type": "Feature", "properties": { "cell_id": "8764a4b21ffffff", "resolution": 7, "type": "h3" }, "geometry": { "type": "Polygon", "coordinates": [ [ [ 100.497316229681559, 13.626068370868877 ], [ 100.487101186241134, 13.616499389952526 ], [ 100.473429828464305, 13.620358143121072 ], [ 100.469972854467372, 13.633786411580559 ], [ 100.480188381201103, 13.643355701879495 ], [ 100.493860398929428, 13.639496414171814 ], [ 100.497316229681559, 13.626068370868877 ] ] ] } },
{ "type": "Feature", "properties": { "cell_id": "8764a4b20ffffff", "resolution": 7, "type": "h3" }, "geometry": { "type": "Polygon", "coordinates": [ [ [ 100.521202024729092, 13.631775898068517 ], [ 100.510986713475759, 13.622208380903544 ], [ 100.497316229681559, 13.626068370868877 ], [ 100.493860398929428, 13.639496414171814 ], [ 100.504076196069988, 13.649064240250091 ], [ 100.517747338366121, 13.645203713947629 ], [ 100.521202024729092, 13.631775898068517 ] ] ] } },
{ "type": "Feature", "properties": { "cell_id": "8764a4b2effffff", "resolution": 7, "type": "h3" }, "geometry": { "type": "Polygon", "coordinates": [ [ [ 100.480188381201103, 13.643355701879495 ], [ 100.469972854467372, 13.633786411580559 ], [ 100.45629996602014, 13.637644460829957 ], [ 100.45284194351953, 13.65107233286389 ], [ 100.463057951749832, 13.660641931849156 ], [ 100.476731501275395, 13.656783349949592 ], [ 100.480188381201103, 13.643355701879495 ] ] ] } },
{ "type": "Feature", "properties": { "cell_id": "8764a4b23ffffff", "resolution": 7, "type": "h3" }, "geometry": { "type": "Polygon", "coordinates": [ [ [ 100.504076196069988, 13.649064240250091 ], [ 100.493860398929428, 13.639496414171814 ], [ 100.480188381201103, 13.643355701879495 ], [ 100.476731501275395, 13.656783349949592 ], [ 100.486947782507542, 13.666351484245567 ], [ 100.500620459864734, 13.662491662089222 ], [ 100.504076196069988, 13.649064240250091 ] ] ] } },
{ "type": "Feature", "properties": { "cell_id": "8764a4b22ffffff", "resolution": 7, "type": "h3" }, "geometry": { "type": "Polygon", "coordinates": [ [ [ 100.52796340234525, 13.654770073402798 ], [ 100.517747338366121, 13.645203713947629 ], [ 100.504076196069988, 13.649064240250091 ], [ 100.500620459864734, 13.662491662089222 ], [ 100.510837010529713, 13.672058329292598 ], [ 100.524508811004722, 13.668197266744153 ], [ 100.52796340234525, 13.654770073402798 ] ] ] } },
{ "type": "Feature", "properties": { "cell_id": "8764a4b05ffffff", "resolution": 7, "type": "h3" }, "geometry": { "type": "Polygon", "coordinates": [ [ [ 100.486947782507542, 13.666351484245567 ], [ 100.476731501275395, 13.656783349949592 ], [ 100.463057951749832, 13.660641931849156 ], [ 100.459600022991694, 13.674069180440179 ], [ 100.469816786518663, 13.683637622258233 ], [ 100.483490996800157, 13.679778507798638 ], [ 100.486947782507542, 13.666351484245567 ] ] ] } },
{ "type": "Feature", "properties": { "cell_id": "8764a4b04ffffff", "resolution": 7, "type": "h3" }, "geometry": { "type": "Polygon", "coordinates": [ [ [ 100.510837010529713, 13.672058329292598 ], [ 100.500620459864734, 13.662491662089222 ], [ 100.486947782507542, 13.666351484245567 ], [ 100.483490996800157, 13.679778507798638 ], [ 100.493708032355258, 13.689345482055256 ], [ 100.507381369018518, 13.685485125541053 ], [ 100.510837010529713, 13.672058329292598 ] ] ] } },
{ "type": "Feature", "properties": { "cell_id": "8764a4b31ffffff", "resolution": 7, "type": "h3" }, "geometry": { "type": "Polygon", "coordinates": [ [ [ 100.534725627533533, 13.677762464454139 ], [ 100.524508811004722, 13.668197266744153 ], [ 100.510837010529713, 13.672058329292598 ], [ 100.507381369018518, 13.685485125541053 ], [ 100.517598673032055, 13.695050629834592 ], [ 100.531271131362658, 13.691189031131655 ], [ 100.534725627533533, 13.677762464454139 ] ] ] } },
{ "type": "Feature", "properties": { "cell_id": "8764a4b01ffffff", "resolution": 7, "type": "h3" }, "geometry": { "type": "Polygon", "coordinates": [ [ [ 100.469816786518663, 13.683637622258233 ], [ 100.459600022991694, 13.674069180440179 ], [ 100.445924943807654, 13.677927052981476 ], [ 100.442465966558927, 13.69135389784751 ], [ 100.45268321058289, 13.700922646492042 ], [ 100.466358951650079, 13.697064243279495 ], [ 100.469816786518663, 13.683637622258233 ] ] ] } },
{ "type": "Feature", "properties": { "cell_id": "87658b4d9ffffff", "resolution": 7, "type": "h3" }, "geometry": { "type": "Polygon", "coordinates": [ [ [ 100.395013623438345, 13.58020692682026 ], [ 100.384800444689446, 13.570630975674405 ], [ 100.371126304186063, 13.574484255631429 ], [ 100.367664676659274, 13.587914013992396 ], [ 100.377878327521884, 13.597490277554018 ], [ 100.39155313408979, 13.593636470174181 ], [ 100.395013623438345, 13.58020692682026 ] ] ] } },
{ "type": "Feature", "properties": { "cell_id": "8764a4b75ffffff", "resolution": 7, "type": "h3" }, "geometry": { "type": "Polygon", "coordinates": [ [ [ 100.384631201439149, 13.620494547067269 ], [ 100.374416792015467, 13.610919423960265 ], [ 100.360740467850334, 13.614772520784827 ], [ 100.357277886531165, 13.628201265996051 ], [ 100.367492767064604, 13.637776699655479 ], [ 100.381169758099915, 13.633923077386532 ], [ 100.384631201439149, 13.620494547067269 ] ] ] } },
{ "type": "Feature", "properties": { "cell_id": "8764a4b71ffffff", "resolution": 7, "type": "h3" }, "geometry": { "type": "Polygon", "coordinates": [ [ [ 100.367492767064604, 13.637776699655479 ], [ 100.357277886531165, 13.628201265996051 ], [ 100.34360004691554, 13.632053648717305 ], [ 100.340136420129483, 13.645481988486489 ], [ 100.350351769970885, 13.655057731999509 ], [ 100.364030277583097, 13.651204825725003 ], [ 100.367492767064604, 13.637776699655479 ] ] ] } },
{ "type": "Feature", "properties": { "cell_id": "8764a4b70ffffff", "resolution": 7, "type": "h3" }, "geometry": { "type": "Polygon", "coordinates": [ [ [ 100.391384925910941, 13.64349705599486 ], [ 100.381169758099915, 13.633923077386532 ], [ 100.367492767064604, 13.637776699655479 ], [ 100.364030277583097, 13.651204825725003 ], [ 100.374245917300826, 13.66077911372232 ], [ 100.387923574885775, 13.656924966096414 ], [ 100.391384925910941, 13.64349705599486 ] ] ] } },
{ "type": "Feature", "properties": { "cell_id": "8764a4b46ffffff", "resolution": 7, "type": "h3" }, "geometry": { "type": "Polygon", "coordinates": [ [ [ 100.350351769970885, 13.655057731999509 ], [ 100.340136420129483, 13.645481988486489 ], [ 100.326457067211919, 13.649333653556736 ], [ 100.322992395305619, 13.662761583637204 ], [ 100.333208212652124, 13.672337636304984 ], [ 100.346888234692798, 13.668485449572765 ], [ 100.350351769970885, 13.655057731999509 ] ] ] } },
{ "type": "Feature", "properties": { "cell_id": "8764a4b73ffffff", "resolution": 7, "type": "h3" }, "geometry": { "type": "Polygon", "coordinates": [ [ [ 100.374245917300826, 13.66077911372232 ], [ 100.364030277583097, 13.651204825725003 ], [ 100.350351769970885, 13.655057731999509 ], [ 100.346888234692798, 13.668485449572765 ], [ 100.357104344515349, 13.67806004626088 ], [ 100.370783519803865, 13.674206616520205 ], [ 100.374245917300826, 13.66077911372232 ] ] ] } },
{ "type": "Feature", "properties": { "cell_id": "8764a4b55ffffff", "resolution": 7, "type": "h3" }, "geometry": { "type": "Polygon", "coordinates": [ [ [ 100.357104344515349, 13.67806004626088 ], [ 100.346888234692798, 13.668485449572765 ], [ 100.333208212652124, 13.672337636304984 ], [ 100.329743631923876, 13.685764941135798 ], [ 100.339960210048289, 13.695339845816521 ], [ 100.35364090089206, 13.691487137509066 ], [ 100.357104344515349, 13.67806004626088 ] ] ] } },
{ "type": "Feature", "properties": { "cell_id": "8764a4b54ffffff", "resolution": 7, "type": "h3" }, "geometry": { "type": "Polygon", "coordinates": [ [ [ 100.380999918532225, 13.683779754813671 ], [ 100.370783519803865, 13.674206616520205 ], [ 100.357104344515349, 13.67806004626088 ], [ 100.35364090089206, 13.691487137509066 ], [ 100.363857770522358, 13.701060583330976 ], [ 100.377537613166695, 13.697206630211541 ], [ 100.380999918532225, 13.683779754813671 ] ] ] } },
{ "type": "Feature", "properties": { "cell_id": "8764a4b51ffffff", "resolution": 7, "type": "h3" }, "geometry": { "type": "Polygon", "coordinates": [ [ [ 100.339960210048289, 13.695339845816521 ], [ 100.329743631923876, 13.685764941135798 ], [ 100.316062097604956, 13.689616404778244 ], [ 100.31259647177373, 13.703043292620794 ], [ 100.322813516395996, 13.71261850459593 ], [ 100.336495720644905, 13.708766521269327 ], [ 100.339960210048289, 13.695339845816521 ] ] ] } },
{ "type": "Feature", "properties": { "cell_id": "8764a4b50ffffff", "resolution": 7, "type": "h3" }, "geometry": { "type": "Polygon", "coordinates": [ [ [ 100.363857770522358, 13.701060583330976 ], [ 100.35364090089206, 13.691487137509066 ], [ 100.339960210048289, 13.695339845816521 ], [ 100.336495720644905, 13.708766521269327 ], [ 100.346713059374139, 13.718340273922141 ], [ 100.360394418700778, 13.714487044126507 ], [ 100.363857770522358, 13.701060583330976 ] ] ] } },
{ "type": "Feature", "properties": { "cell_id": "8764a4b56ffffff", "resolution": 7, "type": "h3" }, "geometry": { "type": "Polygon", "coordinates": [ [ [ 100.387754770731931, 13.706778614761294 ], [ 100.377537613166695, 13.697206630211541 ], [ 100.363857770522358, 13.701060583330976 ], [ 100.360394418700778, 13.714487044126507 ], [ 100.370612047965324, 13.724059335042805 ], [ 100.384292557644812, 13.720204858632336 ], [ 100.387754770731931, 13.706778614761294 ] ] ] } },
{ "type": "Feature", "properties": { "cell_id": "8764a4b53ffffff", "resolution": 7, "type": "h3" }, "geometry": { "type": "Polygon", "coordinates": [ [ [ 100.346713059374139, 13.718340273922141 ], [ 100.336495720644905, 13.708766521269327 ], [ 100.322813516395996, 13.71261850459593 ], [ 100.319347981559517, 13.726044760008048 ], [ 100.329565787583562, 13.735618818794221 ], [ 100.343248661442502, 13.731766315870161 ], [ 100.346713059374139, 13.718340273922141 ] ] ] } },
{ "type": "Feature", "properties": { "cell_id": "8764a4b52ffffff", "resolution": 7, "type": "h3" }, "geometry": { "type": "Polygon", "coordinates": [ [ [ 100.370612047965324, 13.724059335042805 ], [ 100.360394418700778, 13.714487044126507 ], [ 100.346713059374139, 13.718340273922141 ], [ 100.343248661442502, 13.731766315870161 ], [ 100.353466760603254, 13.74133891245611 ], [ 100.367148788092365, 13.73748516125967 ], [ 100.370612047965324, 13.724059335042805 ] ] ] } },
{ "type": "Feature", "properties": { "cell_id": "8764a4a25ffffff", "resolution": 7, "type": "h3" }, "geometry": { "type": "Polygon", "coordinates": [ [ [ 100.394510473872984, 13.729775685400426 ], [ 100.384292557644812, 13.720204858632336 ], [ 100.370612047965324, 13.724059335042805 ], [ 100.367148788092365, 13.73748516125967 ], [ 100.377367176817472, 13.747056293232848 ], [ 100.391048353211247, 13.743201293619396 ], [ 100.394510473872984, 13.729775685400426 ] ] ] } },
{ "type": "Feature", "properties": { "cell_id": "8764a4a2cffffff", "resolution": 7, "type": "h3" }, "geometry": { "type": "Polygon", "coordinates": [ [ [ 100.353466760603254, 13.74133891245611 ], [ 100.343248661442502, 13.731766315870161 ], [ 100.329565787583562, 13.735618818794221 ], [ 100.326100343888669, 13.749044437649925 ], [ 100.336318911141475, 13.758617339208634 ], [ 100.350002454290319, 13.754764316774137 ], [ 100.353466760603254, 13.74133891245611 ] ] ] } },
{ "type": "Feature", "properties": { "cell_id": "8764a4a21ffffff", "resolution": 7, "type": "h3" }, "geometry": { "type": "Polygon", "coordinates": [ [ [ 100.377367176817472, 13.747056293232848 ], [ 100.367148788092365, 13.73748516125967 ], [ 100.353466760603254, 13.74133891245611 ], [ 100.350002454290319, 13.754764316774137 ], [ 100.360221313709189, 13.764335753256164 ], [ 100.373904009040146, 13.760481480746613 ], [ 100.377367176817472, 13.747056293232848 ] ] ] } },
{ "type": "Feature", "properties": { "cell_id": "8764a4a28ffffff", "resolution": 7, "type": "h3" }, "geometry": { "type": "Polygon", "coordinates": [ [ [ 100.336318911141475, 13.758617339208634 ], [ 100.326100343888669, 13.749044437649925 ], [ 100.312415957649264, 13.752896210155011 ], [ 100.308949468538657, 13.766321401673975 ], [ 100.319168502078227, 13.775894607508549 ], [ 100.33285355873511, 13.77204231738353 ], [ 100.336318911141475, 13.758617339208634 ] ] ] } },
{ "type": "Feature", "properties": { "cell_id": "8764a4a2effffff", "resolution": 7, "type": "h3" }, "geometry": { "type": "Polygon", "coordinates": [ [ [ 100.360221313709189, 13.764335753256164 ], [ 100.350002454290319, 13.754764316774137 ], [ 100.336318911141475, 13.758617339208634 ], [ 100.33285355873511, 13.77204231738353 ], [ 100.343072887043476, 13.781614057678166 ], [ 100.356757099161882, 13.777760515820571 ], [ 100.360221313709189, 13.764335753256164 ] ] ] } },
{ "type": "Feature", "properties": { "cell_id": "8764a4a23ffffff", "resolution": 7, "type": "h3" }, "geometry": { "type": "Polygon", "coordinates": [ [ [ 100.384123157052002, 13.770051449741064 ], [ 100.373904009040146, 13.760481480746613 ], [ 100.360221313709189, 13.764335753256164 ], [ 100.356757099161882, 13.777760515820571 ], [ 100.366976718665299, 13.787330788163523 ], [ 100.380660081517334, 13.783475994428883 ], [ 100.384123157052002, 13.770051449741064 ] ] ] } },
{ "type": "Feature", "properties": { "cell_id": "8764a4a2affffff", "resolution": 7, "type": "h3" }, "geometry": { "type": "Polygon", "coordinates": [ [ [ 100.343072887043476, 13.781614057678166 ], [ 100.33285355873511, 13.77204231738353 ], [ 100.319168502078227, 13.775894607508549 ], [ 100.315702103925787, 13.789319155296411 ], [ 100.325921899318331, 13.798891198707425 ], [ 100.339607626072592, 13.795038391049449 ], [ 100.343072887043476, 13.781614057678166 ] ] ] } },
{ "type": "Feature", "properties": { "cell_id": "8764a4a05ffffff", "resolution": 7, "type": "h3" }, "geometry": { "type": "Polygon", "coordinates": [ [ [ 100.366976718665299, 13.787330788163523 ], [ 100.356757099161882, 13.777760515820571 ], [ 100.343072887043476, 13.781614057678166 ], [ 100.339607626072592, 13.795038391049449 ], [ 100.349827715263231, 13.804608966045326 ], [ 100.36351259603066, 13.800754904852287 ], [ 100.366976718665299, 13.787330788163523 ] ] ] } },
{ "type": "Feature", "properties": { "cell_id": "8764a4a04ffffff", "resolution": 7, "type": "h3" }, "geometry": { "type": "Polygon", "coordinates": [ [ [ 100.39087998864197, 13.793044796410914 ], [ 100.380660081517334, 13.783475994428883 ], [ 100.366976718665299, 13.787330788163523 ], [ 100.36351259603066, 13.800754904852287 ], [ 100.373732975444909, 13.810324009022937 ], [ 100.387417005497028, 13.806468694151535 ], [ 100.39087998864197, 13.793044796410914 ] ] ] } },
{ "type": "Feature", "properties": { "cell_id": "8764a4a01ffffff", "resolution": 7, "type": "h3" }, "geometry": { "type": "Polygon", "coordinates": [ [ [ 100.349827715263231, 13.804608966045326 ], [ 100.339607626072592, 13.795038391049449 ], [ 100.325921899318331, 13.798891198707425 ], [ 100.322455592270998, 13.812315098642202 ], [ 100.332676149343442, 13.821885975595425 ], [ 100.346362545874825, 13.818032650491787 ], [ 100.349827715263231, 13.804608966045326 ] ] ] } },
{ "type": "Feature", "properties": { "cell_id": "8764a4a00ffffff", "resolution": 7, "type": "h3" }, "geometry": { "type": "Polygon", "coordinates": [ [ [ 100.373732975444909, 13.810324009022937 ], [ 100.36351259603066, 13.800754904852287 ], [ 100.349827715263231, 13.804608966045326 ], [ 100.346362545874825, 13.818032650491787 ], [ 100.356583395774265, 13.827602056156131 ], [ 100.370268944870006, 13.823747475715628 ], [ 100.373732975444909, 13.810324009022937 ] ] ] } },
{ "type": "Feature", "properties": { "cell_id": "8764a4a0effffff", "resolution": 7, "type": "h3" }, "geometry": { "type": "Polygon", "coordinates": [ [ [ 100.332676149343442, 13.821885975595425 ], [ 100.322455592270998, 13.812315098642202 ], [ 100.308768353034282, 13.816167168553278 ], [ 100.305301000258396, 13.829590630808571 ], [ 100.315522023406174, 13.839161809023565 ], [ 100.329209933548213, 13.835309223556742 ], [ 100.332676149343442, 13.821885975595425 ] ] ] } },
{ "type": "Feature", "properties": { "cell_id": "8764a4a03ffffff", "resolution": 7, "type": "h3" }, "geometry": { "type": "Polygon", "coordinates": [ [ [ 100.356583395774265, 13.827602056156131 ], [ 100.346362545874825, 13.818032650491787 ], [ 100.332676149343442, 13.821885975595425 ], [ 100.329209933548213, 13.835309223556742 ], [ 100.339431252127355, 13.844878930019863 ], [ 100.353118318115392, 13.841025087558174 ], [ 100.356583395774265, 13.827602056156131 ] ] ] } },
{ "type": "Feature", "properties": { "cell_id": "8764a4a02ffffff", "resolution": 7, "type": "h3" }, "geometry": { "type": "Polygon", "coordinates": [ [ [ 100.380490084021204, 13.833315407682662 ], [ 100.370268944870006, 13.823747475715628 ], [ 100.356583395774265, 13.827602056156131 ], [ 100.353118318115392, 13.841025087558174 ], [ 100.363339928550005, 13.850593319860142 ], [ 100.377026145653161, 13.846738220260455 ], [ 100.380490084021204, 13.833315407682662 ] ] ] } },
{ "type": "Feature", "properties": { "cell_id": "8764a4a1dffffff", "resolution": 7, "type": "h3" }, "geometry": { "type": "Polygon", "coordinates": [ [ [ 100.339431252127355, 13.844878930019863 ], [ 100.329209933548213, 13.835309223556742 ], [ 100.315522023406174, 13.839161809023565 ], [ 100.312054761551778, 13.852584616257287 ], [ 100.322276547004066, 13.862154622824283 ], [ 100.335965127731242, 13.858301521888944 ], [ 100.339431252127355, 13.844878930019863 ] ] ] } },
{ "type": "Feature", "properties": { "cell_id": "8764a4a1cffffff", "resolution": 7, "type": "h3" }, "geometry": { "type": "Polygon", "coordinates": [ [ [ 100.363339928550005, 13.850593319860142 ], [ 100.353118318115392, 13.841025087558174 ], [ 100.339431252127355, 13.844878930019863 ], [ 100.335965127731242, 13.858301521888944 ], [ 100.346187207643709, 13.867870053831592 ], [ 100.359874942767789, 13.864015694099777 ], [ 100.363339928550005, 13.850593319860142 ] ] ] } },
{ "type": "Feature", "properties": { "cell_id": "8764a4a11ffffff", "resolution": 7, "type": "h3" }, "geometry": { "type": "Polygon", "coordinates": [ [ [ 100.387248044367311, 13.856304975994501 ], [ 100.377026145653161, 13.846738220260455 ], [ 100.363339928550005, 13.850593319860142 ], [ 100.359874942767789, 13.864015694099777 ], [ 100.370097313563818, 13.873582749010458 ], [ 100.383784198353254, 13.869727130340205 ], [ 100.387248044367311, 13.856304975994501 ] ] ] } },
{ "type": "Feature", "properties": { "cell_id": "8764a4a18ffffff", "resolution": 7, "type": "h3" }, "geometry": { "type": "Polygon", "coordinates": [ [ [ 100.346187207643709, 13.867870053831592 ], [ 100.335965127731242, 13.858301521888944 ], [ 100.322276547004066, 13.862154622824283 ], [ 100.31880937621824, 13.875576770918499 ], [ 100.329031923801907, 13.885145601807583 ], [ 100.342721174793851, 13.88129198549129 ], [ 100.346187207643709, 13.867870053831592 ] ] ] } },
{ "type": "Feature", "properties": { "cell_id": "8764a4a1effffff", "resolution": 7, "type": "h3" }, "geometry": { "type": "Polygon", "coordinates": [ [ [ 100.370097313563818, 13.873582749010458 ], [ 100.359874942767789, 13.864015694099777 ], [ 100.346187207643709, 13.867870053831592 ], [ 100.342721174793851, 13.88129198549129 ], [ 100.352944015866143, 13.890859338885024 ], [ 100.36663241980537, 13.887004461971323 ], [ 100.370097313563818, 13.873582749010458 ] ] ] } },
{ "type": "Feature", "properties": { "cell_id": "8764a4a13ffffff", "resolution": 7, "type": "h3" }, "geometry": { "type": "Polygon", "coordinates": [ [ [ 100.394006856456187, 13.879292705813823 ], [ 100.383784198353254, 13.869727130340205 ], [ 100.370097313563818, 13.873582749010458 ], [ 100.36663241980537, 13.887004461971323 ], [ 100.376855550788932, 13.896570335463753 ], [ 100.39054310294334, 13.892714197811863 ], [ 100.394006856456187, 13.879292705813823 ] ] ] } },
{ "type": "Feature", "properties": { "cell_id": "8764a4a1bffffff", "resolution": 7, "type": "h3" }, "geometry": { "type": "Polygon", "coordinates": [ [ [ 100.329031923801907, 13.885145601807583 ], [ 100.31880937621824, 13.875576770918499 ], [ 100.305119282906929, 13.879429126780364 ], [ 100.301651066079586, 13.892850826858224 ], [ 100.31187407952676, 13.902419955999513 ], [ 100.325564844231693, 13.898567086645986 ], [ 100.329031923801907, 13.885145601807583 ] ] ] } },
{ "type": "Feature", "properties": { "cell_id": "8764a4a1affffff", "resolution": 7, "type": "h3" }, "geometry": { "type": "Polygon", "coordinates": [ [ [ 100.352944015866143, 13.890859338885024 ], [ 100.342721174793851, 13.88129198549129 ], [ 100.329031923801907, 13.885145601807583 ], [ 100.325564844231693, 13.898567086645986 ], [ 100.335788153773507, 13.908134737829199 ], [ 100.349478074709623, 13.904280606219817 ], [ 100.352944015866143, 13.890859338885024 ] ] ] } },
{ "type": "Feature", "properties": { "cell_id": "8764a4a0affffff", "resolution": 7, "type": "h3" }, "geometry": { "type": "Polygon", "coordinates": [ [ [ 100.315522023406174, 13.839161809023565 ], [ 100.305301000258396, 13.829590630808571 ], [ 100.291612250694499, 13.833441959425866 ], [ 100.288143852538667, 13.846864979759095 ], [ 100.298365339954216, 13.856436458540303 ], [ 100.312054761551778, 13.852584616257287 ], [ 100.315522023406174, 13.839161809023565 ] ] ] } },
{ "type": "Feature", "properties": { "cell_id": "8764a4a19ffffff", "resolution": 7, "type": "h3" }, "geometry": { "type": "Polygon", "coordinates": [ [ [ 100.322276547004066, 13.862154622824283 ], [ 100.312054761551778, 13.852584616257287 ], [ 100.298365339954216, 13.856436458540303 ], [ 100.29489703238913, 13.869858820804396 ], [ 100.305119282906929, 13.879429126780364 ], [ 100.31880937621824, 13.875576770918499 ], [ 100.322276547004066, 13.862154622824283 ] ] ] } },
{ "type": "Feature", "properties": { "cell_id": "8764a4ae6ffffff", "resolution": 7, "type": "h3" }, "geometry": { "type": "Polygon", "coordinates": [ [ [ 100.305119282906929, 13.879429126780364 ], [ 100.29489703238913, 13.869858820804396 ], [ 100.281206101492984, 13.873709916357001 ], [ 100.277736748566383, 13.887131829409855 ], [ 100.287959462340964, 13.896702434099899 ], [ 100.301651066079586, 13.892850826858224 ], [ 100.305119282906929, 13.879429126780364 ] ] ] } },
{ "type": "Feature", "properties": { "cell_id": "8764a4ae2ffffff", "resolution": 7, "type": "h3" }, "geometry": { "type": "Polygon", "coordinates": [ [ [ 100.287959462340964, 13.896702434099899 ], [ 100.277736748566383, 13.887131829409855 ], [ 100.264044310530437, 13.890982174685879 ], [ 100.260573912592264, 13.904403634286309 ], [ 100.270797087813875, 13.913974536995546 ], [ 100.284490199821121, 13.910123681920348 ], [ 100.287959462340964, 13.896702434099899 ] ] ] } },
{ "type": "Feature", "properties": { "cell_id": "8764a4aadffffff", "resolution": 7, "type": "h3" }, "geometry": { "type": "Polygon", "coordinates": [ [ [ 100.376855550788932, 13.896570335463753 ], [ 100.36663241980537, 13.887004461971323 ], [ 100.352944015866143, 13.890859338885024 ], [ 100.349478074709623, 13.904280606219817 ], [ 100.359701676768069, 13.913846777038149 ], [ 100.373390749201448, 13.909991383031114 ], [ 100.376855550788932, 13.896570335463753 ] ] ] } },
{ "type": "Feature", "properties": { "cell_id": "8764a4af4ffffff", "resolution": 7, "type": "h3" }, "geometry": { "type": "Polygon", "coordinates": [ [ [ 100.335788153773507, 13.908134737829199 ], [ 100.325564844231693, 13.898567086645986 ], [ 100.31187407952676, 13.902419955999513 ], [ 100.308405953584227, 13.915840989775685 ], [ 100.318629729787787, 13.925408938054808 ], [ 100.332321165566029, 13.921555555297115 ], [ 100.335788153773507, 13.908134737829199 ] ] ] } },
{ "type": "Feature", "properties": { "cell_id": "8764a4aa9ffffff", "resolution": 7, "type": "h3" }, "geometry": { "type": "Polygon", "coordinates": [ [ [ 100.359701676768069, 13.913846777038149 ], [ 100.349478074709623, 13.904280606219817 ], [ 100.335788153773507, 13.908134737829199 ], [ 100.332321165566029, 13.921555555297115 ], [ 100.342545236892576, 13.931122022748438 ], [ 100.356235827452096, 13.927267375934155 ], [ 100.359701676768069, 13.913846777038149 ] ] ] } },
{ "type": "Feature", "properties": { "cell_id": "8764a4aa8ffffff", "resolution": 7, "type": "h3" }, "geometry": { "type": "Polygon", "coordinates": [ [ [ 100.383614640198459, 13.919556071080283 ], [ 100.373390749201448, 13.909991383031114 ], [ 100.359701676768069, 13.913846777038149 ], [ 100.356235827452096, 13.927267375934155 ], [ 100.366460190322911, 13.936832360152543 ], [ 100.380149930929193, 13.93297644914105 ], [ 100.383614640198459, 13.919556071080283 ] ] ] } },
{ "type": "Feature", "properties": { "cell_id": "8764a4af6ffffff", "resolution": 7, "type": "h3" }, "geometry": { "type": "Polygon", "coordinates": [ [ [ 100.342545236892576, 13.931122022748438 ], [ 100.332321165566029, 13.921555555297115 ], [ 100.318629729787787, 13.925408938054808 ], [ 100.315161694877162, 13.938829301415469 ], [ 100.325386233663963, 13.948396064806891 ], [ 100.339078340195002, 13.944542168732836 ], [ 100.342545236892576, 13.931122022748438 ] ] ] } },
{ "type": "Feature", "properties": { "cell_id": "8764a4aabffffff", "resolution": 7, "type": "h3" }, "geometry": { "type": "Polygon", "coordinates": [ [ [ 100.366460190322911, 13.936832360152543 ], [ 100.356235827452096, 13.927267375934155 ], [ 100.342545236892576, 13.931122022748438 ], [ 100.339078340195002, 13.944542168732836 ], [ 100.349303173132739, 13.954107448428211 ], [ 100.362994432994711, 13.950252286497518 ], [ 100.366460190322911, 13.936832360152543 ] ] ] } },
{ "type": "Feature", "properties": { "cell_id": "8764a4aaaffffff", "resolution": 7, "type": "h3" }, "geometry": { "type": "Polygon", "coordinates": [ [ [ 100.390374581765471, 13.942539947723894 ], [ 100.380149930929193, 13.93297644914105 ], [ 100.366460190322911, 13.936832360152543 ], [ 100.362994432994711, 13.950252286497518 ], [ 100.37321955650394, 13.959816080093386 ], [ 100.386909964961689, 13.955959652166614 ], [ 100.390374581765471, 13.942539947723894 ] ] ] } },
{ "type": "Feature", "properties": { "cell_id": "8764a4af2ffffff", "resolution": 7, "type": "h3" }, "geometry": { "type": "Polygon", "coordinates": [ [ [ 100.325386233663963, 13.948396064806891 ], [ 100.315161694877162, 13.938829301415469 ], [ 100.301468746413391, 13.942681931774542 ], [ 100.297999665148211, 13.956101836787997 ], [ 100.308224669586309, 13.965668895426642 ], [ 100.321918289932398, 13.961815753639865 ], [ 100.325386233663963, 13.948396064806891 ] ] ] } },
{ "type": "Feature", "properties": { "cell_id": "8764a4a8dffffff", "resolution": 7, "type": "h3" }, "geometry": { "type": "Polygon", "coordinates": [ [ [ 100.349303173132739, 13.954107448428211 ], [ 100.339078340195002, 13.944542168732836 ], [ 100.325386233663963, 13.948396064806891 ], [ 100.321918289932398, 13.961815753639865 ], [ 100.332143591129139, 13.971381328120007 ], [ 100.345836368092279, 13.967526918817708 ], [ 100.349303173132739, 13.954107448428211 ] ] ] } },
{ "type": "Feature", "properties": { "cell_id": "8764a4a8cffffff", "resolution": 7, "type": "h3" }, "geometry": { "type": "Polygon", "coordinates": [ [ [ 100.37321955650394, 13.959816080093386 ], [ 100.362994432994711, 13.950252286497518 ], [ 100.349303173132739, 13.954107448428211 ], [ 100.345836368092279, 13.967526918817708 ], [ 100.356061962467507, 13.977091006735037 ], [ 100.369753891310751, 13.973235329776747 ], [ 100.37321955650394, 13.959816080093386 ] ] ] } },
{ "type": "Feature", "properties": { "cell_id": "8764a4aacffffff", "resolution": 7, "type": "h3" }, "geometry": { "type": "Polygon", "coordinates": [ [ [ 100.400766520260774, 13.902278588999563 ], [ 100.39054310294334, 13.892714197811863 ], [ 100.376855550788932, 13.896570335463753 ], [ 100.373390749201448, 13.909991383031114 ], [ 100.383614640198459, 13.919556071080283 ], [ 100.397302859396376, 13.915699414535995 ], [ 100.400766520260774, 13.902278588999563 ] ] ] } },
{ "type": "Feature", "properties": { "cell_id": "8764a4aa1ffffff", "resolution": 7, "type": "h3" }, "geometry": { "type": "Polygon", "coordinates": [ [ [ 100.42467691597335, 13.907984096952969 ], [ 100.414453215899485, 13.898421190470895 ], [ 100.400766520260774, 13.902278588999563 ], [ 100.397302859396376, 13.915699414535995 ], [ 100.407527035753844, 13.925262617414246 ], [ 100.421214396984809, 13.921404698195301 ], [ 100.42467691597335, 13.907984096952969 ] ] ] } },
{ "type": "Feature", "properties": { "cell_id": "8764a4aa0ffffff", "resolution": 7, "type": "h3" }, "geometry": { "type": "Polygon", "coordinates": [ [ [ 100.448586729619535, 13.913686856789223 ], [ 100.438362750366707, 13.904125437411142 ], [ 100.42467691597335, 13.907984096952969 ], [ 100.421214396984809, 13.921404698195301 ], [ 100.431438855124554, 13.930966413503421 ], [ 100.445125353658341, 13.927107231474618 ], [ 100.448586729619535, 13.913686856789223 ] ] ] } },
{ "type": "Feature", "properties": { "cell_id": "8764a4aaeffffff", "resolution": 7, "type": "h3" }, "geometry": { "type": "Polygon", "coordinates": [ [ [ 100.407527035753844, 13.925262617414246 ], [ 100.397302859396376, 13.915699414535995 ], [ 100.383614640198459, 13.919556071080283 ], [ 100.380149930929193, 13.93297644914105 ], [ 100.390374581765471, 13.942539947723894 ], [ 100.404063467685177, 13.938682772376769 ], [ 100.407527035753844, 13.925262617414246 ] ] ] } },
{ "type": "Feature", "properties": { "cell_id": "8764a4aa3ffffff", "resolution": 7, "type": "h3" }, "geometry": { "type": "Polygon", "coordinates": [ [ [ 100.431438855124554, 13.930966413503421 ], [ 100.421214396984809, 13.921404698195301 ], [ 100.407527035753844, 13.925262617414246 ], [ 100.404063467685177, 13.938682772376769 ], [ 100.414288402908085, 13.948244782924007 ], [ 100.427976429409156, 13.944386343105034 ], [ 100.431438855124554, 13.930966413503421 ] ] ] } },
{ "type": "Feature", "properties": { "cell_id": "8764a4aa2ffffff", "resolution": 7, "type": "h3" }, "geometry": { "type": "Polygon", "coordinates": [ [ [ 100.45535009000217, 13.936667456815929 ], [ 100.445125353658341, 13.927107231474618 ], [ 100.431438855124554, 13.930966413503421 ], [ 100.427976429409156, 13.944386343105034 ], [ 100.43820164543979, 13.953946863219125 ], [ 100.451888807791391, 13.950087158794297 ], [ 100.45535009000217, 13.936667456815929 ] ] ] } },
{ "type": "Feature", "properties": { "cell_id": "8764a4a85ffffff", "resolution": 7, "type": "h3" }, "geometry": { "type": "Polygon", "coordinates": [ [ [ 100.414288402908085, 13.948244782924007 ], [ 100.404063467685177, 13.938682772376769 ], [ 100.390374581765471, 13.942539947723894 ], [ 100.386909964961689, 13.955959652166614 ], [ 100.397135375462867, 13.965521957262055 ], [ 100.410824927782514, 13.961664263201969 ], [ 100.414288402908085, 13.948244782924007 ] ] ] } },
{ "type": "Feature", "properties": { "cell_id": "8764a4a84ffffff", "resolution": 7, "type": "h3" }, "geometry": { "type": "Polygon", "coordinates": [ [ [ 100.43820164543979, 13.953946863219125 ], [ 100.427976429409156, 13.944386343105034 ], [ 100.414288402908085, 13.948244782924007 ], [ 100.410824927782514, 13.961664263201969 ], [ 100.421050621696097, 13.971225077398595 ], [ 100.434739313144945, 13.967366117070165 ], [ 100.43820164543979, 13.953946863219125 ] ] ] } },
{ "type": "Feature", "properties": { "cell_id": "8764a4ab1ffffff", "resolution": 7, "type": "h3" }, "geometry": { "type": "Polygon", "coordinates": [ [ [ 100.462114301050846, 13.959646186080262 ], [ 100.451888807791391, 13.950087158794297 ], [ 100.43820164543979, 13.953946863219125 ], [ 100.434739313144945, 13.967366117070165 ], [ 100.444965286891303, 13.976925437972133 ], [ 100.458653112737949, 13.97306521124254 ], [ 100.462114301050846, 13.959646186080262 ] ] ] } },
{ "type": "Feature", "properties": { "cell_id": "8764a4a81ffffff", "resolution": 7, "type": "h3" }, "geometry": { "type": "Polygon", "coordinates": [ [ [ 100.397135375462867, 13.965521957262055 ], [ 100.386909964961689, 13.955959652166614 ], [ 100.37321955650394, 13.959816080093386 ], [ 100.369753891310751, 13.973235329776747 ], [ 100.379979775284298, 13.982797928729491 ], [ 100.393670851271892, 13.978940983976944 ], [ 100.397135375462867, 13.965521957262055 ] ] ] } },
{ "type": "Feature", "properties": { "cell_id": "8764a4af5ffffff", "resolution": 7, "type": "h3" }, "geometry": { "type": "Polygon", "coordinates": [ [ [ 100.31187407952676, 13.902419955999513 ], [ 100.301651066079586, 13.892850826858224 ], [ 100.287959462340964, 13.896702434099899 ], [ 100.284490199821121, 13.910123681920348 ], [ 100.294713677323003, 13.919693108619617 ], [ 100.308405953584227, 13.915840989775685 ], [ 100.31187407952676, 13.902419955999513 ] ] ] } },
{ "type": "Feature", "properties": { "cell_id": "8764a4ac4ffffff", "resolution": 7, "type": "h3" }, "geometry": { "type": "Polygon", "coordinates": [ [ [ 100.270797087813875, 13.913974536995546 ], [ 100.260573912592264, 13.904403634286309 ], [ 100.246879969577122, 13.908253225739999 ], [ 100.243408526978072, 13.921674227647266 ], [ 100.253632161835853, 13.931245427680816 ], [ 100.267326779951247, 13.927395328317955 ], [ 100.270797087813875, 13.913974536995546 ] ] ] } },
{ "type": "Feature", "properties": { "cell_id": "8764a4af1ffffff", "resolution": 7, "type": "h3" }, "geometry": { "type": "Polygon", "coordinates": [ [ [ 100.294713677323003, 13.919693108619617 ], [ 100.284490199821121, 13.910123681920348 ], [ 100.270797087813875, 13.913974536995546 ], [ 100.267326779951247, 13.927395328317955 ], [ 100.277550719697985, 13.936965051880991 ], [ 100.291244505356957, 13.933113687093055 ], [ 100.294713677323003, 13.919693108619617 ] ] ] } },
{ "type": "Feature", "properties": { "cell_id": "8764a4af0ffffff", "resolution": 7, "type": "h3" }, "geometry": { "type": "Polygon", "coordinates": [ [ [ 100.318629729787787, 13.925408938054808 ], [ 100.308405953584227, 13.915840989775685 ], [ 100.294713677323003, 13.919693108619617 ], [ 100.291244505356957, 13.933113687093055 ], [ 100.301468746413391, 13.942681931774542 ], [ 100.315161694877162, 13.938829301415469 ], [ 100.318629729787787, 13.925408938054808 ] ] ] } },
{ "type": "Feature", "properties": { "cell_id": "8764a4ac6ffffff", "resolution": 7, "type": "h3" }, "geometry": { "type": "Polygon", "coordinates": [ [ [ 100.277550719697985, 13.936965051880991 ], [ 100.267326779951247, 13.927395328317955 ], [ 100.253632161835853, 13.931245427680816 ], [ 100.250160808980979, 13.94466575826501 ], [ 100.260385209161612, 13.954235777997607 ], [ 100.274080502057956, 13.95038517081163 ], [ 100.277550719697985, 13.936965051880991 ] ] ] } },
{ "type": "Feature", "properties": { "cell_id": "8764a4af3ffffff", "resolution": 7, "type": "h3" }, "geometry": { "type": "Polygon", "coordinates": [ [ [ 100.301468746413391, 13.942681931774542 ], [ 100.291244505356957, 13.933113687093055 ], [ 100.277550719697985, 13.936965051880991 ], [ 100.274080502057956, 13.95038517081163 ], [ 100.284305206157313, 13.959953711201935 ], [ 100.297999665148211, 13.956101836787997 ], [ 100.301468746413391, 13.942681931774542 ] ] ] } },
{ "type": "Feature", "properties": { "cell_id": "8764a4ad4ffffff", "resolution": 7, "type": "h3" }, "geometry": { "type": "Polygon", "coordinates": [ [ [ 100.308224669586309, 13.965668895426642 ], [ 100.297999665148211, 13.956101836787997 ], [ 100.284305206157313, 13.959953711201935 ], [ 100.280835078886952, 13.973373153628694 ], [ 100.29106054716631, 13.982940506821697 ], [ 100.304755679169162, 13.979088122868809 ], [ 100.308224669586309, 13.965668895426642 ] ] ] } },
{ "type": "Feature", "properties": { "cell_id": "8764a4a89ffffff", "resolution": 7, "type": "h3" }, "geometry": { "type": "Polygon", "coordinates": [ [ [ 100.332143591129139, 13.971381328120007 ], [ 100.321918289932398, 13.961815753639865 ], [ 100.308224669586309, 13.965668895426642 ], [ 100.304755679169162, 13.979088122868809 ], [ 100.31498144681585, 13.988653991441522 ], [ 100.328675738723831, 13.984800338314768 ], [ 100.332143591129139, 13.971381328120007 ] ] ] } },
{ "type": "Feature", "properties": { "cell_id": "8764a4a88ffffff", "resolution": 7, "type": "h3" }, "geometry": { "type": "Polygon", "coordinates": [ [ [ 100.356061962467507, 13.977091006735037 ], [ 100.345836368092279, 13.967526918817708 ], [ 100.332143591129139, 13.971381328120007 ], [ 100.328675738723831, 13.984800338314768 ], [ 100.338901802157039, 13.994364719862027 ], [ 100.352595249231399, 13.990509797419907 ], [ 100.356061962467507, 13.977091006735037 ] ] ] } },
{ "type": "Feature", "properties": { "cell_id": "8764a4a8effffff", "resolution": 7, "type": "h3" }, "geometry": { "type": "Polygon", "coordinates": [ [ [ 100.379979775284298, 13.982797928729491 ], [ 100.369753891310751, 13.973235329776747 ], [ 100.356061962467507, 13.977091006735037 ], [ 100.352595249231399, 13.990509797419907 ], [ 100.362821604870277, 14.000072689539078 ], [ 100.376514202373443, 13.996216497642305 ], [ 100.379979775284298, 13.982797928729491 ] ] ] } },
{ "type": "Feature", "properties": { "cell_id": "8764a4a8bffffff", "resolution": 7, "type": "h3" }, "geometry": { "type": "Polygon", "coordinates": [ [ [ 100.338901802157039, 13.994364719862027 ], [ 100.328675738723831, 13.984800338314768 ], [ 100.31498144681585, 13.988653991441522 ], [ 100.311512547393917, 14.002072537202745 ], [ 100.321739078076021, 14.0116372116884 ], [ 100.335434041225255, 14.007783047309719 ], [ 100.338901802157039, 13.994364719862027 ] ] ] } },
{ "type": "Feature", "properties": { "cell_id": "8764a4a8affffff", "resolution": 7, "type": "h3" }, "geometry": { "type": "Polygon", "coordinates": [ [ [ 100.362821604870277, 14.000072689539078 ], [ 100.352595249231399, 13.990509797419907 ], [ 100.338901802157039, 13.994364719862027 ], [ 100.335434041225255, 14.007783047309719 ], [ 100.345660866721374, 14.01734623190446 ], [ 100.359354983585831, 14.013490796411258 ], [ 100.362821604870277, 14.000072689539078 ] ] ] } },
{ "type": "Feature", "properties": { "cell_id": "8764a4a9dffffff", "resolution": 7, "type": "h3" }, "geometry": { "type": "Polygon", "coordinates": [ [ [ 100.386740846637053, 14.005777897933294 ], [ 100.376514202373443, 13.996216497642305 ], [ 100.362821604870277, 14.000072689539078 ], [ 100.359354983585831, 14.013490796411258 ], [ 100.369582100314375, 14.02305248871413 ], [ 100.383275366155914, 14.019195781968307 ], [ 100.386740846637053, 14.005777897933294 ] ] ] } },
{ "type": "Feature", "properties": { "cell_id": "8764a4324ffffff", "resolution": 7, "type": "h3" }, "geometry": { "type": "Polygon", "coordinates": [ [ [ 100.345660866721374, 14.01734623190446 ], [ 100.335434041225255, 14.007783047309719 ], [ 100.321739078076021, 14.0116372116884 ], [ 100.318270269796542, 14.025055071660693 ], [ 100.328497563340704, 14.034618548040156 ], [ 100.342193197410367, 14.0307638724979 ], [ 100.345660866721374, 14.01734623190446 ] ] ] } },
{ "type": "Feature", "properties": { "cell_id": "8764a4a99ffffff", "resolution": 7, "type": "h3" }, "geometry": { "type": "Polygon", "coordinates": [ [ [ 100.369582100314375, 14.02305248871413 ], [ 100.359354983585831, 14.013490796411258 ], [ 100.345660866721374, 14.01734623190446 ], [ 100.342193197410367, 14.0307638724979 ], [ 100.35242078479564, 14.040325856122475 ], [ 100.36611557112893, 14.036469907667239 ], [ 100.369582100314375, 14.02305248871413 ] ] ] } },
{ "type": "Feature", "properties": { "cell_id": "8764a4a98ffffff", "resolution": 7, "type": "h3" }, "geometry": { "type": "Polygon", "coordinates": [ [ [ 100.393502770535207, 14.028755979580909 ], [ 100.383275366155914, 14.019195781968307 ], [ 100.369582100314375, 14.02305248871413 ], [ 100.36611557112893, 14.036469907667239 ], [ 100.376343448772985, 14.046030396137663 ], [ 100.390037382631149, 14.042173174632536 ], [ 100.393502770535207, 14.028755979580909 ] ] ] } },
{ "type": "Feature", "properties": { "cell_id": "8764a4320ffffff", "resolution": 7, "type": "h3" }, "geometry": { "type": "Polygon", "coordinates": [ [ [ 100.328497563340704, 14.034618548040156 ], [ 100.318270269796542, 14.025055071660693 ], [ 100.304573792730466, 14.028908474429114 ], [ 100.301103937452041, 14.042325862688241 ], [ 100.311331697233996, 14.051889630161602 ], [ 100.325028846350932, 14.048035718117212 ], [ 100.328497563340704, 14.034618548040156 ] ] ] } },
{ "type": "Feature", "properties": { "cell_id": "8764a4ad0ffffff", "resolution": 7, "type": "h3" }, "geometry": { "type": "Polygon", "coordinates": [ [ [ 100.29106054716631, 13.982940506821697 ], [ 100.280835078886952, 13.973373153628694 ], [ 100.26713911152919, 13.977224268551428 ], [ 100.263667938603746, 13.990643244152452 ], [ 100.273893868913248, 14.000210891206954 ], [ 100.287590510412741, 13.996359268634137 ], [ 100.29106054716631, 13.982940506821697 ] ] ] } },
{ "type": "Feature", "properties": { "cell_id": "8764a4ad6ffffff", "resolution": 7, "type": "h3" }, "geometry": { "type": "Polygon", "coordinates": [ [ [ 100.31498144681585, 13.988653991441522 ], [ 100.304755679169162, 13.979088122868809 ], [ 100.29106054716631, 13.982940506821697 ], [ 100.287590510412741, 13.996359268634137 ], [ 100.297816742699283, 14.005925430607228 ], [ 100.311512547393917, 14.002072537202745 ], [ 100.31498144681585, 13.988653991441522 ] ] ] } },
{ "type": "Feature", "properties": { "cell_id": "8764a4ad3ffffff", "resolution": 7, "type": "h3" }, "geometry": { "type": "Polygon", "coordinates": [ [ [ 100.273893868913248, 14.000210891206954 ], [ 100.263667938603746, 13.990643244152452 ], [ 100.249970465041159, 13.994493596038353 ], [ 100.24649824681147, 14.007912100575068 ], [ 100.256724637338976, 14.017480040798231 ], [ 100.270422786173157, 14.013629183151204 ], [ 100.273893868913248, 14.000210891206954 ] ] ] } },
{ "type": "Feature", "properties": { "cell_id": "8764a4ad2ffffff", "resolution": 7, "type": "h3" }, "geometry": { "type": "Polygon", "coordinates": [ [ [ 100.297816742699283, 14.005925430607228 ], [ 100.287590510412741, 13.996359268634137 ], [ 100.273893868913248, 14.000210891206954 ], [ 100.270422786173157, 14.013629183151204 ], [ 100.280649481288378, 14.023195637832499 ], [ 100.294346796609673, 14.01934350769656 ], [ 100.297816742699283, 14.005925430607228 ] ] ] } },
{ "type": "Feature", "properties": { "cell_id": "8764a4325ffffff", "resolution": 7, "type": "h3" }, "geometry": { "type": "Polygon", "coordinates": [ [ [ 100.321739078076021, 14.0116372116884 ], [ 100.311512547393917, 14.002072537202745 ], [ 100.297816742699283, 14.005925430607228 ], [ 100.294346796609673, 14.01934350769656 ], [ 100.304573792730466, 14.028908474429114 ], [ 100.318270269796542, 14.025055071660693 ], [ 100.321739078076021, 14.0116372116884 ] ] ] } },
{ "type": "Feature", "properties": { "cell_id": "8764a432cffffff", "resolution": 7, "type": "h3" }, "geometry": { "type": "Polygon", "coordinates": [ [ [ 100.280649481288378, 14.023195637832499 ], [ 100.270422786173157, 14.013629183151204 ], [ 100.256724637338976, 14.017480040798231 ], [ 100.253252508963016, 14.030897858636299 ], [ 100.263479665094664, 14.040464605333646 ], [ 100.277178488880779, 14.03661324201207 ], [ 100.280649481288378, 14.023195637832499 ] ] ] } },
{ "type": "Feature", "properties": { "cell_id": "8764a4321ffffff", "resolution": 7, "type": "h3" }, "geometry": { "type": "Polygon", "coordinates": [ [ [ 100.304573792730466, 14.028908474429114 ], [ 100.294346796609673, 14.01934350769656 ], [ 100.280649481288378, 14.023195637832499 ], [ 100.277178488880779, 14.03661324201207 ], [ 100.287405948629029, 14.046178500300028 ], [ 100.301103937452041, 14.042325862688241 ], [ 100.304573792730466, 14.028908474429114 ] ] ] } },
{ "type": "Feature", "properties": { "cell_id": "8764a4326ffffff", "resolution": 7, "type": "h3" }, "geometry": { "type": "Polygon", "coordinates": [ [ [ 100.35242078479564, 14.040325856122475 ], [ 100.342193197410367, 14.0307638724979 ], [ 100.328497563340704, 14.034618548040156 ], [ 100.325028846350932, 14.048035718117212 ], [ 100.33525690258368, 14.057597992373328 ], [ 100.348953207252762, 14.053742805756157 ], [ 100.35242078479564, 14.040325856122475 ] ] ] } },
{ "type": "Feature", "properties": { "cell_id": "8764a4a9bffffff", "resolution": 7, "type": "h3" }, "geometry": { "type": "Polygon", "coordinates": [ [ [ 100.376343448772985, 14.046030396137663 ], [ 100.36611557112893, 14.036469907667239 ], [ 100.35242078479564, 14.040325856122475 ], [ 100.348953207252762, 14.053742805756157 ], [ 100.359181556353306, 14.063303584394905 ], [ 100.37287701183395, 14.059447123066997 ], [ 100.376343448772985, 14.046030396137663 ] ] ] } },
{ "type": "Feature", "properties": { "cell_id": "8764a4322ffffff", "resolution": 7, "type": "h3" }, "geometry": { "type": "Polygon", "coordinates": [ [ [ 100.33525690258368, 14.057597992373328 ], [ 100.325028846350932, 14.048035718117212 ], [ 100.311331697233996, 14.051889630161602 ], [ 100.307861932914008, 14.065306325485095 ], [ 100.31809045618391, 14.074868889682607 ], [ 100.331788277030952, 14.071014468450519 ], [ 100.33525690258368, 14.057597992373328 ] ] ] } },
{ "type": "Feature", "properties": { "cell_id": "8764a4335ffffff", "resolution": 7, "type": "h3" }, "geometry": { "type": "Polygon", "coordinates": [ [ [ 100.359181556353306, 14.063303584394905 ], [ 100.348953207252762, 14.053742805756157 ], [ 100.33525690258368, 14.057597992373328 ], [ 100.331788277030952, 14.071014468450519 ], [ 100.342017095778658, 14.080575536568125 ], [ 100.355714070725938, 14.076719838965008 ], [ 100.359181556353306, 14.063303584394905 ] ] ] } },
{ "type": "Feature", "properties": { "cell_id": "8764a4334ffffff", "resolution": 7, "type": "h3" }, "geometry": { "type": "Polygon", "coordinates": [ [ [ 100.383105650219221, 14.069006403690818 ], [ 100.37287701183395, 14.059447123066997 ], [ 100.359181556353306, 14.063303584394905 ], [ 100.355714070725938, 14.076719838965008 ], [ 100.365943181367697, 14.08627940860428 ], [ 100.379639305674033, 14.082422434493365 ], [ 100.383105650219221, 14.069006403690818 ] ] ] } },
{ "type": "Feature", "properties": { "cell_id": "8764a4331ffffff", "resolution": 7, "type": "h3" }, "geometry": { "type": "Polygon", "coordinates": [ [ [ 100.342017095778658, 14.080575536568125 ], [ 100.331788277030952, 14.071014468450519 ], [ 100.31809045618391, 14.074868889682607 ], [ 100.314620782969669, 14.088284887966724 ], [ 100.324850069554117, 14.097846244873736 ], [ 100.338548561810327, 14.093991314542524 ], [ 100.342017095778658, 14.080575536568125 ] ] ] } },
{ "type": "Feature", "properties": { "cell_id": "8764a4330ffffff", "resolution": 7, "type": "h3" }, "geometry": { "type": "Polygon", "coordinates": [ [ [ 100.365943181367697, 14.08627940860428 ], [ 100.355714070725938, 14.076719838965008 ], [ 100.342017095778658, 14.080575536568125 ], [ 100.338548561810327, 14.093991314542524 ], [ 100.348778142899207, 14.103551172508466 ], [ 100.362475787803263, 14.09969496400868 ], [ 100.365943181367697, 14.08627940860428 ] ] ] } },
{ "type": "Feature", "properties": { "cell_id": "8764a4336ffffff", "resolution": 7, "type": "h3" }, "geometry": { "type": "Polygon", "coordinates": [ [ [ 100.389868704626096, 14.091980503258437 ], [ 100.379639305674033, 14.082422434493365 ], [ 100.365943181367697, 14.08627940860428 ], [ 100.362475787803263, 14.09969496400868 ], [ 100.372705659812084, 14.109253320636824 ], [ 100.386402452622249, 14.10539583383288 ], [ 100.389868704626096, 14.091980503258437 ] ] ] } },
{ "type": "Feature", "properties": { "cell_id": "8764a4306ffffff", "resolution": 7, "type": "h3" }, "geometry": { "type": "Polygon", "coordinates": [ [ [ 100.324850069554117, 14.097846244873736 ], [ 100.314620782969669, 14.088284887966724 ], [ 100.300921448104276, 14.092138540267168 ], [ 100.29745072757764, 14.105554056522106 ], [ 100.307680480187329, 14.11511570152909 ], [ 100.321380487592975, 14.111261542016443 ], [ 100.324850069554117, 14.097846244873736 ] ] ] } },
{ "type": "Feature", "properties": { "cell_id": "8764a4333ffffff", "resolution": 7, "type": "h3" }, "geometry": { "type": "Polygon", "coordinates": [ [ [ 100.348778142899207, 14.103551172508466 ], [ 100.338548561810327, 14.093991314542524 ], [ 100.324850069554117, 14.097846244873736 ], [ 100.321380487592975, 14.111261542016443 ], [ 100.33161053731844, 14.120821687620289 ], [ 100.345309700662696, 14.116966248278844 ], [ 100.348778142899207, 14.103551172508466 ] ] ] } },
{ "type": "Feature", "properties": { "cell_id": "8764a432effffff", "resolution": 7, "type": "h3" }, "geometry": { "type": "Polygon", "coordinates": [ [ [ 100.287405948629029, 14.046178500300028 ], [ 100.277178488880779, 14.03661324201207 ], [ 100.263479665094664, 14.040464605333646 ], [ 100.260007626719542, 14.053881732366044 ], [ 100.270235548282898, 14.063447281517927 ], [ 100.283935046701146, 14.05959541260869 ], [ 100.287405948629029, 14.046178500300028 ] ] ] } },
{ "type": "Feature", "properties": { "cell_id": "8764a4323ffffff", "resolution": 7, "type": "h3" }, "geometry": { "type": "Polygon", "coordinates": [ [ [ 100.311331697233996, 14.051889630161602 ], [ 100.301103937452041, 14.042325862688241 ], [ 100.287405948629029, 14.046178500300028 ], [ 100.283935046701146, 14.05959541260869 ], [ 100.294163270909564, 14.069159470485145 ], [ 100.307861932914008, 14.065306325485095 ], [ 100.311331697233996, 14.051889630161602 ] ] ] } },
{ "type": "Feature", "properties": { "cell_id": "8764a432affffff", "resolution": 7, "type": "h3" }, "geometry": { "type": "Polygon", "coordinates": [ [ [ 100.270235548282898, 14.063447281517927 ], [ 100.260007626719542, 14.053881732366044 ], [ 100.246307296632253, 14.057732325327896 ], [ 100.242834212640844, 14.071148970976203 ], [ 100.253062594205886, 14.080714810300556 ], [ 100.266763600055839, 14.076863713639318 ], [ 100.270235548282898, 14.063447281517927 ] ] ] } },
{ "type": "Feature", "properties": { "cell_id": "8764a4305ffffff", "resolution": 7, "type": "h3" }, "geometry": { "type": "Polygon", "coordinates": [ [ [ 100.294163270909564, 14.069159470485145 ], [ 100.283935046701146, 14.05959541260869 ], [ 100.270235548282898, 14.063447281517927 ], [ 100.266763600055839, 14.076863713639318 ], [ 100.276992286878311, 14.086428061228082 ], [ 100.290692459608664, 14.082575686818371 ], [ 100.294163270909564, 14.069159470485145 ] ] ] } },
{ "type": "Feature", "properties": { "cell_id": "8764a4304ffffff", "resolution": 7, "type": "h3" }, "geometry": { "type": "Polygon", "coordinates": [ [ [ 100.31809045618391, 14.074868889682607 ], [ 100.307861932914008, 14.065306325485095 ], [ 100.294163270909564, 14.069159470485145 ], [ 100.290692459608664, 14.082575686818371 ], [ 100.300921448104276, 14.092138540267168 ], [ 100.314620782969669, 14.088284887966724 ], [ 100.31809045618391, 14.074868889682607 ] ] ] } },
{ "type": "Feature", "properties": { "cell_id": "8764a4301ffffff", "resolution": 7, "type": "h3" }, "geometry": { "type": "Polygon", "coordinates": [ [ [ 100.276992286878311, 14.086428061228082 ], [ 100.266763600055839, 14.076863713639318 ], [ 100.253062594205886, 14.080714810300556 ], [ 100.24958960003066, 14.094130757998352 ], [ 100.259818747653696, 14.103695394608655 ], [ 100.27352042894654, 14.099843794334822 ], [ 100.276992286878311, 14.086428061228082 ] ] ] } },
{ "type": "Feature", "properties": { "cell_id": "8764a4300ffffff", "resolution": 7, "type": "h3" }, "geometry": { "type": "Polygon", "coordinates": [ [ [ 100.300921448104276, 14.092138540267168 ], [ 100.290692459608664, 14.082575686818371 ], [ 100.276992286878311, 14.086428061228082 ], [ 100.27352042894654, 14.099843794334822 ], [ 100.283749880855396, 14.109406936344808 ], [ 100.29745072757764, 14.105554056522106 ], [ 100.300921448104276, 14.092138540267168 ] ] ] } },
{ "type": "Feature", "properties": { "cell_id": "8764a4303ffffff", "resolution": 7, "type": "h3" }, "geometry": { "type": "Polygon", "coordinates": [ [ [ 100.283749880855396, 14.109406936344808 ], [ 100.27352042894654, 14.099843794334822 ], [ 100.259818747653696, 14.103695394608655 ], [ 100.256345843441878, 14.117110640253189 ], [ 100.266575756950388, 14.126674070134287 ], [ 100.280278113366194, 14.122821966334948 ], [ 100.283749880855396, 14.109406936344808 ] ] ] } },
{ "type": "Feature", "properties": { "cell_id": "8764a4332ffffff", "resolution": 7, "type": "h3" }, "geometry": { "type": "Polygon", "coordinates": [ [ [ 100.372705659812084, 14.109253320636824 ], [ 100.362475787803263, 14.09969496400868 ], [ 100.348778142899207, 14.103551172508466 ], [ 100.345309700662696, 14.116966248278844 ], [ 100.355540043918779, 14.126524892081974 ], [ 100.369238358458063, 14.122668172775102 ], [ 100.372705659812084, 14.109253320636824 ] ] ] } },
{ "type": "Feature", "properties": { "cell_id": "8764a4315ffffff", "resolution": 7, "type": "h3" }, "geometry": { "type": "Polygon", "coordinates": [ [ [ 100.33161053731844, 14.120821687620289 ], [ 100.321380487592975, 14.111261542016443 ], [ 100.307680480187329, 14.11511570152909 ], [ 100.304209850582282, 14.1285305136046 ], [ 100.314440367132775, 14.138090946157623 ], [ 100.328141046757807, 14.134236279521257 ], [ 100.33161053731844, 14.120821687620289 ] ] ] } },
{ "type": "Feature", "properties": { "cell_id": "8764a4314ffffff", "resolution": 7, "type": "h3" }, "geometry": { "type": "Polygon", "coordinates": [ [ [ 100.355540043918779, 14.126524892081974 ], [ 100.345309700662696, 14.116966248278844 ], [ 100.33161053731844, 14.120821687620289 ], [ 100.328141046757807, 14.134236279521257 ], [ 100.338371859450604, 14.143795209811309 ], [ 100.35207169356157, 14.139939261548808 ], [ 100.355540043918779, 14.126524892081974 ] ] ] } },
{ "type": "Feature", "properties": { "cell_id": "8764a4302ffffff", "resolution": 7, "type": "h3" }, "geometry": { "type": "Polygon", "coordinates": [ [ [ 100.307680480187329, 14.11511570152909 ], [ 100.29745072757764, 14.105554056522106 ], [ 100.283749880855396, 14.109406936344808 ], [ 100.280278113366194, 14.122821966334948 ], [ 100.290508330188572, 14.132383898752506 ], [ 100.304209850582282, 14.1285305136046 ], [ 100.307680480187329, 14.11511570152909 ] ] ] } },
{ "type": "Feature", "properties": { "cell_id": "8764a431cffffff", "resolution": 7, "type": "h3" }, "geometry": { "type": "Polygon", "coordinates": [ [ [ 100.290508330188572, 14.132383898752506 ], [ 100.280278113366194, 14.122821966334948 ], [ 100.266575756950388, 14.126674070134287 ], [ 100.263102942849258, 14.140088609624522 ], [ 100.273333622070666, 14.149650828763264 ], [ 100.287036653289277, 14.145798221525812 ], [ 100.290508330188572, 14.132383898752506 ] ] ] } },
{ "type": "Feature", "properties": { "cell_id": "8764a4311ffffff", "resolution": 7, "type": "h3" }, "geometry": { "type": "Polygon", "coordinates": [ [ [ 100.314440367132775, 14.138090946157623 ], [ 100.304209850582282, 14.1285305136046 ], [ 100.290508330188572, 14.132383898752506 ], [ 100.287036653289277, 14.145798221525812 ], [ 100.297267634852133, 14.155358940339296 ], [ 100.310969828596711, 14.151505049954279 ], [ 100.314440367132775, 14.138090946157623 ] ] ] } },
{ "type": "Feature", "properties": { "cell_id": "8764a404dffffff", "resolution": 7, "type": "h3" }, "geometry": { "type": "Polygon", "coordinates": [ [ [ 100.39663261196651, 14.114952686729065 ], [ 100.386402452622249, 14.10539583383288 ], [ 100.372705659812084, 14.109253320636824 ], [ 100.369238358458063, 14.122668172775102 ], [ 100.379468991659593, 14.132225312382495 ], [ 100.393166452651514, 14.128367312975797 ], [ 100.39663261196651, 14.114952686729065 ] ] ] } },
{ "type": "Feature", "properties": { "cell_id": "8764a404cffffff", "resolution": 7, "type": "h3" }, "geometry": { "type": "Polygon", "coordinates": [ [ [ 100.420558991037353, 14.12064926826022 ], [ 100.410328547942214, 14.111093921487603 ], [ 100.39663261196651, 14.114952686729065 ], [ 100.393166452651514, 14.128367312975797 ], [ 100.403397372213249, 14.137922945994985 ], [ 100.41709397491671, 14.134063666356306 ], [ 100.420558991037353, 14.12064926826022 ] ] ] } }
]
}
