{
"type": "FeatureCollection",
"name": "res_10",
"crs": { "type": "name", "properties": { "name": "urn:ogc:def:crs:OGC:1.3:CRS84" } },
"features": [
{ "type": "Feature", "properties": { "cell_id": "8361380", "resolution": 10, "type": "fuller4t", "dggs_topology": "TRIANGLE", "dggs_type": "FULLER4T", "dggs_proj": "FULLER", "dggs_aperture_type": "PURE", "dggs_aperture": 4, "dggs_res_spec": 10 }, "geometry": { "type": "Polygon", "coordinates": [ [ [ 100.369842323845404, 13.518314714138773 ], [ 100.432831449291015, 13.481814895203964 ], [ 100.370020924786132, 13.456029700757902 ], [ 100.369842323845404, 13.518314714138773 ] ] ] } },
{ "type": "Feature", "properties": { "cell_id": "8361381", "resolution": 10, "type": "fuller4t", "dggs_topology": "TRIANGLE", "dggs_type": "FULLER4T", "dggs_proj": "FULLER", "dggs_aperture_type": "PURE", "dggs_aperture": 4, "dggs_res_spec": 10 }, "geometry": { "type": "Polygon", "coordinates": [ [ [ 100.369842323845404, 13.518314714138773 ], [ 100.432665171680853, 13.544075960974961 ], [ 100.432831449291015, 13.481814895203964 ], [ 100.369842323845404, 13.518314714138773 ] ] ] } },
{ "type": "Feature", "properties": { "cell_id": "8361382", "resolution": 10, "type": "fuller4t", "dggs_topology": "TRIANGLE", "dggs_type": "FULLER4T", "dggs_proj": "FULLER", "dggs_aperture_type": "PURE", "dggs_aperture": 4, "dggs_res_spec": 10 }, "geometry": { "type": "Polygon", "coordinates": [ [ [ 100.36966288696604, 13.580599565148264 ], [ 100.432665171680867, 13.544075960974917 ], [ 100.369842323845432, 13.518314714138739 ], [ 100.36966288696604, 13.580599565148264 ] ] ] } },
{ "type": "Feature", "properties": { "cell_id": "8361383", "resolution": 10, "type": "fuller4t", "dggs_topology": "TRIANGLE", "dggs_type": "FULLER4T", "dggs_proj": "FULLER", "dggs_aperture_type": "PURE", "dggs_aperture": 4, "dggs_res_spec": 10 }, "geometry": { "type": "Polygon", "coordinates": [ [ [ 100.36966288696604, 13.580599565148264 ], [ 100.432498117512452, 13.606336876374231 ], [ 100.432665171680867, 13.544075960974917 ], [ 100.36966288696604, 13.580599565148264 ] ] ] } },
{ "type": "Feature", "properties": { "cell_id": "8359335", "resolution": 10, "type": "fuller4t", "dggs_topology": "TRIANGLE", "dggs_type": "FULLER4T", "dggs_proj": "FULLER", "dggs_aperture_type": "PURE", "dggs_aperture": 4, "dggs_res_spec": 10 }, "geometry": { "type": "Polygon", "coordinates": [ [ [ 100.306642234316683, 13.617142542406292 ], [ 100.369482614006373, 13.642884252931513 ], [ 100.36966288696604, 13.580599565148264 ], [ 100.306642234316683, 13.617142542406292 ] ] ] } },
{ "type": "Feature", "properties": { "cell_id": "8361384", "resolution": 10, "type": "fuller4t", "dggs_topology": "TRIANGLE", "dggs_type": "FULLER4T", "dggs_proj": "FULLER", "dggs_aperture_type": "PURE", "dggs_aperture": 4, "dggs_res_spec": 10 }, "geometry": { "type": "Polygon", "coordinates": [ [ [ 100.369482614006373, 13.642884252931513 ], [ 100.432498117512452, 13.606336876374231 ], [ 100.36966288696604, 13.580599565148264 ], [ 100.369482614006373, 13.642884252931513 ] ] ] } },
{ "type": "Feature", "properties": { "cell_id": "8361385", "resolution": 10, "type": "fuller4t", "dggs_topology": "TRIANGLE", "dggs_type": "FULLER4T", "dggs_proj": "FULLER", "dggs_aperture_type": "PURE", "dggs_aperture": 4, "dggs_res_spec": 10 }, "geometry": { "type": "Polygon", "coordinates": [ [ [ 100.369482614006373, 13.642884252931513 ], [ 100.432330286643705, 13.668597640597225 ], [ 100.432498117512452, 13.606336876374231 ], [ 100.369482614006373, 13.642884252931513 ] ] ] } },
{ "type": "Feature", "properties": { "cell_id": "8359336", "resolution": 10, "type": "fuller4t", "dggs_topology": "TRIANGLE", "dggs_type": "FULLER4T", "dggs_proj": "FULLER", "dggs_aperture_type": "PURE", "dggs_aperture": 4, "dggs_res_spec": 10 }, "geometry": { "type": "Polygon", "coordinates": [ [ [ 100.306448690370829, 13.679450960345358 ], [ 100.369482614006387, 13.64288425293147 ], [ 100.306642234316683, 13.617142542406246 ], [ 100.306448690370829, 13.679450960345358 ] ] ] } },
{ "type": "Feature", "properties": { "cell_id": "8359337", "resolution": 10, "type": "fuller4t", "dggs_topology": "TRIANGLE", "dggs_type": "FULLER4T", "dggs_proj": "FULLER", "dggs_aperture_type": "PURE", "dggs_aperture": 4, "dggs_res_spec": 10 }, "geometry": { "type": "Polygon", "coordinates": [ [ [ 100.306448690370829, 13.679450960345358 ], [ 100.369301504824818, 13.70516877663254 ], [ 100.369482614006387, 13.64288425293147 ], [ 100.306448690370829, 13.679450960345358 ] ] ] } },
{ "type": "Feature", "properties": { "cell_id": "8361386", "resolution": 10, "type": "fuller4t", "dggs_topology": "TRIANGLE", "dggs_type": "FULLER4T", "dggs_proj": "FULLER", "dggs_aperture_type": "PURE", "dggs_aperture": 4, "dggs_res_spec": 10 }, "geometry": { "type": "Polygon", "coordinates": [ [ [ 100.369301504824804, 13.705168776632584 ], [ 100.432330286643705, 13.668597640597225 ], [ 100.369482614006373, 13.642884252931513 ], [ 100.369301504824804, 13.705168776632584 ] ] ] } },
{ "type": "Feature", "properties": { "cell_id": "8361387", "resolution": 10, "type": "fuller4t", "dggs_topology": "TRIANGLE", "dggs_type": "FULLER4T", "dggs_proj": "FULLER", "dggs_aperture_type": "PURE", "dggs_aperture": 4, "dggs_res_spec": 10 }, "geometry": { "type": "Polygon", "coordinates": [ [ [ 100.369301504824804, 13.705168776632584 ], [ 100.43216167896469, 13.730858252883133 ], [ 100.432330286643705, 13.668597640597225 ], [ 100.369301504824804, 13.705168776632584 ] ] ] } },
{ "type": "Feature", "properties": { "cell_id": "8359338", "resolution": 10, "type": "fuller4t", "dggs_topology": "TRIANGLE", "dggs_type": "FULLER4T", "dggs_proj": "FULLER", "dggs_aperture_type": "PURE", "dggs_aperture": 4, "dggs_res_spec": 10 }, "geometry": { "type": "Polygon", "coordinates": [ [ [ 100.306254250698075, 13.74175920108639 ], [ 100.369301504824804, 13.705168776632533 ], [ 100.306448690370829, 13.679450960345358 ], [ 100.306254250698075, 13.74175920108639 ] ] ] } },
{ "type": "Feature", "properties": { "cell_id": "8357293", "resolution": 10, "type": "fuller4t", "dggs_topology": "TRIANGLE", "dggs_type": "FULLER4T", "dggs_proj": "FULLER", "dggs_aperture_type": "PURE", "dggs_aperture": 4, "dggs_res_spec": 10 }, "geometry": { "type": "Polygon", "coordinates": [ [ [ 100.242979798507761, 13.840700555098318 ], [ 100.305862683623459, 13.866375147360296 ], [ 100.306058915157294, 13.804067263720565 ], [ 100.242979798507761, 13.840700555098318 ] ] ] } },
{ "type": "Feature", "properties": { "cell_id": "8357294", "resolution": 10, "type": "fuller4t", "dggs_topology": "TRIANGLE", "dggs_type": "FULLER4T", "dggs_proj": "FULLER", "dggs_aperture_type": "PURE", "dggs_aperture": 4, "dggs_res_spec": 10 }, "geometry": { "type": "Polygon", "coordinates": [ [ [ 100.24277006546923, 13.903032086243316 ], [ 100.305862683623459, 13.866375147360296 ], [ 100.242979798507761, 13.840700555098318 ], [ 100.24277006546923, 13.903032086243316 ] ] ] } },
{ "type": "Feature", "properties": { "cell_id": "8357295", "resolution": 10, "type": "fuller4t", "dggs_topology": "TRIANGLE", "dggs_type": "FULLER4T", "dggs_proj": "FULLER", "dggs_aperture_type": "PURE", "dggs_aperture": 4, "dggs_res_spec": 10 }, "geometry": { "type": "Polygon", "coordinates": [ [ [ 100.24277006546923, 13.903032086243316 ], [ 100.305665555955372, 13.928682851094424 ], [ 100.305862683623459, 13.866375147360296 ], [ 100.24277006546923, 13.903032086243316 ] ] ] } },
{ "type": "Feature", "properties": { "cell_id": "8373675", "resolution": 10, "type": "fuller4t", "dggs_topology": "TRIANGLE", "dggs_type": "FULLER4T", "dggs_proj": "FULLER", "dggs_aperture_type": "PURE", "dggs_aperture": 4, "dggs_res_spec": 10 }, "geometry": { "type": "Polygon", "coordinates": [ [ [ 100.747195301541581, 13.486034145277836 ], [ 100.81002248427545, 13.51169770821282 ], [ 100.810112164568068, 13.449580449676317 ], [ 100.747195301541581, 13.486034145277836 ] ] ] } },
{ "type": "Feature", "properties": { "cell_id": "8371626", "resolution": 10, "type": "fuller4t", "dggs_topology": "TRIANGLE", "dggs_type": "FULLER4T", "dggs_proj": "FULLER", "dggs_aperture_type": "PURE", "dggs_aperture": 4, "dggs_res_spec": 10 }, "geometry": { "type": "Polygon", "coordinates": [ [ [ 100.684259656515593, 13.522507615985312 ], [ 100.747195301541581, 13.486034145277836 ], [ 100.684374897508079, 13.460342306690027 ], [ 100.684259656515593, 13.522507615985312 ] ] ] } },
{ "type": "Feature", "properties": { "cell_id": "8371627", "resolution": 10, "type": "fuller4t", "dggs_topology": "TRIANGLE", "dggs_type": "FULLER4T", "dggs_proj": "FULLER", "dggs_aperture_type": "PURE", "dggs_aperture": 4, "dggs_res_spec": 10 }, "geometry": { "type": "Polygon", "coordinates": [ [ [ 100.684259656515593, 13.522507615985312 ], [ 100.747092598053669, 13.548175398477415 ], [ 100.747195301541581, 13.486034145277836 ], [ 100.684259656515593, 13.522507615985312 ] ] ] } },
{ "type": "Feature", "properties": { "cell_id": "8373676", "resolution": 10, "type": "fuller4t", "dggs_topology": "TRIANGLE", "dggs_type": "FULLER4T", "dggs_proj": "FULLER", "dggs_aperture_type": "PURE", "dggs_aperture": 4, "dggs_res_spec": 10 }, "geometry": { "type": "Polygon", "coordinates": [ [ [ 100.747092598053669, 13.548175398477415 ], [ 100.81002248427545, 13.51169770821282 ], [ 100.747195301541581, 13.486034145277836 ], [ 100.747092598053669, 13.548175398477415 ] ] ] } },
{ "type": "Feature", "properties": { "cell_id": "8375724", "resolution": 10, "type": "fuller4t", "dggs_topology": "TRIANGLE", "dggs_type": "FULLER4T", "dggs_proj": "FULLER", "dggs_aperture_type": "PURE", "dggs_aperture": 4, "dggs_res_spec": 10 }, "geometry": { "type": "Polygon", "coordinates": [ [ [ 100.810022484275436, 13.511697708212862 ], [ 100.872933484360445, 13.475239832771084 ], [ 100.810112164568054, 13.449580449676359 ], [ 100.810022484275436, 13.511697708212862 ] ] ] } },
{ "type": "Feature", "properties": { "cell_id": "8375725", "resolution": 10, "type": "fuller4t", "dggs_topology": "TRIANGLE", "dggs_type": "FULLER4T", "dggs_proj": "FULLER", "dggs_aperture_type": "PURE", "dggs_aperture": 4, "dggs_res_spec": 10 }, "geometry": { "type": "Polygon", "coordinates": [ [ [ 100.810022484275436, 13.511697708212862 ], [ 100.872856415265431, 13.537332989853699 ], [ 100.872933484360445, 13.475239832771084 ], [ 100.810022484275436, 13.511697708212862 ] ] ] } },
{ "type": "Feature", "properties": { "cell_id": "8377774", "resolution": 10, "type": "fuller4t", "dggs_topology": "TRIANGLE", "dggs_type": "FULLER4T", "dggs_proj": "FULLER", "dggs_aperture_type": "PURE", "dggs_aperture": 4, "dggs_res_spec": 10 }, "geometry": { "type": "Polygon", "coordinates": [ [ [ 100.872856415265431, 13.537332989853699 ], [ 100.935761455161625, 13.500870946003122 ], [ 100.872933484360445, 13.475239832771084 ], [ 100.872856415265431, 13.537332989853699 ] ] ] } },
{ "type": "Feature", "properties": { "cell_id": "8377775", "resolution": 10, "type": "fuller4t", "dggs_topology": "TRIANGLE", "dggs_type": "FULLER4T", "dggs_proj": "FULLER", "dggs_aperture_type": "PURE", "dggs_aperture": 4, "dggs_res_spec": 10 }, "geometry": { "type": "Polygon", "coordinates": [ [ [ 100.872856415265431, 13.537332989853699 ], [ 100.935697063989309, 13.562939984726828 ], [ 100.935761455161625, 13.500870946003122 ], [ 100.872856415265431, 13.537332989853699 ] ] ] } },
{ "type": "Feature", "properties": { "cell_id": "8375726", "resolution": 10, "type": "fuller4t", "dggs_topology": "TRIANGLE", "dggs_type": "FULLER4T", "dggs_proj": "FULLER", "dggs_aperture_type": "PURE", "dggs_aperture": 4, "dggs_res_spec": 10 }, "geometry": { "type": "Polygon", "coordinates": [ [ [ 100.809932384993928, 13.573814888367421 ], [ 100.872856415265431, 13.537332989853699 ], [ 100.810022484275464, 13.511697708212827 ], [ 100.809932384993928, 13.573814888367421 ] ] ] } },
{ "type": "Feature", "properties": { "cell_id": "8375727", "resolution": 10, "type": "fuller4t", "dggs_topology": "TRIANGLE", "dggs_type": "FULLER4T", "dggs_proj": "FULLER", "dggs_aperture_type": "PURE", "dggs_aperture": 4, "dggs_res_spec": 10 }, "geometry": { "type": "Polygon", "coordinates": [ [ [ 100.809932384993928, 13.573814888367421 ], [ 100.872778986911442, 13.599426079980203 ], [ 100.872856415265431, 13.537332989853699 ], [ 100.809932384993928, 13.573814888367421 ] ] ] } },
{ "type": "Feature", "properties": { "cell_id": "8377776", "resolution": 10, "type": "fuller4t", "dggs_topology": "TRIANGLE", "dggs_type": "FULLER4T", "dggs_proj": "FULLER", "dggs_aperture_type": "PURE", "dggs_aperture": 4, "dggs_res_spec": 10 }, "geometry": { "type": "Polygon", "coordinates": [ [ [ 100.872778986911442, 13.59942607998021 ], [ 100.935697063989309, 13.562939984726828 ], [ 100.872856415265431, 13.537332989853699 ], [ 100.872778986911442, 13.59942607998021 ] ] ] } },
{ "type": "Feature", "properties": { "cell_id": "8373677", "resolution": 10, "type": "fuller4t", "dggs_topology": "TRIANGLE", "dggs_type": "FULLER4T", "dggs_proj": "FULLER", "dggs_aperture_type": "PURE", "dggs_aperture": 4, "dggs_res_spec": 10 }, "geometry": { "type": "Polygon", "coordinates": [ [ [ 100.747092598053669, 13.548175398477415 ], [ 100.809932384993942, 13.573814888367377 ], [ 100.81002248427545, 13.51169770821282 ], [ 100.747092598053669, 13.548175398477415 ] ] ] } },
{ "type": "Feature", "properties": { "cell_id": "8371628", "resolution": 10, "type": "fuller4t", "dggs_topology": "TRIANGLE", "dggs_type": "FULLER4T", "dggs_proj": "FULLER", "dggs_aperture_type": "PURE", "dggs_aperture": 4, "dggs_res_spec": 10 }, "geometry": { "type": "Polygon", "coordinates": [ [ [ 100.684143877169262, 13.584672823375991 ], [ 100.747092598053669, 13.548175398477415 ], [ 100.684259656515593, 13.522507615985312 ], [ 100.684143877169262, 13.584672823375991 ] ] ] } },
{ "type": "Feature", "properties": { "cell_id": "8371629", "resolution": 10, "type": "fuller4t", "dggs_topology": "TRIANGLE", "dggs_type": "FULLER4T", "dggs_proj": "FULLER", "dggs_aperture_type": "PURE", "dggs_aperture": 4, "dggs_res_spec": 10 }, "geometry": { "type": "Polygon", "coordinates": [ [ [ 100.684143877169262, 13.584672823375991 ], [ 100.74698941584694, 13.610316561377321 ], [ 100.747092598053669, 13.548175398477415 ], [ 100.684143877169262, 13.584672823375991 ] ] ] } },
{ "type": "Feature", "properties": { "cell_id": "8373678", "resolution": 10, "type": "fuller4t", "dggs_topology": "TRIANGLE", "dggs_type": "FULLER4T", "dggs_proj": "FULLER", "dggs_aperture_type": "PURE", "dggs_aperture": 4, "dggs_res_spec": 10 }, "geometry": { "type": "Polygon", "coordinates": [ [ [ 100.74698941584694, 13.610316561377321 ], [ 100.809932384993942, 13.573814888367377 ], [ 100.747092598053669, 13.548175398477415 ], [ 100.74698941584694, 13.610316561377321 ] ] ] } },
{ "type": "Feature", "properties": { "cell_id": "8375728", "resolution": 10, "type": "fuller4t", "dggs_topology": "TRIANGLE", "dggs_type": "FULLER4T", "dggs_proj": "FULLER", "dggs_aperture_type": "PURE", "dggs_aperture": 4, "dggs_res_spec": 10 }, "geometry": { "type": "Polygon", "coordinates": [ [ [ 100.809841866659838, 13.635931989738767 ], [ 100.872778986911442, 13.599426079980203 ], [ 100.809932384993942, 13.573814888367377 ], [ 100.809841866659838, 13.635931989738767 ] ] ] } },
{ "type": "Feature", "properties": { "cell_id": "8373679", "resolution": 10, "type": "fuller4t", "dggs_topology": "TRIANGLE", "dggs_type": "FULLER4T", "dggs_proj": "FULLER", "dggs_aperture_type": "PURE", "dggs_aperture": 4, "dggs_res_spec": 10 }, "geometry": { "type": "Polygon", "coordinates": [ [ [ 100.74698941584694, 13.610316561377321 ], [ 100.809841866659838, 13.635931989738767 ], [ 100.809932384993942, 13.573814888367377 ], [ 100.74698941584694, 13.610316561377321 ] ] ] } },
{ "type": "Feature", "properties": { "cell_id": "8371630", "resolution": 10, "type": "fuller4t", "dggs_topology": "TRIANGLE", "dggs_type": "FULLER4T", "dggs_proj": "FULLER", "dggs_aperture_type": "PURE", "dggs_aperture": 4, "dggs_res_spec": 10 }, "geometry": { "type": "Polygon", "coordinates": [ [ [ 100.684027559389946, 13.646837928343791 ], [ 100.74698941584694, 13.610316561377315 ], [ 100.684143877169276, 13.584672823375955 ], [ 100.684027559389946, 13.646837928343791 ] ] ] } },
{ "type": "Feature", "properties": { "cell_id": "8375729", "resolution": 10, "type": "fuller4t", "dggs_topology": "TRIANGLE", "dggs_type": "FULLER4T", "dggs_proj": "FULLER", "dggs_aperture_type": "PURE", "dggs_aperture": 4, "dggs_res_spec": 10 }, "geometry": { "type": "Polygon", "coordinates": [ [ [ 100.809841866659838, 13.635931989738767 ], [ 100.872701199202467, 13.661519102750578 ], [ 100.872778986911442, 13.599426079980203 ], [ 100.809841866659838, 13.635931989738767 ] ] ] } },
{ "type": "Feature", "properties": { "cell_id": "8371631", "resolution": 10, "type": "fuller4t", "dggs_topology": "TRIANGLE", "dggs_type": "FULLER4T", "dggs_proj": "FULLER", "dggs_aperture_type": "PURE", "dggs_aperture": 4, "dggs_res_spec": 10 }, "geometry": { "type": "Polygon", "coordinates": [ [ [ 100.684027559389946, 13.646837928343791 ], [ 100.746885754825755, 13.672457633484175 ], [ 100.74698941584694, 13.610316561377315 ], [ 100.684027559389946, 13.646837928343791 ] ] ] } },
{ "type": "Feature", "properties": { "cell_id": "8373680", "resolution": 10, "type": "fuller4t", "dggs_topology": "TRIANGLE", "dggs_type": "FULLER4T", "dggs_proj": "FULLER", "dggs_aperture_type": "PURE", "dggs_aperture": 4, "dggs_res_spec": 10 }, "geometry": { "type": "Polygon", "coordinates": [ [ [ 100.746885754825755, 13.672457633484175 ], [ 100.809841866659838, 13.635931989738767 ], [ 100.74698941584694, 13.610316561377321 ], [ 100.746885754825755, 13.672457633484175 ] ] ] } },
{ "type": "Feature", "properties": { "cell_id": "8377777", "resolution": 10, "type": "fuller4t", "dggs_topology": "TRIANGLE", "dggs_type": "FULLER4T", "dggs_proj": "FULLER", "dggs_aperture_type": "PURE", "dggs_aperture": 4, "dggs_res_spec": 10 }, "geometry": { "type": "Polygon", "coordinates": [ [ [ 100.872778986911442, 13.59942607998021 ], [ 100.935632373303122, 13.625008967808224 ], [ 100.935697063989309, 13.562939984726828 ], [ 100.872778986911442, 13.59942607998021 ] ] ] } },
{ "type": "Feature", "properties": { "cell_id": "8379826", "resolution": 10, "type": "fuller4t", "dggs_topology": "TRIANGLE", "dggs_type": "FULLER4T", "dggs_proj": "FULLER", "dggs_aperture_type": "PURE", "dggs_aperture": 4, "dggs_res_spec": 10 }, "geometry": { "type": "Polygon", "coordinates": [ [ [ 100.935632373303122, 13.625008967808224 ], [ 100.99854439984729, 13.588518687526452 ], [ 100.935697063989309, 13.562939984726828 ], [ 100.935632373303122, 13.625008967808224 ] ] ] } },
{ "type": "Feature", "properties": { "cell_id": "8379827", "resolution": 10, "type": "fuller4t", "dggs_topology": "TRIANGLE", "dggs_type": "FULLER4T", "dggs_proj": "FULLER", "dggs_aperture_type": "PURE", "dggs_aperture": 4, "dggs_res_spec": 10 }, "geometry": { "type": "Polygon", "coordinates": [ [ [ 100.935632373303122, 13.625008967808224 ], [ 100.998492513604049, 13.650563546533506 ], [ 100.99854439984729, 13.588518687526452 ], [ 100.935632373303122, 13.625008967808224 ] ] ] } },
{ "type": "Feature", "properties": { "cell_id": "8377778", "resolution": 10, "type": "fuller4t", "dggs_topology": "TRIANGLE", "dggs_type": "FULLER4T", "dggs_proj": "FULLER", "dggs_aperture_type": "PURE", "dggs_aperture": 4, "dggs_res_spec": 10 }, "geometry": { "type": "Polygon", "coordinates": [ [ [ 100.872701199202439, 13.661519102750622 ], [ 100.935632373303108, 13.625008967808212 ], [ 100.872778986911442, 13.599426079980203 ], [ 100.872701199202439, 13.661519102750622 ] ] ] } },
{ "type": "Feature", "properties": { "cell_id": "8377779", "resolution": 10, "type": "fuller4t", "dggs_topology": "TRIANGLE", "dggs_type": "FULLER4T", "dggs_proj": "FULLER", "dggs_aperture_type": "PURE", "dggs_aperture": 4, "dggs_res_spec": 10 }, "geometry": { "type": "Polygon", "coordinates": [ [ [ 100.872701199202439, 13.661519102750622 ], [ 100.935567383038986, 13.687077894937655 ], [ 100.935632373303108, 13.625008967808212 ], [ 100.872701199202439, 13.661519102750622 ] ] ] } },
{ "type": "Feature", "properties": { "cell_id": "8379828", "resolution": 10, "type": "fuller4t", "dggs_topology": "TRIANGLE", "dggs_type": "FULLER4T", "dggs_proj": "FULLER", "dggs_aperture_type": "PURE", "dggs_aperture": 4, "dggs_res_spec": 10 }, "geometry": { "type": "Polygon", "coordinates": [ [ [ 100.935567383038986, 13.687077894937655 ], [ 100.998492513604049, 13.650563546533506 ], [ 100.935632373303122, 13.625008967808224 ], [ 100.935567383038986, 13.687077894937655 ] ] ] } },
{ "type": "Feature", "properties": { "cell_id": "8377780", "resolution": 10, "type": "fuller4t", "dggs_topology": "TRIANGLE", "dggs_type": "FULLER4T", "dggs_proj": "FULLER", "dggs_aperture_type": "PURE", "dggs_aperture": 4, "dggs_res_spec": 10 }, "geometry": { "type": "Polygon", "coordinates": [ [ [ 100.872623052106775, 13.723612057854147 ], [ 100.935567383038986, 13.687077894937607 ], [ 100.872701199202467, 13.661519102750578 ], [ 100.872623052106775, 13.723612057854147 ] ] ] } },
{ "type": "Feature", "properties": { "cell_id": "8375730", "resolution": 10, "type": "fuller4t", "dggs_topology": "TRIANGLE", "dggs_type": "FULLER4T", "dggs_proj": "FULLER", "dggs_aperture_type": "PURE", "dggs_aperture": 4, "dggs_res_spec": 10 }, "geometry": { "type": "Polygon", "coordinates": [ [ [ 100.809750929193441, 13.698049011902658 ], [ 100.872701199202467, 13.661519102750578 ], [ 100.809841866659838, 13.635931989738767 ], [ 100.809750929193441, 13.698049011902658 ] ] ] } },
{ "type": "Feature", "properties": { "cell_id": "8373681", "resolution": 10, "type": "fuller4t", "dggs_topology": "TRIANGLE", "dggs_type": "FULLER4T", "dggs_proj": "FULLER", "dggs_aperture_type": "PURE", "dggs_aperture": 4, "dggs_res_spec": 10 }, "geometry": { "type": "Polygon", "coordinates": [ [ [ 100.746885754825755, 13.672457633484175 ], [ 100.809750929193441, 13.698049011902658 ], [ 100.809841866659838, 13.635931989738767 ], [ 100.746885754825755, 13.672457633484175 ] ] ] } },
{ "type": "Feature", "properties": { "cell_id": "8371632", "resolution": 10, "type": "fuller4t", "dggs_topology": "TRIANGLE", "dggs_type": "FULLER4T", "dggs_proj": "FULLER", "dggs_aperture_type": "PURE", "dggs_aperture": 4, "dggs_res_spec": 10 }, "geometry": { "type": "Polygon", "coordinates": [ [ [ 100.683910703098363, 13.709002930369778 ], [ 100.74688575482574, 13.672457633484166 ], [ 100.684027559389918, 13.646837928343784 ], [ 100.683910703098363, 13.709002930369778 ] ] ] } },
{ "type": "Feature", "properties": { "cell_id": "8375731", "resolution": 10, "type": "fuller4t", "dggs_topology": "TRIANGLE", "dggs_type": "FULLER4T", "dggs_proj": "FULLER", "dggs_aperture_type": "PURE", "dggs_aperture": 4, "dggs_res_spec": 10 }, "geometry": { "type": "Polygon", "coordinates": [ [ [ 100.809750929193441, 13.698049011902658 ], [ 100.872623052106775, 13.723612057854147 ], [ 100.872701199202467, 13.661519102750578 ], [ 100.809750929193441, 13.698049011902658 ] ] ] } },
{ "type": "Feature", "properties": { "cell_id": "8371633", "resolution": 10, "type": "fuller4t", "dggs_topology": "TRIANGLE", "dggs_type": "FULLER4T", "dggs_proj": "FULLER", "dggs_aperture_type": "PURE", "dggs_aperture": 4, "dggs_res_spec": 10 }, "geometry": { "type": "Polygon", "coordinates": [ [ [ 100.683910703098363, 13.709002930369778 ], [ 100.746781614926704, 13.734598614348746 ], [ 100.74688575482574, 13.672457633484166 ], [ 100.683910703098363, 13.709002930369778 ] ] ] } },
{ "type": "Feature", "properties": { "cell_id": "8373682", "resolution": 10, "type": "fuller4t", "dggs_topology": "TRIANGLE", "dggs_type": "FULLER4T", "dggs_proj": "FULLER", "dggs_aperture_type": "PURE", "dggs_aperture": 4, "dggs_res_spec": 10 }, "geometry": { "type": "Polygon", "coordinates": [ [ [ 100.746781614926704, 13.734598614348746 ], [ 100.809750929193441, 13.698049011902658 ], [ 100.746885754825755, 13.672457633484175 ], [ 100.746781614926704, 13.734598614348746 ] ] ] } },
{ "type": "Feature", "properties": { "cell_id": "8373683", "resolution": 10, "type": "fuller4t", "dggs_topology": "TRIANGLE", "dggs_type": "FULLER4T", "dggs_proj": "FULLER", "dggs_aperture_type": "PURE", "dggs_aperture": 4, "dggs_res_spec": 10 }, "geometry": { "type": "Polygon", "coordinates": [ [ [ 100.746781614926704, 13.734598614348746 ], [ 100.809659572531103, 13.760165954456722 ], [ 100.809750929193441, 13.698049011902658 ], [ 100.746781614926704, 13.734598614348746 ] ] ] } },
{ "type": "Feature", "properties": { "cell_id": "8375732", "resolution": 10, "type": "fuller4t", "dggs_topology": "TRIANGLE", "dggs_type": "FULLER4T", "dggs_proj": "FULLER", "dggs_aperture_type": "PURE", "dggs_aperture": 4, "dggs_res_spec": 10 }, "geometry": { "type": "Polygon", "coordinates": [ [ [ 100.809659572531075, 13.76016595445676 ], [ 100.872623052106775, 13.723612057854147 ], [ 100.809750929193441, 13.698049011902658 ], [ 100.809659572531075, 13.76016595445676 ] ] ] } },
{ "type": "Feature", "properties": { "cell_id": "8371634", "resolution": 10, "type": "fuller4t", "dggs_topology": "TRIANGLE", "dggs_type": "FULLER4T", "dggs_proj": "FULLER", "dggs_aperture_type": "PURE", "dggs_aperture": 4, "dggs_res_spec": 10 }, "geometry": { "type": "Polygon", "coordinates": [ [ [ 100.683793308199242, 13.771167828911896 ], [ 100.746781614926704, 13.734598614348746 ], [ 100.683910703098363, 13.709002930369778 ], [ 100.683793308199242, 13.771167828911896 ] ] ] } },
{ "type": "Feature", "properties": { "cell_id": "8375733", "resolution": 10, "type": "fuller4t", "dggs_topology": "TRIANGLE", "dggs_type": "FULLER4T", "dggs_proj": "FULLER", "dggs_aperture_type": "PURE", "dggs_aperture": 4, "dggs_res_spec": 10 }, "geometry": { "type": "Polygon", "coordinates": [ [ [ 100.809659572531075, 13.76016595445676 ], [ 100.872544545544486, 13.785704944912323 ], [ 100.872623052106775, 13.723612057854147 ], [ 100.809659572531075, 13.76016595445676 ] ] ] } },
{ "type": "Feature", "properties": { "cell_id": "8371635", "resolution": 10, "type": "fuller4t", "dggs_topology": "TRIANGLE", "dggs_type": "FULLER4T", "dggs_proj": "FULLER", "dggs_aperture_type": "PURE", "dggs_aperture": 4, "dggs_res_spec": 10 }, "geometry": { "type": "Polygon", "coordinates": [ [ [ 100.683793308199242, 13.771167828911896 ], [ 100.746676996070363, 13.796739503498864 ], [ 100.746781614926704, 13.734598614348746 ], [ 100.683793308199242, 13.771167828911896 ] ] ] } },
{ "type": "Feature", "properties": { "cell_id": "8373684", "resolution": 10, "type": "fuller4t", "dggs_topology": "TRIANGLE", "dggs_type": "FULLER4T", "dggs_proj": "FULLER", "dggs_aperture_type": "PURE", "dggs_aperture": 4, "dggs_res_spec": 10 }, "geometry": { "type": "Polygon", "coordinates": [ [ [ 100.746676996070363, 13.796739503498864 ], [ 100.809659572531075, 13.760165954456713 ], [ 100.746781614926704, 13.734598614348746 ], [ 100.746676996070363, 13.796739503498864 ] ] ] } },
{ "type": "Feature", "properties": { "cell_id": "8373685", "resolution": 10, "type": "fuller4t", "dggs_topology": "TRIANGLE", "dggs_type": "FULLER4T", "dggs_proj": "FULLER", "dggs_aperture_type": "PURE", "dggs_aperture": 4, "dggs_res_spec": 10 }, "geometry": { "type": "Polygon", "coordinates": [ [ [ 100.746676996070363, 13.796739503498864 ], [ 100.809567796593086, 13.822282816975655 ], [ 100.809659572531075, 13.760165954456713 ], [ 100.746676996070363, 13.796739503498864 ] ] ] } },
{ "type": "Feature", "properties": { "cell_id": "8375734", "resolution": 10, "type": "fuller4t", "dggs_topology": "TRIANGLE", "dggs_type": "FULLER4T", "dggs_proj": "FULLER", "dggs_aperture_type": "PURE", "dggs_aperture": 4, "dggs_res_spec": 10 }, "geometry": { "type": "Polygon", "coordinates": [ [ [ 100.809567796593058, 13.822282816975692 ], [ 100.872544545544486, 13.785704944912315 ], [ 100.809659572531103, 13.760165954456722 ], [ 100.809567796593058, 13.822282816975692 ] ] ] } },
{ "type": "Feature", "properties": { "cell_id": "8371636", "resolution": 10, "type": "fuller4t", "dggs_topology": "TRIANGLE", "dggs_type": "FULLER4T", "dggs_proj": "FULLER", "dggs_aperture_type": "PURE", "dggs_aperture": 4, "dggs_res_spec": 10 }, "geometry": { "type": "Polygon", "coordinates": [ [ [ 100.6836753745973, 13.833332623427214 ], [ 100.746676996070363, 13.796739503498864 ], [ 100.683793308199242, 13.771167828911896 ], [ 100.6836753745973, 13.833332623427214 ] ] ] } },
{ "type": "Feature", "properties": { "cell_id": "8375735", "resolution": 10, "type": "fuller4t", "dggs_topology": "TRIANGLE", "dggs_type": "FULLER4T", "dggs_proj": "FULLER", "dggs_aperture_type": "PURE", "dggs_aperture": 4, "dggs_res_spec": 10 }, "geometry": { "type": "Polygon", "coordinates": [ [ [ 100.809567796593058, 13.822282816975692 ], [ 100.872465679451707, 13.847797763568641 ], [ 100.872544545544486, 13.785704944912315 ], [ 100.809567796593058, 13.822282816975692 ] ] ] } },
{ "type": "Feature", "properties": { "cell_id": "8373686", "resolution": 10, "type": "fuller4t", "dggs_topology": "TRIANGLE", "dggs_type": "FULLER4T", "dggs_proj": "FULLER", "dggs_aperture_type": "PURE", "dggs_aperture": 4, "dggs_res_spec": 10 }, "geometry": { "type": "Polygon", "coordinates": [ [ [ 100.746571898177194, 13.858880300461696 ], [ 100.809567796593086, 13.822282816975655 ], [ 100.746676996070363, 13.796739503498864 ], [ 100.746571898177194, 13.858880300461696 ] ] ] } },
{ "type": "Feature", "properties": { "cell_id": "8371637", "resolution": 10, "type": "fuller4t", "dggs_topology": "TRIANGLE", "dggs_type": "FULLER4T", "dggs_proj": "FULLER", "dggs_aperture_type": "PURE", "dggs_aperture": 4, "dggs_res_spec": 10 }, "geometry": { "type": "Polygon", "coordinates": [ [ [ 100.6836753745973, 13.833332623427214 ], [ 100.746571898177194, 13.858880300461696 ], [ 100.746676996070363, 13.796739503498864 ], [ 100.6836753745973, 13.833332623427214 ] ] ] } },
{ "type": "Feature", "properties": { "cell_id": "8373687", "resolution": 10, "type": "fuller4t", "dggs_topology": "TRIANGLE", "dggs_type": "FULLER4T", "dggs_proj": "FULLER", "dggs_aperture_type": "PURE", "dggs_aperture": 4, "dggs_res_spec": 10 }, "geometry": { "type": "Polygon", "coordinates": [ [ [ 100.746571898177194, 13.858880300461696 ], [ 100.809475601315725, 13.884399599056046 ], [ 100.809567796593086, 13.822282816975655 ], [ 100.746571898177194, 13.858880300461696 ] ] ] } },
{ "type": "Feature", "properties": { "cell_id": "8375736", "resolution": 10, "type": "fuller4t", "dggs_topology": "TRIANGLE", "dggs_type": "FULLER4T", "dggs_proj": "FULLER", "dggs_aperture_type": "PURE", "dggs_aperture": 4, "dggs_res_spec": 10 }, "geometry": { "type": "Polygon", "coordinates": [ [ [ 100.809475601315697, 13.88439959905609 ], [ 100.872465679451707, 13.847797763568641 ], [ 100.809567796593058, 13.822282816975692 ], [ 100.809475601315697, 13.88439959905609 ] ] ] } },
{ "type": "Feature", "properties": { "cell_id": "8377782", "resolution": 10, "type": "fuller4t", "dggs_topology": "TRIANGLE", "dggs_type": "FULLER4T", "dggs_proj": "FULLER", "dggs_aperture_type": "PURE", "dggs_aperture": 4, "dggs_res_spec": 10 }, "geometry": { "type": "Polygon", "coordinates": [ [ [ 100.872544545544486, 13.785704944912323 ], [ 100.935502093149012, 13.749146765827629 ], [ 100.872623052106775, 13.723612057854147 ], [ 100.872544545544486, 13.785704944912323 ] ] ] } },
{ "type": "Feature", "properties": { "cell_id": "8377783", "resolution": 10, "type": "fuller4t", "dggs_topology": "TRIANGLE", "dggs_type": "FULLER4T", "dggs_proj": "FULLER", "dggs_aperture_type": "PURE", "dggs_aperture": 4, "dggs_res_spec": 10 }, "geometry": { "type": "Polygon", "coordinates": [ [ [ 100.872544545544486, 13.785704944912323 ], [ 100.935436503585194, 13.811215580190359 ], [ 100.935502093149012, 13.749146765827629 ], [ 100.872544545544486, 13.785704944912323 ] ] ] } },
{ "type": "Feature", "properties": { "cell_id": "8379832", "resolution": 10, "type": "fuller4t", "dggs_topology": "TRIANGLE", "dggs_type": "FULLER4T", "dggs_proj": "FULLER", "dggs_aperture_type": "PURE", "dggs_aperture": 4, "dggs_res_spec": 10 }, "geometry": { "type": "Polygon", "coordinates": [ [ [ 100.93543650358518, 13.811215580190392 ], [ 100.998388021808807, 13.774653130456223 ], [ 100.935502093149012, 13.749146765827673 ], [ 100.93543650358518, 13.811215580190392 ] ] ] } },
{ "type": "Feature", "properties": { "cell_id": "8379833", "resolution": 10, "type": "fuller4t", "dggs_topology": "TRIANGLE", "dggs_type": "FULLER4T", "dggs_proj": "FULLER", "dggs_aperture_type": "PURE", "dggs_aperture": 4, "dggs_res_spec": 10 }, "geometry": { "type": "Polygon", "coordinates": [ [ [ 100.93543650358518, 13.811215580190392 ], [ 100.998335416176772, 13.836697854909271 ], [ 100.998388021808807, 13.774653130456223 ], [ 100.93543650358518, 13.811215580190392 ] ] ] } },
{ "type": "Feature", "properties": { "cell_id": "8377784", "resolution": 10, "type": "fuller4t", "dggs_topology": "TRIANGLE", "dggs_type": "FULLER4T", "dggs_proj": "FULLER", "dggs_aperture_type": "PURE", "dggs_aperture": 4, "dggs_res_spec": 10 }, "geometry": { "type": "Polygon", "coordinates": [ [ [ 100.872465679451722, 13.847797763568698 ], [ 100.935436503585194, 13.811215580190359 ], [ 100.872544545544486, 13.785704944912323 ], [ 100.872465679451722, 13.847797763568698 ] ] ] } },
{ "type": "Feature", "properties": { "cell_id": "8377785", "resolution": 10, "type": "fuller4t", "dggs_topology": "TRIANGLE", "dggs_type": "FULLER4T", "dggs_proj": "FULLER", "dggs_aperture_type": "PURE", "dggs_aperture": 4, "dggs_res_spec": 10 }, "geometry": { "type": "Polygon", "coordinates": [ [ [ 100.872465679451722, 13.847797763568698 ], [ 100.935370614283542, 13.87328433771507 ], [ 100.935436503585194, 13.811215580190359 ], [ 100.872465679451722, 13.847797763568698 ] ] ] } },
{ "type": "Feature", "properties": { "cell_id": "8379834", "resolution": 10, "type": "fuller4t", "dggs_topology": "TRIANGLE", "dggs_type": "FULLER4T", "dggs_proj": "FULLER", "dggs_aperture_type": "PURE", "dggs_aperture": 4, "dggs_res_spec": 10 }, "geometry": { "type": "Polygon", "coordinates": [ [ [ 100.935370614283542, 13.87328433771507 ], [ 100.998335416176729, 13.836697854909254 ], [ 100.935436503585194, 13.811215580190359 ], [ 100.935370614283542, 13.87328433771507 ] ] ] } },
{ "type": "Feature", "properties": { "cell_id": "8377786", "resolution": 10, "type": "fuller4t", "dggs_topology": "TRIANGLE", "dggs_type": "FULLER4T", "dggs_proj": "FULLER", "dggs_aperture_type": "PURE", "dggs_aperture": 4, "dggs_res_spec": 10 }, "geometry": { "type": "Polygon", "coordinates": [ [ [ 100.87238645378072, 13.909890513488588 ], [ 100.935370614283542, 13.87328433771507 ], [ 100.872465679451722, 13.847797763568698 ], [ 100.87238645378072, 13.909890513488588 ] ] ] } },
{ "type": "Feature", "properties": { "cell_id": "8375737", "resolution": 10, "type": "fuller4t", "dggs_topology": "TRIANGLE", "dggs_type": "FULLER4T", "dggs_proj": "FULLER", "dggs_aperture_type": "PURE", "dggs_aperture": 4, "dggs_res_spec": 10 }, "geometry": { "type": "Polygon", "coordinates": [ [ [ 100.809475601315697, 13.88439959905609 ], [ 100.87238645378072, 13.909890513488588 ], [ 100.872465679451707, 13.847797763568641 ], [ 100.809475601315697, 13.88439959905609 ] ] ] } },
{ "type": "Feature", "properties": { "cell_id": "8373688", "resolution": 10, "type": "fuller4t", "dggs_topology": "TRIANGLE", "dggs_type": "FULLER4T", "dggs_proj": "FULLER", "dggs_aperture_type": "PURE", "dggs_aperture": 4, "dggs_res_spec": 10 }, "geometry": { "type": "Polygon", "coordinates": [ [ [ 100.746466321151672, 13.921021004741206 ], [ 100.809475601315725, 13.884399599056046 ], [ 100.746571898177194, 13.858880300461696 ], [ 100.746466321151672, 13.921021004741206 ] ] ] } },
{ "type": "Feature", "properties": { "cell_id": "8373689", "resolution": 10, "type": "fuller4t", "dggs_topology": "TRIANGLE", "dggs_type": "FULLER4T", "dggs_proj": "FULLER", "dggs_aperture_type": "PURE", "dggs_aperture": 4, "dggs_res_spec": 10 }, "geometry": { "type": "Polygon", "coordinates": [ [ [ 100.746466321151672, 13.921021004741206 ], [ 100.809382986651514, 13.946516300316352 ], [ 100.809475601315725, 13.884399599056046 ], [ 100.746466321151672, 13.921021004741206 ] ] ] } },
{ "type": "Feature", "properties": { "cell_id": "8375738", "resolution": 10, "type": "fuller4t", "dggs_topology": "TRIANGLE", "dggs_type": "FULLER4T", "dggs_proj": "FULLER", "dggs_aperture_type": "PURE", "dggs_aperture": 4, "dggs_res_spec": 10 }, "geometry": { "type": "Polygon", "coordinates": [ [ [ 100.809382986651514, 13.946516300316352 ], [ 100.872386453780734, 13.909890513488541 ], [ 100.809475601315725, 13.884399599056046 ], [ 100.809382986651514, 13.946516300316352 ] ] ] } },
{ "type": "Feature", "properties": { "cell_id": "8375739", "resolution": 10, "type": "fuller4t", "dggs_topology": "TRIANGLE", "dggs_type": "FULLER4T", "dggs_proj": "FULLER", "dggs_aperture_type": "PURE", "dggs_aperture": 4, "dggs_res_spec": 10 }, "geometry": { "type": "Polygon", "coordinates": [ [ [ 100.809382986651514, 13.946516300316352 ], [ 100.872306868467646, 13.971983194314504 ], [ 100.872386453780734, 13.909890513488541 ], [ 100.809382986651514, 13.946516300316352 ] ] ] } },
{ "type": "Feature", "properties": { "cell_id": "8373690", "resolution": 10, "type": "fuller4t", "dggs_topology": "TRIANGLE", "dggs_type": "FULLER4T", "dggs_proj": "FULLER", "dggs_aperture_type": "PURE", "dggs_aperture": 4, "dggs_res_spec": 10 }, "geometry": { "type": "Polygon", "coordinates": [ [ [ 100.746360264930431, 13.983161615885816 ], [ 100.809382986651514, 13.946516300316352 ], [ 100.746466321151672, 13.921021004741206 ], [ 100.746360264930431, 13.983161615885816 ] ] ] } },
{ "type": "Feature", "properties": { "cell_id": "8373691", "resolution": 10, "type": "fuller4t", "dggs_topology": "TRIANGLE", "dggs_type": "FULLER4T", "dggs_proj": "FULLER", "dggs_aperture_type": "PURE", "dggs_aperture": 4, "dggs_res_spec": 10 }, "geometry": { "type": "Polygon", "coordinates": [ [ [ 100.746360264930431, 13.983161615885816 ], [ 100.809289952488555, 14.008632920284583 ], [ 100.809382986651514, 13.946516300316352 ], [ 100.746360264930431, 13.983161615885816 ] ] ] } },
{ "type": "Feature", "properties": { "cell_id": "8375740", "resolution": 10, "type": "fuller4t", "dggs_topology": "TRIANGLE", "dggs_type": "FULLER4T", "dggs_proj": "FULLER", "dggs_aperture_type": "PURE", "dggs_aperture": 4, "dggs_res_spec": 10 }, "geometry": { "type": "Polygon", "coordinates": [ [ [ 100.809289952488555, 14.008632920284583 ], [ 100.872306868467646, 13.971983194314504 ], [ 100.809382986651514, 13.946516300316352 ], [ 100.809289952488555, 14.008632920284583 ] ] ] } },
{ "type": "Feature", "properties": { "cell_id": "8375741", "resolution": 10, "type": "fuller4t", "dggs_topology": "TRIANGLE", "dggs_type": "FULLER4T", "dggs_proj": "FULLER", "dggs_aperture_type": "PURE", "dggs_aperture": 4, "dggs_res_spec": 10 }, "geometry": { "type": "Polygon", "coordinates": [ [ [ 100.809289952488555, 14.008632920284583 ], [ 100.87222692346478, 14.034075805710977 ], [ 100.872306868467646, 13.971983194314504 ], [ 100.809289952488555, 14.008632920284583 ] ] ] } },
{ "type": "Feature", "properties": { "cell_id": "8373692", "resolution": 10, "type": "fuller4t", "dggs_topology": "TRIANGLE", "dggs_type": "FULLER4T", "dggs_proj": "FULLER", "dggs_aperture_type": "PURE", "dggs_aperture": 4, "dggs_res_spec": 10 }, "geometry": { "type": "Polygon", "coordinates": [ [ [ 100.746253729417845, 14.045302133398193 ], [ 100.809289952488555, 14.008632920284583 ], [ 100.746360264930431, 13.983161615885759 ], [ 100.746253729417845, 14.045302133398193 ] ] ] } },
{ "type": "Feature", "properties": { "cell_id": "8377787", "resolution": 10, "type": "fuller4t", "dggs_topology": "TRIANGLE", "dggs_type": "FULLER4T", "dggs_proj": "FULLER", "dggs_aperture_type": "PURE", "dggs_aperture": 4, "dggs_res_spec": 10 }, "geometry": { "type": "Polygon", "coordinates": [ [ [ 100.87238645378072, 13.909890513488588 ], [ 100.93530442521228, 13.935353038135544 ], [ 100.935370614283542, 13.87328433771507 ], [ 100.87238645378072, 13.909890513488588 ] ] ] } },
{ "type": "Feature", "properties": { "cell_id": "8377788", "resolution": 10, "type": "fuller4t", "dggs_topology": "TRIANGLE", "dggs_type": "FULLER4T", "dggs_proj": "FULLER", "dggs_aperture_type": "PURE", "dggs_aperture": 4, "dggs_res_spec": 10 }, "geometry": { "type": "Polygon", "coordinates": [ [ [ 100.872306868467646, 13.971983194314557 ], [ 100.93530442521228, 13.935353038135544 ], [ 100.87238645378072, 13.909890513488588 ], [ 100.872306868467646, 13.971983194314557 ] ] ] } },
{ "type": "Feature", "properties": { "cell_id": "8377789", "resolution": 10, "type": "fuller4t", "dggs_topology": "TRIANGLE", "dggs_type": "FULLER4T", "dggs_proj": "FULLER", "dggs_aperture_type": "PURE", "dggs_aperture": 4, "dggs_res_spec": 10 }, "geometry": { "type": "Polygon", "coordinates": [ [ [ 100.872306868467646, 13.971983194314557 ], [ 100.935237936323389, 13.997421681162686 ], [ 100.93530442521228, 13.935353038135544 ], [ 100.872306868467646, 13.971983194314557 ] ] ] } },
{ "type": "Feature", "properties": { "cell_id": "8377790", "resolution": 10, "type": "fuller4t", "dggs_topology": "TRIANGLE", "dggs_type": "FULLER4T", "dggs_proj": "FULLER", "dggs_aperture_type": "PURE", "dggs_aperture": 4, "dggs_res_spec": 10 }, "geometry": { "type": "Polygon", "coordinates": [ [ [ 100.87222692346478, 14.034075805710977 ], [ 100.935237936323418, 13.997421681162654 ], [ 100.872306868467646, 13.971983194314504 ], [ 100.87222692346478, 14.034075805710977 ] ] ] } },
{ "type": "Feature", "properties": { "cell_id": "8377791", "resolution": 10, "type": "fuller4t", "dggs_topology": "TRIANGLE", "dggs_type": "FULLER4T", "dggs_proj": "FULLER", "dggs_aperture_type": "PURE", "dggs_aperture": 4, "dggs_res_spec": 10 }, "geometry": { "type": "Polygon", "coordinates": [ [ [ 100.87222692346478, 14.034075805710977 ], [ 100.935171147552921, 14.059490266484499 ], [ 100.935237936323418, 13.997421681162654 ], [ 100.87222692346478, 14.034075805710977 ] ] ] } },
{ "type": "Feature", "properties": { "cell_id": "8365478", "resolution": 10, "type": "fuller4t", "dggs_topology": "TRIANGLE", "dggs_type": "FULLER4T", "dggs_proj": "FULLER", "dggs_aperture_type": "PURE", "dggs_aperture": 4, "dggs_res_spec": 10 }, "geometry": { "type": "Polygon", "coordinates": [ [ [ 100.495649036853564, 13.507571811184464 ], [ 100.558614430985031, 13.471087196778599 ], [ 100.495802207513378, 13.445334572343347 ], [ 100.495649036853564, 13.507571811184464 ] ] ] } },
{ "type": "Feature", "properties": { "cell_id": "8363429", "resolution": 10, "type": "fuller4t", "dggs_topology": "TRIANGLE", "dggs_type": "FULLER4T", "dggs_proj": "FULLER", "dggs_aperture_type": "PURE", "dggs_aperture": 4, "dggs_res_spec": 10 }, "geometry": { "type": "Polygon", "coordinates": [ [ [ 100.432831449291015, 13.481814895203964 ], [ 100.495649036853564, 13.507571811184464 ], [ 100.495802207513378, 13.445334572343347 ], [ 100.432831449291015, 13.481814895203964 ] ] ] } },
{ "type": "Feature", "properties": { "cell_id": "8369577", "resolution": 10, "type": "fuller4t", "dggs_topology": "TRIANGLE", "dggs_type": "FULLER4T", "dggs_proj": "FULLER", "dggs_aperture_type": "PURE", "dggs_aperture": 4, "dggs_res_spec": 10 }, "geometry": { "type": "Polygon", "coordinates": [ [ [ 100.62143359072607, 13.496811546733831 ], [ 100.684259656515593, 13.522507615985312 ], [ 100.684374897508079, 13.460342306690027 ], [ 100.62143359072607, 13.496811546733831 ] ] ] } },
{ "type": "Feature", "properties": { "cell_id": "8367528", "resolution": 10, "type": "fuller4t", "dggs_topology": "TRIANGLE", "dggs_type": "FULLER4T", "dggs_proj": "FULLER", "dggs_aperture_type": "PURE", "dggs_aperture": 4, "dggs_res_spec": 10 }, "geometry": { "type": "Polygon", "coordinates": [ [ [ 100.558473657448232, 13.533300442128745 ], [ 100.62143359072607, 13.496811546733831 ], [ 100.558614430985031, 13.471087196778599 ], [ 100.558473657448232, 13.533300442128745 ] ] ] } },
{ "type": "Feature", "properties": { "cell_id": "8369578", "resolution": 10, "type": "fuller4t", "dggs_topology": "TRIANGLE", "dggs_type": "FULLER4T", "dggs_proj": "FULLER", "dggs_aperture_type": "PURE", "dggs_aperture": 4, "dggs_res_spec": 10 }, "geometry": { "type": "Polygon", "coordinates": [ [ [ 100.621305280953734, 13.559000781611616 ], [ 100.684259656515593, 13.522507615985312 ], [ 100.62143359072607, 13.496811546733831 ], [ 100.621305280953734, 13.559000781611616 ] ] ] } },
{ "type": "Feature", "properties": { "cell_id": "8367529", "resolution": 10, "type": "fuller4t", "dggs_topology": "TRIANGLE", "dggs_type": "FULLER4T", "dggs_proj": "FULLER", "dggs_aperture_type": "PURE", "dggs_aperture": 4, "dggs_res_spec": 10 }, "geometry": { "type": "Polygon", "coordinates": [ [ [ 100.558473657448232, 13.533300442128745 ], [ 100.621305280953734, 13.559000781611616 ], [ 100.62143359072607, 13.496811546733831 ], [ 100.558473657448232, 13.533300442128745 ] ] ] } },
{ "type": "Feature", "properties": { "cell_id": "8365479", "resolution": 10, "type": "fuller4t", "dggs_topology": "TRIANGLE", "dggs_type": "FULLER4T", "dggs_proj": "FULLER", "dggs_aperture_type": "PURE", "dggs_aperture": 4, "dggs_res_spec": 10 }, "geometry": { "type": "Polygon", "coordinates": [ [ [ 100.495649036853564, 13.507571811184464 ], [ 100.558473657448246, 13.5333004421287 ], [ 100.558614430985031, 13.471087196778599 ], [ 100.495649036853564, 13.507571811184464 ] ] ] } },
{ "type": "Feature", "properties": { "cell_id": "8363430", "resolution": 10, "type": "fuller4t", "dggs_topology": "TRIANGLE", "dggs_type": "FULLER4T", "dggs_proj": "FULLER", "dggs_aperture_type": "PURE", "dggs_aperture": 4, "dggs_res_spec": 10 }, "geometry": { "type": "Polygon", "coordinates": [ [ [ 100.432665171680853, 13.544075960974961 ], [ 100.495649036853564, 13.507571811184464 ], [ 100.432831449291015, 13.481814895203964 ], [ 100.432665171680853, 13.544075960974961 ] ] ] } },
{ "type": "Feature", "properties": { "cell_id": "8365480", "resolution": 10, "type": "fuller4t", "dggs_topology": "TRIANGLE", "dggs_type": "FULLER4T", "dggs_proj": "FULLER", "dggs_aperture_type": "PURE", "dggs_aperture": 4, "dggs_res_spec": 10 }, "geometry": { "type": "Polygon", "coordinates": [ [ [ 100.495495149189921, 13.569808912322637 ], [ 100.558473657448246, 13.5333004421287 ], [ 100.495649036853564, 13.507571811184464 ], [ 100.495495149189921, 13.569808912322637 ] ] ] } },
{ "type": "Feature", "properties": { "cell_id": "8363431", "resolution": 10, "type": "fuller4t", "dggs_topology": "TRIANGLE", "dggs_type": "FULLER4T", "dggs_proj": "FULLER", "dggs_aperture_type": "PURE", "dggs_aperture": 4, "dggs_res_spec": 10 }, "geometry": { "type": "Polygon", "coordinates": [ [ [ 100.432665171680853, 13.544075960974961 ], [ 100.495495149189921, 13.569808912322637 ], [ 100.495649036853564, 13.507571811184464 ], [ 100.432665171680853, 13.544075960974961 ] ] ] } },
{ "type": "Feature", "properties": { "cell_id": "8365481", "resolution": 10, "type": "fuller4t", "dggs_topology": "TRIANGLE", "dggs_type": "FULLER4T", "dggs_proj": "FULLER", "dggs_aperture_type": "PURE", "dggs_aperture": 4, "dggs_res_spec": 10 }, "geometry": { "type": "Polygon", "coordinates": [ [ [ 100.495495149189921, 13.569808912322637 ], [ 100.558332226383683, 13.595513561600217 ], [ 100.558473657448246, 13.5333004421287 ], [ 100.495495149189921, 13.569808912322637 ] ] ] } },
{ "type": "Feature", "properties": { "cell_id": "8363432", "resolution": 10, "type": "fuller4t", "dggs_topology": "TRIANGLE", "dggs_type": "FULLER4T", "dggs_proj": "FULLER", "dggs_aperture_type": "PURE", "dggs_aperture": 4, "dggs_res_spec": 10 }, "geometry": { "type": "Polygon", "coordinates": [ [ [ 100.432498117512424, 13.606336876374264 ], [ 100.495495149189921, 13.569808912322637 ], [ 100.432665171680853, 13.544075960974961 ], [ 100.432498117512424, 13.606336876374264 ] ] ] } },
{ "type": "Feature", "properties": { "cell_id": "8365482", "resolution": 10, "type": "fuller4t", "dggs_topology": "TRIANGLE", "dggs_type": "FULLER4T", "dggs_proj": "FULLER", "dggs_aperture_type": "PURE", "dggs_aperture": 4, "dggs_res_spec": 10 }, "geometry": { "type": "Polygon", "coordinates": [ [ [ 100.495340544396058, 13.632045875026165 ], [ 100.558332226383683, 13.595513561600217 ], [ 100.495495149189921, 13.569808912322637 ], [ 100.495340544396058, 13.632045875026165 ] ] ] } },
{ "type": "Feature", "properties": { "cell_id": "8363433", "resolution": 10, "type": "fuller4t", "dggs_topology": "TRIANGLE", "dggs_type": "FULLER4T", "dggs_proj": "FULLER", "dggs_aperture_type": "PURE", "dggs_aperture": 4, "dggs_res_spec": 10 }, "geometry": { "type": "Polygon", "coordinates": [ [ [ 100.432498117512424, 13.606336876374264 ], [ 100.495340544396058, 13.632045875026165 ], [ 100.495495149189921, 13.569808912322637 ], [ 100.432498117512424, 13.606336876374264 ] ] ] } },
{ "type": "Feature", "properties": { "cell_id": "8365483", "resolution": 10, "type": "fuller4t", "dggs_topology": "TRIANGLE", "dggs_type": "FULLER4T", "dggs_proj": "FULLER", "dggs_aperture_type": "PURE", "dggs_aperture": 4, "dggs_res_spec": 10 }, "geometry": { "type": "Polygon", "coordinates": [ [ [ 100.495340544396058, 13.632045875026165 ], [ 100.558190137680654, 13.657726554532799 ], [ 100.558332226383683, 13.595513561600217 ], [ 100.495340544396058, 13.632045875026165 ] ] ] } },
{ "type": "Feature", "properties": { "cell_id": "8363434", "resolution": 10, "type": "fuller4t", "dggs_topology": "TRIANGLE", "dggs_type": "FULLER4T", "dggs_proj": "FULLER", "dggs_aperture_type": "PURE", "dggs_aperture": 4, "dggs_res_spec": 10 }, "geometry": { "type": "Polygon", "coordinates": [ [ [ 100.432330286643705, 13.668597640597225 ], [ 100.495340544396072, 13.63204587502613 ], [ 100.432498117512452, 13.606336876374231 ], [ 100.432330286643705, 13.668597640597225 ] ] ] } },
{ "type": "Feature", "properties": { "cell_id": "8369579", "resolution": 10, "type": "fuller4t", "dggs_topology": "TRIANGLE", "dggs_type": "FULLER4T", "dggs_proj": "FULLER", "dggs_aperture_type": "PURE", "dggs_aperture": 4, "dggs_res_spec": 10 }, "geometry": { "type": "Polygon", "coordinates": [ [ [ 100.621305280953734, 13.559000781611616 ], [ 100.684143877169262, 13.584672823375991 ], [ 100.684259656515593, 13.522507615985312 ], [ 100.621305280953734, 13.559000781611616 ] ] ] } },
{ "type": "Feature", "properties": { "cell_id": "8367530", "resolution": 10, "type": "fuller4t", "dggs_topology": "TRIANGLE", "dggs_type": "FULLER4T", "dggs_proj": "FULLER", "dggs_aperture_type": "PURE", "dggs_aperture": 4, "dggs_res_spec": 10 }, "geometry": { "type": "Polygon", "coordinates": [ [ [ 100.558332226383683, 13.595513561600217 ], [ 100.621305280953749, 13.559000781611573 ], [ 100.558473657448246, 13.5333004421287 ], [ 100.558332226383683, 13.595513561600217 ] ] ] } },
{ "type": "Feature", "properties": { "cell_id": "8367531", "resolution": 10, "type": "fuller4t", "dggs_topology": "TRIANGLE", "dggs_type": "FULLER4T", "dggs_proj": "FULLER", "dggs_aperture_type": "PURE", "dggs_aperture": 4, "dggs_res_spec": 10 }, "geometry": { "type": "Polygon", "coordinates": [ [ [ 100.558332226383683, 13.595513561600217 ], [ 100.621176373161219, 13.621189902348554 ], [ 100.621305280953749, 13.559000781611573 ], [ 100.558332226383683, 13.595513561600217 ] ] ] } },
{ "type": "Feature", "properties": { "cell_id": "8369580", "resolution": 10, "type": "fuller4t", "dggs_topology": "TRIANGLE", "dggs_type": "FULLER4T", "dggs_proj": "FULLER", "dggs_aperture_type": "PURE", "dggs_aperture": 4, "dggs_res_spec": 10 }, "geometry": { "type": "Polygon", "coordinates": [ [ [ 100.621176373161205, 13.621189902348599 ], [ 100.684143877169262, 13.584672823375991 ], [ 100.621305280953734, 13.559000781611616 ], [ 100.621176373161205, 13.621189902348599 ] ] ] } },
{ "type": "Feature", "properties": { "cell_id": "8369581", "resolution": 10, "type": "fuller4t", "dggs_topology": "TRIANGLE", "dggs_type": "FULLER4T", "dggs_proj": "FULLER", "dggs_aperture_type": "PURE", "dggs_aperture": 4, "dggs_res_spec": 10 }, "geometry": { "type": "Polygon", "coordinates": [ [ [ 100.621176373161205, 13.621189902348599 ], [ 100.684027559389946, 13.646837928343791 ], [ 100.684143877169262, 13.584672823375991 ], [ 100.621176373161205, 13.621189902348599 ] ] ] } },
{ "type": "Feature", "properties": { "cell_id": "8367532", "resolution": 10, "type": "fuller4t", "dggs_topology": "TRIANGLE", "dggs_type": "FULLER4T", "dggs_proj": "FULLER", "dggs_aperture_type": "PURE", "dggs_aperture": 4, "dggs_res_spec": 10 }, "geometry": { "type": "Polygon", "coordinates": [ [ [ 100.558190137680654, 13.657726554532799 ], [ 100.621176373161219, 13.621189902348554 ], [ 100.558332226383683, 13.595513561600217 ], [ 100.558190137680654, 13.657726554532799 ] ] ] } },
{ "type": "Feature", "properties": { "cell_id": "8367533", "resolution": 10, "type": "fuller4t", "dggs_topology": "TRIANGLE", "dggs_type": "FULLER4T", "dggs_proj": "FULLER", "dggs_aperture_type": "PURE", "dggs_aperture": 4, "dggs_res_spec": 10 }, "geometry": { "type": "Polygon", "coordinates": [ [ [ 100.558190137680654, 13.657726554532799 ], [ 100.621046867285585, 13.68337890840043 ], [ 100.621176373161219, 13.621189902348554 ], [ 100.558190137680654, 13.657726554532799 ] ] ] } },
{ "type": "Feature", "properties": { "cell_id": "8369582", "resolution": 10, "type": "fuller4t", "dggs_topology": "TRIANGLE", "dggs_type": "FULLER4T", "dggs_proj": "FULLER", "dggs_aperture_type": "PURE", "dggs_aperture": 4, "dggs_res_spec": 10 }, "geometry": { "type": "Polygon", "coordinates": [ [ [ 100.6210468672856, 13.683378908400439 ], [ 100.684027559389946, 13.646837928343791 ], [ 100.621176373161205, 13.621189902348599 ], [ 100.6210468672856, 13.683378908400439 ] ] ] } },
{ "type": "Feature", "properties": { "cell_id": "8369583", "resolution": 10, "type": "fuller4t", "dggs_topology": "TRIANGLE", "dggs_type": "FULLER4T", "dggs_proj": "FULLER", "dggs_aperture_type": "PURE", "dggs_aperture": 4, "dggs_res_spec": 10 }, "geometry": { "type": "Polygon", "coordinates": [ [ [ 100.6210468672856, 13.683378908400439 ], [ 100.683910703098334, 13.709002930369813 ], [ 100.684027559389946, 13.646837928343791 ], [ 100.6210468672856, 13.683378908400439 ] ] ] } },
{ "type": "Feature", "properties": { "cell_id": "8367534", "resolution": 10, "type": "fuller4t", "dggs_topology": "TRIANGLE", "dggs_type": "FULLER4T", "dggs_proj": "FULLER", "dggs_aperture_type": "PURE", "dggs_aperture": 4, "dggs_res_spec": 10 }, "geometry": { "type": "Polygon", "coordinates": [ [ [ 100.558047391228456, 13.719939420265435 ], [ 100.621046867285585, 13.68337890840043 ], [ 100.558190137680654, 13.657726554532799 ], [ 100.558047391228456, 13.719939420265435 ] ] ] } },
{ "type": "Feature", "properties": { "cell_id": "8363435", "resolution": 10, "type": "fuller4t", "dggs_topology": "TRIANGLE", "dggs_type": "FULLER4T", "dggs_proj": "FULLER", "dggs_aperture_type": "PURE", "dggs_aperture": 4, "dggs_res_spec": 10 }, "geometry": { "type": "Polygon", "coordinates": [ [ [ 100.432330286643705, 13.668597640597225 ], [ 100.495185222361656, 13.694282698584828 ], [ 100.495340544396072, 13.63204587502613 ], [ 100.432330286643705, 13.668597640597225 ] ] ] } },
{ "type": "Feature", "properties": { "cell_id": "8365484", "resolution": 10, "type": "fuller4t", "dggs_topology": "TRIANGLE", "dggs_type": "FULLER4T", "dggs_proj": "FULLER", "dggs_aperture_type": "PURE", "dggs_aperture": 4, "dggs_res_spec": 10 }, "geometry": { "type": "Polygon", "coordinates": [ [ [ 100.495185222361641, 13.694282698584873 ], [ 100.558190137680654, 13.657726554532799 ], [ 100.495340544396058, 13.632045875026165 ], [ 100.495185222361641, 13.694282698584873 ] ] ] } },
{ "type": "Feature", "properties": { "cell_id": "8365485", "resolution": 10, "type": "fuller4t", "dggs_topology": "TRIANGLE", "dggs_type": "FULLER4T", "dggs_proj": "FULLER", "dggs_aperture_type": "PURE", "dggs_aperture": 4, "dggs_res_spec": 10 }, "geometry": { "type": "Polygon", "coordinates": [ [ [ 100.495185222361641, 13.694282698584873 ], [ 100.558047391228456, 13.719939420265435 ], [ 100.558190137680654, 13.657726554532799 ], [ 100.495185222361641, 13.694282698584873 ] ] ] } },
{ "type": "Feature", "properties": { "cell_id": "8363436", "resolution": 10, "type": "fuller4t", "dggs_topology": "TRIANGLE", "dggs_type": "FULLER4T", "dggs_proj": "FULLER", "dggs_aperture_type": "PURE", "dggs_aperture": 4, "dggs_res_spec": 10 }, "geometry": { "type": "Polygon", "coordinates": [ [ [ 100.43216167896469, 13.730858252883133 ], [ 100.495185222361656, 13.694282698584828 ], [ 100.432330286643705, 13.668597640597225 ], [ 100.43216167896469, 13.730858252883133 ] ] ] } },
{ "type": "Feature", "properties": { "cell_id": "8365486", "resolution": 10, "type": "fuller4t", "dggs_topology": "TRIANGLE", "dggs_type": "FULLER4T", "dggs_proj": "FULLER", "dggs_aperture_type": "PURE", "dggs_aperture": 4, "dggs_res_spec": 10 }, "geometry": { "type": "Polygon", "coordinates": [ [ [ 100.49502918297631, 13.756519382287729 ], [ 100.558047391228456, 13.719939420265435 ], [ 100.495185222361656, 13.694282698584828 ], [ 100.49502918297631, 13.756519382287729 ] ] ] } },
{ "type": "Feature", "properties": { "cell_id": "8363437", "resolution": 10, "type": "fuller4t", "dggs_topology": "TRIANGLE", "dggs_type": "FULLER4T", "dggs_proj": "FULLER", "dggs_aperture_type": "PURE", "dggs_aperture": 4, "dggs_res_spec": 10 }, "geometry": { "type": "Polygon", "coordinates": [ [ [ 100.43216167896469, 13.730858252883133 ], [ 100.49502918297631, 13.756519382287729 ], [ 100.495185222361656, 13.694282698584828 ], [ 100.43216167896469, 13.730858252883133 ] ] ] } },
{ "type": "Feature", "properties": { "cell_id": "8365487", "resolution": 10, "type": "fuller4t", "dggs_topology": "TRIANGLE", "dggs_type": "FULLER4T", "dggs_proj": "FULLER", "dggs_aperture_type": "PURE", "dggs_aperture": 4, "dggs_res_spec": 10 }, "geometry": { "type": "Polygon", "coordinates": [ [ [ 100.49502918297631, 13.756519382287729 ], [ 100.557903986916344, 13.782152158136148 ], [ 100.558047391228456, 13.719939420265435 ], [ 100.49502918297631, 13.756519382287729 ] ] ] } },
{ "type": "Feature", "properties": { "cell_id": "8363438", "resolution": 10, "type": "fuller4t", "dggs_topology": "TRIANGLE", "dggs_type": "FULLER4T", "dggs_proj": "FULLER", "dggs_aperture_type": "PURE", "dggs_aperture": 4, "dggs_res_spec": 10 }, "geometry": { "type": "Polygon", "coordinates": [ [ [ 100.431992294349428, 13.793118712447882 ], [ 100.49502918297631, 13.756519382287729 ], [ 100.43216167896469, 13.730858252883133 ], [ 100.431992294349428, 13.793118712447882 ] ] ] } },
{ "type": "Feature", "properties": { "cell_id": "8365488", "resolution": 10, "type": "fuller4t", "dggs_topology": "TRIANGLE", "dggs_type": "FULLER4T", "dggs_proj": "FULLER", "dggs_aperture_type": "PURE", "dggs_aperture": 4, "dggs_res_spec": 10 }, "geometry": { "type": "Polygon", "coordinates": [ [ [ 100.494872426097643, 13.818755925377779 ], [ 100.557903986916344, 13.782152158136148 ], [ 100.49502918297631, 13.756519382287729 ], [ 100.494872426097643, 13.818755925377779 ] ] ] } },
{ "type": "Feature", "properties": { "cell_id": "8363439", "resolution": 10, "type": "fuller4t", "dggs_topology": "TRIANGLE", "dggs_type": "FULLER4T", "dggs_proj": "FULLER", "dggs_aperture_type": "PURE", "dggs_aperture": 4, "dggs_res_spec": 10 }, "geometry": { "type": "Polygon", "coordinates": [ [ [ 100.431992294349428, 13.793118712447882 ], [ 100.494872426097643, 13.818755925377779 ], [ 100.49502918297631, 13.756519382287729 ], [ 100.431992294349428, 13.793118712447882 ] ] ] } },
{ "type": "Feature", "properties": { "cell_id": "8367535", "resolution": 10, "type": "fuller4t", "dggs_topology": "TRIANGLE", "dggs_type": "FULLER4T", "dggs_proj": "FULLER", "dggs_aperture_type": "PURE", "dggs_aperture": 4, "dggs_res_spec": 10 }, "geometry": { "type": "Polygon", "coordinates": [ [ [ 100.558047391228456, 13.719939420265435 ], [ 100.620916763199773, 13.745567799132022 ], [ 100.621046867285585, 13.68337890840043 ], [ 100.558047391228456, 13.719939420265435 ] ] ] } },
{ "type": "Feature", "properties": { "cell_id": "8369584", "resolution": 10, "type": "fuller4t", "dggs_topology": "TRIANGLE", "dggs_type": "FULLER4T", "dggs_proj": "FULLER", "dggs_aperture_type": "PURE", "dggs_aperture": 4, "dggs_res_spec": 10 }, "geometry": { "type": "Polygon", "coordinates": [ [ [ 100.620916763199773, 13.745567799132022 ], [ 100.683910703098363, 13.709002930369778 ], [ 100.621046867285585, 13.68337890840043 ], [ 100.620916763199773, 13.745567799132022 ] ] ] } },
{ "type": "Feature", "properties": { "cell_id": "8369585", "resolution": 10, "type": "fuller4t", "dggs_topology": "TRIANGLE", "dggs_type": "FULLER4T", "dggs_proj": "FULLER", "dggs_aperture_type": "PURE", "dggs_aperture": 4, "dggs_res_spec": 10 }, "geometry": { "type": "Polygon", "coordinates": [ [ [ 100.620916763199773, 13.745567799132022 ], [ 100.683793308199242, 13.771167828911896 ], [ 100.683910703098363, 13.709002930369778 ], [ 100.620916763199773, 13.745567799132022 ] ] ] } },
{ "type": "Feature", "properties": { "cell_id": "8367536", "resolution": 10, "type": "fuller4t", "dggs_topology": "TRIANGLE", "dggs_type": "FULLER4T", "dggs_proj": "FULLER", "dggs_aperture_type": "PURE", "dggs_aperture": 4, "dggs_res_spec": 10 }, "geometry": { "type": "Polygon", "coordinates": [ [ [ 100.5579039869003, 13.782152158113691 ], [ 100.620916763199773, 13.745567799132022 ], [ 100.558047391228456, 13.719939420265435 ], [ 100.5579039869003, 13.782152158113691 ] ] ] } },
{ "type": "Feature", "properties": { "cell_id": "8367537", "resolution": 10, "type": "fuller4t", "dggs_topology": "TRIANGLE", "dggs_type": "FULLER4T", "dggs_proj": "FULLER", "dggs_aperture_type": "PURE", "dggs_aperture": 4, "dggs_res_spec": 10 }, "geometry": { "type": "Polygon", "coordinates": [ [ [ 100.5579039869003, 13.782152158113691 ], [ 100.620786060808825, 13.807756573952544 ], [ 100.620916763199773, 13.745567799132022 ], [ 100.5579039869003, 13.782152158113691 ] ] ] } },
{ "type": "Feature", "properties": { "cell_id": "8369586", "resolution": 10, "type": "fuller4t", "dggs_topology": "TRIANGLE", "dggs_type": "FULLER4T", "dggs_proj": "FULLER", "dggs_aperture_type": "PURE", "dggs_aperture": 4, "dggs_res_spec": 10 }, "geometry": { "type": "Polygon", "coordinates": [ [ [ 100.620786060808825, 13.807756573952544 ], [ 100.683793308199242, 13.771167828911896 ], [ 100.620916763199773, 13.745567799132022 ], [ 100.620786060808825, 13.807756573952544 ] ] ] } },
{ "type": "Feature", "properties": { "cell_id": "8369587", "resolution": 10, "type": "fuller4t", "dggs_topology": "TRIANGLE", "dggs_type": "FULLER4T", "dggs_proj": "FULLER", "dggs_aperture_type": "PURE", "dggs_aperture": 4, "dggs_res_spec": 10 }, "geometry": { "type": "Polygon", "coordinates": [ [ [ 100.620786060808825, 13.807756573952544 ], [ 100.6836753745973, 13.833332623427214 ], [ 100.683793308199242, 13.771167828911896 ], [ 100.620786060808825, 13.807756573952544 ] ] ] } },
{ "type": "Feature", "properties": { "cell_id": "8367538", "resolution": 10, "type": "fuller4t", "dggs_topology": "TRIANGLE", "dggs_type": "FULLER4T", "dggs_proj": "FULLER", "dggs_aperture_type": "PURE", "dggs_aperture": 4, "dggs_res_spec": 10 }, "geometry": { "type": "Polygon", "coordinates": [ [ [ 100.557759924633629, 13.844364767482242 ], [ 100.620786060808825, 13.807756573952544 ], [ 100.557903986916344, 13.782152158136148 ], [ 100.557759924633629, 13.844364767482242 ] ] ] } },
{ "type": "Feature", "properties": { "cell_id": "8369588", "resolution": 10, "type": "fuller4t", "dggs_topology": "TRIANGLE", "dggs_type": "FULLER4T", "dggs_proj": "FULLER", "dggs_aperture_type": "PURE", "dggs_aperture": 4, "dggs_res_spec": 10 }, "geometry": { "type": "Polygon", "coordinates": [ [ [ 100.6206547600177, 13.869945232270355 ], [ 100.6836753745973, 13.833332623427214 ], [ 100.620786060808825, 13.807756573952544 ], [ 100.6206547600177, 13.869945232270355 ] ] ] } },
{ "type": "Feature", "properties": { "cell_id": "8367539", "resolution": 10, "type": "fuller4t", "dggs_topology": "TRIANGLE", "dggs_type": "FULLER4T", "dggs_proj": "FULLER", "dggs_aperture_type": "PURE", "dggs_aperture": 4, "dggs_res_spec": 10 }, "geometry": { "type": "Polygon", "coordinates": [ [ [ 100.557759924633629, 13.844364767482242 ], [ 100.6206547600177, 13.869945232270355 ], [ 100.620786060808825, 13.807756573952544 ], [ 100.557759924633629, 13.844364767482242 ] ] ] } },
{ "type": "Feature", "properties": { "cell_id": "8359339", "resolution": 10, "type": "fuller4t", "dggs_topology": "TRIANGLE", "dggs_type": "FULLER4T", "dggs_proj": "FULLER", "dggs_aperture_type": "PURE", "dggs_aperture": 4, "dggs_res_spec": 10 }, "geometry": { "type": "Polygon", "coordinates": [ [ [ 100.306254250698075, 13.74175920108639 ], [ 100.369119559279753, 13.767453135394543 ], [ 100.369301504824804, 13.705168776632533 ], [ 100.306254250698075, 13.74175920108639 ] ] ] } },
{ "type": "Feature", "properties": { "cell_id": "8361388", "resolution": 10, "type": "fuller4t", "dggs_topology": "TRIANGLE", "dggs_type": "FULLER4T", "dggs_proj": "FULLER", "dggs_aperture_type": "PURE", "dggs_aperture": 4, "dggs_res_spec": 10 }, "geometry": { "type": "Polygon", "coordinates": [ [ [ 100.369119559279753, 13.767453135394588 ], [ 100.43216167896469, 13.730858252883133 ], [ 100.369301504824804, 13.705168776632584 ], [ 100.369119559279753, 13.767453135394588 ] ] ] } },
{ "type": "Feature", "properties": { "cell_id": "8361389", "resolution": 10, "type": "fuller4t", "dggs_topology": "TRIANGLE", "dggs_type": "FULLER4T", "dggs_proj": "FULLER", "dggs_aperture_type": "PURE", "dggs_aperture": 4, "dggs_res_spec": 10 }, "geometry": { "type": "Polygon", "coordinates": [ [ [ 100.369119559279753, 13.767453135394588 ], [ 100.431992294349428, 13.793118712447882 ], [ 100.43216167896469, 13.730858252883133 ], [ 100.369119559279753, 13.767453135394588 ] ] ] } },
{ "type": "Feature", "properties": { "cell_id": "8359340", "resolution": 10, "type": "fuller4t", "dggs_topology": "TRIANGLE", "dggs_type": "FULLER4T", "dggs_proj": "FULLER", "dggs_aperture_type": "PURE", "dggs_aperture": 4, "dggs_res_spec": 10 }, "geometry": { "type": "Polygon", "coordinates": [ [ [ 100.306058915157294, 13.804067263720565 ], [ 100.369119559279753, 13.767453135394543 ], [ 100.306254250698075, 13.74175920108639 ], [ 100.306058915157294, 13.804067263720565 ] ] ] } },
{ "type": "Feature", "properties": { "cell_id": "8359341", "resolution": 10, "type": "fuller4t", "dggs_topology": "TRIANGLE", "dggs_type": "FULLER4T", "dggs_proj": "FULLER", "dggs_aperture_type": "PURE", "dggs_aperture": 4, "dggs_res_spec": 10 }, "geometry": { "type": "Polygon", "coordinates": [ [ [ 100.306058915157294, 13.804067263720565 ], [ 100.368936777261666, 13.829737328404464 ], [ 100.369119559279753, 13.767453135394543 ], [ 100.306058915157294, 13.804067263720565 ] ] ] } },
{ "type": "Feature", "properties": { "cell_id": "8361390", "resolution": 10, "type": "fuller4t", "dggs_topology": "TRIANGLE", "dggs_type": "FULLER4T", "dggs_proj": "FULLER", "dggs_aperture_type": "PURE", "dggs_aperture": 4, "dggs_res_spec": 10 }, "geometry": { "type": "Polygon", "coordinates": [ [ [ 100.368936777261652, 13.829737328404498 ], [ 100.431992294349442, 13.793118712447837 ], [ 100.369119559279753, 13.767453135394588 ], [ 100.368936777261652, 13.829737328404498 ] ] ] } },
{ "type": "Feature", "properties": { "cell_id": "8361391", "resolution": 10, "type": "fuller4t", "dggs_topology": "TRIANGLE", "dggs_type": "FULLER4T", "dggs_proj": "FULLER", "dggs_aperture_type": "PURE", "dggs_aperture": 4, "dggs_res_spec": 10 }, "geometry": { "type": "Polygon", "coordinates": [ [ [ 100.368936777261652, 13.829737328404498 ], [ 100.431822132671925, 13.85537901850617 ], [ 100.431992294349442, 13.793118712447837 ], [ 100.368936777261652, 13.829737328404498 ] ] ] } },
{ "type": "Feature", "properties": { "cell_id": "8359342", "resolution": 10, "type": "fuller4t", "dggs_topology": "TRIANGLE", "dggs_type": "FULLER4T", "dggs_proj": "FULLER", "dggs_aperture_type": "PURE", "dggs_aperture": 4, "dggs_res_spec": 10 }, "geometry": { "type": "Polygon", "coordinates": [ [ [ 100.305862683623459, 13.866375147360296 ], [ 100.368936777261666, 13.829737328404464 ], [ 100.306058915157294, 13.804067263720565 ], [ 100.305862683623459, 13.866375147360296 ] ] ] } },
{ "type": "Feature", "properties": { "cell_id": "8359343", "resolution": 10, "type": "fuller4t", "dggs_topology": "TRIANGLE", "dggs_type": "FULLER4T", "dggs_proj": "FULLER", "dggs_aperture_type": "PURE", "dggs_aperture": 4, "dggs_res_spec": 10 }, "geometry": { "type": "Polygon", "coordinates": [ [ [ 100.305862683623459, 13.866375147360296 ], [ 100.368753158612989, 13.892021354780736 ], [ 100.368936777261666, 13.829737328404464 ], [ 100.305862683623459, 13.866375147360296 ] ] ] } },
{ "type": "Feature", "properties": { "cell_id": "8361392", "resolution": 10, "type": "fuller4t", "dggs_topology": "TRIANGLE", "dggs_type": "FULLER4T", "dggs_proj": "FULLER", "dggs_aperture_type": "PURE", "dggs_aperture": 4, "dggs_res_spec": 10 }, "geometry": { "type": "Polygon", "coordinates": [ [ [ 100.368753158612989, 13.892021354780736 ], [ 100.431822132671925, 13.85537901850617 ], [ 100.368936777261666, 13.829737328404464 ], [ 100.368753158612989, 13.892021354780736 ] ] ] } },
{ "type": "Feature", "properties": { "cell_id": "8365489", "resolution": 10, "type": "fuller4t", "dggs_topology": "TRIANGLE", "dggs_type": "FULLER4T", "dggs_proj": "FULLER", "dggs_aperture_type": "PURE", "dggs_aperture": 4, "dggs_res_spec": 10 }, "geometry": { "type": "Polygon", "coordinates": [ [ [ 100.494872426097643, 13.818755925377779 ], [ 100.557759924633629, 13.844364767482242 ], [ 100.557903986916344, 13.782152158136148 ], [ 100.494872426097643, 13.818755925377779 ] ] ] } },
{ "type": "Feature", "properties": { "cell_id": "8363440", "resolution": 10, "type": "fuller4t", "dggs_topology": "TRIANGLE", "dggs_type": "FULLER4T", "dggs_proj": "FULLER", "dggs_aperture_type": "PURE", "dggs_aperture": 4, "dggs_res_spec": 10 }, "geometry": { "type": "Polygon", "coordinates": [ [ [ 100.431822132671925, 13.855379018506222 ], [ 100.494872426097643, 13.818755925377779 ], [ 100.431992294349428, 13.793118712447882 ], [ 100.431822132671925, 13.855379018506222 ] ] ] } },
{ "type": "Feature", "properties": { "cell_id": "8363441", "resolution": 10, "type": "fuller4t", "dggs_topology": "TRIANGLE", "dggs_type": "FULLER4T", "dggs_proj": "FULLER", "dggs_aperture_type": "PURE", "dggs_aperture": 4, "dggs_res_spec": 10 }, "geometry": { "type": "Polygon", "coordinates": [ [ [ 100.431822132671925, 13.855379018506222 ], [ 100.494714951631394, 13.880992327164675 ], [ 100.494872426097643, 13.818755925377779 ], [ 100.431822132671925, 13.855379018506222 ] ] ] } },
{ "type": "Feature", "properties": { "cell_id": "8365490", "resolution": 10, "type": "fuller4t", "dggs_topology": "TRIANGLE", "dggs_type": "FULLER4T", "dggs_proj": "FULLER", "dggs_aperture_type": "PURE", "dggs_aperture": 4, "dggs_res_spec": 10 }, "geometry": { "type": "Polygon", "coordinates": [ [ [ 100.494714951631394, 13.880992327164675 ], [ 100.557759924633629, 13.844364767482242 ], [ 100.494872426097643, 13.818755925377779 ], [ 100.494714951631394, 13.880992327164675 ] ] ] } },
{ "type": "Feature", "properties": { "cell_id": "8365491", "resolution": 10, "type": "fuller4t", "dggs_topology": "TRIANGLE", "dggs_type": "FULLER4T", "dggs_proj": "FULLER", "dggs_aperture_type": "PURE", "dggs_aperture": 4, "dggs_res_spec": 10 }, "geometry": { "type": "Polygon", "coordinates": [ [ [ 100.494714951631394, 13.880992327164675 ], [ 100.557615204285725, 13.906577247662504 ], [ 100.557759924633629, 13.844364767482242 ], [ 100.494714951631394, 13.880992327164675 ] ] ] } },
{ "type": "Feature", "properties": { "cell_id": "8363442", "resolution": 10, "type": "fuller4t", "dggs_topology": "TRIANGLE", "dggs_type": "FULLER4T", "dggs_proj": "FULLER", "dggs_aperture_type": "PURE", "dggs_aperture": 4, "dggs_res_spec": 10 }, "geometry": { "type": "Polygon", "coordinates": [ [ [ 100.431651193806232, 13.917639170271904 ], [ 100.494714951631366, 13.880992327164664 ], [ 100.431822132671925, 13.85537901850617 ], [ 100.431651193806232, 13.917639170271904 ] ] ] } },
{ "type": "Feature", "properties": { "cell_id": "8363443", "resolution": 10, "type": "fuller4t", "dggs_topology": "TRIANGLE", "dggs_type": "FULLER4T", "dggs_proj": "FULLER", "dggs_aperture_type": "PURE", "dggs_aperture": 4, "dggs_res_spec": 10 }, "geometry": { "type": "Polygon", "coordinates": [ [ [ 100.431651193806232, 13.917639170271904 ], [ 100.494556759451129, 13.943228586912088 ], [ 100.494714951631366, 13.880992327164664 ], [ 100.431651193806232, 13.917639170271904 ] ] ] } },
{ "type": "Feature", "properties": { "cell_id": "8365492", "resolution": 10, "type": "fuller4t", "dggs_topology": "TRIANGLE", "dggs_type": "FULLER4T", "dggs_proj": "FULLER", "dggs_aperture_type": "PURE", "dggs_aperture": 4, "dggs_res_spec": 10 }, "geometry": { "type": "Polygon", "coordinates": [ [ [ 100.494556759451129, 13.943228586912088 ], [ 100.557615204285725, 13.906577247662504 ], [ 100.494714951631394, 13.880992327164675 ], [ 100.494556759451129, 13.943228586912088 ] ] ] } },
{ "type": "Feature", "properties": { "cell_id": "8365493", "resolution": 10, "type": "fuller4t", "dggs_topology": "TRIANGLE", "dggs_type": "FULLER4T", "dggs_proj": "FULLER", "dggs_aperture_type": "PURE", "dggs_aperture": 4, "dggs_res_spec": 10 }, "geometry": { "type": "Polygon", "coordinates": [ [ [ 100.494556759451129, 13.943228586912088 ], [ 100.557469825761871, 13.968789598012464 ], [ 100.557615204285725, 13.906577247662504 ], [ 100.494556759451129, 13.943228586912088 ] ] ] } },
{ "type": "Feature", "properties": { "cell_id": "8363444", "resolution": 10, "type": "fuller4t", "dggs_topology": "TRIANGLE", "dggs_type": "FULLER4T", "dggs_proj": "FULLER", "dggs_aperture_type": "PURE", "dggs_aperture": 4, "dggs_res_spec": 10 }, "geometry": { "type": "Polygon", "coordinates": [ [ [ 100.431479477610353, 13.979899166935397 ], [ 100.494556759451129, 13.943228586912088 ], [ 100.431651193806232, 13.917639170271904 ], [ 100.431479477610353, 13.979899166935397 ] ] ] } },
{ "type": "Feature", "properties": { "cell_id": "8371638", "resolution": 10, "type": "fuller4t", "dggs_topology": "TRIANGLE", "dggs_type": "FULLER4T", "dggs_proj": "FULLER", "dggs_aperture_type": "PURE", "dggs_aperture": 4, "dggs_res_spec": 10 }, "geometry": { "type": "Polygon", "coordinates": [ [ [ 100.683556902213326, 13.895497313394717 ], [ 100.746571898177208, 13.858880300461653 ], [ 100.683675374597286, 13.833332623427205 ], [ 100.683556902213326, 13.895497313394717 ] ] ] } },
{ "type": "Feature", "properties": { "cell_id": "8369589", "resolution": 10, "type": "fuller4t", "dggs_topology": "TRIANGLE", "dggs_type": "FULLER4T", "dggs_proj": "FULLER", "dggs_aperture_type": "PURE", "dggs_aperture": 4, "dggs_res_spec": 10 }, "geometry": { "type": "Polygon", "coordinates": [ [ [ 100.6206547600177, 13.869945232270355 ], [ 100.683556902213326, 13.895497313394724 ], [ 100.6836753745973, 13.833332623427214 ], [ 100.6206547600177, 13.869945232270355 ] ] ] } },
{ "type": "Feature", "properties": { "cell_id": "8367540", "resolution": 10, "type": "fuller4t", "dggs_topology": "TRIANGLE", "dggs_type": "FULLER4T", "dggs_proj": "FULLER", "dggs_aperture_type": "PURE", "dggs_aperture": 4, "dggs_res_spec": 10 }, "geometry": { "type": "Polygon", "coordinates": [ [ [ 100.557615204285725, 13.906577247662504 ], [ 100.620654760017715, 13.869945232270318 ], [ 100.557759924633629, 13.844364767482242 ], [ 100.557615204285725, 13.906577247662504 ] ] ] } },
{ "type": "Feature", "properties": { "cell_id": "8371639", "resolution": 10, "type": "fuller4t", "dggs_topology": "TRIANGLE", "dggs_type": "FULLER4T", "dggs_proj": "FULLER", "dggs_aperture_type": "PURE", "dggs_aperture": 4, "dggs_res_spec": 10 }, "geometry": { "type": "Polygon", "coordinates": [ [ [ 100.683556902213326, 13.895497313394717 ], [ 100.746466321151658, 13.921021004741201 ], [ 100.746571898177208, 13.858880300461653 ], [ 100.683556902213326, 13.895497313394717 ] ] ] } },
{ "type": "Feature", "properties": { "cell_id": "8367541", "resolution": 10, "type": "fuller4t", "dggs_topology": "TRIANGLE", "dggs_type": "FULLER4T", "dggs_proj": "FULLER", "dggs_aperture_type": "PURE", "dggs_aperture": 4, "dggs_res_spec": 10 }, "geometry": { "type": "Polygon", "coordinates": [ [ [ 100.557615204285725, 13.906577247662504 ], [ 100.620522860731484, 13.932133773492978 ], [ 100.620654760017715, 13.869945232270318 ], [ 100.557615204285725, 13.906577247662504 ] ] ] } },
{ "type": "Feature", "properties": { "cell_id": "8369590", "resolution": 10, "type": "fuller4t", "dggs_topology": "TRIANGLE", "dggs_type": "FULLER4T", "dggs_proj": "FULLER", "dggs_aperture_type": "PURE", "dggs_aperture": 4, "dggs_res_spec": 10 }, "geometry": { "type": "Polygon", "coordinates": [ [ [ 100.620522860731484, 13.932133773492978 ], [ 100.683556902213326, 13.895497313394717 ], [ 100.6206547600177, 13.869945232270355 ], [ 100.620522860731484, 13.932133773492978 ] ] ] } },
{ "type": "Feature", "properties": { "cell_id": "8369591", "resolution": 10, "type": "fuller4t", "dggs_topology": "TRIANGLE", "dggs_type": "FULLER4T", "dggs_proj": "FULLER", "dggs_aperture_type": "PURE", "dggs_aperture": 4, "dggs_res_spec": 10 }, "geometry": { "type": "Polygon", "coordinates": [ [ [ 100.620522860731484, 13.932133773492978 ], [ 100.683437890952078, 13.957661898270176 ], [ 100.683556902213326, 13.895497313394717 ], [ 100.620522860731484, 13.932133773492978 ] ] ] } },
{ "type": "Feature", "properties": { "cell_id": "8371640", "resolution": 10, "type": "fuller4t", "dggs_topology": "TRIANGLE", "dggs_type": "FULLER4T", "dggs_proj": "FULLER", "dggs_aperture_type": "PURE", "dggs_aperture": 4, "dggs_res_spec": 10 }, "geometry": { "type": "Polygon", "coordinates": [ [ [ 100.683437890952078, 13.957661898270176 ], [ 100.746466321151658, 13.921021004741201 ], [ 100.683556902213326, 13.895497313394717 ], [ 100.683437890952078, 13.957661898270176 ] ] ] } },
{ "type": "Feature", "properties": { "cell_id": "8367542", "resolution": 10, "type": "fuller4t", "dggs_topology": "TRIANGLE", "dggs_type": "FULLER4T", "dggs_proj": "FULLER", "dggs_aperture_type": "PURE", "dggs_aperture": 4, "dggs_res_spec": 10 }, "geometry": { "type": "Polygon", "coordinates": [ [ [ 100.557469825761871, 13.968789598012464 ], [ 100.620522860731484, 13.932133773492978 ], [ 100.557615204285725, 13.906577247662504 ], [ 100.557469825761871, 13.968789598012464 ] ] ] } },
{ "type": "Feature", "properties": { "cell_id": "8371641", "resolution": 10, "type": "fuller4t", "dggs_topology": "TRIANGLE", "dggs_type": "FULLER4T", "dggs_proj": "FULLER", "dggs_aperture_type": "PURE", "dggs_aperture": 4, "dggs_res_spec": 10 }, "geometry": { "type": "Polygon", "coordinates": [ [ [ 100.683437890952078, 13.957661898270176 ], [ 100.746360264930431, 13.983161615885759 ], [ 100.746466321151658, 13.921021004741201 ], [ 100.683437890952078, 13.957661898270176 ] ] ] } },
{ "type": "Feature", "properties": { "cell_id": "8361393", "resolution": 10, "type": "fuller4t", "dggs_topology": "TRIANGLE", "dggs_type": "FULLER4T", "dggs_proj": "FULLER", "dggs_aperture_type": "PURE", "dggs_aperture": 4, "dggs_res_spec": 10 }, "geometry": { "type": "Polygon", "coordinates": [ [ [ 100.368753158612989, 13.892021354780736 ], [ 100.431651193806232, 13.917639170271904 ], [ 100.431822132671925, 13.85537901850617 ], [ 100.368753158612989, 13.892021354780736 ] ] ] } },
{ "type": "Feature", "properties": { "cell_id": "8359344", "resolution": 10, "type": "fuller4t", "dggs_topology": "TRIANGLE", "dggs_type": "FULLER4T", "dggs_proj": "FULLER", "dggs_aperture_type": "PURE", "dggs_aperture": 4, "dggs_res_spec": 10 }, "geometry": { "type": "Polygon", "coordinates": [ [ [ 100.305665555955372, 13.928682851094424 ], [ 100.368753158612989, 13.892021354780736 ], [ 100.305862683623459, 13.866375147360296 ], [ 100.305665555955372, 13.928682851094424 ] ] ] } },
{ "type": "Feature", "properties": { "cell_id": "8359345", "resolution": 10, "type": "fuller4t", "dggs_topology": "TRIANGLE", "dggs_type": "FULLER4T", "dggs_proj": "FULLER", "dggs_aperture_type": "PURE", "dggs_aperture": 4, "dggs_res_spec": 10 }, "geometry": { "type": "Polygon", "coordinates": [ [ [ 100.305665555955372, 13.928682851094424 ], [ 100.368568703208155, 13.954305213685624 ], [ 100.368753158612989, 13.892021354780736 ], [ 100.305665555955372, 13.928682851094424 ] ] ] } },
{ "type": "Feature", "properties": { "cell_id": "8361394", "resolution": 10, "type": "fuller4t", "dggs_topology": "TRIANGLE", "dggs_type": "FULLER4T", "dggs_proj": "FULLER", "dggs_aperture_type": "PURE", "dggs_aperture": 4, "dggs_res_spec": 10 }, "geometry": { "type": "Polygon", "coordinates": [ [ [ 100.368568703208155, 13.954305213685624 ], [ 100.431651193806232, 13.917639170271904 ], [ 100.368753158612989, 13.892021354780736 ], [ 100.368568703208155, 13.954305213685624 ] ] ] } },
{ "type": "Feature", "properties": { "cell_id": "8361395", "resolution": 10, "type": "fuller4t", "dggs_topology": "TRIANGLE", "dggs_type": "FULLER4T", "dggs_proj": "FULLER", "dggs_aperture_type": "PURE", "dggs_aperture": 4, "dggs_res_spec": 10 }, "geometry": { "type": "Polygon", "coordinates": [ [ [ 100.368568703208155, 13.954305213685624 ], [ 100.431479477610353, 13.979899166935397 ], [ 100.431651193806232, 13.917639170271904 ], [ 100.368568703208155, 13.954305213685624 ] ] ] } },
{ "type": "Feature", "properties": { "cell_id": "8359346", "resolution": 10, "type": "fuller4t", "dggs_topology": "TRIANGLE", "dggs_type": "FULLER4T", "dggs_proj": "FULLER", "dggs_aperture_type": "PURE", "dggs_aperture": 4, "dggs_res_spec": 10 }, "geometry": { "type": "Polygon", "coordinates": [ [ [ 100.305467531979971, 13.99099037396557 ], [ 100.368568703208126, 13.954305213685604 ], [ 100.305665555955372, 13.928682851094424 ], [ 100.305467531979971, 13.99099037396557 ] ] ] } },
{ "type": "Feature", "properties": { "cell_id": "8359347", "resolution": 10, "type": "fuller4t", "dggs_topology": "TRIANGLE", "dggs_type": "FULLER4T", "dggs_proj": "FULLER", "dggs_aperture_type": "PURE", "dggs_aperture": 4, "dggs_res_spec": 10 }, "geometry": { "type": "Polygon", "coordinates": [ [ [ 100.305467531979971, 13.99099037396557 ], [ 100.368383410921652, 14.016588904280342 ], [ 100.368568703208126, 13.954305213685604 ], [ 100.305467531979971, 13.99099037396557 ] ] ] } },
{ "type": "Feature", "properties": { "cell_id": "8361396", "resolution": 10, "type": "fuller4t", "dggs_topology": "TRIANGLE", "dggs_type": "FULLER4T", "dggs_proj": "FULLER", "dggs_aperture_type": "PURE", "dggs_aperture": 4, "dggs_res_spec": 10 }, "geometry": { "type": "Polygon", "coordinates": [ [ [ 100.368383410921652, 14.016588904280342 ], [ 100.431479477610353, 13.979899166935397 ], [ 100.368568703208155, 13.954305213685624 ], [ 100.368383410921652, 14.016588904280342 ] ] ] } },
{ "type": "Feature", "properties": { "cell_id": "8361397", "resolution": 10, "type": "fuller4t", "dggs_topology": "TRIANGLE", "dggs_type": "FULLER4T", "dggs_proj": "FULLER", "dggs_aperture_type": "PURE", "dggs_aperture": 4, "dggs_res_spec": 10 }, "geometry": { "type": "Polygon", "coordinates": [ [ [ 100.368383410921652, 14.016588904280342 ], [ 100.431306983974352, 14.042159007730818 ], [ 100.431479477610353, 13.979899166935397 ], [ 100.368383410921652, 14.016588904280342 ] ] ] } },
{ "type": "Feature", "properties": { "cell_id": "8359348", "resolution": 10, "type": "fuller4t", "dggs_topology": "TRIANGLE", "dggs_type": "FULLER4T", "dggs_proj": "FULLER", "dggs_aperture_type": "PURE", "dggs_aperture": 4, "dggs_res_spec": 10 }, "geometry": { "type": "Polygon", "coordinates": [ [ [ 100.305268611588261, 14.053297715105051 ], [ 100.368383410921652, 14.016588904280288 ], [ 100.305467531979986, 13.990990373965525 ], [ 100.305268611588261, 14.053297715105051 ] ] ] } },
{ "type": "Feature", "properties": { "cell_id": "8357296", "resolution": 10, "type": "fuller4t", "dggs_topology": "TRIANGLE", "dggs_type": "FULLER4T", "dggs_proj": "FULLER", "dggs_aperture_type": "PURE", "dggs_aperture": 4, "dggs_res_spec": 10 }, "geometry": { "type": "Polygon", "coordinates": [ [ [ 100.242559376777749, 13.965363423952613 ], [ 100.305665555955372, 13.928682851094424 ], [ 100.24277006546923, 13.903032086243316 ], [ 100.242559376777749, 13.965363423952613 ] ] ] } },
{ "type": "Feature", "properties": { "cell_id": "8357297", "resolution": 10, "type": "fuller4t", "dggs_topology": "TRIANGLE", "dggs_type": "FULLER4T", "dggs_proj": "FULLER", "dggs_aperture_type": "PURE", "dggs_aperture": 4, "dggs_res_spec": 10 }, "geometry": { "type": "Polygon", "coordinates": [ [ [ 100.242559376777749, 13.965363423952613 ], [ 100.305467531979971, 13.99099037396557 ], [ 100.305665555955372, 13.928682851094424 ], [ 100.242559376777749, 13.965363423952613 ] ] ] } },
{ "type": "Feature", "properties": { "cell_id": "8357298", "resolution": 10, "type": "fuller4t", "dggs_topology": "TRIANGLE", "dggs_type": "FULLER4T", "dggs_proj": "FULLER", "dggs_aperture_type": "PURE", "dggs_aperture": 4, "dggs_res_spec": 10 }, "geometry": { "type": "Polygon", "coordinates": [ [ [ 100.24234773230873, 14.027694567283422 ], [ 100.305467531979971, 13.99099037396557 ], [ 100.242559376777734, 13.965363423952605 ], [ 100.24234773230873, 14.027694567283422 ] ] ] } },
{ "type": "Feature", "properties": { "cell_id": "8357299", "resolution": 10, "type": "fuller4t", "dggs_topology": "TRIANGLE", "dggs_type": "FULLER4T", "dggs_proj": "FULLER", "dggs_aperture_type": "PURE", "dggs_aperture": 4, "dggs_res_spec": 10 }, "geometry": { "type": "Polygon", "coordinates": [ [ [ 100.24234773230873, 14.027694567283422 ], [ 100.305268611588247, 14.053297715105094 ], [ 100.305467531979971, 13.99099037396557 ], [ 100.24234773230873, 14.027694567283422 ] ] ] } },
{ "type": "Feature", "properties": { "cell_id": "8357300", "resolution": 10, "type": "fuller4t", "dggs_topology": "TRIANGLE", "dggs_type": "FULLER4T", "dggs_proj": "FULLER", "dggs_aperture_type": "PURE", "dggs_aperture": 4, "dggs_res_spec": 10 }, "geometry": { "type": "Polygon", "coordinates": [ [ [ 100.242135131905599, 14.090025515246669 ], [ 100.305268611588261, 14.053297715105051 ], [ 100.242347732308716, 14.027694567283415 ], [ 100.242135131905599, 14.090025515246669 ] ] ] } },
{ "type": "Feature", "properties": { "cell_id": "8357301", "resolution": 10, "type": "fuller4t", "dggs_topology": "TRIANGLE", "dggs_type": "FULLER4T", "dggs_proj": "FULLER", "dggs_aperture_type": "PURE", "dggs_aperture": 4, "dggs_res_spec": 10 }, "geometry": { "type": "Polygon", "coordinates": [ [ [ 100.242135131905599, 14.090025515246669 ], [ 100.305068794607067, 14.115604873553243 ], [ 100.305268611588261, 14.053297715105051 ], [ 100.242135131905599, 14.090025515246669 ] ] ] } },
{ "type": "Feature", "properties": { "cell_id": "8357302", "resolution": 10, "type": "fuller4t", "dggs_topology": "TRIANGLE", "dggs_type": "FULLER4T", "dggs_proj": "FULLER", "dggs_aperture_type": "PURE", "dggs_aperture": 4, "dggs_res_spec": 10 }, "geometry": { "type": "Polygon", "coordinates": [ [ [ 100.241921575411851, 14.15235626685207 ], [ 100.305068794607067, 14.115604873553243 ], [ 100.242135131905599, 14.090025515246669 ], [ 100.241921575411851, 14.15235626685207 ] ] ] } },
{ "type": "Feature", "properties": { "cell_id": "8357303", "resolution": 10, "type": "fuller4t", "dggs_topology": "TRIANGLE", "dggs_type": "FULLER4T", "dggs_proj": "FULLER", "dggs_aperture_type": "PURE", "dggs_aperture": 4, "dggs_res_spec": 10 }, "geometry": { "type": "Polygon", "coordinates": [ [ [ 100.241921575411851, 14.15235626685207 ], [ 100.304868080927463, 14.177911848438953 ], [ 100.305068794607067, 14.115604873553243 ], [ 100.241921575411851, 14.15235626685207 ] ] ] } },
{ "type": "Feature", "properties": { "cell_id": "8367543", "resolution": 10, "type": "fuller4t", "dggs_topology": "TRIANGLE", "dggs_type": "FULLER4T", "dggs_proj": "FULLER", "dggs_aperture_type": "PURE", "dggs_aperture": 4, "dggs_res_spec": 10 }, "geometry": { "type": "Polygon", "coordinates": [ [ [ 100.557469825761871, 13.968789598012464 ], [ 100.62039036283916, 13.994322197004754 ], [ 100.620522860731484, 13.932133773492978 ], [ 100.557469825761871, 13.968789598012464 ] ] ] } },
{ "type": "Feature", "properties": { "cell_id": "8369592", "resolution": 10, "type": "fuller4t", "dggs_topology": "TRIANGLE", "dggs_type": "FULLER4T", "dggs_proj": "FULLER", "dggs_aperture_type": "PURE", "dggs_aperture": 4, "dggs_res_spec": 10 }, "geometry": { "type": "Polygon", "coordinates": [ [ [ 100.620390362839146, 13.9943221970048 ], [ 100.683437890952078, 13.957661898270176 ], [ 100.620522860731484, 13.932133773492978 ], [ 100.620390362839146, 13.9943221970048 ] ] ] } },
{ "type": "Feature", "properties": { "cell_id": "8371642", "resolution": 10, "type": "fuller4t", "dggs_topology": "TRIANGLE", "dggs_type": "FULLER4T", "dggs_proj": "FULLER", "dggs_aperture_type": "PURE", "dggs_aperture": 4, "dggs_res_spec": 10 }, "geometry": { "type": "Polygon", "coordinates": [ [ [ 100.683318340734345, 14.019826377530999 ], [ 100.746360264930431, 13.983161615885759 ], [ 100.683437890952078, 13.957661898270123 ], [ 100.683318340734345, 14.019826377530999 ] ] ] } },
{ "type": "Feature", "properties": { "cell_id": "8369593", "resolution": 10, "type": "fuller4t", "dggs_topology": "TRIANGLE", "dggs_type": "FULLER4T", "dggs_proj": "FULLER", "dggs_aperture_type": "PURE", "dggs_aperture": 4, "dggs_res_spec": 10 }, "geometry": { "type": "Polygon", "coordinates": [ [ [ 100.620390362839146, 13.9943221970048 ], [ 100.683318340734331, 14.019826377531043 ], [ 100.683437890952078, 13.957661898270176 ], [ 100.620390362839146, 13.9943221970048 ] ] ] } },
{ "type": "Feature", "properties": { "cell_id": "8367544", "resolution": 10, "type": "fuller4t", "dggs_topology": "TRIANGLE", "dggs_type": "FULLER4T", "dggs_proj": "FULLER", "dggs_aperture_type": "PURE", "dggs_aperture": 4, "dggs_res_spec": 10 }, "geometry": { "type": "Polygon", "coordinates": [ [ [ 100.557323788951479, 14.03100181786667 ], [ 100.62039036283916, 13.994322197004754 ], [ 100.557469825761871, 13.968789598012464 ], [ 100.557323788951479, 14.03100181786667 ] ] ] } },
{ "type": "Feature", "properties": { "cell_id": "8371643", "resolution": 10, "type": "fuller4t", "dggs_topology": "TRIANGLE", "dggs_type": "FULLER4T", "dggs_proj": "FULLER", "dggs_aperture_type": "PURE", "dggs_aperture": 4, "dggs_res_spec": 10 }, "geometry": { "type": "Polygon", "coordinates": [ [ [ 100.683318340734345, 14.019826377530999 ], [ 100.746253729417859, 14.045302133398151 ], [ 100.746360264930431, 13.983161615885759 ], [ 100.683318340734345, 14.019826377530999 ] ] ] } },
{ "type": "Feature", "properties": { "cell_id": "8369594", "resolution": 10, "type": "fuller4t", "dggs_topology": "TRIANGLE", "dggs_type": "FULLER4T", "dggs_proj": "FULLER", "dggs_aperture_type": "PURE", "dggs_aperture": 4, "dggs_res_spec": 10 }, "geometry": { "type": "Polygon", "coordinates": [ [ [ 100.620257266261802, 14.05651050223411 ], [ 100.683318340734345, 14.019826377530999 ], [ 100.62039036283916, 13.994322197004754 ], [ 100.620257266261802, 14.05651050223411 ] ] ] } },
{ "type": "Feature", "properties": { "cell_id": "8367545", "resolution": 10, "type": "fuller4t", "dggs_topology": "TRIANGLE", "dggs_type": "FULLER4T", "dggs_proj": "FULLER", "dggs_aperture_type": "PURE", "dggs_aperture": 4, "dggs_res_spec": 10 }, "geometry": { "type": "Polygon", "coordinates": [ [ [ 100.557323788951479, 14.03100181786667 ], [ 100.620257266261802, 14.05651050223411 ], [ 100.62039036283916, 13.994322197004754 ], [ 100.557323788951479, 14.03100181786667 ] ] ] } },
{ "type": "Feature", "properties": { "cell_id": "8369595", "resolution": 10, "type": "fuller4t", "dggs_topology": "TRIANGLE", "dggs_type": "FULLER4T", "dggs_proj": "FULLER", "dggs_aperture_type": "PURE", "dggs_aperture": 4, "dggs_res_spec": 10 }, "geometry": { "type": "Polygon", "coordinates": [ [ [ 100.620257266261802, 14.05651050223411 ], [ 100.683198251464859, 14.081990750631556 ], [ 100.683318340734345, 14.019826377530999 ], [ 100.620257266261802, 14.05651050223411 ] ] ] } },
{ "type": "Feature", "properties": { "cell_id": "8371644", "resolution": 10, "type": "fuller4t", "dggs_topology": "TRIANGLE", "dggs_type": "FULLER4T", "dggs_proj": "FULLER", "dggs_aperture_type": "PURE", "dggs_aperture": 4, "dggs_res_spec": 10 }, "geometry": { "type": "Polygon", "coordinates": [ [ [ 100.683198251464859, 14.081990750631556 ], [ 100.746253729417859, 14.045302133398151 ], [ 100.683318340734345, 14.019826377530999 ], [ 100.683198251464859, 14.081990750631556 ] ] ] } },
{ "type": "Feature", "properties": { "cell_id": "8363445", "resolution": 10, "type": "fuller4t", "dggs_topology": "TRIANGLE", "dggs_type": "FULLER4T", "dggs_proj": "FULLER", "dggs_aperture_type": "PURE", "dggs_aperture": 4, "dggs_res_spec": 10 }, "geometry": { "type": "Polygon", "coordinates": [ [ [ 100.431479477610353, 13.979899166935397 ], [ 100.494397849446599, 14.005464703905165 ], [ 100.494556759451129, 13.943228586912088 ], [ 100.431479477610353, 13.979899166935397 ] ] ] } },
{ "type": "Feature", "properties": { "cell_id": "8365494", "resolution": 10, "type": "fuller4t", "dggs_topology": "TRIANGLE", "dggs_type": "FULLER4T", "dggs_proj": "FULLER", "dggs_aperture_type": "PURE", "dggs_aperture": 4, "dggs_res_spec": 10 }, "geometry": { "type": "Polygon", "coordinates": [ [ [ 100.494397849446599, 14.005464703905165 ], [ 100.557469825761885, 13.968789598012417 ], [ 100.494556759451129, 13.943228586912088 ], [ 100.494397849446599, 14.005464703905165 ] ] ] } },
{ "type": "Feature", "properties": { "cell_id": "8365495", "resolution": 10, "type": "fuller4t", "dggs_topology": "TRIANGLE", "dggs_type": "FULLER4T", "dggs_proj": "FULLER", "dggs_aperture_type": "PURE", "dggs_aperture": 4, "dggs_res_spec": 10 }, "geometry": { "type": "Polygon", "coordinates": [ [ [ 100.494397849446599, 14.005464703905165 ], [ 100.557323788951464, 14.03100181786666 ], [ 100.557469825761885, 13.968789598012417 ], [ 100.494397849446599, 14.005464703905165 ] ] ] } },
{ "type": "Feature", "properties": { "cell_id": "8363446", "resolution": 10, "type": "fuller4t", "dggs_topology": "TRIANGLE", "dggs_type": "FULLER4T", "dggs_proj": "FULLER", "dggs_aperture_type": "PURE", "dggs_aperture": 4, "dggs_res_spec": 10 }, "geometry": { "type": "Polygon", "coordinates": [ [ [ 100.431306983974352, 14.042159007730818 ], [ 100.494397849446599, 14.005464703905165 ], [ 100.431479477610353, 13.979899166935397 ], [ 100.431306983974352, 14.042159007730818 ] ] ] } },
{ "type": "Feature", "properties": { "cell_id": "8365496", "resolution": 10, "type": "fuller4t", "dggs_topology": "TRIANGLE", "dggs_type": "FULLER4T", "dggs_proj": "FULLER", "dggs_aperture_type": "PURE", "dggs_aperture": 4, "dggs_res_spec": 10 }, "geometry": { "type": "Polygon", "coordinates": [ [ [ 100.494238221491429, 14.067700677405769 ], [ 100.557323788951464, 14.03100181786666 ], [ 100.494397849446599, 14.005464703905165 ], [ 100.494238221491429, 14.067700677405769 ] ] ] } },
{ "type": "Feature", "properties": { "cell_id": "8363447", "resolution": 10, "type": "fuller4t", "dggs_topology": "TRIANGLE", "dggs_type": "FULLER4T", "dggs_proj": "FULLER", "dggs_aperture_type": "PURE", "dggs_aperture": 4, "dggs_res_spec": 10 }, "geometry": { "type": "Polygon", "coordinates": [ [ [ 100.431306983974352, 14.042159007730818 ], [ 100.494238221491429, 14.067700677405769 ], [ 100.494397849446599, 14.005464703905165 ], [ 100.431306983974352, 14.042159007730818 ] ] ] } },
{ "type": "Feature", "properties": { "cell_id": "8365497", "resolution": 10, "type": "fuller4t", "dggs_topology": "TRIANGLE", "dggs_type": "FULLER4T", "dggs_proj": "FULLER", "dggs_aperture_type": "PURE", "dggs_aperture": 4, "dggs_res_spec": 10 }, "geometry": { "type": "Polygon", "coordinates": [ [ [ 100.494238221491429, 14.067700677405769 ], [ 100.557177093743832, 14.093213906558889 ], [ 100.557323788951464, 14.03100181786666 ], [ 100.494238221491429, 14.067700677405769 ] ] ] } },
{ "type": "Feature", "properties": { "cell_id": "8363448", "resolution": 10, "type": "fuller4t", "dggs_topology": "TRIANGLE", "dggs_type": "FULLER4T", "dggs_proj": "FULLER", "dggs_aperture_type": "PURE", "dggs_aperture": 4, "dggs_res_spec": 10 }, "geometry": { "type": "Polygon", "coordinates": [ [ [ 100.431133712772407, 14.10441869186884 ], [ 100.494238221491429, 14.067700677405769 ], [ 100.431306983974352, 14.042159007730818 ], [ 100.431133712772407, 14.10441869186884 ] ] ] } },
{ "type": "Feature", "properties": { "cell_id": "8365498", "resolution": 10, "type": "fuller4t", "dggs_topology": "TRIANGLE", "dggs_type": "FULLER4T", "dggs_proj": "FULLER", "dggs_aperture_type": "PURE", "dggs_aperture": 4, "dggs_res_spec": 10 }, "geometry": { "type": "Polygon", "coordinates": [ [ [ 100.494077875491428, 14.129936506719474 ], [ 100.557177093743846, 14.093213906558855 ], [ 100.494238221491429, 14.067700677405769 ], [ 100.494077875491428, 14.129936506719474 ] ] ] } },
{ "type": "Feature", "properties": { "cell_id": "8363449", "resolution": 10, "type": "fuller4t", "dggs_topology": "TRIANGLE", "dggs_type": "FULLER4T", "dggs_proj": "FULLER", "dggs_aperture_type": "PURE", "dggs_aperture": 4, "dggs_res_spec": 10 }, "geometry": { "type": "Polygon", "coordinates": [ [ [ 100.431133712772407, 14.10441869186884 ], [ 100.494077875491428, 14.129936506719474 ], [ 100.494238221491429, 14.067700677405769 ], [ 100.431133712772407, 14.10441869186884 ] ] ] } },
{ "type": "Feature", "properties": { "cell_id": "8359349", "resolution": 10, "type": "fuller4t", "dggs_topology": "TRIANGLE", "dggs_type": "FULLER4T", "dggs_proj": "FULLER", "dggs_aperture_type": "PURE", "dggs_aperture": 4, "dggs_res_spec": 10 }, "geometry": { "type": "Polygon", "coordinates": [ [ [ 100.305268611588261, 14.053297715105051 ], [ 100.36819728159594, 14.078872425679965 ], [ 100.368383410921652, 14.016588904280288 ], [ 100.305268611588261, 14.053297715105051 ] ] ] } },
{ "type": "Feature", "properties": { "cell_id": "8361398", "resolution": 10, "type": "fuller4t", "dggs_topology": "TRIANGLE", "dggs_type": "FULLER4T", "dggs_proj": "FULLER", "dggs_aperture_type": "PURE", "dggs_aperture": 4, "dggs_res_spec": 10 }, "geometry": { "type": "Polygon", "coordinates": [ [ [ 100.368197281595954, 14.07887242567997 ], [ 100.43130698397438, 14.042159007730783 ], [ 100.368383410921652, 14.016588904280342 ], [ 100.368197281595954, 14.07887242567997 ] ] ] } },
{ "type": "Feature", "properties": { "cell_id": "8361399", "resolution": 10, "type": "fuller4t", "dggs_topology": "TRIANGLE", "dggs_type": "FULLER4T", "dggs_proj": "FULLER", "dggs_aperture_type": "PURE", "dggs_aperture": 4, "dggs_res_spec": 10 }, "geometry": { "type": "Polygon", "coordinates": [ [ [ 100.368197281595954, 14.07887242567997 ], [ 100.431133712772393, 14.104418691868833 ], [ 100.43130698397438, 14.042159007730783 ], [ 100.368197281595954, 14.07887242567997 ] ] ] } },
{ "type": "Feature", "properties": { "cell_id": "8359350", "resolution": 10, "type": "fuller4t", "dggs_topology": "TRIANGLE", "dggs_type": "FULLER4T", "dggs_proj": "FULLER", "dggs_aperture_type": "PURE", "dggs_aperture": 4, "dggs_res_spec": 10 }, "geometry": { "type": "Polygon", "coordinates": [ [ [ 100.305068794607067, 14.115604873553243 ], [ 100.36819728159594, 14.078872425679965 ], [ 100.305268611588261, 14.053297715105051 ], [ 100.305068794607067, 14.115604873553243 ] ] ] } },
{ "type": "Feature", "properties": { "cell_id": "8359351", "resolution": 10, "type": "fuller4t", "dggs_topology": "TRIANGLE", "dggs_type": "FULLER4T", "dggs_proj": "FULLER", "dggs_aperture_type": "PURE", "dggs_aperture": 4, "dggs_res_spec": 10 }, "geometry": { "type": "Polygon", "coordinates": [ [ [ 100.305068794607067, 14.115604873553243 ], [ 100.368010315105536, 14.141155777043474 ], [ 100.36819728159594, 14.078872425679965 ], [ 100.305068794607067, 14.115604873553243 ] ] ] } },
{ "type": "Feature", "properties": { "cell_id": "8361400", "resolution": 10, "type": "fuller4t", "dggs_topology": "TRIANGLE", "dggs_type": "FULLER4T", "dggs_proj": "FULLER", "dggs_aperture_type": "PURE", "dggs_aperture": 4, "dggs_res_spec": 10 }, "geometry": { "type": "Polygon", "coordinates": [ [ [ 100.368010315105536, 14.141155777043474 ], [ 100.431133712772393, 14.104418691868833 ], [ 100.368197281595954, 14.07887242567997 ], [ 100.368010315105536, 14.141155777043474 ] ] ] } },
{ "type": "Feature", "properties": { "cell_id": "8361401", "resolution": 10, "type": "fuller4t", "dggs_topology": "TRIANGLE", "dggs_type": "FULLER4T", "dggs_proj": "FULLER", "dggs_aperture_type": "PURE", "dggs_aperture": 4, "dggs_res_spec": 10 }, "geometry": { "type": "Polygon", "coordinates": [ [ [ 100.368010315105536, 14.141155777043474 ], [ 100.430959663878468, 14.166678218559055 ], [ 100.431133712772393, 14.104418691868833 ], [ 100.368010315105536, 14.141155777043474 ] ] ] } },
{ "type": "Feature", "properties": { "cell_id": "8359352", "resolution": 10, "type": "fuller4t", "dggs_topology": "TRIANGLE", "dggs_type": "FULLER4T", "dggs_proj": "FULLER", "dggs_aperture_type": "PURE", "dggs_aperture": 4, "dggs_res_spec": 10 }, "geometry": { "type": "Polygon", "coordinates": [ [ [ 100.304868080927463, 14.177911848438953 ], [ 100.368010315105536, 14.141155777043474 ], [ 100.305068794607067, 14.115604873553243 ], [ 100.304868080927463, 14.177911848438953 ] ] ] } },
{ "type": "Feature", "properties": { "cell_id": "8367546", "resolution": 10, "type": "fuller4t", "dggs_topology": "TRIANGLE", "dggs_type": "FULLER4T", "dggs_proj": "FULLER", "dggs_aperture_type": "PURE", "dggs_aperture": 4, "dggs_res_spec": 10 }, "geometry": { "type": "Polygon", "coordinates": [ [ [ 100.55717709374386, 14.093213906558905 ], [ 100.620257266261802, 14.05651050223411 ], [ 100.557323788951479, 14.03100181786667 ], [ 100.55717709374386, 14.093213906558905 ] ] ] } },
{ "type": "Feature", "properties": { "cell_id": "8371645", "resolution": 10, "type": "fuller4t", "dggs_topology": "TRIANGLE", "dggs_type": "FULLER4T", "dggs_proj": "FULLER", "dggs_aperture_type": "PURE", "dggs_aperture": 4, "dggs_res_spec": 10 }, "geometry": { "type": "Polygon", "coordinates": [ [ [ 100.683198251464859, 14.081990750631556 ], [ 100.746146714550633, 14.107442556825397 ], [ 100.746253729417859, 14.045302133398151 ], [ 100.683198251464859, 14.081990750631556 ] ] ] } },
{ "type": "Feature", "properties": { "cell_id": "8369596", "resolution": 10, "type": "fuller4t", "dggs_topology": "TRIANGLE", "dggs_type": "FULLER4T", "dggs_proj": "FULLER", "dggs_aperture_type": "PURE", "dggs_aperture": 4, "dggs_res_spec": 10 }, "geometry": { "type": "Polygon", "coordinates": [ [ [ 100.620123570888424, 14.118698688563667 ], [ 100.683198251464859, 14.081990750631556 ], [ 100.620257266261802, 14.05651050223411 ], [ 100.620123570888424, 14.118698688563667 ] ] ] } },
{ "type": "Feature", "properties": { "cell_id": "8367547", "resolution": 10, "type": "fuller4t", "dggs_topology": "TRIANGLE", "dggs_type": "FULLER4T", "dggs_proj": "FULLER", "dggs_aperture_type": "PURE", "dggs_aperture": 4, "dggs_res_spec": 10 }, "geometry": { "type": "Polygon", "coordinates": [ [ [ 100.55717709374386, 14.093213906558905 ], [ 100.620123570888424, 14.118698688563667 ], [ 100.620257266261802, 14.05651050223411 ], [ 100.55717709374386, 14.093213906558905 ] ] ] } },
{ "type": "Feature", "properties": { "cell_id": "8369597", "resolution": 10, "type": "fuller4t", "dggs_topology": "TRIANGLE", "dggs_type": "FULLER4T", "dggs_proj": "FULLER", "dggs_aperture_type": "PURE", "dggs_aperture": 4, "dggs_res_spec": 10 }, "geometry": { "type": "Polygon", "coordinates": [ [ [ 100.620123570888424, 14.118698688563667 ], [ 100.683077623048391, 14.144155017025378 ], [ 100.683198251464859, 14.081990750631556 ], [ 100.620123570888424, 14.118698688563667 ] ] ] } },
{ "type": "Feature", "properties": { "cell_id": "8371646", "resolution": 10, "type": "fuller4t", "dggs_topology": "TRIANGLE", "dggs_type": "FULLER4T", "dggs_proj": "FULLER", "dggs_aperture_type": "PURE", "dggs_aperture": 4, "dggs_res_spec": 10 }, "geometry": { "type": "Polygon", "coordinates": [ [ [ 100.683077623048391, 14.144155017025378 ], [ 100.746146714550633, 14.107442556825397 ], [ 100.683198251464859, 14.081990750631556 ], [ 100.683077623048391, 14.144155017025378 ] ] ] } },
{ "type": "Feature", "properties": { "cell_id": "8371647", "resolution": 10, "type": "fuller4t", "dggs_topology": "TRIANGLE", "dggs_type": "FULLER4T", "dggs_proj": "FULLER", "dggs_aperture_type": "PURE", "dggs_aperture": 4, "dggs_res_spec": 10 }, "geometry": { "type": "Polygon", "coordinates": [ [ [ 100.683077623048391, 14.144155017025378 ], [ 100.746039220249273, 14.16958288569128 ], [ 100.746146714550633, 14.107442556825397 ], [ 100.683077623048391, 14.144155017025378 ] ] ] } },
{ "type": "Feature", "properties": { "cell_id": "8369598", "resolution": 10, "type": "fuller4t", "dggs_topology": "TRIANGLE", "dggs_type": "FULLER4T", "dggs_proj": "FULLER", "dggs_aperture_type": "PURE", "dggs_aperture": 4, "dggs_res_spec": 10 }, "geometry": { "type": "Polygon", "coordinates": [ [ [ 100.619989276624068, 14.180886755397724 ], [ 100.683077623048391, 14.144155017025378 ], [ 100.620123570888424, 14.118698688563667 ], [ 100.619989276624068, 14.180886755397724 ] ] ] } },
{ "type": "Feature", "properties": { "cell_id": "8371648", "resolution": 10, "type": "fuller4t", "dggs_topology": "TRIANGLE", "dggs_type": "FULLER4T", "dggs_proj": "FULLER", "dggs_aperture_type": "PURE", "dggs_aperture": 4, "dggs_res_spec": 10 }, "geometry": { "type": "Polygon", "coordinates": [ [ [ 100.682956455405701, 14.206319176187645 ], [ 100.746039220249244, 14.169582885691261 ], [ 100.683077623048376, 14.144155017025369 ], [ 100.682956455405701, 14.206319176187645 ] ] ] } },
{ "type": "Feature", "properties": { "cell_id": "8369599", "resolution": 10, "type": "fuller4t", "dggs_topology": "TRIANGLE", "dggs_type": "FULLER4T", "dggs_proj": "FULLER", "dggs_aperture_type": "PURE", "dggs_aperture": 4, "dggs_res_spec": 10 }, "geometry": { "type": "Polygon", "coordinates": [ [ [ 100.619989276624068, 14.180886755397724 ], [ 100.682956455405687, 14.206319176187687 ], [ 100.683077623048391, 14.144155017025378 ], [ 100.619989276624068, 14.180886755397724 ] ] ] } },
{ "type": "Feature", "properties": { "cell_id": "8365499", "resolution": 10, "type": "fuller4t", "dggs_topology": "TRIANGLE", "dggs_type": "FULLER4T", "dggs_proj": "FULLER", "dggs_aperture_type": "PURE", "dggs_aperture": 4, "dggs_res_spec": 10 }, "geometry": { "type": "Polygon", "coordinates": [ [ [ 100.494077875491428, 14.129936506719474 ], [ 100.557029740044342, 14.155425863444357 ], [ 100.557177093743846, 14.093213906558855 ], [ 100.494077875491428, 14.129936506719474 ] ] ] } },
{ "type": "Feature", "properties": { "cell_id": "8367548", "resolution": 10, "type": "fuller4t", "dggs_topology": "TRIANGLE", "dggs_type": "FULLER4T", "dggs_proj": "FULLER", "dggs_aperture_type": "PURE", "dggs_aperture": 4, "dggs_res_spec": 10 }, "geometry": { "type": "Polygon", "coordinates": [ [ [ 100.557029740044342, 14.155425863444357 ], [ 100.620123570888424, 14.118698688563667 ], [ 100.557177093743832, 14.093213906558889 ], [ 100.557029740044342, 14.155425863444357 ] ] ] } },
{ "type": "Feature", "properties": { "cell_id": "8363450", "resolution": 10, "type": "fuller4t", "dggs_topology": "TRIANGLE", "dggs_type": "FULLER4T", "dggs_proj": "FULLER", "dggs_aperture_type": "PURE", "dggs_aperture": 4, "dggs_res_spec": 10 }, "geometry": { "type": "Polygon", "coordinates": [ [ [ 100.430959663878468, 14.166678218559055 ], [ 100.494077875491428, 14.129936506719474 ], [ 100.431133712772407, 14.10441869186884 ], [ 100.430959663878468, 14.166678218559055 ] ] ] } },
{ "type": "Feature", "properties": { "cell_id": "8367549", "resolution": 10, "type": "fuller4t", "dggs_topology": "TRIANGLE", "dggs_type": "FULLER4T", "dggs_proj": "FULLER", "dggs_aperture_type": "PURE", "dggs_aperture": 4, "dggs_res_spec": 10 }, "geometry": { "type": "Polygon", "coordinates": [ [ [ 100.557029740044342, 14.155425863444357 ], [ 100.619989276624082, 14.18088675539768 ], [ 100.620123570888424, 14.118698688563667 ], [ 100.557029740044342, 14.155425863444357 ] ] ] } },
{ "type": "Feature", "properties": { "cell_id": "8373693", "resolution": 10, "type": "fuller4t", "dggs_topology": "TRIANGLE", "dggs_type": "FULLER4T", "dggs_proj": "FULLER", "dggs_aperture_type": "PURE", "dggs_aperture": 4, "dggs_res_spec": 10 }, "geometry": { "type": "Polygon", "coordinates": [ [ [ 100.746253729417845, 14.045302133398193 ], [ 100.80919649879543, 14.070749458600531 ], [ 100.809289952488555, 14.008632920284583 ], [ 100.746253729417845, 14.045302133398193 ] ] ] } },
{ "type": "Feature", "properties": { "cell_id": "8375742", "resolution": 10, "type": "fuller4t", "dggs_topology": "TRIANGLE", "dggs_type": "FULLER4T", "dggs_proj": "FULLER", "dggs_aperture_type": "PURE", "dggs_aperture": 4, "dggs_res_spec": 10 }, "geometry": { "type": "Polygon", "coordinates": [ [ [ 100.809196498795416, 14.070749458600574 ], [ 100.87222692346478, 14.034075805710977 ], [ 100.809289952488555, 14.008632920284583 ], [ 100.809196498795416, 14.070749458600574 ] ] ] } },
{ "type": "Feature", "properties": { "cell_id": "8375743", "resolution": 10, "type": "fuller4t", "dggs_topology": "TRIANGLE", "dggs_type": "FULLER4T", "dggs_proj": "FULLER", "dggs_aperture_type": "PURE", "dggs_aperture": 4, "dggs_res_spec": 10 }, "geometry": { "type": "Polygon", "coordinates": [ [ [ 100.809196498795416, 14.070749458600574 ], [ 100.872146618692128, 14.096168347297084 ], [ 100.87222692346478, 14.034075805710977 ], [ 100.809196498795416, 14.070749458600574 ] ] ] } },
{ "type": "Feature", "properties": { "cell_id": "8373694", "resolution": 10, "type": "fuller4t", "dggs_topology": "TRIANGLE", "dggs_type": "FULLER4T", "dggs_proj": "FULLER", "dggs_aperture_type": "PURE", "dggs_aperture": 4, "dggs_res_spec": 10 }, "geometry": { "type": "Polygon", "coordinates": [ [ [ 100.746146714550633, 14.107442556825397 ], [ 100.80919649879543, 14.070749458600531 ], [ 100.746253729417859, 14.045302133398151 ], [ 100.746146714550633, 14.107442556825397 ] ] ] } },
{ "type": "Feature", "properties": { "cell_id": "8373695", "resolution": 10, "type": "fuller4t", "dggs_topology": "TRIANGLE", "dggs_type": "FULLER4T", "dggs_proj": "FULLER", "dggs_aperture_type": "PURE", "dggs_aperture": 4, "dggs_res_spec": 10 }, "geometry": { "type": "Polygon", "coordinates": [ [ [ 100.746146714550633, 14.107442556825397 ], [ 100.809102625476257, 14.132865914813607 ], [ 100.80919649879543, 14.070749458600531 ], [ 100.746146714550633, 14.107442556825397 ] ] ] } },
{ "type": "Feature", "properties": { "cell_id": "8375744", "resolution": 10, "type": "fuller4t", "dggs_topology": "TRIANGLE", "dggs_type": "FULLER4T", "dggs_proj": "FULLER", "dggs_aperture_type": "PURE", "dggs_aperture": 4, "dggs_res_spec": 10 }, "geometry": { "type": "Polygon", "coordinates": [ [ [ 100.809102625476257, 14.13286591481366 ], [ 100.872146618692128, 14.096168347297084 ], [ 100.80919649879543, 14.070749458600531 ], [ 100.809102625476257, 14.13286591481366 ] ] ] } },
{ "type": "Feature", "properties": { "cell_id": "8375745", "resolution": 10, "type": "fuller4t", "dggs_topology": "TRIANGLE", "dggs_type": "FULLER4T", "dggs_proj": "FULLER", "dggs_aperture_type": "PURE", "dggs_aperture": 4, "dggs_res_spec": 10 }, "geometry": { "type": "Polygon", "coordinates": [ [ [ 100.809102625476257, 14.13286591481366 ], [ 100.872065954085912, 14.158260818713812 ], [ 100.872146618692128, 14.096168347297084 ], [ 100.809102625476257, 14.13286591481366 ] ] ] } },
{ "type": "Feature", "properties": { "cell_id": "8373696", "resolution": 10, "type": "fuller4t", "dggs_topology": "TRIANGLE", "dggs_type": "FULLER4T", "dggs_proj": "FULLER", "dggs_aperture_type": "PURE", "dggs_aperture": 4, "dggs_res_spec": 10 }, "geometry": { "type": "Polygon", "coordinates": [ [ [ 100.746039220249273, 14.16958288569128 ], [ 100.809102625476257, 14.132865914813607 ], [ 100.746146714550633, 14.107442556825397 ], [ 100.746039220249273, 14.16958288569128 ] ] ] } },
{ "type": "Feature", "properties": { "cell_id": "8375746", "resolution": 10, "type": "fuller4t", "dggs_topology": "TRIANGLE", "dggs_type": "FULLER4T", "dggs_proj": "FULLER", "dggs_aperture_type": "PURE", "dggs_aperture": 4, "dggs_res_spec": 10 }, "geometry": { "type": "Polygon", "coordinates": [ [ [ 100.809008332467485, 14.194982288517528 ], [ 100.872065954085912, 14.158260818713801 ], [ 100.809102625476257, 14.132865914813607 ], [ 100.809008332467485, 14.194982288517528 ] ] ] } },
{ "type": "Feature", "properties": { "cell_id": "8373697", "resolution": 10, "type": "fuller4t", "dggs_topology": "TRIANGLE", "dggs_type": "FULLER4T", "dggs_proj": "FULLER", "dggs_aperture_type": "PURE", "dggs_aperture": 4, "dggs_res_spec": 10 }, "geometry": { "type": "Polygon", "coordinates": [ [ [ 100.746039220249273, 14.16958288569128 ], [ 100.809008332467485, 14.194982288517528 ], [ 100.809102625476257, 14.132865914813607 ], [ 100.746039220249273, 14.16958288569128 ] ] ] } },
{ "type": "Feature", "properties": { "cell_id": "8377792", "resolution": 10, "type": "fuller4t", "dggs_topology": "TRIANGLE", "dggs_type": "FULLER4T", "dggs_proj": "FULLER", "dggs_aperture_type": "PURE", "dggs_aperture": 4, "dggs_res_spec": 10 }, "geometry": { "type": "Polygon", "coordinates": [ [ [ 100.872146618692128, 14.096168347297084 ], [ 100.935171147552921, 14.059490266484499 ], [ 100.87222692346478, 14.034075805710977 ], [ 100.872146618692128, 14.096168347297084 ] ] ] } },
{ "type": "Feature", "properties": { "cell_id": "8377793", "resolution": 10, "type": "fuller4t", "dggs_topology": "TRIANGLE", "dggs_type": "FULLER4T", "dggs_proj": "FULLER", "dggs_aperture_type": "PURE", "dggs_aperture": 4, "dggs_res_spec": 10 }, "geometry": { "type": "Polygon", "coordinates": [ [ [ 100.872146618692128, 14.096168347297084 ], [ 100.935104058852886, 14.121558793811216 ], [ 100.935171147552921, 14.059490266484499 ], [ 100.872146618692128, 14.096168347297084 ] ] ] } },
{ "type": "Feature", "properties": { "cell_id": "8377794", "resolution": 10, "type": "fuller4t", "dggs_topology": "TRIANGLE", "dggs_type": "FULLER4T", "dggs_proj": "FULLER", "dggs_aperture_type": "PURE", "dggs_aperture": 4, "dggs_res_spec": 10 }, "geometry": { "type": "Polygon", "coordinates": [ [ [ 100.872065954085912, 14.158260818713854 ], [ 100.935104058852886, 14.121558793811216 ], [ 100.872146618692128, 14.096168347297084 ], [ 100.872065954085912, 14.158260818713854 ] ] ] } },
{ "type": "Feature", "properties": { "cell_id": "8377795", "resolution": 10, "type": "fuller4t", "dggs_topology": "TRIANGLE", "dggs_type": "FULLER4T", "dggs_proj": "FULLER", "dggs_aperture_type": "PURE", "dggs_aperture": 4, "dggs_res_spec": 10 }, "geometry": { "type": "Polygon", "coordinates": [ [ [ 100.872065954085912, 14.158260818713854 ], [ 100.935036670159278, 14.183627262830024 ], [ 100.935104058852886, 14.121558793811216 ], [ 100.872065954085912, 14.158260818713854 ] ] ] } },
{ "type": "Feature", "properties": { "cell_id": "8377796", "resolution": 10, "type": "fuller4t", "dggs_topology": "TRIANGLE", "dggs_type": "FULLER4T", "dggs_proj": "FULLER", "dggs_aperture_type": "PURE", "dggs_aperture": 4, "dggs_res_spec": 10 }, "geometry": { "type": "Polygon", "coordinates": [ [ [ 100.871984929598355, 14.220353219624171 ], [ 100.935036670159278, 14.183627262830024 ], [ 100.872065954085912, 14.158260818713854 ], [ 100.871984929598355, 14.220353219624171 ] ] ] } },
{ "type": "Feature", "properties": { "cell_id": "8375747", "resolution": 10, "type": "fuller4t", "dggs_topology": "TRIANGLE", "dggs_type": "FULLER4T", "dggs_proj": "FULLER", "dggs_aperture_type": "PURE", "dggs_aperture": 4, "dggs_res_spec": 10 }, "geometry": { "type": "Polygon", "coordinates": [ [ [ 100.809008332467485, 14.194982288517528 ], [ 100.871984929598369, 14.220353219624128 ], [ 100.872065954085912, 14.158260818713801 ], [ 100.809008332467485, 14.194982288517528 ] ] ] } },
{ "type": "Feature", "properties": { "cell_id": "8373698", "resolution": 10, "type": "fuller4t", "dggs_topology": "TRIANGLE", "dggs_type": "FULLER4T", "dggs_proj": "FULLER", "dggs_aperture_type": "PURE", "dggs_aperture": 4, "dggs_res_spec": 10 }, "geometry": { "type": "Polygon", "coordinates": [ [ [ 100.745931246434324, 14.231723119519069 ], [ 100.809008332467485, 14.194982288517528 ], [ 100.746039220249273, 14.16958288569128 ], [ 100.745931246434324, 14.231723119519069 ] ] ] } },
{ "type": "Feature", "properties": { "cell_id": "8373699", "resolution": 10, "type": "fuller4t", "dggs_topology": "TRIANGLE", "dggs_type": "FULLER4T", "dggs_proj": "FULLER", "dggs_aperture_type": "PURE", "dggs_aperture": 4, "dggs_res_spec": 10 }, "geometry": { "type": "Polygon", "coordinates": [ [ [ 100.745931246434324, 14.231723119519069 ], [ 100.80891361970545, 14.257098579305275 ], [ 100.809008332467485, 14.194982288517528 ], [ 100.745931246434324, 14.231723119519069 ] ] ] } },
{ "type": "Feature", "properties": { "cell_id": "8375748", "resolution": 10, "type": "fuller4t", "dggs_topology": "TRIANGLE", "dggs_type": "FULLER4T", "dggs_proj": "FULLER", "dggs_aperture_type": "PURE", "dggs_aperture": 4, "dggs_res_spec": 10 }, "geometry": { "type": "Polygon", "coordinates": [ [ [ 100.80891361970545, 14.257098579305275 ], [ 100.871984929598369, 14.220353219624128 ], [ 100.809008332467485, 14.194982288517528 ], [ 100.80891361970545, 14.257098579305275 ] ] ] } },
{ "type": "Feature", "properties": { "cell_id": "8375749", "resolution": 10, "type": "fuller4t", "dggs_topology": "TRIANGLE", "dggs_type": "FULLER4T", "dggs_proj": "FULLER", "dggs_aperture_type": "PURE", "dggs_aperture": 4, "dggs_res_spec": 10 }, "geometry": { "type": "Polygon", "coordinates": [ [ [ 100.80891361970545, 14.257098579305275 ], [ 100.871903545165651, 14.282445549668001 ], [ 100.871984929598369, 14.220353219624128 ], [ 100.80891361970545, 14.257098579305275 ] ] ] } },
{ "type": "Feature", "properties": { "cell_id": "8379846", "resolution": 10, "type": "fuller4t", "dggs_topology": "TRIANGLE", "dggs_type": "FULLER4T", "dggs_proj": "FULLER", "dggs_aperture_type": "PURE", "dggs_aperture": 4, "dggs_res_spec": 10 }, "geometry": { "type": "Polygon", "coordinates": [ [ [ 100.934968981440349, 14.245695673272545 ], [ 100.998014743427973, 14.208965241674916 ], [ 100.935036670159278, 14.183627262830024 ], [ 100.934968981440349, 14.245695673272545 ] ] ] } },
{ "type": "Feature", "properties": { "cell_id": "8377797", "resolution": 10, "type": "fuller4t", "dggs_topology": "TRIANGLE", "dggs_type": "FULLER4T", "dggs_proj": "FULLER", "dggs_aperture_type": "PURE", "dggs_aperture": 4, "dggs_res_spec": 10 }, "geometry": { "type": "Polygon", "coordinates": [ [ [ 100.871984929598355, 14.220353219624171 ], [ 100.934968981440349, 14.245695673272545 ], [ 100.935036670159278, 14.183627262830024 ], [ 100.871984929598355, 14.220353219624171 ] ] ] } },
{ "type": "Feature", "properties": { "cell_id": "8379847", "resolution": 10, "type": "fuller4t", "dggs_topology": "TRIANGLE", "dggs_type": "FULLER4T", "dggs_proj": "FULLER", "dggs_aperture_type": "PURE", "dggs_aperture": 4, "dggs_res_spec": 10 }, "geometry": { "type": "Polygon", "coordinates": [ [ [ 100.934968981440349, 14.245695673272545 ], [ 100.997960457775577, 14.271009643977157 ], [ 100.998014743427973, 14.208965241674916 ], [ 100.934968981440349, 14.245695673272545 ] ] ] } },
{ "type": "Feature", "properties": { "cell_id": "8377798", "resolution": 10, "type": "fuller4t", "dggs_topology": "TRIANGLE", "dggs_type": "FULLER4T", "dggs_proj": "FULLER", "dggs_aperture_type": "PURE", "dggs_aperture": 4, "dggs_res_spec": 10 }, "geometry": { "type": "Polygon", "coordinates": [ [ [ 100.871903545165623, 14.282445549668038 ], [ 100.934968981440335, 14.245695673272538 ], [ 100.871984929598369, 14.220353219624128 ], [ 100.871903545165623, 14.282445549668038 ] ] ] } },
{ "type": "Feature", "properties": { "cell_id": "8377799", "resolution": 10, "type": "fuller4t", "dggs_topology": "TRIANGLE", "dggs_type": "FULLER4T", "dggs_proj": "FULLER", "dggs_aperture_type": "PURE", "dggs_aperture": 4, "dggs_res_spec": 10 }, "geometry": { "type": "Polygon", "coordinates": [ [ [ 100.871903545165623, 14.282445549668038 ], [ 100.934900992648025, 14.307764024847529 ], [ 100.934968981440335, 14.245695673272538 ], [ 100.871903545165623, 14.282445549668038 ] ] ] } },
{ "type": "Feature", "properties": { "cell_id": "8379848", "resolution": 10, "type": "fuller4t", "dggs_topology": "TRIANGLE", "dggs_type": "FULLER4T", "dggs_proj": "FULLER", "dggs_aperture_type": "PURE", "dggs_aperture": 4, "dggs_res_spec": 10 }, "geometry": { "type": "Polygon", "coordinates": [ [ [ 100.934900992648025, 14.307764024847573 ], [ 100.997960457775577, 14.271009643977157 ], [ 100.934968981440349, 14.245695673272545 ], [ 100.934900992648025, 14.307764024847573 ] ] ] } },
{ "type": "Feature", "properties": { "cell_id": "8371649", "resolution": 10, "type": "fuller4t", "dggs_topology": "TRIANGLE", "dggs_type": "FULLER4T", "dggs_proj": "FULLER", "dggs_aperture_type": "PURE", "dggs_aperture": 4, "dggs_res_spec": 10 }, "geometry": { "type": "Polygon", "coordinates": [ [ [ 100.682956455405701, 14.206319176187645 ], [ 100.74593124643431, 14.23172311951906 ], [ 100.746039220249244, 14.169582885691261 ], [ 100.682956455405701, 14.206319176187645 ] ] ] } }
]
}
