{
"type": "FeatureCollection",
"name": "res_11",
"crs": { "type": "name", "properties": { "name": "urn:ogc:def:crs:OGC:1.3:CRS84" } },
"features": [
{ "type": "Feature", "properties": { "cell_id": "33459020", "resolution": 11, "type": "fuller4t", "dggs_topology": "TRIANGLE", "dggs_type": "FULLER4T", "dggs_proj": "FULLER", "dggs_aperture_type": "PURE", "dggs_aperture": 4, "dggs_res_spec": 11 }, "geometry": { "type": "Polygon", "coordinates": [ [ [ 100.495649036853564, 13.507571811184464 ], [ 100.527134046024528, 13.489327057022432 ], [ 100.49572571179705, 13.476453208925445 ], [ 100.495649036853564, 13.507571811184464 ] ] ] } },
{ "type": "Feature", "properties": { "cell_id": "33454923", "resolution": 11, "type": "fuller4t", "dggs_topology": "TRIANGLE", "dggs_type": "FULLER4T", "dggs_proj": "FULLER", "dggs_aperture_type": "PURE", "dggs_aperture": 4, "dggs_res_spec": 11 }, "geometry": { "type": "Polygon", "coordinates": [ [ [ 100.464239362063026, 13.49469688841457 ], [ 100.49564903685355, 13.507571811184508 ], [ 100.495725711797036, 13.476453208925481 ], [ 100.464239362063026, 13.49469688841457 ] ] ] } },
{ "type": "Feature", "properties": { "cell_id": "33459021", "resolution": 11, "type": "fuller4t", "dggs_topology": "TRIANGLE", "dggs_type": "FULLER4T", "dggs_proj": "FULLER", "dggs_aperture_type": "PURE", "dggs_aperture": 4, "dggs_res_spec": 11 }, "geometry": { "type": "Polygon", "coordinates": [ [ [ 100.495649036853564, 13.507571811184464 ], [ 100.527060469899823, 13.520439662687757 ], [ 100.527134046024528, 13.489327057022432 ], [ 100.495649036853564, 13.507571811184464 ] ] ] } },
{ "type": "Feature", "properties": { "cell_id": "33454924", "resolution": 11, "type": "fuller4t", "dggs_topology": "TRIANGLE", "dggs_type": "FULLER4T", "dggs_proj": "FULLER", "dggs_aperture_type": "PURE", "dggs_aperture": 4, "dggs_res_spec": 11 }, "geometry": { "type": "Polygon", "coordinates": [ [ [ 100.464159409934837, 13.525821449217386 ], [ 100.495649036853564, 13.507571811184464 ], [ 100.464239362063026, 13.49469688841457 ], [ 100.464159409934837, 13.525821449217386 ] ] ] } },
{ "type": "Feature", "properties": { "cell_id": "33454925", "resolution": 11, "type": "fuller4t", "dggs_topology": "TRIANGLE", "dggs_type": "FULLER4T", "dggs_proj": "FULLER", "dggs_aperture_type": "PURE", "dggs_aperture": 4, "dggs_res_spec": 11 }, "geometry": { "type": "Polygon", "coordinates": [ [ [ 100.464159409934837, 13.525821449217386 ], [ 100.495572182667175, 13.538690379029028 ], [ 100.495649036853564, 13.507571811184464 ], [ 100.464159409934837, 13.525821449217386 ] ] ] } },
{ "type": "Feature", "properties": { "cell_id": "33459022", "resolution": 11, "type": "fuller4t", "dggs_topology": "TRIANGLE", "dggs_type": "FULLER4T", "dggs_proj": "FULLER", "dggs_aperture_type": "PURE", "dggs_aperture": 4, "dggs_res_spec": 11 }, "geometry": { "type": "Polygon", "coordinates": [ [ [ 100.495572182667146, 13.538690379029061 ], [ 100.527060469899837, 13.520439662687766 ], [ 100.49564903685355, 13.507571811184508 ], [ 100.495572182667146, 13.538690379029061 ] ] ] } },
{ "type": "Feature", "properties": { "cell_id": "33459023", "resolution": 11, "type": "fuller4t", "dggs_topology": "TRIANGLE", "dggs_type": "FULLER4T", "dggs_proj": "FULLER", "dggs_aperture_type": "PURE", "dggs_aperture": 4, "dggs_res_spec": 11 }, "geometry": { "type": "Polygon", "coordinates": [ [ [ 100.495572182667146, 13.538690379029061 ], [ 100.526986721977266, 13.551552235435571 ], [ 100.527060469899837, 13.520439662687766 ], [ 100.495572182667146, 13.538690379029061 ] ] ] } },
{ "type": "Feature", "properties": { "cell_id": "33454926", "resolution": 11, "type": "fuller4t", "dggs_topology": "TRIANGLE", "dggs_type": "FULLER4T", "dggs_proj": "FULLER", "dggs_aperture_type": "PURE", "dggs_aperture": 4, "dggs_res_spec": 11 }, "geometry": { "type": "Polygon", "coordinates": [ [ [ 100.464079271105888, 13.556945974010391 ], [ 100.495572182667146, 13.538690379029061 ], [ 100.464159409934837, 13.525821449217426 ], [ 100.464079271105888, 13.556945974010391 ] ] ] } },
{ "type": "Feature", "properties": { "cell_id": "33446728", "resolution": 11, "type": "fuller4t", "dggs_topology": "TRIANGLE", "dggs_type": "FULLER4T", "dggs_proj": "FULLER", "dggs_aperture_type": "PURE", "dggs_aperture": 4, "dggs_res_spec": 11 }, "geometry": { "type": "Polygon", "coordinates": [ [ [ 100.401339179250485, 13.500062372709715 ], [ 100.432831449291015, 13.481814895203964 ], [ 100.401425302277119, 13.468925832363826 ], [ 100.401339179250485, 13.500062372709715 ] ] ] } },
{ "type": "Feature", "properties": { "cell_id": "33450826", "resolution": 11, "type": "fuller4t", "dggs_topology": "TRIANGLE", "dggs_type": "FULLER4T", "dggs_proj": "FULLER", "dggs_aperture_type": "PURE", "dggs_aperture": 4, "dggs_res_spec": 11 }, "geometry": { "type": "Polygon", "coordinates": [ [ [ 100.432748407539833, 13.512945446825778 ], [ 100.464239362063026, 13.49469688841457 ], [ 100.432831449291015, 13.481814895203964 ], [ 100.432748407539833, 13.512945446825778 ] ] ] } },
{ "type": "Feature", "properties": { "cell_id": "33446729", "resolution": 11, "type": "fuller4t", "dggs_topology": "TRIANGLE", "dggs_type": "FULLER4T", "dggs_proj": "FULLER", "dggs_aperture_type": "PURE", "dggs_aperture": 4, "dggs_res_spec": 11 }, "geometry": { "type": "Polygon", "coordinates": [ [ [ 100.401339179250485, 13.500062372709715 ], [ 100.432748407539833, 13.512945446825823 ], [ 100.432831449291015, 13.481814895203964 ], [ 100.401339179250485, 13.500062372709715 ] ] ] } },
{ "type": "Feature", "properties": { "cell_id": "33450827", "resolution": 11, "type": "fuller4t", "dggs_topology": "TRIANGLE", "dggs_type": "FULLER4T", "dggs_proj": "FULLER", "dggs_aperture_type": "PURE", "dggs_aperture": 4, "dggs_res_spec": 11 }, "geometry": { "type": "Polygon", "coordinates": [ [ [ 100.432748407539833, 13.512945446825778 ], [ 100.464159409934823, 13.525821449217375 ], [ 100.464239362063026, 13.49469688841457 ], [ 100.432748407539833, 13.512945446825778 ] ] ] } },
{ "type": "Feature", "properties": { "cell_id": "33446730", "resolution": 11, "type": "fuller4t", "dggs_topology": "TRIANGLE", "dggs_type": "FULLER4T", "dggs_proj": "FULLER", "dggs_aperture_type": "PURE", "dggs_aperture": 4, "dggs_res_spec": 11 }, "geometry": { "type": "Polygon", "coordinates": [ [ [ 100.40125285468001, 13.531198874071144 ], [ 100.432748407539833, 13.512945446825778 ], [ 100.401339179250499, 13.50006237270968 ], [ 100.40125285468001, 13.531198874071144 ] ] ] } },
{ "type": "Feature", "properties": { "cell_id": "33446731", "resolution": 11, "type": "fuller4t", "dggs_topology": "TRIANGLE", "dggs_type": "FULLER4T", "dggs_proj": "FULLER", "dggs_aperture_type": "PURE", "dggs_aperture": 4, "dggs_res_spec": 11 }, "geometry": { "type": "Polygon", "coordinates": [ [ [ 100.40125285468001, 13.531198874071144 ], [ 100.432665171680853, 13.544075960974961 ], [ 100.432748407539833, 13.512945446825778 ], [ 100.40125285468001, 13.531198874071144 ] ] ] } },
{ "type": "Feature", "properties": { "cell_id": "33450828", "resolution": 11, "type": "fuller4t", "dggs_topology": "TRIANGLE", "dggs_type": "FULLER4T", "dggs_proj": "FULLER", "dggs_aperture_type": "PURE", "dggs_aperture": 4, "dggs_res_spec": 11 }, "geometry": { "type": "Polygon", "coordinates": [ [ [ 100.432665171680853, 13.544075960974961 ], [ 100.464159409934837, 13.525821449217386 ], [ 100.432748407539833, 13.512945446825823 ], [ 100.432665171680853, 13.544075960974961 ] ] ] } },
{ "type": "Feature", "properties": { "cell_id": "33450829", "resolution": 11, "type": "fuller4t", "dggs_topology": "TRIANGLE", "dggs_type": "FULLER4T", "dggs_proj": "FULLER", "dggs_aperture_type": "PURE", "dggs_aperture": 4, "dggs_res_spec": 11 }, "geometry": { "type": "Polygon", "coordinates": [ [ [ 100.432665171680853, 13.544075960974961 ], [ 100.464079271105902, 13.556945974010347 ], [ 100.464159409934837, 13.525821449217386 ], [ 100.432665171680853, 13.544075960974961 ] ] ] } },
{ "type": "Feature", "properties": { "cell_id": "33446732", "resolution": 11, "type": "fuller4t", "dggs_topology": "TRIANGLE", "dggs_type": "FULLER4T", "dggs_proj": "FULLER", "dggs_aperture_type": "PURE", "dggs_aperture": 4, "dggs_res_spec": 11 }, "geometry": { "type": "Polygon", "coordinates": [ [ [ 100.40116632854992, 13.562335336347301 ], [ 100.432665171680853, 13.544075960974961 ], [ 100.40125285468001, 13.531198874071144 ], [ 100.40116632854992, 13.562335336347301 ] ] ] } },
{ "type": "Feature", "properties": { "cell_id": "33463118", "resolution": 11, "type": "fuller4t", "dggs_topology": "TRIANGLE", "dggs_type": "FULLER4T", "dggs_proj": "FULLER", "dggs_aperture_type": "PURE", "dggs_aperture": 4, "dggs_res_spec": 11 }, "geometry": { "type": "Polygon", "coordinates": [ [ [ 100.527060469899837, 13.520439662687766 ], [ 100.558544126399696, 13.502193835145853 ], [ 100.527134046024557, 13.489327057022441 ], [ 100.527060469899837, 13.520439662687766 ] ] ] } },
{ "type": "Feature", "properties": { "cell_id": "33463119", "resolution": 11, "type": "fuller4t", "dggs_topology": "TRIANGLE", "dggs_type": "FULLER4T", "dggs_proj": "FULLER", "dggs_aperture_type": "PURE", "dggs_aperture": 4, "dggs_res_spec": 11 }, "geometry": { "type": "Polygon", "coordinates": [ [ [ 100.527060469899837, 13.520439662687766 ], [ 100.558473657448232, 13.533300442128745 ], [ 100.558544126399696, 13.502193835145853 ], [ 100.527060469899837, 13.520439662687766 ] ] ] } },
{ "type": "Feature", "properties": { "cell_id": "33467216", "resolution": 11, "type": "fuller4t", "dggs_topology": "TRIANGLE", "dggs_type": "FULLER4T", "dggs_proj": "FULLER", "dggs_aperture_type": "PURE", "dggs_aperture": 4, "dggs_res_spec": 11 }, "geometry": { "type": "Polygon", "coordinates": [ [ [ 100.558473657448232, 13.533300442128745 ], [ 100.589955949174609, 13.515053542529463 ], [ 100.558544126399696, 13.502193835145853 ], [ 100.558473657448232, 13.533300442128745 ] ] ] } },
{ "type": "Feature", "properties": { "cell_id": "33467217", "resolution": 11, "type": "fuller4t", "dggs_topology": "TRIANGLE", "dggs_type": "FULLER4T", "dggs_proj": "FULLER", "dggs_aperture_type": "PURE", "dggs_aperture": 4, "dggs_res_spec": 11 }, "geometry": { "type": "Polygon", "coordinates": [ [ [ 100.558473657448232, 13.533300442128745 ], [ 100.589888595722073, 13.546154148696766 ], [ 100.589955949174609, 13.515053542529463 ], [ 100.558473657448232, 13.533300442128745 ] ] ] } },
{ "type": "Feature", "properties": { "cell_id": "33471314", "resolution": 11, "type": "fuller4t", "dggs_topology": "TRIANGLE", "dggs_type": "FULLER4T", "dggs_proj": "FULLER", "dggs_aperture_type": "PURE", "dggs_aperture": 4, "dggs_res_spec": 11 }, "geometry": { "type": "Polygon", "coordinates": [ [ [ 100.589888595722073, 13.546154148696766 ], [ 100.621369510578461, 13.527906178392264 ], [ 100.589955949174609, 13.515053542529463 ], [ 100.589888595722073, 13.546154148696766 ] ] ] } },
{ "type": "Feature", "properties": { "cell_id": "33463120", "resolution": 11, "type": "fuller4t", "dggs_topology": "TRIANGLE", "dggs_type": "FULLER4T", "dggs_proj": "FULLER", "dggs_aperture_type": "PURE", "dggs_aperture": 4, "dggs_res_spec": 11 }, "geometry": { "type": "Polygon", "coordinates": [ [ [ 100.526986721977252, 13.551552235435562 ], [ 100.558473657448246, 13.5333004421287 ], [ 100.527060469899823, 13.520439662687757 ], [ 100.526986721977252, 13.551552235435562 ] ] ] } },
{ "type": "Feature", "properties": { "cell_id": "33471315", "resolution": 11, "type": "fuller4t", "dggs_topology": "TRIANGLE", "dggs_type": "FULLER4T", "dggs_proj": "FULLER", "dggs_aperture_type": "PURE", "dggs_aperture": 4, "dggs_res_spec": 11 }, "geometry": { "type": "Polygon", "coordinates": [ [ [ 100.589888595722073, 13.546154148696766 ], [ 100.621305280953734, 13.559000781611616 ], [ 100.621369510578461, 13.527906178392264 ], [ 100.589888595722073, 13.546154148696766 ] ] ] } },
{ "type": "Feature", "properties": { "cell_id": "33463121", "resolution": 11, "type": "fuller4t", "dggs_topology": "TRIANGLE", "dggs_type": "FULLER4T", "dggs_proj": "FULLER", "dggs_aperture_type": "PURE", "dggs_aperture": 4, "dggs_res_spec": 11 }, "geometry": { "type": "Polygon", "coordinates": [ [ [ 100.526986721977252, 13.551552235435562 ], [ 100.558403024114881, 13.564407017641949 ], [ 100.558473657448246, 13.5333004421287 ], [ 100.526986721977252, 13.551552235435562 ] ] ] } },
{ "type": "Feature", "properties": { "cell_id": "33467218", "resolution": 11, "type": "fuller4t", "dggs_topology": "TRIANGLE", "dggs_type": "FULLER4T", "dggs_proj": "FULLER", "dggs_aperture_type": "PURE", "dggs_aperture": 4, "dggs_res_spec": 11 }, "geometry": { "type": "Polygon", "coordinates": [ [ [ 100.558403024114881, 13.564407017641949 ], [ 100.589888595722073, 13.546154148696766 ], [ 100.558473657448232, 13.533300442128745 ], [ 100.558403024114881, 13.564407017641949 ] ] ] } },
{ "type": "Feature", "properties": { "cell_id": "33459024", "resolution": 11, "type": "fuller4t", "dggs_topology": "TRIANGLE", "dggs_type": "FULLER4T", "dggs_proj": "FULLER", "dggs_aperture_type": "PURE", "dggs_aperture": 4, "dggs_res_spec": 11 }, "geometry": { "type": "Polygon", "coordinates": [ [ [ 100.495495149189921, 13.569808912322637 ], [ 100.526986721977252, 13.551552235435562 ], [ 100.495572182667175, 13.538690379029028 ], [ 100.495495149189921, 13.569808912322637 ] ] ] } },
{ "type": "Feature", "properties": { "cell_id": "33454927", "resolution": 11, "type": "fuller4t", "dggs_topology": "TRIANGLE", "dggs_type": "FULLER4T", "dggs_proj": "FULLER", "dggs_aperture_type": "PURE", "dggs_aperture": 4, "dggs_res_spec": 11 }, "geometry": { "type": "Polygon", "coordinates": [ [ [ 100.464079271105888, 13.556945974010391 ], [ 100.495495149189921, 13.569808912322681 ], [ 100.495572182667146, 13.538690379029061 ], [ 100.464079271105888, 13.556945974010391 ] ] ] } },
{ "type": "Feature", "properties": { "cell_id": "33463122", "resolution": 11, "type": "fuller4t", "dggs_topology": "TRIANGLE", "dggs_type": "FULLER4T", "dggs_proj": "FULLER", "dggs_aperture_type": "PURE", "dggs_aperture": 4, "dggs_res_spec": 11 }, "geometry": { "type": "Polygon", "coordinates": [ [ [ 100.526912802208912, 13.582664775132399 ], [ 100.558403024114881, 13.564407017641949 ], [ 100.526986721977252, 13.551552235435562 ], [ 100.526912802208912, 13.582664775132399 ] ] ] } },
{ "type": "Feature", "properties": { "cell_id": "33459025", "resolution": 11, "type": "fuller4t", "dggs_topology": "TRIANGLE", "dggs_type": "FULLER4T", "dggs_proj": "FULLER", "dggs_aperture_type": "PURE", "dggs_aperture": 4, "dggs_res_spec": 11 }, "geometry": { "type": "Polygon", "coordinates": [ [ [ 100.495495149189921, 13.569808912322637 ], [ 100.526912802208912, 13.582664775132399 ], [ 100.526986721977252, 13.551552235435562 ], [ 100.495495149189921, 13.569808912322637 ] ] ] } },
{ "type": "Feature", "properties": { "cell_id": "33454928", "resolution": 11, "type": "fuller4t", "dggs_topology": "TRIANGLE", "dggs_type": "FULLER4T", "dggs_proj": "FULLER", "dggs_aperture_type": "PURE", "dggs_aperture": 4, "dggs_res_spec": 11 }, "geometry": { "type": "Polygon", "coordinates": [ [ [ 100.463998945560348, 13.588070462698893 ], [ 100.495495149189921, 13.569808912322637 ], [ 100.464079271105902, 13.556945974010347 ], [ 100.463998945560348, 13.588070462698893 ] ] ] } },
{ "type": "Feature", "properties": { "cell_id": "33459026", "resolution": 11, "type": "fuller4t", "dggs_topology": "TRIANGLE", "dggs_type": "FULLER4T", "dggs_proj": "FULLER", "dggs_aperture_type": "PURE", "dggs_aperture": 4, "dggs_res_spec": 11 }, "geometry": { "type": "Polygon", "coordinates": [ [ [ 100.495417936454189, 13.600927411041425 ], [ 100.526912802208912, 13.582664775132399 ], [ 100.495495149189921, 13.569808912322637 ], [ 100.495417936454189, 13.600927411041425 ] ] ] } },
{ "type": "Feature", "properties": { "cell_id": "33454929", "resolution": 11, "type": "fuller4t", "dggs_topology": "TRIANGLE", "dggs_type": "FULLER4T", "dggs_proj": "FULLER", "dggs_aperture_type": "PURE", "dggs_aperture": 4, "dggs_res_spec": 11 }, "geometry": { "type": "Polygon", "coordinates": [ [ [ 100.463998945560348, 13.588070462698893 ], [ 100.495417936454189, 13.600927411041425 ], [ 100.495495149189921, 13.569808912322637 ], [ 100.463998945560348, 13.588070462698893 ] ] ] } },
{ "type": "Feature", "properties": { "cell_id": "33463124", "resolution": 11, "type": "fuller4t", "dggs_topology": "TRIANGLE", "dggs_type": "FULLER4T", "dggs_proj": "FULLER", "dggs_aperture_type": "PURE", "dggs_aperture": 4, "dggs_res_spec": 11 }, "geometry": { "type": "Polygon", "coordinates": [ [ [ 100.526838710594973, 13.613777281712379 ], [ 100.558332226383683, 13.595513561600217 ], [ 100.526912802208912, 13.582664775132399 ], [ 100.526838710594973, 13.613777281712379 ] ] ] } },
{ "type": "Feature", "properties": { "cell_id": "33459027", "resolution": 11, "type": "fuller4t", "dggs_topology": "TRIANGLE", "dggs_type": "FULLER4T", "dggs_proj": "FULLER", "dggs_aperture_type": "PURE", "dggs_aperture": 4, "dggs_res_spec": 11 }, "geometry": { "type": "Polygon", "coordinates": [ [ [ 100.495417936454189, 13.600927411041425 ], [ 100.526838710594973, 13.613777281712379 ], [ 100.526912802208912, 13.582664775132399 ], [ 100.495417936454189, 13.600927411041425 ] ] ] } },
{ "type": "Feature", "properties": { "cell_id": "33454930", "resolution": 11, "type": "fuller4t", "dggs_topology": "TRIANGLE", "dggs_type": "FULLER4T", "dggs_proj": "FULLER", "dggs_aperture_type": "PURE", "dggs_aperture": 4, "dggs_res_spec": 11 }, "geometry": { "type": "Polygon", "coordinates": [ [ [ 100.463918433282487, 13.619194915188368 ], [ 100.495417936454189, 13.600927411041425 ], [ 100.463998945560348, 13.588070462698893 ], [ 100.463918433282487, 13.619194915188368 ] ] ] } },
{ "type": "Feature", "properties": { "cell_id": "33450830", "resolution": 11, "type": "fuller4t", "dggs_topology": "TRIANGLE", "dggs_type": "FULLER4T", "dggs_proj": "FULLER", "dggs_aperture_type": "PURE", "dggs_aperture": 4, "dggs_res_spec": 11 }, "geometry": { "type": "Polygon", "coordinates": [ [ [ 100.432581741666297, 13.575206437508657 ], [ 100.464079271105902, 13.556945974010347 ], [ 100.432665171680853, 13.544075960974961 ], [ 100.432581741666297, 13.575206437508657 ] ] ] } },
{ "type": "Feature", "properties": { "cell_id": "33446733", "resolution": 11, "type": "fuller4t", "dggs_topology": "TRIANGLE", "dggs_type": "FULLER4T", "dggs_proj": "FULLER", "dggs_aperture_type": "PURE", "dggs_aperture": 4, "dggs_res_spec": 11 }, "geometry": { "type": "Polygon", "coordinates": [ [ [ 100.40116632854992, 13.562335336347301 ], [ 100.432581741666311, 13.575206437508665 ], [ 100.432665171680853, 13.544075960974961 ], [ 100.40116632854992, 13.562335336347301 ] ] ] } },
{ "type": "Feature", "properties": { "cell_id": "33450831", "resolution": 11, "type": "fuller4t", "dggs_topology": "TRIANGLE", "dggs_type": "FULLER4T", "dggs_proj": "FULLER", "dggs_aperture_type": "PURE", "dggs_aperture": 4, "dggs_res_spec": 11 }, "geometry": { "type": "Polygon", "coordinates": [ [ [ 100.432581741666297, 13.575206437508657 ], [ 100.463998945560334, 13.588070462698882 ], [ 100.464079271105902, 13.556945974010347 ], [ 100.432581741666297, 13.575206437508657 ] ] ] } },
{ "type": "Feature", "properties": { "cell_id": "33446734", "resolution": 11, "type": "fuller4t", "dggs_topology": "TRIANGLE", "dggs_type": "FULLER4T", "dggs_proj": "FULLER", "dggs_aperture_type": "PURE", "dggs_aperture": 4, "dggs_res_spec": 11 }, "geometry": { "type": "Polygon", "coordinates": [ [ [ 100.401079600828496, 13.59347175941474 ], [ 100.432581741666297, 13.575206437508657 ], [ 100.401166328549934, 13.562335336347259 ], [ 100.401079600828496, 13.59347175941474 ] ] ] } },
{ "type": "Feature", "properties": { "cell_id": "33450832", "resolution": 11, "type": "fuller4t", "dggs_topology": "TRIANGLE", "dggs_type": "FULLER4T", "dggs_proj": "FULLER", "dggs_aperture_type": "PURE", "dggs_aperture": 4, "dggs_res_spec": 11 }, "geometry": { "type": "Polygon", "coordinates": [ [ [ 100.432498117512424, 13.606336876374264 ], [ 100.463998945560334, 13.588070462698882 ], [ 100.432581741666297, 13.575206437508657 ], [ 100.432498117512424, 13.606336876374264 ] ] ] } },
{ "type": "Feature", "properties": { "cell_id": "33446735", "resolution": 11, "type": "fuller4t", "dggs_topology": "TRIANGLE", "dggs_type": "FULLER4T", "dggs_proj": "FULLER", "dggs_aperture_type": "PURE", "dggs_aperture": 4, "dggs_res_spec": 11 }, "geometry": { "type": "Polygon", "coordinates": [ [ [ 100.401079600828496, 13.59347175941474 ], [ 100.432498117512424, 13.606336876374264 ], [ 100.432581741666297, 13.575206437508657 ], [ 100.401079600828496, 13.59347175941474 ] ] ] } },
{ "type": "Feature", "properties": { "cell_id": "33450833", "resolution": 11, "type": "fuller4t", "dggs_topology": "TRIANGLE", "dggs_type": "FULLER4T", "dggs_proj": "FULLER", "dggs_aperture_type": "PURE", "dggs_aperture": 4, "dggs_res_spec": 11 }, "geometry": { "type": "Polygon", "coordinates": [ [ [ 100.432498117512424, 13.606336876374264 ], [ 100.463918433282487, 13.619194915188363 ], [ 100.463998945560334, 13.588070462698882 ], [ 100.432498117512424, 13.606336876374264 ] ] ] } },
{ "type": "Feature", "properties": { "cell_id": "33446736", "resolution": 11, "type": "fuller4t", "dggs_topology": "TRIANGLE", "dggs_type": "FULLER4T", "dggs_proj": "FULLER", "dggs_aperture_type": "PURE", "dggs_aperture": 4, "dggs_res_spec": 11 }, "geometry": { "type": "Polygon", "coordinates": [ [ [ 100.400992671515979, 13.624608143195124 ], [ 100.432498117512424, 13.606336876374264 ], [ 100.401079600828496, 13.59347175941474 ], [ 100.400992671515979, 13.624608143195124 ] ] ] } },
{ "type": "Feature", "properties": { "cell_id": "33446737", "resolution": 11, "type": "fuller4t", "dggs_topology": "TRIANGLE", "dggs_type": "FULLER4T", "dggs_proj": "FULLER", "dggs_aperture_type": "PURE", "dggs_aperture": 4, "dggs_res_spec": 11 }, "geometry": { "type": "Polygon", "coordinates": [ [ [ 100.400992671515979, 13.624608143195124 ], [ 100.432414299171484, 13.637467277428906 ], [ 100.432498117512424, 13.606336876374264 ], [ 100.400992671515979, 13.624608143195124 ] ] ] } },
{ "type": "Feature", "properties": { "cell_id": "33450834", "resolution": 11, "type": "fuller4t", "dggs_topology": "TRIANGLE", "dggs_type": "FULLER4T", "dggs_proj": "FULLER", "dggs_aperture_type": "PURE", "dggs_aperture": 4, "dggs_res_spec": 11 }, "geometry": { "type": "Polygon", "coordinates": [ [ [ 100.432414299171484, 13.637467277428906 ], [ 100.463918433282487, 13.619194915188363 ], [ 100.432498117512424, 13.606336876374264 ], [ 100.432414299171484, 13.637467277428906 ] ] ] } },
{ "type": "Feature", "properties": { "cell_id": "33471316", "resolution": 11, "type": "fuller4t", "dggs_topology": "TRIANGLE", "dggs_type": "FULLER4T", "dggs_proj": "FULLER", "dggs_aperture_type": "PURE", "dggs_aperture": 4, "dggs_res_spec": 11 }, "geometry": { "type": "Polygon", "coordinates": [ [ [ 100.589821085322555, 13.577254724860854 ], [ 100.621305280953749, 13.559000781611573 ], [ 100.589888595722073, 13.546154148696766 ], [ 100.589821085322555, 13.577254724860854 ] ] ] } },
{ "type": "Feature", "properties": { "cell_id": "33467219", "resolution": 11, "type": "fuller4t", "dggs_topology": "TRIANGLE", "dggs_type": "FULLER4T", "dggs_proj": "FULLER", "dggs_aperture_type": "PURE", "dggs_aperture": 4, "dggs_res_spec": 11 }, "geometry": { "type": "Polygon", "coordinates": [ [ [ 100.558403024114881, 13.564407017641949 ], [ 100.589821085322541, 13.577254724860897 ], [ 100.589888595722073, 13.546154148696766 ], [ 100.558403024114881, 13.564407017641949 ] ] ] } },
{ "type": "Feature", "properties": { "cell_id": "33471317", "resolution": 11, "type": "fuller4t", "dggs_topology": "TRIANGLE", "dggs_type": "FULLER4T", "dggs_proj": "FULLER", "dggs_aperture_type": "PURE", "dggs_aperture": 4, "dggs_res_spec": 11 }, "geometry": { "type": "Polygon", "coordinates": [ [ [ 100.589821085322555, 13.577254724860854 ], [ 100.621240901819931, 13.590095356290124 ], [ 100.621305280953749, 13.559000781611573 ], [ 100.589821085322555, 13.577254724860854 ] ] ] } },
{ "type": "Feature", "properties": { "cell_id": "33463123", "resolution": 11, "type": "fuller4t", "dggs_topology": "TRIANGLE", "dggs_type": "FULLER4T", "dggs_proj": "FULLER", "dggs_aperture_type": "PURE", "dggs_aperture": 4, "dggs_res_spec": 11 }, "geometry": { "type": "Polygon", "coordinates": [ [ [ 100.526912802208912, 13.582664775132399 ], [ 100.558332226383683, 13.595513561600217 ], [ 100.558403024114881, 13.564407017641949 ], [ 100.526912802208912, 13.582664775132399 ] ] ] } },
{ "type": "Feature", "properties": { "cell_id": "33467220", "resolution": 11, "type": "fuller4t", "dggs_topology": "TRIANGLE", "dggs_type": "FULLER4T", "dggs_proj": "FULLER", "dggs_aperture_type": "PURE", "dggs_aperture": 4, "dggs_res_spec": 11 }, "geometry": { "type": "Polygon", "coordinates": [ [ [ 100.558332226383683, 13.595513561600217 ], [ 100.589821085322555, 13.577254724860854 ], [ 100.558403024114881, 13.564407017641949 ], [ 100.558332226383683, 13.595513561600217 ] ] ] } },
{ "type": "Feature", "properties": { "cell_id": "33467221", "resolution": 11, "type": "fuller4t", "dggs_topology": "TRIANGLE", "dggs_type": "FULLER4T", "dggs_proj": "FULLER", "dggs_aperture_type": "PURE", "dggs_aperture": 4, "dggs_res_spec": 11 }, "geometry": { "type": "Polygon", "coordinates": [ [ [ 100.558332226383683, 13.595513561600217 ], [ 100.589753417960168, 13.608355270939439 ], [ 100.589821085322555, 13.577254724860854 ], [ 100.558332226383683, 13.595513561600217 ] ] ] } },
{ "type": "Feature", "properties": { "cell_id": "33471318", "resolution": 11, "type": "fuller4t", "dggs_topology": "TRIANGLE", "dggs_type": "FULLER4T", "dggs_proj": "FULLER", "dggs_aperture_type": "PURE", "dggs_aperture": 4, "dggs_res_spec": 11 }, "geometry": { "type": "Polygon", "coordinates": [ [ [ 100.589753417960182, 13.608355270939448 ], [ 100.621240901819945, 13.590095356290131 ], [ 100.589821085322541, 13.577254724860897 ], [ 100.589753417960182, 13.608355270939448 ] ] ] } },
{ "type": "Feature", "properties": { "cell_id": "33471319", "resolution": 11, "type": "fuller4t", "dggs_topology": "TRIANGLE", "dggs_type": "FULLER4T", "dggs_proj": "FULLER", "dggs_aperture_type": "PURE", "dggs_aperture": 4, "dggs_res_spec": 11 }, "geometry": { "type": "Polygon", "coordinates": [ [ [ 100.589753417960182, 13.608355270939448 ], [ 100.621176373161205, 13.621189902348599 ], [ 100.621240901819945, 13.590095356290131 ], [ 100.589753417960182, 13.608355270939448 ] ] ] } },
{ "type": "Feature", "properties": { "cell_id": "33467222", "resolution": 11, "type": "fuller4t", "dggs_topology": "TRIANGLE", "dggs_type": "FULLER4T", "dggs_proj": "FULLER", "dggs_aperture_type": "PURE", "dggs_aperture": 4, "dggs_res_spec": 11 }, "geometry": { "type": "Polygon", "coordinates": [ [ [ 100.558261264238894, 13.626620073918144 ], [ 100.589753417960182, 13.608355270939448 ], [ 100.558332226383683, 13.595513561600217 ], [ 100.558261264238894, 13.626620073918144 ] ] ] } },
{ "type": "Feature", "properties": { "cell_id": "33471320", "resolution": 11, "type": "fuller4t", "dggs_topology": "TRIANGLE", "dggs_type": "FULLER4T", "dggs_proj": "FULLER", "dggs_aperture_type": "PURE", "dggs_aperture": 4, "dggs_res_spec": 11 }, "geometry": { "type": "Polygon", "coordinates": [ [ [ 100.589685593635124, 13.639455786872674 ], [ 100.621176373161219, 13.621189902348554 ], [ 100.589753417960168, 13.608355270939439 ], [ 100.589685593635124, 13.639455786872674 ] ] ] } },
{ "type": "Feature", "properties": { "cell_id": "33487700", "resolution": 11, "type": "fuller4t", "dggs_topology": "TRIANGLE", "dggs_type": "FULLER4T", "dggs_proj": "FULLER", "dggs_aperture_type": "PURE", "dggs_aperture": 4, "dggs_res_spec": 11 }, "geometry": { "type": "Polygon", "coordinates": [ [ [ 100.715729823552266, 13.504268413730538 ], [ 100.747195301541581, 13.486034145277836 ], [ 100.715784250282823, 13.473191760074725 ], [ 100.715729823552266, 13.504268413730538 ] ] ] } },
{ "type": "Feature", "properties": { "cell_id": "33483603", "resolution": 11, "type": "fuller4t", "dggs_topology": "TRIANGLE", "dggs_type": "FULLER4T", "dggs_proj": "FULLER", "dggs_aperture_type": "PURE", "dggs_aperture": 4, "dggs_res_spec": 11 }, "geometry": { "type": "Polygon", "coordinates": [ [ [ 100.684317344300098, 13.491424974041955 ], [ 100.715729823552266, 13.504268413730538 ], [ 100.715784250282823, 13.473191760074725 ], [ 100.684317344300098, 13.491424974041955 ] ] ] } },
{ "type": "Feature", "properties": { "cell_id": "33487701", "resolution": 11, "type": "fuller4t", "dggs_topology": "TRIANGLE", "dggs_type": "FULLER4T", "dggs_proj": "FULLER", "dggs_aperture_type": "PURE", "dggs_aperture": 4, "dggs_res_spec": 11 }, "geometry": { "type": "Polygon", "coordinates": [ [ [ 100.715729823552266, 13.504268413730538 ], [ 100.747144009637537, 13.517104783142711 ], [ 100.747195301541581, 13.486034145277836 ], [ 100.715729823552266, 13.504268413730538 ] ] ] } },
{ "type": "Feature", "properties": { "cell_id": "33483604", "resolution": 11, "type": "fuller4t", "dggs_topology": "TRIANGLE", "dggs_type": "FULLER4T", "dggs_proj": "FULLER", "dggs_aperture_type": "PURE", "dggs_aperture": 4, "dggs_res_spec": 11 }, "geometry": { "type": "Polygon", "coordinates": [ [ [ 100.684259656515593, 13.522507615985312 ], [ 100.715729823552266, 13.504268413730538 ], [ 100.684317344300098, 13.491424974041955 ], [ 100.684259656515593, 13.522507615985312 ] ] ] } },
{ "type": "Feature", "properties": { "cell_id": "33483605", "resolution": 11, "type": "fuller4t", "dggs_topology": "TRIANGLE", "dggs_type": "FULLER4T", "dggs_proj": "FULLER", "dggs_aperture_type": "PURE", "dggs_aperture": 4, "dggs_res_spec": 11 }, "geometry": { "type": "Polygon", "coordinates": [ [ [ 100.684259656515593, 13.522507615985312 ], [ 100.7156752697081, 13.535345043441493 ], [ 100.715729823552266, 13.504268413730538 ], [ 100.684259656515593, 13.522507615985312 ] ] ] } },
{ "type": "Feature", "properties": { "cell_id": "33487702", "resolution": 11, "type": "fuller4t", "dggs_topology": "TRIANGLE", "dggs_type": "FULLER4T", "dggs_proj": "FULLER", "dggs_aperture_type": "PURE", "dggs_aperture": 4, "dggs_res_spec": 11 }, "geometry": { "type": "Polygon", "coordinates": [ [ [ 100.715675269708129, 13.535345043441504 ], [ 100.747144009637537, 13.517104783142711 ], [ 100.715729823552266, 13.504268413730538 ], [ 100.715675269708129, 13.535345043441504 ] ] ] } },
{ "type": "Feature", "properties": { "cell_id": "33487703", "resolution": 11, "type": "fuller4t", "dggs_topology": "TRIANGLE", "dggs_type": "FULLER4T", "dggs_proj": "FULLER", "dggs_aperture_type": "PURE", "dggs_aperture": 4, "dggs_res_spec": 11 }, "geometry": { "type": "Polygon", "coordinates": [ [ [ 100.715675269708129, 13.535345043441504 ], [ 100.747092598053683, 13.548175398477424 ], [ 100.747144009637537, 13.517104783142711 ], [ 100.715675269708129, 13.535345043441504 ] ] ] } },
{ "type": "Feature", "properties": { "cell_id": "33483606", "resolution": 11, "type": "fuller4t", "dggs_topology": "TRIANGLE", "dggs_type": "FULLER4T", "dggs_proj": "FULLER", "dggs_aperture_type": "PURE", "dggs_aperture": 4, "dggs_res_spec": 11 }, "geometry": { "type": "Polygon", "coordinates": [ [ [ 100.684201834138591, 13.55359023244684 ], [ 100.7156752697081, 13.535345043441493 ], [ 100.684259656515593, 13.522507615985269 ], [ 100.684201834138591, 13.55359023244684 ] ] ] } },
{ "type": "Feature", "properties": { "cell_id": "33479507", "resolution": 11, "type": "fuller4t", "dggs_topology": "TRIANGLE", "dggs_type": "FULLER4T", "dggs_proj": "FULLER", "dggs_aperture_type": "PURE", "dggs_aperture": 4, "dggs_res_spec": 11 }, "geometry": { "type": "Polygon", "coordinates": [ [ [ 100.652845762245875, 13.509663116814812 ], [ 100.684259656515593, 13.522507615985312 ], [ 100.684317344300098, 13.491424974041955 ], [ 100.652845762245875, 13.509663116814812 ] ] ] } },
{ "type": "Feature", "properties": { "cell_id": "33475410", "resolution": 11, "type": "fuller4t", "dggs_topology": "TRIANGLE", "dggs_type": "FULLER4T", "dggs_proj": "FULLER", "dggs_aperture_type": "PURE", "dggs_aperture": 4, "dggs_res_spec": 11 }, "geometry": { "type": "Polygon", "coordinates": [ [ [ 100.621369510578461, 13.527906178392264 ], [ 100.652845762245875, 13.509663116814812 ], [ 100.62143359072607, 13.496811546733831 ], [ 100.621369510578461, 13.527906178392264 ] ] ] } },
{ "type": "Feature", "properties": { "cell_id": "33479508", "resolution": 11, "type": "fuller4t", "dggs_topology": "TRIANGLE", "dggs_type": "FULLER4T", "dggs_proj": "FULLER", "dggs_aperture_type": "PURE", "dggs_aperture": 4, "dggs_res_spec": 11 }, "geometry": { "type": "Polygon", "coordinates": [ [ [ 100.652784806817337, 13.540751741938287 ], [ 100.684259656515593, 13.522507615985312 ], [ 100.652845762245875, 13.509663116814812 ], [ 100.652784806817337, 13.540751741938287 ] ] ] } },
{ "type": "Feature", "properties": { "cell_id": "33475411", "resolution": 11, "type": "fuller4t", "dggs_topology": "TRIANGLE", "dggs_type": "FULLER4T", "dggs_proj": "FULLER", "dggs_aperture_type": "PURE", "dggs_aperture": 4, "dggs_res_spec": 11 }, "geometry": { "type": "Polygon", "coordinates": [ [ [ 100.621369510578461, 13.527906178392264 ], [ 100.652784806817337, 13.540751741938287 ], [ 100.652845762245875, 13.509663116814812 ], [ 100.621369510578461, 13.527906178392264 ] ] ] } },
{ "type": "Feature", "properties": { "cell_id": "33479509", "resolution": 11, "type": "fuller4t", "dggs_topology": "TRIANGLE", "dggs_type": "FULLER4T", "dggs_proj": "FULLER", "dggs_aperture_type": "PURE", "dggs_aperture": 4, "dggs_res_spec": 11 }, "geometry": { "type": "Polygon", "coordinates": [ [ [ 100.652784806817337, 13.540751741938287 ], [ 100.684201834138577, 13.553590232446883 ], [ 100.684259656515593, 13.522507615985312 ], [ 100.652784806817337, 13.540751741938287 ] ] ] } },
{ "type": "Feature", "properties": { "cell_id": "33475412", "resolution": 11, "type": "fuller4t", "dggs_topology": "TRIANGLE", "dggs_type": "FULLER4T", "dggs_proj": "FULLER", "dggs_aperture_type": "PURE", "dggs_aperture": 4, "dggs_res_spec": 11 }, "geometry": { "type": "Polygon", "coordinates": [ [ [ 100.621305280953734, 13.559000781611616 ], [ 100.652784806817337, 13.540751741938287 ], [ 100.621369510578461, 13.527906178392264 ], [ 100.621305280953734, 13.559000781611616 ] ] ] } },
{ "type": "Feature", "properties": { "cell_id": "33491797", "resolution": 11, "type": "fuller4t", "dggs_topology": "TRIANGLE", "dggs_type": "FULLER4T", "dggs_proj": "FULLER", "dggs_aperture_type": "PURE", "dggs_aperture": 4, "dggs_res_spec": 11 }, "geometry": { "type": "Polygon", "coordinates": [ [ [ 100.747195301541581, 13.486034145277836 ], [ 100.778608047469149, 13.498869461554566 ], [ 100.778656084015481, 13.467804820587045 ], [ 100.747195301541581, 13.486034145277836 ] ] ] } },
{ "type": "Feature", "properties": { "cell_id": "33495894", "resolution": 11, "type": "fuller4t", "dggs_topology": "TRIANGLE", "dggs_type": "FULLER4T", "dggs_proj": "FULLER", "dggs_aperture_type": "PURE", "dggs_aperture": 4, "dggs_res_spec": 11 }, "geometry": { "type": "Polygon", "coordinates": [ [ [ 100.77860804746912, 13.498869461554605 ], [ 100.810067376791409, 13.48063908871727 ], [ 100.778656084015481, 13.467804820587045 ], [ 100.77860804746912, 13.498869461554605 ] ] ] } },
{ "type": "Feature", "properties": { "cell_id": "33495895", "resolution": 11, "type": "fuller4t", "dggs_topology": "TRIANGLE", "dggs_type": "FULLER4T", "dggs_proj": "FULLER", "dggs_aperture_type": "PURE", "dggs_aperture": 4, "dggs_res_spec": 11 }, "geometry": { "type": "Polygon", "coordinates": [ [ [ 100.77860804746912, 13.498869461554605 ], [ 100.810022484275464, 13.511697708212827 ], [ 100.810067376791409, 13.48063908871727 ], [ 100.77860804746912, 13.498869461554605 ] ] ] } },
{ "type": "Feature", "properties": { "cell_id": "33491798", "resolution": 11, "type": "fuller4t", "dggs_topology": "TRIANGLE", "dggs_type": "FULLER4T", "dggs_proj": "FULLER", "dggs_aperture_type": "PURE", "dggs_aperture": 4, "dggs_res_spec": 11 }, "geometry": { "type": "Polygon", "coordinates": [ [ [ 100.747144009637537, 13.517104783142711 ], [ 100.77860804746912, 13.498869461554605 ], [ 100.747195301541581, 13.486034145277888 ], [ 100.747144009637537, 13.517104783142711 ] ] ] } },
{ "type": "Feature", "properties": { "cell_id": "33491799", "resolution": 11, "type": "fuller4t", "dggs_topology": "TRIANGLE", "dggs_type": "FULLER4T", "dggs_proj": "FULLER", "dggs_aperture_type": "PURE", "dggs_aperture": 4, "dggs_res_spec": 11 }, "geometry": { "type": "Polygon", "coordinates": [ [ [ 100.747144009637537, 13.517104783142711 ], [ 100.778559898711791, 13.529934081489388 ], [ 100.77860804746912, 13.498869461554605 ], [ 100.747144009637537, 13.517104783142711 ] ] ] } },
{ "type": "Feature", "properties": { "cell_id": "33495896", "resolution": 11, "type": "fuller4t", "dggs_topology": "TRIANGLE", "dggs_type": "FULLER4T", "dggs_proj": "FULLER", "dggs_aperture_type": "PURE", "dggs_aperture": 4, "dggs_res_spec": 11 }, "geometry": { "type": "Polygon", "coordinates": [ [ [ 100.778559898711805, 13.529934081489397 ], [ 100.810022484275436, 13.511697708212862 ], [ 100.778608047469149, 13.498869461554614 ], [ 100.778559898711805, 13.529934081489397 ] ] ] } },
{ "type": "Feature", "properties": { "cell_id": "33495897", "resolution": 11, "type": "fuller4t", "dggs_topology": "TRIANGLE", "dggs_type": "FULLER4T", "dggs_proj": "FULLER", "dggs_aperture_type": "PURE", "dggs_aperture": 4, "dggs_res_spec": 11 }, "geometry": { "type": "Polygon", "coordinates": [ [ [ 100.778559898711805, 13.529934081489397 ], [ 100.809977487020348, 13.542756308124192 ], [ 100.810022484275436, 13.511697708212862 ], [ 100.778559898711805, 13.529934081489397 ] ] ] } },
{ "type": "Feature", "properties": { "cell_id": "33491800", "resolution": 11, "type": "fuller4t", "dggs_topology": "TRIANGLE", "dggs_type": "FULLER4T", "dggs_proj": "FULLER", "dggs_aperture_type": "PURE", "dggs_aperture": 4, "dggs_res_spec": 11 }, "geometry": { "type": "Polygon", "coordinates": [ [ [ 100.747092598053669, 13.548175398477415 ], [ 100.778559898711805, 13.529934081489344 ], [ 100.747144009637537, 13.517104783142711 ], [ 100.747092598053669, 13.548175398477415 ] ] ] } },
{ "type": "Feature", "properties": { "cell_id": "33491801", "resolution": 11, "type": "fuller4t", "dggs_topology": "TRIANGLE", "dggs_type": "FULLER4T", "dggs_proj": "FULLER", "dggs_aperture_type": "PURE", "dggs_aperture": 4, "dggs_res_spec": 11 }, "geometry": { "type": "Polygon", "coordinates": [ [ [ 100.747092598053669, 13.548175398477415 ], [ 100.778511637743478, 13.560998680349611 ], [ 100.778559898711805, 13.529934081489344 ], [ 100.747092598053669, 13.548175398477415 ] ] ] } },
{ "type": "Feature", "properties": { "cell_id": "33495898", "resolution": 11, "type": "fuller4t", "dggs_topology": "TRIANGLE", "dggs_type": "FULLER4T", "dggs_proj": "FULLER", "dggs_aperture_type": "PURE", "dggs_aperture": 4, "dggs_res_spec": 11 }, "geometry": { "type": "Polygon", "coordinates": [ [ [ 100.778511637743478, 13.560998680349611 ], [ 100.809977487020348, 13.542756308124192 ], [ 100.778559898711791, 13.529934081489388 ], [ 100.778511637743478, 13.560998680349611 ] ] ] } },
{ "type": "Feature", "properties": { "cell_id": "33487704", "resolution": 11, "type": "fuller4t", "dggs_topology": "TRIANGLE", "dggs_type": "FULLER4T", "dggs_proj": "FULLER", "dggs_aperture_type": "PURE", "dggs_aperture": 4, "dggs_res_spec": 11 }, "geometry": { "type": "Polygon", "coordinates": [ [ [ 100.715620588718366, 13.566421649114938 ], [ 100.747092598053669, 13.548175398477415 ], [ 100.7156752697081, 13.535345043441493 ], [ 100.715620588718366, 13.566421649114938 ] ] ] } },
{ "type": "Feature", "properties": { "cell_id": "33483607", "resolution": 11, "type": "fuller4t", "dggs_topology": "TRIANGLE", "dggs_type": "FULLER4T", "dggs_proj": "FULLER", "dggs_aperture_type": "PURE", "dggs_aperture": 4, "dggs_res_spec": 11 }, "geometry": { "type": "Polygon", "coordinates": [ [ [ 100.684201834138591, 13.55359023244684 ], [ 100.715620588718366, 13.566421649114938 ], [ 100.7156752697081, 13.535345043441493 ], [ 100.684201834138591, 13.55359023244684 ] ] ] } },
{ "type": "Feature", "properties": { "cell_id": "33487705", "resolution": 11, "type": "fuller4t", "dggs_topology": "TRIANGLE", "dggs_type": "FULLER4T", "dggs_proj": "FULLER", "dggs_aperture_type": "PURE", "dggs_aperture": 4, "dggs_res_spec": 11 }, "geometry": { "type": "Polygon", "coordinates": [ [ [ 100.715620588718366, 13.566421649114938 ], [ 100.747041066790132, 13.579245991237213 ], [ 100.747092598053669, 13.548175398477415 ], [ 100.715620588718366, 13.566421649114938 ] ] ] } },
{ "type": "Feature", "properties": { "cell_id": "33483608", "resolution": 11, "type": "fuller4t", "dggs_topology": "TRIANGLE", "dggs_type": "FULLER4T", "dggs_proj": "FULLER", "dggs_aperture_type": "PURE", "dggs_aperture": 4, "dggs_res_spec": 11 }, "geometry": { "type": "Polygon", "coordinates": [ [ [ 100.684143877169262, 13.584672823375991 ], [ 100.715620588718366, 13.566421649114938 ], [ 100.684201834138577, 13.553590232446883 ], [ 100.684143877169262, 13.584672823375991 ] ] ] } },
{ "type": "Feature", "properties": { "cell_id": "33487706", "resolution": 11, "type": "fuller4t", "dggs_topology": "TRIANGLE", "dggs_type": "FULLER4T", "dggs_proj": "FULLER", "dggs_aperture_type": "PURE", "dggs_aperture": 4, "dggs_res_spec": 11 }, "geometry": { "type": "Polygon", "coordinates": [ [ [ 100.715565780599206, 13.597498230725655 ], [ 100.747041066790132, 13.579245991237213 ], [ 100.715620588718366, 13.566421649114938 ], [ 100.715565780599206, 13.597498230725655 ] ] ] } },
{ "type": "Feature", "properties": { "cell_id": "33483609", "resolution": 11, "type": "fuller4t", "dggs_topology": "TRIANGLE", "dggs_type": "FULLER4T", "dggs_proj": "FULLER", "dggs_aperture_type": "PURE", "dggs_aperture": 4, "dggs_res_spec": 11 }, "geometry": { "type": "Polygon", "coordinates": [ [ [ 100.684143877169262, 13.584672823375991 ], [ 100.715565780599206, 13.597498230725655 ], [ 100.715620588718366, 13.566421649114938 ], [ 100.684143877169262, 13.584672823375991 ] ] ] } },
{ "type": "Feature", "properties": { "cell_id": "33487707", "resolution": 11, "type": "fuller4t", "dggs_topology": "TRIANGLE", "dggs_type": "FULLER4T", "dggs_proj": "FULLER", "dggs_aperture_type": "PURE", "dggs_aperture": 4, "dggs_res_spec": 11 }, "geometry": { "type": "Polygon", "coordinates": [ [ [ 100.715565780599206, 13.597498230725655 ], [ 100.74698941584694, 13.610316561377321 ], [ 100.747041066790132, 13.579245991237213 ], [ 100.715565780599206, 13.597498230725655 ] ] ] } },
{ "type": "Feature", "properties": { "cell_id": "33483610", "resolution": 11, "type": "fuller4t", "dggs_topology": "TRIANGLE", "dggs_type": "FULLER4T", "dggs_proj": "FULLER", "dggs_aperture_type": "PURE", "dggs_aperture": 4, "dggs_res_spec": 11 }, "geometry": { "type": "Polygon", "coordinates": [ [ [ 100.684085785591719, 13.615755388699357 ], [ 100.715565780599206, 13.597498230725613 ], [ 100.684143877169276, 13.584672823375955 ], [ 100.684085785591719, 13.615755388699357 ] ] ] } },
{ "type": "Feature", "properties": { "cell_id": "33483611", "resolution": 11, "type": "fuller4t", "dggs_topology": "TRIANGLE", "dggs_type": "FULLER4T", "dggs_proj": "FULLER", "dggs_aperture_type": "PURE", "dggs_aperture": 4, "dggs_res_spec": 11 }, "geometry": { "type": "Polygon", "coordinates": [ [ [ 100.684085785591719, 13.615755388699357 ], [ 100.715510845302518, 13.628574788158275 ], [ 100.715565780599206, 13.597498230725613 ], [ 100.684085785591719, 13.615755388699357 ] ] ] } },
{ "type": "Feature", "properties": { "cell_id": "33487708", "resolution": 11, "type": "fuller4t", "dggs_topology": "TRIANGLE", "dggs_type": "FULLER4T", "dggs_proj": "FULLER", "dggs_aperture_type": "PURE", "dggs_aperture": 4, "dggs_res_spec": 11 }, "geometry": { "type": "Polygon", "coordinates": [ [ [ 100.715510845302518, 13.628574788158275 ], [ 100.74698941584694, 13.610316561377321 ], [ 100.715565780599206, 13.597498230725655 ], [ 100.715510845302518, 13.628574788158275 ] ] ] } },
{ "type": "Feature", "properties": { "cell_id": "33479510", "resolution": 11, "type": "fuller4t", "dggs_topology": "TRIANGLE", "dggs_type": "FULLER4T", "dggs_proj": "FULLER", "dggs_aperture_type": "PURE", "dggs_aperture": 4, "dggs_res_spec": 11 }, "geometry": { "type": "Polygon", "coordinates": [ [ [ 100.652723709352628, 13.571840340077978 ], [ 100.684201834138591, 13.55359023244684 ], [ 100.652784806817323, 13.54075174193828 ], [ 100.652723709352628, 13.571840340077978 ] ] ] } },
{ "type": "Feature", "properties": { "cell_id": "33475413", "resolution": 11, "type": "fuller4t", "dggs_topology": "TRIANGLE", "dggs_type": "FULLER4T", "dggs_proj": "FULLER", "dggs_aperture_type": "PURE", "dggs_aperture": 4, "dggs_res_spec": 11 }, "geometry": { "type": "Polygon", "coordinates": [ [ [ 100.621305280953734, 13.559000781611616 ], [ 100.6527237093526, 13.571840340078023 ], [ 100.652784806817337, 13.540751741938287 ], [ 100.621305280953734, 13.559000781611616 ] ] ] } },
{ "type": "Feature", "properties": { "cell_id": "33479511", "resolution": 11, "type": "fuller4t", "dggs_topology": "TRIANGLE", "dggs_type": "FULLER4T", "dggs_proj": "FULLER", "dggs_aperture_type": "PURE", "dggs_aperture": 4, "dggs_res_spec": 11 }, "geometry": { "type": "Polygon", "coordinates": [ [ [ 100.652723709352628, 13.571840340077978 ], [ 100.684143877169276, 13.584672823375955 ], [ 100.684201834138591, 13.55359023244684 ], [ 100.652723709352628, 13.571840340077978 ] ] ] } },
{ "type": "Feature", "properties": { "cell_id": "33475414", "resolution": 11, "type": "fuller4t", "dggs_topology": "TRIANGLE", "dggs_type": "FULLER4T", "dggs_proj": "FULLER", "dggs_aperture_type": "PURE", "dggs_aperture": 4, "dggs_res_spec": 11 }, "geometry": { "type": "Polygon", "coordinates": [ [ [ 100.621240901819945, 13.590095356290131 ], [ 100.652723709352628, 13.571840340077978 ], [ 100.621305280953734, 13.559000781611616 ], [ 100.621240901819945, 13.590095356290131 ] ] ] } },
{ "type": "Feature", "properties": { "cell_id": "33475415", "resolution": 11, "type": "fuller4t", "dggs_topology": "TRIANGLE", "dggs_type": "FULLER4T", "dggs_proj": "FULLER", "dggs_aperture_type": "PURE", "dggs_aperture": 4, "dggs_res_spec": 11 }, "geometry": { "type": "Polygon", "coordinates": [ [ [ 100.621240901819945, 13.590095356290131 ], [ 100.652662469835747, 13.602928911157763 ], [ 100.652723709352628, 13.571840340077978 ], [ 100.621240901819945, 13.590095356290131 ] ] ] } },
{ "type": "Feature", "properties": { "cell_id": "33479512", "resolution": 11, "type": "fuller4t", "dggs_topology": "TRIANGLE", "dggs_type": "FULLER4T", "dggs_proj": "FULLER", "dggs_aperture_type": "PURE", "dggs_aperture": 4, "dggs_res_spec": 11 }, "geometry": { "type": "Polygon", "coordinates": [ [ [ 100.652662469835747, 13.602928911157768 ], [ 100.684143877169262, 13.584672823375991 ], [ 100.6527237093526, 13.571840340078023 ], [ 100.652662469835747, 13.602928911157768 ] ] ] } },
{ "type": "Feature", "properties": { "cell_id": "33479513", "resolution": 11, "type": "fuller4t", "dggs_topology": "TRIANGLE", "dggs_type": "FULLER4T", "dggs_proj": "FULLER", "dggs_aperture_type": "PURE", "dggs_aperture": 4, "dggs_res_spec": 11 }, "geometry": { "type": "Polygon", "coordinates": [ [ [ 100.652662469835747, 13.602928911157768 ], [ 100.684085785591691, 13.615755388699393 ], [ 100.684143877169262, 13.584672823375991 ], [ 100.652662469835747, 13.602928911157768 ] ] ] } },
{ "type": "Feature", "properties": { "cell_id": "33475416", "resolution": 11, "type": "fuller4t", "dggs_topology": "TRIANGLE", "dggs_type": "FULLER4T", "dggs_proj": "FULLER", "dggs_aperture_type": "PURE", "dggs_aperture": 4, "dggs_res_spec": 11 }, "geometry": { "type": "Polygon", "coordinates": [ [ [ 100.621176373161205, 13.621189902348599 ], [ 100.652662469835747, 13.602928911157768 ], [ 100.621240901819931, 13.590095356290174 ], [ 100.621176373161205, 13.621189902348599 ] ] ] } },
{ "type": "Feature", "properties": { "cell_id": "33479514", "resolution": 11, "type": "fuller4t", "dggs_topology": "TRIANGLE", "dggs_type": "FULLER4T", "dggs_proj": "FULLER", "dggs_aperture_type": "PURE", "dggs_aperture": 4, "dggs_res_spec": 11 }, "geometry": { "type": "Polygon", "coordinates": [ [ [ 100.652601088234832, 13.634017455078762 ], [ 100.684085785591719, 13.615755388699357 ], [ 100.652662469835747, 13.602928911157763 ], [ 100.652601088234832, 13.634017455078762 ] ] ] } },
{ "type": "Feature", "properties": { "cell_id": "33475417", "resolution": 11, "type": "fuller4t", "dggs_topology": "TRIANGLE", "dggs_type": "FULLER4T", "dggs_proj": "FULLER", "dggs_aperture_type": "PURE", "dggs_aperture": 4, "dggs_res_spec": 11 }, "geometry": { "type": "Polygon", "coordinates": [ [ [ 100.621176373161205, 13.621189902348599 ], [ 100.652601088234817, 13.634017455078796 ], [ 100.652662469835747, 13.602928911157768 ], [ 100.621176373161205, 13.621189902348599 ] ] ] } },
{ "type": "Feature", "properties": { "cell_id": "33495899", "resolution": 11, "type": "fuller4t", "dggs_topology": "TRIANGLE", "dggs_type": "FULLER4T", "dggs_proj": "FULLER", "dggs_aperture_type": "PURE", "dggs_aperture": 4, "dggs_res_spec": 11 }, "geometry": { "type": "Polygon", "coordinates": [ [ [ 100.778511637743478, 13.560998680349611 ], [ 100.809932384993928, 13.573814888367421 ], [ 100.809977487020348, 13.542756308124192 ], [ 100.778511637743478, 13.560998680349611 ] ] ] } },
{ "type": "Feature", "properties": { "cell_id": "33491802", "resolution": 11, "type": "fuller4t", "dggs_topology": "TRIANGLE", "dggs_type": "FULLER4T", "dggs_proj": "FULLER", "dggs_aperture_type": "PURE", "dggs_aperture": 4, "dggs_res_spec": 11 }, "geometry": { "type": "Polygon", "coordinates": [ [ [ 100.747041066790132, 13.579245991237213 ], [ 100.778511637743478, 13.560998680349611 ], [ 100.747092598053669, 13.548175398477415 ], [ 100.747041066790132, 13.579245991237213 ] ] ] } },
{ "type": "Feature", "properties": { "cell_id": "33491803", "resolution": 11, "type": "fuller4t", "dggs_topology": "TRIANGLE", "dggs_type": "FULLER4T", "dggs_proj": "FULLER", "dggs_aperture_type": "PURE", "dggs_aperture": 4, "dggs_res_spec": 11 }, "geometry": { "type": "Polygon", "coordinates": [ [ [ 100.747041066790132, 13.579245991237213 ], [ 100.77846326454825, 13.592063258070937 ], [ 100.778511637743478, 13.560998680349611 ], [ 100.747041066790132, 13.579245991237213 ] ] ] } },
{ "type": "Feature", "properties": { "cell_id": "33495900", "resolution": 11, "type": "fuller4t", "dggs_topology": "TRIANGLE", "dggs_type": "FULLER4T", "dggs_proj": "FULLER", "dggs_aperture_type": "PURE", "dggs_aperture": 4, "dggs_res_spec": 11 }, "geometry": { "type": "Polygon", "coordinates": [ [ [ 100.778463264548279, 13.592063258070944 ], [ 100.809932384993928, 13.573814888367421 ], [ 100.778511637743478, 13.560998680349611 ], [ 100.778463264548279, 13.592063258070944 ] ] ] } },
{ "type": "Feature", "properties": { "cell_id": "33495901", "resolution": 11, "type": "fuller4t", "dggs_topology": "TRIANGLE", "dggs_type": "FULLER4T", "dggs_proj": "FULLER", "dggs_aperture_type": "PURE", "dggs_aperture": 4, "dggs_res_spec": 11 }, "geometry": { "type": "Polygon", "coordinates": [ [ [ 100.778463264548279, 13.592063258070944 ], [ 100.809887178212449, 13.604873448926096 ], [ 100.809932384993928, 13.573814888367421 ], [ 100.778463264548279, 13.592063258070944 ] ] ] } },
{ "type": "Feature", "properties": { "cell_id": "33491804", "resolution": 11, "type": "fuller4t", "dggs_topology": "TRIANGLE", "dggs_type": "FULLER4T", "dggs_proj": "FULLER", "dggs_aperture_type": "PURE", "dggs_aperture": 4, "dggs_res_spec": 11 }, "geometry": { "type": "Polygon", "coordinates": [ [ [ 100.74698941584694, 13.610316561377321 ], [ 100.77846326454825, 13.592063258070937 ], [ 100.747041066790132, 13.579245991237213 ], [ 100.74698941584694, 13.610316561377321 ] ] ] } },
{ "type": "Feature", "properties": { "cell_id": "33491805", "resolution": 11, "type": "fuller4t", "dggs_topology": "TRIANGLE", "dggs_type": "FULLER4T", "dggs_proj": "FULLER", "dggs_aperture_type": "PURE", "dggs_aperture": 4, "dggs_res_spec": 11 }, "geometry": { "type": "Polygon", "coordinates": [ [ [ 100.74698941584694, 13.610316561377321 ], [ 100.77841477912618, 13.623127814611516 ], [ 100.77846326454825, 13.592063258070937 ], [ 100.74698941584694, 13.610316561377321 ] ] ] } },
{ "type": "Feature", "properties": { "cell_id": "33495902", "resolution": 11, "type": "fuller4t", "dggs_topology": "TRIANGLE", "dggs_type": "FULLER4T", "dggs_proj": "FULLER", "dggs_aperture_type": "PURE", "dggs_aperture": 4, "dggs_res_spec": 11 }, "geometry": { "type": "Polygon", "coordinates": [ [ [ 100.778414779126194, 13.623127814611525 ], [ 100.809887178212449, 13.604873448926096 ], [ 100.778463264548279, 13.592063258070944 ], [ 100.778414779126194, 13.623127814611525 ] ] ] } },
{ "type": "Feature", "properties": { "cell_id": "33495903", "resolution": 11, "type": "fuller4t", "dggs_topology": "TRIANGLE", "dggs_type": "FULLER4T", "dggs_proj": "FULLER", "dggs_aperture_type": "PURE", "dggs_aperture": 4, "dggs_res_spec": 11 }, "geometry": { "type": "Polygon", "coordinates": [ [ [ 100.778414779126194, 13.623127814611525 ], [ 100.809841866659852, 13.635931989738774 ], [ 100.809887178212449, 13.604873448926096 ], [ 100.778414779126194, 13.623127814611525 ] ] ] } },
{ "type": "Feature", "properties": { "cell_id": "33491806", "resolution": 11, "type": "fuller4t", "dggs_topology": "TRIANGLE", "dggs_type": "FULLER4T", "dggs_proj": "FULLER", "dggs_aperture_type": "PURE", "dggs_aperture": 4, "dggs_res_spec": 11 }, "geometry": { "type": "Polygon", "coordinates": [ [ [ 100.746937645192091, 13.641387108807942 ], [ 100.778414779126166, 13.623127814611507 ], [ 100.74698941584694, 13.610316561377315 ], [ 100.746937645192091, 13.641387108807942 ] ] ] } },
{ "type": "Feature", "properties": { "cell_id": "33487709", "resolution": 11, "type": "fuller4t", "dggs_topology": "TRIANGLE", "dggs_type": "FULLER4T", "dggs_proj": "FULLER", "dggs_aperture_type": "PURE", "dggs_aperture": 4, "dggs_res_spec": 11 }, "geometry": { "type": "Polygon", "coordinates": [ [ [ 100.715510845302518, 13.628574788158275 ], [ 100.746937645192105, 13.641387108807947 ], [ 100.74698941584694, 13.610316561377321 ], [ 100.715510845302518, 13.628574788158275 ] ] ] } },
{ "type": "Feature", "properties": { "cell_id": "33483612", "resolution": 11, "type": "fuller4t", "dggs_topology": "TRIANGLE", "dggs_type": "FULLER4T", "dggs_proj": "FULLER", "dggs_aperture_type": "PURE", "dggs_aperture": 4, "dggs_res_spec": 11 }, "geometry": { "type": "Polygon", "coordinates": [ [ [ 100.684027559389946, 13.646837928343791 ], [ 100.715510845302518, 13.628574788158275 ], [ 100.684085785591719, 13.615755388699357 ], [ 100.684027559389946, 13.646837928343791 ] ] ] } },
{ "type": "Feature", "properties": { "cell_id": "33487710", "resolution": 11, "type": "fuller4t", "dggs_topology": "TRIANGLE", "dggs_type": "FULLER4T", "dggs_proj": "FULLER", "dggs_aperture_type": "PURE", "dggs_aperture": 4, "dggs_res_spec": 11 }, "geometry": { "type": "Polygon", "coordinates": [ [ [ 100.715455782844543, 13.659651321387555 ], [ 100.746937645192091, 13.641387108807942 ], [ 100.715510845302518, 13.628574788158275 ], [ 100.715455782844543, 13.659651321387555 ] ] ] } },
{ "type": "Feature", "properties": { "cell_id": "33483613", "resolution": 11, "type": "fuller4t", "dggs_topology": "TRIANGLE", "dggs_type": "FULLER4T", "dggs_proj": "FULLER", "dggs_aperture_type": "PURE", "dggs_aperture": 4, "dggs_res_spec": 11 }, "geometry": { "type": "Polygon", "coordinates": [ [ [ 100.684027559389946, 13.646837928343791 ], [ 100.715455782844543, 13.659651321387555 ], [ 100.715510845302518, 13.628574788158275 ], [ 100.684027559389946, 13.646837928343791 ] ] ] } },
{ "type": "Feature", "properties": { "cell_id": "33487711", "resolution": 11, "type": "fuller4t", "dggs_topology": "TRIANGLE", "dggs_type": "FULLER4T", "dggs_proj": "FULLER", "dggs_aperture_type": "PURE", "dggs_aperture": 4, "dggs_res_spec": 11 }, "geometry": { "type": "Polygon", "coordinates": [ [ [ 100.715455782844543, 13.659651321387555 ], [ 100.746885754825755, 13.672457633484175 ], [ 100.746937645192091, 13.641387108807942 ], [ 100.715455782844543, 13.659651321387555 ] ] ] } },
{ "type": "Feature", "properties": { "cell_id": "33483614", "resolution": 11, "type": "fuller4t", "dggs_topology": "TRIANGLE", "dggs_type": "FULLER4T", "dggs_proj": "FULLER", "dggs_aperture_type": "PURE", "dggs_aperture": 4, "dggs_res_spec": 11 }, "geometry": { "type": "Polygon", "coordinates": [ [ [ 100.683969198564142, 13.677920442258372 ], [ 100.715455782844543, 13.659651321387555 ], [ 100.684027559389946, 13.646837928343791 ], [ 100.683969198564142, 13.677920442258372 ] ] ] } },
{ "type": "Feature", "properties": { "cell_id": "33483615", "resolution": 11, "type": "fuller4t", "dggs_topology": "TRIANGLE", "dggs_type": "FULLER4T", "dggs_proj": "FULLER", "dggs_aperture_type": "PURE", "dggs_aperture": 4, "dggs_res_spec": 11 }, "geometry": { "type": "Polygon", "coordinates": [ [ [ 100.683969198564142, 13.677920442258372 ], [ 100.715400593225397, 13.69072783036561 ], [ 100.715455782844543, 13.659651321387555 ], [ 100.683969198564142, 13.677920442258372 ] ] ] } },
{ "type": "Feature", "properties": { "cell_id": "33487712", "resolution": 11, "type": "fuller4t", "dggs_topology": "TRIANGLE", "dggs_type": "FULLER4T", "dggs_proj": "FULLER", "dggs_aperture_type": "PURE", "dggs_aperture": 4, "dggs_res_spec": 11 }, "geometry": { "type": "Polygon", "coordinates": [ [ [ 100.715400593225368, 13.690727830365645 ], [ 100.746885754825755, 13.672457633484175 ], [ 100.715455782844515, 13.659651321387592 ], [ 100.715400593225368, 13.690727830365645 ] ] ] } },
{ "type": "Feature", "properties": { "cell_id": "33487713", "resolution": 11, "type": "fuller4t", "dggs_topology": "TRIANGLE", "dggs_type": "FULLER4T", "dggs_proj": "FULLER", "dggs_aperture_type": "PURE", "dggs_aperture": 4, "dggs_res_spec": 11 }, "geometry": { "type": "Polygon", "coordinates": [ [ [ 100.715400593225368, 13.690727830365645 ], [ 100.746833744747974, 13.703528135361083 ], [ 100.746885754825755, 13.672457633484175 ], [ 100.715400593225368, 13.690727830365645 ] ] ] } },
{ "type": "Feature", "properties": { "cell_id": "33483616", "resolution": 11, "type": "fuller4t", "dggs_topology": "TRIANGLE", "dggs_type": "FULLER4T", "dggs_proj": "FULLER", "dggs_aperture_type": "PURE", "dggs_aperture": 4, "dggs_res_spec": 11 }, "geometry": { "type": "Polygon", "coordinates": [ [ [ 100.683910703098363, 13.709002930369778 ], [ 100.715400593225382, 13.690727830365601 ], [ 100.683969198564128, 13.677920442258362 ], [ 100.683910703098363, 13.709002930369778 ] ] ] } },
{ "type": "Feature", "properties": { "cell_id": "33499991", "resolution": 11, "type": "fuller4t", "dggs_topology": "TRIANGLE", "dggs_type": "FULLER4T", "dggs_proj": "FULLER", "dggs_aperture_type": "PURE", "dggs_aperture": 4, "dggs_res_spec": 11 }, "geometry": { "type": "Polygon", "coordinates": [ [ [ 100.810067376791409, 13.48063908871727 ], [ 100.841480348293317, 13.49346628863306 ], [ 100.84152199117473, 13.462413674616611 ], [ 100.810067376791409, 13.48063908871727 ] ] ] } },
{ "type": "Feature", "properties": { "cell_id": "33504088", "resolution": 11, "type": "fuller4t", "dggs_topology": "TRIANGLE", "dggs_type": "FULLER4T", "dggs_proj": "FULLER", "dggs_aperture_type": "PURE", "dggs_aperture": 4, "dggs_res_spec": 11 }, "geometry": { "type": "Polygon", "coordinates": [ [ [ 100.841480348293359, 13.493466288633076 ], [ 100.872933484360445, 13.475239832771084 ], [ 100.84152199117473, 13.46241367461662 ], [ 100.841480348293359, 13.493466288633076 ] ] ] } },
{ "type": "Feature", "properties": { "cell_id": "33504089", "resolution": 11, "type": "fuller4t", "dggs_topology": "TRIANGLE", "dggs_type": "FULLER4T", "dggs_proj": "FULLER", "dggs_aperture_type": "PURE", "dggs_aperture": 4, "dggs_res_spec": 11 }, "geometry": { "type": "Polygon", "coordinates": [ [ [ 100.841480348293359, 13.493466288633076 ], [ 100.872894994730387, 13.506286419679416 ], [ 100.872933484360445, 13.475239832771084 ], [ 100.841480348293359, 13.493466288633076 ] ] ] } },
{ "type": "Feature", "properties": { "cell_id": "33499992", "resolution": 11, "type": "fuller4t", "dggs_topology": "TRIANGLE", "dggs_type": "FULLER4T", "dggs_proj": "FULLER", "dggs_aperture_type": "PURE", "dggs_aperture": 4, "dggs_res_spec": 11 }, "geometry": { "type": "Polygon", "coordinates": [ [ [ 100.810022484275436, 13.511697708212862 ], [ 100.841480348293359, 13.493466288633076 ], [ 100.810067376791409, 13.48063908871727 ], [ 100.810022484275436, 13.511697708212862 ] ] ] } },
{ "type": "Feature", "properties": { "cell_id": "33499993", "resolution": 11, "type": "fuller4t", "dggs_topology": "TRIANGLE", "dggs_type": "FULLER4T", "dggs_proj": "FULLER", "dggs_aperture_type": "PURE", "dggs_aperture": 4, "dggs_res_spec": 11 }, "geometry": { "type": "Polygon", "coordinates": [ [ [ 100.810022484275436, 13.511697708212862 ], [ 100.841438608147527, 13.524518884545655 ], [ 100.841480348293359, 13.493466288633076 ], [ 100.810022484275436, 13.511697708212862 ] ] ] } },
{ "type": "Feature", "properties": { "cell_id": "33504090", "resolution": 11, "type": "fuller4t", "dggs_topology": "TRIANGLE", "dggs_type": "FULLER4T", "dggs_proj": "FULLER", "dggs_aperture_type": "PURE", "dggs_aperture": 4, "dggs_res_spec": 11 }, "geometry": { "type": "Polygon", "coordinates": [ [ [ 100.841438608147527, 13.524518884545655 ], [ 100.872894994730387, 13.506286419679416 ], [ 100.841480348293359, 13.493466288633076 ], [ 100.841438608147527, 13.524518884545655 ] ] ] } },
{ "type": "Feature", "properties": { "cell_id": "33508188", "resolution": 11, "type": "fuller4t", "dggs_topology": "TRIANGLE", "dggs_type": "FULLER4T", "dggs_proj": "FULLER", "dggs_aperture_type": "PURE", "dggs_aperture": 4, "dggs_res_spec": 11 }, "geometry": { "type": "Polygon", "coordinates": [ [ [ 100.872856415265431, 13.537332989853699 ], [ 100.904311312240409, 13.519099481118968 ], [ 100.872894994730387, 13.506286419679416 ], [ 100.872856415265431, 13.537332989853699 ] ] ] } },
{ "type": "Feature", "properties": { "cell_id": "33504091", "resolution": 11, "type": "fuller4t", "dggs_topology": "TRIANGLE", "dggs_type": "FULLER4T", "dggs_proj": "FULLER", "dggs_aperture_type": "PURE", "dggs_aperture": 4, "dggs_res_spec": 11 }, "geometry": { "type": "Polygon", "coordinates": [ [ [ 100.841438608147527, 13.524518884545655 ], [ 100.872856415265431, 13.537332989853699 ], [ 100.872894994730387, 13.506286419679416 ], [ 100.841438608147527, 13.524518884545655 ] ] ] } },
{ "type": "Feature", "properties": { "cell_id": "33499994", "resolution": 11, "type": "fuller4t", "dggs_topology": "TRIANGLE", "dggs_type": "FULLER4T", "dggs_proj": "FULLER", "dggs_aperture_type": "PURE", "dggs_aperture": 4, "dggs_res_spec": 11 }, "geometry": { "type": "Polygon", "coordinates": [ [ [ 100.809977487020348, 13.542756308124192 ], [ 100.841438608147527, 13.524518884545611 ], [ 100.810022484275464, 13.511697708212827 ], [ 100.809977487020348, 13.542756308124192 ] ] ] } },
{ "type": "Feature", "properties": { "cell_id": "33499995", "resolution": 11, "type": "fuller4t", "dggs_topology": "TRIANGLE", "dggs_type": "FULLER4T", "dggs_proj": "FULLER", "dggs_aperture_type": "PURE", "dggs_aperture": 4, "dggs_res_spec": 11 }, "geometry": { "type": "Polygon", "coordinates": [ [ [ 100.809977487020348, 13.542756308124192 ], [ 100.841396770721232, 13.555571462295848 ], [ 100.841438608147527, 13.524518884545611 ], [ 100.809977487020348, 13.542756308124192 ] ] ] } },
{ "type": "Feature", "properties": { "cell_id": "33508189", "resolution": 11, "type": "fuller4t", "dggs_topology": "TRIANGLE", "dggs_type": "FULLER4T", "dggs_proj": "FULLER", "dggs_aperture_type": "PURE", "dggs_aperture": 4, "dggs_res_spec": 11 }, "geometry": { "type": "Polygon", "coordinates": [ [ [ 100.872856415265431, 13.537332989853699 ], [ 100.904275901834637, 13.55014002349038 ], [ 100.904311312240409, 13.519099481118968 ], [ 100.872856415265431, 13.537332989853699 ] ] ] } },
{ "type": "Feature", "properties": { "cell_id": "33504092", "resolution": 11, "type": "fuller4t", "dggs_topology": "TRIANGLE", "dggs_type": "FULLER4T", "dggs_proj": "FULLER", "dggs_aperture_type": "PURE", "dggs_aperture": 4, "dggs_res_spec": 11 }, "geometry": { "type": "Polygon", "coordinates": [ [ [ 100.841396770721232, 13.555571462295848 ], [ 100.872856415265431, 13.537332989853699 ], [ 100.841438608147527, 13.524518884545655 ], [ 100.841396770721232, 13.555571462295848 ] ] ] } },
{ "type": "Feature", "properties": { "cell_id": "33504093", "resolution": 11, "type": "fuller4t", "dggs_topology": "TRIANGLE", "dggs_type": "FULLER4T", "dggs_proj": "FULLER", "dggs_aperture_type": "PURE", "dggs_aperture": 4, "dggs_res_spec": 11 }, "geometry": { "type": "Polygon", "coordinates": [ [ [ 100.841396770721232, 13.555571462295848 ], [ 100.872817746013865, 13.568379543328318 ], [ 100.872856415265431, 13.537332989853699 ], [ 100.841396770721232, 13.555571462295848 ] ] ] } },
{ "type": "Feature", "properties": { "cell_id": "33508190", "resolution": 11, "type": "fuller4t", "dggs_topology": "TRIANGLE", "dggs_type": "FULLER4T", "dggs_proj": "FULLER", "dggs_aperture_type": "PURE", "dggs_aperture": 4, "dggs_res_spec": 11 }, "geometry": { "type": "Polygon", "coordinates": [ [ [ 100.872817746013865, 13.568379543328318 ], [ 100.904275901834623, 13.550140023490371 ], [ 100.872856415265431, 13.537332989853699 ], [ 100.872817746013865, 13.568379543328318 ] ] ] } },
{ "type": "Feature", "properties": { "cell_id": "33499996", "resolution": 11, "type": "fuller4t", "dggs_topology": "TRIANGLE", "dggs_type": "FULLER4T", "dggs_proj": "FULLER", "dggs_aperture_type": "PURE", "dggs_aperture": 4, "dggs_res_spec": 11 }, "geometry": { "type": "Polygon", "coordinates": [ [ [ 100.809932384993928, 13.573814888367421 ], [ 100.841396770721232, 13.555571462295848 ], [ 100.809977487020348, 13.542756308124192 ], [ 100.809932384993928, 13.573814888367421 ] ] ] } },
{ "type": "Feature", "properties": { "cell_id": "33508191", "resolution": 11, "type": "fuller4t", "dggs_topology": "TRIANGLE", "dggs_type": "FULLER4T", "dggs_proj": "FULLER", "dggs_aperture_type": "PURE", "dggs_aperture": 4, "dggs_res_spec": 11 }, "geometry": { "type": "Polygon", "coordinates": [ [ [ 100.872817746013865, 13.568379543328318 ], [ 100.904240409074731, 13.581180550530688 ], [ 100.904275901834623, 13.550140023490371 ], [ 100.872817746013865, 13.568379543328318 ] ] ] } },
{ "type": "Feature", "properties": { "cell_id": "33504094", "resolution": 11, "type": "fuller4t", "dggs_topology": "TRIANGLE", "dggs_type": "FULLER4T", "dggs_proj": "FULLER", "dggs_aperture_type": "PURE", "dggs_aperture": 4, "dggs_res_spec": 11 }, "geometry": { "type": "Polygon", "coordinates": [ [ [ 100.841354835982372, 13.58662402180275 ], [ 100.872817746013865, 13.568379543328318 ], [ 100.841396770721232, 13.555571462295848 ], [ 100.841354835982372, 13.58662402180275 ] ] ] } },
{ "type": "Feature", "properties": { "cell_id": "33499997", "resolution": 11, "type": "fuller4t", "dggs_topology": "TRIANGLE", "dggs_type": "FULLER4T", "dggs_proj": "FULLER", "dggs_aperture_type": "PURE", "dggs_aperture": 4, "dggs_res_spec": 11 }, "geometry": { "type": "Polygon", "coordinates": [ [ [ 100.809932384993928, 13.573814888367421 ], [ 100.841354835982372, 13.58662402180275 ], [ 100.841396770721232, 13.555571462295848 ], [ 100.809932384993928, 13.573814888367421 ] ] ] } },
{ "type": "Feature", "properties": { "cell_id": "33504095", "resolution": 11, "type": "fuller4t", "dggs_topology": "TRIANGLE", "dggs_type": "FULLER4T", "dggs_proj": "FULLER", "dggs_aperture_type": "PURE", "dggs_aperture": 4, "dggs_res_spec": 11 }, "geometry": { "type": "Polygon", "coordinates": [ [ [ 100.841354835982372, 13.58662402180275 ], [ 100.872778986911442, 13.599426079980203 ], [ 100.872817746013865, 13.568379543328318 ], [ 100.841354835982372, 13.58662402180275 ] ] ] } },
{ "type": "Feature", "properties": { "cell_id": "33508192", "resolution": 11, "type": "fuller4t", "dggs_topology": "TRIANGLE", "dggs_type": "FULLER4T", "dggs_proj": "FULLER", "dggs_aperture_type": "PURE", "dggs_aperture": 4, "dggs_res_spec": 11 }, "geometry": { "type": "Polygon", "coordinates": [ [ [ 100.872778986911442, 13.59942607998021 ], [ 100.904240409074731, 13.581180550530688 ], [ 100.872817746013865, 13.568379543328318 ], [ 100.872778986911442, 13.59942607998021 ] ] ] } },
{ "type": "Feature", "properties": { "cell_id": "33499998", "resolution": 11, "type": "fuller4t", "dggs_topology": "TRIANGLE", "dggs_type": "FULLER4T", "dggs_proj": "FULLER", "dggs_aperture_type": "PURE", "dggs_aperture": 4, "dggs_res_spec": 11 }, "geometry": { "type": "Polygon", "coordinates": [ [ [ 100.809887178212449, 13.604873448926096 ], [ 100.841354835982372, 13.58662402180275 ], [ 100.809932384993928, 13.573814888367421 ], [ 100.809887178212449, 13.604873448926096 ] ] ] } },
{ "type": "Feature", "properties": { "cell_id": "33512288", "resolution": 11, "type": "fuller4t", "dggs_topology": "TRIANGLE", "dggs_type": "FULLER4T", "dggs_proj": "FULLER", "dggs_aperture_type": "PURE", "dggs_aperture": 4, "dggs_res_spec": 11 }, "geometry": { "type": "Polygon", "coordinates": [ [ [ 100.904240409074731, 13.581180550530688 ], [ 100.935697063989309, 13.562939984726828 ], [ 100.904275901834637, 13.55014002349038 ], [ 100.904240409074731, 13.581180550530688 ] ] ] } },
{ "type": "Feature", "properties": { "cell_id": "33512289", "resolution": 11, "type": "fuller4t", "dggs_topology": "TRIANGLE", "dggs_type": "FULLER4T", "dggs_proj": "FULLER", "dggs_aperture_type": "PURE", "dggs_aperture": 4, "dggs_res_spec": 11 }, "geometry": { "type": "Polygon", "coordinates": [ [ [ 100.904240409074731, 13.581180550530688 ], [ 100.935664756089466, 13.593974483242171 ], [ 100.935697063989309, 13.562939984726828 ], [ 100.904240409074731, 13.581180550530688 ] ] ] } },
{ "type": "Feature", "properties": { "cell_id": "33512290", "resolution": 11, "type": "fuller4t", "dggs_topology": "TRIANGLE", "dggs_type": "FULLER4T", "dggs_proj": "FULLER", "dggs_aperture_type": "PURE", "dggs_aperture": 4, "dggs_res_spec": 11 }, "geometry": { "type": "Polygon", "coordinates": [ [ [ 100.904204833960762, 13.61222106220956 ], [ 100.935664756089466, 13.59397448324213 ], [ 100.904240409074731, 13.581180550530688 ], [ 100.904204833960762, 13.61222106220956 ] ] ] } },
{ "type": "Feature", "properties": { "cell_id": "33512291", "resolution": 11, "type": "fuller4t", "dggs_topology": "TRIANGLE", "dggs_type": "FULLER4T", "dggs_proj": "FULLER", "dggs_aperture_type": "PURE", "dggs_aperture": 4, "dggs_res_spec": 11 }, "geometry": { "type": "Polygon", "coordinates": [ [ [ 100.904204833960762, 13.61222106220956 ], [ 100.935632373303108, 13.625008967808212 ], [ 100.935664756089466, 13.59397448324213 ], [ 100.904204833960762, 13.61222106220956 ] ] ] } },
{ "type": "Feature", "properties": { "cell_id": "33516388", "resolution": 11, "type": "fuller4t", "dggs_topology": "TRIANGLE", "dggs_type": "FULLER4T", "dggs_proj": "FULLER", "dggs_aperture_type": "PURE", "dggs_aperture": 4, "dggs_res_spec": 11 }, "geometry": { "type": "Polygon", "coordinates": [ [ [ 100.935632373303122, 13.625008967808224 ], [ 100.967090783236856, 13.606761340809658 ], [ 100.935664756089466, 13.593974483242171 ], [ 100.935632373303122, 13.625008967808224 ] ] ] } },
{ "type": "Feature", "properties": { "cell_id": "33516389", "resolution": 11, "type": "fuller4t", "dggs_topology": "TRIANGLE", "dggs_type": "FULLER4T", "dggs_proj": "FULLER", "dggs_aperture_type": "PURE", "dggs_aperture": 4, "dggs_res_spec": 11 }, "geometry": { "type": "Polygon", "coordinates": [ [ [ 100.935632373303122, 13.625008967808224 ], [ 100.967061601136564, 13.637789796146144 ], [ 100.967090783236856, 13.606761340809658 ], [ 100.935632373303122, 13.625008967808224 ] ] ] } },
{ "type": "Feature", "properties": { "cell_id": "33512292", "resolution": 11, "type": "fuller4t", "dggs_topology": "TRIANGLE", "dggs_type": "FULLER4T", "dggs_proj": "FULLER", "dggs_aperture_type": "PURE", "dggs_aperture": 4, "dggs_res_spec": 11 }, "geometry": { "type": "Polygon", "coordinates": [ [ [ 100.904169176476699, 13.643261558474263 ], [ 100.935632373303108, 13.625008967808212 ], [ 100.904204833960762, 13.61222106220956 ], [ 100.904169176476699, 13.643261558474263 ] ] ] } },
{ "type": "Feature", "properties": { "cell_id": "33512293", "resolution": 11, "type": "fuller4t", "dggs_topology": "TRIANGLE", "dggs_type": "FULLER4T", "dggs_proj": "FULLER", "dggs_aperture_type": "PURE", "dggs_aperture": 4, "dggs_res_spec": 11 }, "geometry": { "type": "Polygon", "coordinates": [ [ [ 100.904169176476699, 13.643261558474263 ], [ 100.935599915614233, 13.65604343837504 ], [ 100.935632373303108, 13.625008967808212 ], [ 100.904169176476699, 13.643261558474263 ] ] ] } },
{ "type": "Feature", "properties": { "cell_id": "33508193", "resolution": 11, "type": "fuller4t", "dggs_topology": "TRIANGLE", "dggs_type": "FULLER4T", "dggs_proj": "FULLER", "dggs_aperture_type": "PURE", "dggs_aperture": 4, "dggs_res_spec": 11 }, "geometry": { "type": "Polygon", "coordinates": [ [ [ 100.872778986911442, 13.59942607998021 ], [ 100.904204833960762, 13.61222106220956 ], [ 100.904240409074731, 13.581180550530688 ], [ 100.872778986911442, 13.59942607998021 ] ] ] } },
{ "type": "Feature", "properties": { "cell_id": "33499999", "resolution": 11, "type": "fuller4t", "dggs_topology": "TRIANGLE", "dggs_type": "FULLER4T", "dggs_proj": "FULLER", "dggs_aperture_type": "PURE", "dggs_aperture": 4, "dggs_res_spec": 11 }, "geometry": { "type": "Polygon", "coordinates": [ [ [ 100.809887178212449, 13.604873448926096 ], [ 100.84131280396322, 13.617676563075275 ], [ 100.841354835982372, 13.58662402180275 ], [ 100.809887178212449, 13.604873448926096 ] ] ] } },
{ "type": "Feature", "properties": { "cell_id": "33504096", "resolution": 11, "type": "fuller4t", "dggs_topology": "TRIANGLE", "dggs_type": "FULLER4T", "dggs_proj": "FULLER", "dggs_aperture_type": "PURE", "dggs_aperture": 4, "dggs_res_spec": 11 }, "geometry": { "type": "Polygon", "coordinates": [ [ [ 100.84131280396322, 13.617676563075275 ], [ 100.872778986911442, 13.59942607998021 ], [ 100.841354835982386, 13.586624021802757 ], [ 100.84131280396322, 13.617676563075275 ] ] ] } },
{ "type": "Feature", "properties": { "cell_id": "33508194", "resolution": 11, "type": "fuller4t", "dggs_topology": "TRIANGLE", "dggs_type": "FULLER4T", "dggs_proj": "FULLER", "dggs_aperture_type": "PURE", "dggs_aperture": 4, "dggs_res_spec": 11 }, "geometry": { "type": "Polygon", "coordinates": [ [ [ 100.872740137990348, 13.630472599821189 ], [ 100.904204833960762, 13.61222106220956 ], [ 100.872778986911442, 13.599426079980203 ], [ 100.872740137990348, 13.630472599821189 ] ] ] } },
{ "type": "Feature", "properties": { "cell_id": "33504097", "resolution": 11, "type": "fuller4t", "dggs_topology": "TRIANGLE", "dggs_type": "FULLER4T", "dggs_proj": "FULLER", "dggs_aperture_type": "PURE", "dggs_aperture": 4, "dggs_res_spec": 11 }, "geometry": { "type": "Polygon", "coordinates": [ [ [ 100.84131280396322, 13.617676563075275 ], [ 100.872740137990348, 13.630472599821189 ], [ 100.872778986911442, 13.59942607998021 ], [ 100.84131280396322, 13.617676563075275 ] ] ] } },
{ "type": "Feature", "properties": { "cell_id": "33500000", "resolution": 11, "type": "fuller4t", "dggs_topology": "TRIANGLE", "dggs_type": "FULLER4T", "dggs_proj": "FULLER", "dggs_aperture_type": "PURE", "dggs_aperture": 4, "dggs_res_spec": 11 }, "geometry": { "type": "Polygon", "coordinates": [ [ [ 100.809841866659838, 13.635931989738767 ], [ 100.841312803963234, 13.617676563075232 ], [ 100.809887178212449, 13.604873448926096 ], [ 100.809841866659838, 13.635931989738767 ] ] ] } },
{ "type": "Feature", "properties": { "cell_id": "33508195", "resolution": 11, "type": "fuller4t", "dggs_topology": "TRIANGLE", "dggs_type": "FULLER4T", "dggs_proj": "FULLER", "dggs_aperture_type": "PURE", "dggs_aperture": 4, "dggs_res_spec": 11 }, "geometry": { "type": "Polygon", "coordinates": [ [ [ 100.872740137990348, 13.630472599821189 ], [ 100.904169176476699, 13.643261558474263 ], [ 100.904204833960762, 13.61222106220956 ], [ 100.872740137990348, 13.630472599821189 ] ] ] } },
{ "type": "Feature", "properties": { "cell_id": "33500001", "resolution": 11, "type": "fuller4t", "dggs_topology": "TRIANGLE", "dggs_type": "FULLER4T", "dggs_proj": "FULLER", "dggs_aperture_type": "PURE", "dggs_aperture": 4, "dggs_res_spec": 11 }, "geometry": { "type": "Polygon", "coordinates": [ [ [ 100.809841866659838, 13.635931989738767 ], [ 100.841270674615572, 13.648729086009853 ], [ 100.841312803963234, 13.617676563075232 ], [ 100.809841866659838, 13.635931989738767 ] ] ] } },
{ "type": "Feature", "properties": { "cell_id": "33504098", "resolution": 11, "type": "fuller4t", "dggs_topology": "TRIANGLE", "dggs_type": "FULLER4T", "dggs_proj": "FULLER", "dggs_aperture_type": "PURE", "dggs_aperture": 4, "dggs_res_spec": 11 }, "geometry": { "type": "Polygon", "coordinates": [ [ [ 100.841270674615572, 13.648729086009853 ], [ 100.872740137990348, 13.630472599821189 ], [ 100.84131280396322, 13.617676563075275 ], [ 100.841270674615572, 13.648729086009853 ] ] ] } },
{ "type": "Feature", "properties": { "cell_id": "33508196", "resolution": 11, "type": "fuller4t", "dggs_topology": "TRIANGLE", "dggs_type": "FULLER4T", "dggs_proj": "FULLER", "dggs_aperture_type": "PURE", "dggs_aperture": 4, "dggs_res_spec": 11 }, "geometry": { "type": "Polygon", "coordinates": [ [ [ 100.872701199202439, 13.661519102750622 ], [ 100.904169176476699, 13.643261558474263 ], [ 100.872740137990348, 13.630472599821189 ], [ 100.872701199202439, 13.661519102750622 ] ] ] } },
{ "type": "Feature", "properties": { "cell_id": "33504099", "resolution": 11, "type": "fuller4t", "dggs_topology": "TRIANGLE", "dggs_type": "FULLER4T", "dggs_proj": "FULLER", "dggs_aperture_type": "PURE", "dggs_aperture": 4, "dggs_res_spec": 11 }, "geometry": { "type": "Polygon", "coordinates": [ [ [ 100.841270674615572, 13.648729086009853 ], [ 100.872701199202439, 13.661519102750622 ], [ 100.872740137990348, 13.630472599821189 ], [ 100.841270674615572, 13.648729086009853 ] ] ] } },
{ "type": "Feature", "properties": { "cell_id": "33500002", "resolution": 11, "type": "fuller4t", "dggs_topology": "TRIANGLE", "dggs_type": "FULLER4T", "dggs_proj": "FULLER", "dggs_aperture_type": "PURE", "dggs_aperture": 4, "dggs_res_spec": 11 }, "geometry": { "type": "Polygon", "coordinates": [ [ [ 100.809796450320164, 13.666990510743968 ], [ 100.841270674615572, 13.648729086009853 ], [ 100.809841866659838, 13.635931989738767 ], [ 100.809796450320164, 13.666990510743968 ] ] ] } },
{ "type": "Feature", "properties": { "cell_id": "33508197", "resolution": 11, "type": "fuller4t", "dggs_topology": "TRIANGLE", "dggs_type": "FULLER4T", "dggs_proj": "FULLER", "dggs_aperture_type": "PURE", "dggs_aperture": 4, "dggs_res_spec": 11 }, "geometry": { "type": "Polygon", "coordinates": [ [ [ 100.872701199202439, 13.661519102750622 ], [ 100.904133436622573, 13.674302039294464 ], [ 100.904169176476699, 13.643261558474263 ], [ 100.872701199202439, 13.661519102750622 ] ] ] } },
{ "type": "Feature", "properties": { "cell_id": "33500003", "resolution": 11, "type": "fuller4t", "dggs_topology": "TRIANGLE", "dggs_type": "FULLER4T", "dggs_proj": "FULLER", "dggs_aperture_type": "PURE", "dggs_aperture": 4, "dggs_res_spec": 11 }, "geometry": { "type": "Polygon", "coordinates": [ [ [ 100.809796450320164, 13.666990510743968 ], [ 100.841228447955601, 13.679781590592906 ], [ 100.841270674615572, 13.648729086009853 ], [ 100.809796450320164, 13.666990510743968 ] ] ] } },
{ "type": "Feature", "properties": { "cell_id": "33504100", "resolution": 11, "type": "fuller4t", "dggs_topology": "TRIANGLE", "dggs_type": "FULLER4T", "dggs_proj": "FULLER", "dggs_aperture_type": "PURE", "dggs_aperture": 4, "dggs_res_spec": 11 }, "geometry": { "type": "Polygon", "coordinates": [ [ [ 100.841228447955615, 13.679781590592913 ], [ 100.872701199202439, 13.661519102750622 ], [ 100.841270674615572, 13.648729086009853 ], [ 100.841228447955615, 13.679781590592913 ] ] ] } },
{ "type": "Feature", "properties": { "cell_id": "33508198", "resolution": 11, "type": "fuller4t", "dggs_topology": "TRIANGLE", "dggs_type": "FULLER4T", "dggs_proj": "FULLER", "dggs_aperture_type": "PURE", "dggs_aperture": 4, "dggs_res_spec": 11 }, "geometry": { "type": "Polygon", "coordinates": [ [ [ 100.872662170579943, 13.692565588780162 ], [ 100.904133436622573, 13.674302039294464 ], [ 100.872701199202439, 13.661519102750622 ], [ 100.872662170579943, 13.692565588780162 ] ] ] } },
{ "type": "Feature", "properties": { "cell_id": "33504101", "resolution": 11, "type": "fuller4t", "dggs_topology": "TRIANGLE", "dggs_type": "FULLER4T", "dggs_proj": "FULLER", "dggs_aperture_type": "PURE", "dggs_aperture": 4, "dggs_res_spec": 11 }, "geometry": { "type": "Polygon", "coordinates": [ [ [ 100.841228447955615, 13.679781590592913 ], [ 100.872662170579943, 13.692565588780162 ], [ 100.872701199202439, 13.661519102750622 ], [ 100.841228447955615, 13.679781590592913 ] ] ] } },
{ "type": "Feature", "properties": { "cell_id": "33500004", "resolution": 11, "type": "fuller4t", "dggs_topology": "TRIANGLE", "dggs_type": "FULLER4T", "dggs_proj": "FULLER", "dggs_aperture_type": "PURE", "dggs_aperture": 4, "dggs_res_spec": 11 }, "geometry": { "type": "Polygon", "coordinates": [ [ [ 100.809750929193441, 13.698049011902658 ], [ 100.841228447955601, 13.679781590592906 ], [ 100.809796450320164, 13.666990510743968 ], [ 100.809750929193441, 13.698049011902658 ] ] ] } },
{ "type": "Feature", "properties": { "cell_id": "33508199", "resolution": 11, "type": "fuller4t", "dggs_topology": "TRIANGLE", "dggs_type": "FULLER4T", "dggs_proj": "FULLER", "dggs_aperture_type": "PURE", "dggs_aperture": 4, "dggs_res_spec": 11 }, "geometry": { "type": "Polygon", "coordinates": [ [ [ 100.872662170579943, 13.692565588780162 ], [ 100.904097614382323, 13.705342504617304 ], [ 100.904133436622573, 13.674302039294464 ], [ 100.872662170579943, 13.692565588780162 ] ] ] } },
{ "type": "Feature", "properties": { "cell_id": "33500005", "resolution": 11, "type": "fuller4t", "dggs_topology": "TRIANGLE", "dggs_type": "FULLER4T", "dggs_proj": "FULLER", "dggs_aperture_type": "PURE", "dggs_aperture": 4, "dggs_res_spec": 11 }, "geometry": { "type": "Polygon", "coordinates": [ [ [ 100.809750929193441, 13.698049011902658 ], [ 100.841186123983377, 13.710834076788247 ], [ 100.841228447955601, 13.679781590592906 ], [ 100.809750929193441, 13.698049011902658 ] ] ] } },
{ "type": "Feature", "properties": { "cell_id": "33516390", "resolution": 11, "type": "fuller4t", "dggs_topology": "TRIANGLE", "dggs_type": "FULLER4T", "dggs_proj": "FULLER", "dggs_aperture_type": "PURE", "dggs_aperture": 4, "dggs_res_spec": 11 }, "geometry": { "type": "Polygon", "coordinates": [ [ [ 100.935599915614247, 13.656043438375045 ], [ 100.967061601136564, 13.637789796146144 ], [ 100.935632373303122, 13.625008967808224 ], [ 100.935599915614247, 13.656043438375045 ] ] ] } },
{ "type": "Feature", "properties": { "cell_id": "33516391", "resolution": 11, "type": "fuller4t", "dggs_topology": "TRIANGLE", "dggs_type": "FULLER4T", "dggs_proj": "FULLER", "dggs_aperture_type": "PURE", "dggs_aperture": 4, "dggs_res_spec": 11 }, "geometry": { "type": "Polygon", "coordinates": [ [ [ 100.935599915614247, 13.656043438375045 ], [ 100.967032351604288, 13.668818238894096 ], [ 100.967061601136564, 13.637789796146144 ], [ 100.935599915614247, 13.656043438375045 ] ] ] } },
{ "type": "Feature", "properties": { "cell_id": "33512294", "resolution": 11, "type": "fuller4t", "dggs_topology": "TRIANGLE", "dggs_type": "FULLER4T", "dggs_proj": "FULLER", "dggs_aperture_type": "PURE", "dggs_aperture": 4, "dggs_res_spec": 11 }, "geometry": { "type": "Polygon", "coordinates": [ [ [ 100.904133436622573, 13.674302039294464 ], [ 100.935599915614233, 13.65604343837504 ], [ 100.904169176476699, 13.643261558474263 ], [ 100.904133436622573, 13.674302039294464 ] ] ] } },
{ "type": "Feature", "properties": { "cell_id": "33512295", "resolution": 11, "type": "fuller4t", "dggs_topology": "TRIANGLE", "dggs_type": "FULLER4T", "dggs_proj": "FULLER", "dggs_aperture_type": "PURE", "dggs_aperture": 4, "dggs_res_spec": 11 }, "geometry": { "type": "Polygon", "coordinates": [ [ [ 100.904133436622573, 13.674302039294464 ], [ 100.935567383038986, 13.687077894937655 ], [ 100.935599915614233, 13.65604343837504 ], [ 100.904133436622573, 13.674302039294464 ] ] ] } },
{ "type": "Feature", "properties": { "cell_id": "33516392", "resolution": 11, "type": "fuller4t", "dggs_topology": "TRIANGLE", "dggs_type": "FULLER4T", "dggs_proj": "FULLER", "dggs_aperture_type": "PURE", "dggs_aperture": 4, "dggs_res_spec": 11 }, "geometry": { "type": "Polygon", "coordinates": [ [ [ 100.935567383038986, 13.687077894937655 ], [ 100.967032351604288, 13.668818238894096 ], [ 100.935599915614247, 13.656043438375045 ], [ 100.935567383038986, 13.687077894937655 ] ] ] } },
{ "type": "Feature", "properties": { "cell_id": "33512296", "resolution": 11, "type": "fuller4t", "dggs_topology": "TRIANGLE", "dggs_type": "FULLER4T", "dggs_proj": "FULLER", "dggs_aperture_type": "PURE", "dggs_aperture": 4, "dggs_res_spec": 11 }, "geometry": { "type": "Polygon", "coordinates": [ [ [ 100.904097614382309, 13.705342504617297 ], [ 100.935567383038986, 13.687077894937607 ], [ 100.904133436622558, 13.674302039294455 ], [ 100.904097614382309, 13.705342504617297 ] ] ] } },
{ "type": "Feature", "properties": { "cell_id": "33467223", "resolution": 11, "type": "fuller4t", "dggs_topology": "TRIANGLE", "dggs_type": "FULLER4T", "dggs_proj": "FULLER", "dggs_aperture_type": "PURE", "dggs_aperture": 4, "dggs_res_spec": 11 }, "geometry": { "type": "Polygon", "coordinates": [ [ [ 100.558261264238894, 13.626620073918144 ], [ 100.58968559363511, 13.639455786872718 ], [ 100.589753417960182, 13.608355270939448 ], [ 100.558261264238894, 13.626620073918144 ] ] ] } },
{ "type": "Feature", "properties": { "cell_id": "33471321", "resolution": 11, "type": "fuller4t", "dggs_topology": "TRIANGLE", "dggs_type": "FULLER4T", "dggs_proj": "FULLER", "dggs_aperture_type": "PURE", "dggs_aperture": 4, "dggs_res_spec": 11 }, "geometry": { "type": "Polygon", "coordinates": [ [ [ 100.589685593635124, 13.639455786872674 ], [ 100.621111694993729, 13.652284419752643 ], [ 100.621176373161219, 13.621189902348554 ], [ 100.589685593635124, 13.639455786872674 ] ] ] } },
{ "type": "Feature", "properties": { "cell_id": "33467224", "resolution": 11, "type": "fuller4t", "dggs_topology": "TRIANGLE", "dggs_type": "FULLER4T", "dggs_proj": "FULLER", "dggs_aperture_type": "PURE", "dggs_aperture": 4, "dggs_res_spec": 11 }, "geometry": { "type": "Polygon", "coordinates": [ [ [ 100.558190137680654, 13.657726554532799 ], [ 100.589685593635124, 13.639455786872674 ], [ 100.55826126423888, 13.626620073918136 ], [ 100.558190137680654, 13.657726554532799 ] ] ] } },
{ "type": "Feature", "properties": { "cell_id": "33467225", "resolution": 11, "type": "fuller4t", "dggs_topology": "TRIANGLE", "dggs_type": "FULLER4T", "dggs_proj": "FULLER", "dggs_aperture_type": "PURE", "dggs_aperture": 4, "dggs_res_spec": 11 }, "geometry": { "type": "Polygon", "coordinates": [ [ [ 100.558190137680654, 13.657726554532799 ], [ 100.589617612315465, 13.670556272555702 ], [ 100.589685593635124, 13.639455786872674 ], [ 100.558190137680654, 13.657726554532799 ] ] ] } },
{ "type": "Feature", "properties": { "cell_id": "33471322", "resolution": 11, "type": "fuller4t", "dggs_topology": "TRIANGLE", "dggs_type": "FULLER4T", "dggs_proj": "FULLER", "dggs_aperture_type": "PURE", "dggs_aperture": 4, "dggs_res_spec": 11 }, "geometry": { "type": "Polygon", "coordinates": [ [ [ 100.589617612315465, 13.670556272555702 ], [ 100.621111694993729, 13.652284419752643 ], [ 100.589685593635124, 13.639455786872674 ], [ 100.589617612315465, 13.670556272555702 ] ] ] } },
{ "type": "Feature", "properties": { "cell_id": "33471323", "resolution": 11, "type": "fuller4t", "dggs_topology": "TRIANGLE", "dggs_type": "FULLER4T", "dggs_proj": "FULLER", "dggs_aperture_type": "PURE", "dggs_aperture": 4, "dggs_res_spec": 11 }, "geometry": { "type": "Polygon", "coordinates": [ [ [ 100.589617612315465, 13.670556272555702 ], [ 100.621046867285585, 13.68337890840043 ], [ 100.621111694993729, 13.652284419752643 ], [ 100.589617612315465, 13.670556272555702 ] ] ] } },
{ "type": "Feature", "properties": { "cell_id": "33467226", "resolution": 11, "type": "fuller4t", "dggs_topology": "TRIANGLE", "dggs_type": "FULLER4T", "dggs_proj": "FULLER", "dggs_aperture_type": "PURE", "dggs_aperture": 4, "dggs_res_spec": 11 }, "geometry": { "type": "Polygon", "coordinates": [ [ [ 100.558118846677104, 13.688833003336262 ], [ 100.589617612315465, 13.670556272555702 ], [ 100.558190137680654, 13.657726554532799 ], [ 100.558118846677104, 13.688833003336262 ] ] ] } },
{ "type": "Feature", "properties": { "cell_id": "33467227", "resolution": 11, "type": "fuller4t", "dggs_topology": "TRIANGLE", "dggs_type": "FULLER4T", "dggs_proj": "FULLER", "dggs_aperture_type": "PURE", "dggs_aperture": 4, "dggs_res_spec": 11 }, "geometry": { "type": "Polygon", "coordinates": [ [ [ 100.558118846677104, 13.688833003336262 ], [ 100.589549474017474, 13.701656727951102 ], [ 100.589617612315465, 13.670556272555702 ], [ 100.558118846677104, 13.688833003336262 ] ] ] } },
{ "type": "Feature", "properties": { "cell_id": "33471324", "resolution": 11, "type": "fuller4t", "dggs_topology": "TRIANGLE", "dggs_type": "FULLER4T", "dggs_proj": "FULLER", "dggs_aperture_type": "PURE", "dggs_aperture": 4, "dggs_res_spec": 11 }, "geometry": { "type": "Polygon", "coordinates": [ [ [ 100.589549474017474, 13.701656727951102 ], [ 100.621046867285585, 13.68337890840043 ], [ 100.589617612315465, 13.670556272555702 ], [ 100.589549474017474, 13.701656727951102 ] ] ] } },
{ "type": "Feature", "properties": { "cell_id": "33471325", "resolution": 11, "type": "fuller4t", "dggs_topology": "TRIANGLE", "dggs_type": "FULLER4T", "dggs_proj": "FULLER", "dggs_aperture_type": "PURE", "dggs_aperture": 4, "dggs_res_spec": 11 }, "geometry": { "type": "Polygon", "coordinates": [ [ [ 100.589549474017474, 13.701656727951102 ], [ 100.6209818900209, 13.714473368212523 ], [ 100.621046867285585, 13.68337890840043 ], [ 100.589549474017474, 13.701656727951102 ] ] ] } },
{ "type": "Feature", "properties": { "cell_id": "33479515", "resolution": 11, "type": "fuller4t", "dggs_topology": "TRIANGLE", "dggs_type": "FULLER4T", "dggs_proj": "FULLER", "dggs_aperture_type": "PURE", "dggs_aperture": 4, "dggs_res_spec": 11 }, "geometry": { "type": "Polygon", "coordinates": [ [ [ 100.652601088234832, 13.634017455078762 ], [ 100.684027559389946, 13.646837928343791 ], [ 100.684085785591719, 13.615755388699357 ], [ 100.652601088234832, 13.634017455078762 ] ] ] } },
{ "type": "Feature", "properties": { "cell_id": "33475418", "resolution": 11, "type": "fuller4t", "dggs_topology": "TRIANGLE", "dggs_type": "FULLER4T", "dggs_proj": "FULLER", "dggs_aperture_type": "PURE", "dggs_aperture": 4, "dggs_res_spec": 11 }, "geometry": { "type": "Polygon", "coordinates": [ [ [ 100.621111694993729, 13.652284419752643 ], [ 100.652601088234832, 13.634017455078762 ], [ 100.621176373161205, 13.621189902348599 ], [ 100.621111694993729, 13.652284419752643 ] ] ] } },
{ "type": "Feature", "properties": { "cell_id": "33475419", "resolution": 11, "type": "fuller4t", "dggs_topology": "TRIANGLE", "dggs_type": "FULLER4T", "dggs_proj": "FULLER", "dggs_aperture_type": "PURE", "dggs_aperture": 4, "dggs_res_spec": 11 }, "geometry": { "type": "Polygon", "coordinates": [ [ [ 100.621111694993729, 13.652284419752643 ], [ 100.652539564566041, 13.665105971809732 ], [ 100.652601088234832, 13.634017455078762 ], [ 100.621111694993729, 13.652284419752643 ] ] ] } },
{ "type": "Feature", "properties": { "cell_id": "33479516", "resolution": 11, "type": "fuller4t", "dggs_topology": "TRIANGLE", "dggs_type": "FULLER4T", "dggs_proj": "FULLER", "dggs_aperture_type": "PURE", "dggs_aperture": 4, "dggs_res_spec": 11 }, "geometry": { "type": "Polygon", "coordinates": [ [ [ 100.652539564566041, 13.665105971809732 ], [ 100.684027559389946, 13.646837928343791 ], [ 100.652601088234832, 13.634017455078762 ], [ 100.652539564566041, 13.665105971809732 ] ] ] } },
{ "type": "Feature", "properties": { "cell_id": "33479517", "resolution": 11, "type": "fuller4t", "dggs_topology": "TRIANGLE", "dggs_type": "FULLER4T", "dggs_proj": "FULLER", "dggs_aperture_type": "PURE", "dggs_aperture": 4, "dggs_res_spec": 11 }, "geometry": { "type": "Polygon", "coordinates": [ [ [ 100.652539564566041, 13.665105971809732 ], [ 100.683969198564142, 13.677920442258372 ], [ 100.684027559389946, 13.646837928343791 ], [ 100.652539564566041, 13.665105971809732 ] ] ] } },
{ "type": "Feature", "properties": { "cell_id": "33475420", "resolution": 11, "type": "fuller4t", "dggs_topology": "TRIANGLE", "dggs_type": "FULLER4T", "dggs_proj": "FULLER", "dggs_aperture_type": "PURE", "dggs_aperture": 4, "dggs_res_spec": 11 }, "geometry": { "type": "Polygon", "coordinates": [ [ [ 100.6210468672856, 13.683378908400439 ], [ 100.652539564566041, 13.665105971809732 ], [ 100.621111694993729, 13.652284419752643 ], [ 100.6210468672856, 13.683378908400439 ] ] ] } },
{ "type": "Feature", "properties": { "cell_id": "33475421", "resolution": 11, "type": "fuller4t", "dggs_topology": "TRIANGLE", "dggs_type": "FULLER4T", "dggs_proj": "FULLER", "dggs_aperture_type": "PURE", "dggs_aperture": 4, "dggs_res_spec": 11 }, "geometry": { "type": "Polygon", "coordinates": [ [ [ 100.6210468672856, 13.683378908400439 ], [ 100.6524778987974, 13.696194461251807 ], [ 100.652539564566041, 13.665105971809732 ], [ 100.6210468672856, 13.683378908400439 ] ] ] } },
{ "type": "Feature", "properties": { "cell_id": "33479518", "resolution": 11, "type": "fuller4t", "dggs_topology": "TRIANGLE", "dggs_type": "FULLER4T", "dggs_proj": "FULLER", "dggs_aperture_type": "PURE", "dggs_aperture": 4, "dggs_res_spec": 11 }, "geometry": { "type": "Polygon", "coordinates": [ [ [ 100.6524778987974, 13.696194461251807 ], [ 100.683969198564142, 13.677920442258372 ], [ 100.652539564566041, 13.665105971809732 ], [ 100.6524778987974, 13.696194461251807 ] ] ] } },
{ "type": "Feature", "properties": { "cell_id": "33479519", "resolution": 11, "type": "fuller4t", "dggs_topology": "TRIANGLE", "dggs_type": "FULLER4T", "dggs_proj": "FULLER", "dggs_aperture_type": "PURE", "dggs_aperture": 4, "dggs_res_spec": 11 }, "geometry": { "type": "Polygon", "coordinates": [ [ [ 100.6524778987974, 13.696194461251807 ], [ 100.683910703098334, 13.709002930369813 ], [ 100.683969198564142, 13.677920442258372 ], [ 100.6524778987974, 13.696194461251807 ] ] ] } },
{ "type": "Feature", "properties": { "cell_id": "33475422", "resolution": 11, "type": "fuller4t", "dggs_topology": "TRIANGLE", "dggs_type": "FULLER4T", "dggs_proj": "FULLER", "dggs_aperture_type": "PURE", "dggs_aperture": 4, "dggs_res_spec": 11 }, "geometry": { "type": "Polygon", "coordinates": [ [ [ 100.620981890020872, 13.714473368212559 ], [ 100.6524778987974, 13.696194461251807 ], [ 100.6210468672856, 13.683378908400439 ], [ 100.620981890020872, 13.714473368212559 ] ] ] } },
{ "type": "Feature", "properties": { "cell_id": "33491807", "resolution": 11, "type": "fuller4t", "dggs_topology": "TRIANGLE", "dggs_type": "FULLER4T", "dggs_proj": "FULLER", "dggs_aperture_type": "PURE", "dggs_aperture": 4, "dggs_res_spec": 11 }, "geometry": { "type": "Polygon", "coordinates": [ [ [ 100.746937645192091, 13.641387108807942 ], [ 100.778366181461308, 13.6541923499069 ], [ 100.778414779126166, 13.623127814611507 ], [ 100.746937645192091, 13.641387108807942 ] ] ] } },
{ "type": "Feature", "properties": { "cell_id": "33495904", "resolution": 11, "type": "fuller4t", "dggs_topology": "TRIANGLE", "dggs_type": "FULLER4T", "dggs_proj": "FULLER", "dggs_aperture_type": "PURE", "dggs_aperture": 4, "dggs_res_spec": 11 }, "geometry": { "type": "Polygon", "coordinates": [ [ [ 100.778366181461294, 13.654192349906944 ], [ 100.809841866659838, 13.635931989738767 ], [ 100.77841477912618, 13.623127814611516 ], [ 100.778366181461294, 13.654192349906944 ] ] ] } },
{ "type": "Feature", "properties": { "cell_id": "33495905", "resolution": 11, "type": "fuller4t", "dggs_topology": "TRIANGLE", "dggs_type": "FULLER4T", "dggs_proj": "FULLER", "dggs_aperture_type": "PURE", "dggs_aperture": 4, "dggs_res_spec": 11 }, "geometry": { "type": "Polygon", "coordinates": [ [ [ 100.778366181461294, 13.654192349906944 ], [ 100.809796450320164, 13.666990510743968 ], [ 100.809841866659838, 13.635931989738767 ], [ 100.778366181461294, 13.654192349906944 ] ] ] } },
{ "type": "Feature", "properties": { "cell_id": "33491808", "resolution": 11, "type": "fuller4t", "dggs_topology": "TRIANGLE", "dggs_type": "FULLER4T", "dggs_proj": "FULLER", "dggs_aperture_type": "PURE", "dggs_aperture": 4, "dggs_res_spec": 11 }, "geometry": { "type": "Polygon", "coordinates": [ [ [ 100.746885754825755, 13.672457633484175 ], [ 100.778366181461294, 13.654192349906944 ], [ 100.746937645192105, 13.641387108807947 ], [ 100.746885754825755, 13.672457633484175 ] ] ] } },
{ "type": "Feature", "properties": { "cell_id": "33491809", "resolution": 11, "type": "fuller4t", "dggs_topology": "TRIANGLE", "dggs_type": "FULLER4T", "dggs_proj": "FULLER", "dggs_aperture_type": "PURE", "dggs_aperture": 4, "dggs_res_spec": 11 }, "geometry": { "type": "Polygon", "coordinates": [ [ [ 100.746885754825755, 13.672457633484175 ], [ 100.778317471537633, 13.685256863892761 ], [ 100.778366181461294, 13.654192349906944 ], [ 100.746885754825755, 13.672457633484175 ] ] ] } },
{ "type": "Feature", "properties": { "cell_id": "33495906", "resolution": 11, "type": "fuller4t", "dggs_topology": "TRIANGLE", "dggs_type": "FULLER4T", "dggs_proj": "FULLER", "dggs_aperture_type": "PURE", "dggs_aperture": 4, "dggs_res_spec": 11 }, "geometry": { "type": "Polygon", "coordinates": [ [ [ 100.778317471537633, 13.685256863892761 ], [ 100.809796450320164, 13.666990510743968 ], [ 100.778366181461294, 13.654192349906944 ], [ 100.778317471537633, 13.685256863892761 ] ] ] } },
{ "type": "Feature", "properties": { "cell_id": "33495907", "resolution": 11, "type": "fuller4t", "dggs_topology": "TRIANGLE", "dggs_type": "FULLER4T", "dggs_proj": "FULLER", "dggs_aperture_type": "PURE", "dggs_aperture": 4, "dggs_res_spec": 11 }, "geometry": { "type": "Polygon", "coordinates": [ [ [ 100.778317471537633, 13.685256863892761 ], [ 100.809750929193441, 13.698049011902658 ], [ 100.809796450320164, 13.666990510743968 ], [ 100.778317471537633, 13.685256863892761 ] ] ] } },
{ "type": "Feature", "properties": { "cell_id": "33491810", "resolution": 11, "type": "fuller4t", "dggs_topology": "TRIANGLE", "dggs_type": "FULLER4T", "dggs_proj": "FULLER", "dggs_aperture_type": "PURE", "dggs_aperture": 4, "dggs_res_spec": 11 }, "geometry": { "type": "Polygon", "coordinates": [ [ [ 100.74683374474796, 13.703528135361074 ], [ 100.778317471537619, 13.685256863892754 ], [ 100.746885754825755, 13.672457633484175 ], [ 100.74683374474796, 13.703528135361074 ] ] ] } },
{ "type": "Feature", "properties": { "cell_id": "33491811", "resolution": 11, "type": "fuller4t", "dggs_topology": "TRIANGLE", "dggs_type": "FULLER4T", "dggs_proj": "FULLER", "dggs_aperture_type": "PURE", "dggs_aperture": 4, "dggs_res_spec": 11 }, "geometry": { "type": "Polygon", "coordinates": [ [ [ 100.74683374474796, 13.703528135361074 ], [ 100.778268649355255, 13.716321356527022 ], [ 100.778317471537619, 13.685256863892754 ], [ 100.74683374474796, 13.703528135361074 ] ] ] } },
{ "type": "Feature", "properties": { "cell_id": "33495908", "resolution": 11, "type": "fuller4t", "dggs_topology": "TRIANGLE", "dggs_type": "FULLER4T", "dggs_proj": "FULLER", "dggs_aperture_type": "PURE", "dggs_aperture": 4, "dggs_res_spec": 11 }, "geometry": { "type": "Polygon", "coordinates": [ [ [ 100.778268649355255, 13.716321356527022 ], [ 100.809750929193441, 13.698049011902658 ], [ 100.778317471537633, 13.685256863892761 ], [ 100.778268649355255, 13.716321356527022 ] ] ] } },
{ "type": "Feature", "properties": { "cell_id": "33483617", "resolution": 11, "type": "fuller4t", "dggs_topology": "TRIANGLE", "dggs_type": "FULLER4T", "dggs_proj": "FULLER", "dggs_aperture_type": "PURE", "dggs_aperture": 4, "dggs_res_spec": 11 }, "geometry": { "type": "Polygon", "coordinates": [ [ [ 100.683910703098363, 13.709002930369778 ], [ 100.715345276396931, 13.721804314977067 ], [ 100.715400593225382, 13.690727830365601 ], [ 100.683910703098363, 13.709002930369778 ] ] ] } },
{ "type": "Feature", "properties": { "cell_id": "33487714", "resolution": 11, "type": "fuller4t", "dggs_topology": "TRIANGLE", "dggs_type": "FULLER4T", "dggs_proj": "FULLER", "dggs_aperture_type": "PURE", "dggs_aperture": 4, "dggs_res_spec": 11 }, "geometry": { "type": "Polygon", "coordinates": [ [ [ 100.715345276396931, 13.721804314977067 ], [ 100.74683374474796, 13.703528135361074 ], [ 100.715400593225397, 13.69072783036561 ], [ 100.715345276396931, 13.721804314977067 ] ] ] } },
{ "type": "Feature", "properties": { "cell_id": "33487715", "resolution": 11, "type": "fuller4t", "dggs_topology": "TRIANGLE", "dggs_type": "FULLER4T", "dggs_proj": "FULLER", "dggs_aperture_type": "PURE", "dggs_aperture": 4, "dggs_res_spec": 11 }, "geometry": { "type": "Polygon", "coordinates": [ [ [ 100.715345276396931, 13.721804314977067 ], [ 100.746781614926704, 13.734598614348746 ], [ 100.74683374474796, 13.703528135361074 ], [ 100.715345276396931, 13.721804314977067 ] ] ] } },
{ "type": "Feature", "properties": { "cell_id": "33483618", "resolution": 11, "type": "fuller4t", "dggs_topology": "TRIANGLE", "dggs_type": "FULLER4T", "dggs_proj": "FULLER", "dggs_aperture_type": "PURE", "dggs_aperture": 4, "dggs_res_spec": 11 }, "geometry": { "type": "Polygon", "coordinates": [ [ [ 100.683852072976663, 13.740085392604614 ], [ 100.715345276396931, 13.721804314977067 ], [ 100.683910703098363, 13.709002930369778 ], [ 100.683852072976663, 13.740085392604614 ] ] ] } },
{ "type": "Feature", "properties": { "cell_id": "33483619", "resolution": 11, "type": "fuller4t", "dggs_topology": "TRIANGLE", "dggs_type": "FULLER4T", "dggs_proj": "FULLER", "dggs_aperture_type": "PURE", "dggs_aperture": 4, "dggs_res_spec": 11 }, "geometry": { "type": "Polygon", "coordinates": [ [ [ 100.683852072976663, 13.740085392604614 ], [ 100.715289832391505, 13.7528807752189 ], [ 100.715345276396931, 13.721804314977067 ], [ 100.683852072976663, 13.740085392604614 ] ] ] } },
{ "type": "Feature", "properties": { "cell_id": "33487716", "resolution": 11, "type": "fuller4t", "dggs_topology": "TRIANGLE", "dggs_type": "FULLER4T", "dggs_proj": "FULLER", "dggs_aperture_type": "PURE", "dggs_aperture": 4, "dggs_res_spec": 11 }, "geometry": { "type": "Polygon", "coordinates": [ [ [ 100.715289832391491, 13.752880775218941 ], [ 100.746781614926704, 13.734598614348746 ], [ 100.715345276396931, 13.721804314977067 ], [ 100.715289832391491, 13.752880775218941 ] ] ] } },
{ "type": "Feature", "properties": { "cell_id": "33487717", "resolution": 11, "type": "fuller4t", "dggs_topology": "TRIANGLE", "dggs_type": "FULLER4T", "dggs_proj": "FULLER", "dggs_aperture_type": "PURE", "dggs_aperture": 4, "dggs_res_spec": 11 }, "geometry": { "type": "Polygon", "coordinates": [ [ [ 100.715289832391491, 13.752880775218941 ], [ 100.746729365378187, 13.765669070424684 ], [ 100.746781614926704, 13.734598614348746 ], [ 100.715289832391491, 13.752880775218941 ] ] ] } },
{ "type": "Feature", "properties": { "cell_id": "33483620", "resolution": 11, "type": "fuller4t", "dggs_topology": "TRIANGLE", "dggs_type": "FULLER4T", "dggs_proj": "FULLER", "dggs_aperture_type": "PURE", "dggs_aperture": 4, "dggs_res_spec": 11 }, "geometry": { "type": "Polygon", "coordinates": [ [ [ 100.683793308199242, 13.771167828911896 ], [ 100.715289832391505, 13.7528807752189 ], [ 100.683852072976663, 13.740085392604614 ], [ 100.683793308199242, 13.771167828911896 ] ] ] } },
{ "type": "Feature", "properties": { "cell_id": "33483621", "resolution": 11, "type": "fuller4t", "dggs_topology": "TRIANGLE", "dggs_type": "FULLER4T", "dggs_proj": "FULLER", "dggs_aperture_type": "PURE", "dggs_aperture": 4, "dggs_res_spec": 11 }, "geometry": { "type": "Polygon", "coordinates": [ [ [ 100.683793308199242, 13.771167828911896 ], [ 100.715234261160944, 13.783957210975785 ], [ 100.715289832391505, 13.7528807752189 ], [ 100.683793308199242, 13.771167828911896 ] ] ] } },
{ "type": "Feature", "properties": { "cell_id": "33487718", "resolution": 11, "type": "fuller4t", "dggs_topology": "TRIANGLE", "dggs_type": "FULLER4T", "dggs_proj": "FULLER", "dggs_aperture_type": "PURE", "dggs_aperture": 4, "dggs_res_spec": 11 }, "geometry": { "type": "Polygon", "coordinates": [ [ [ 100.715234261160973, 13.783957210975794 ], [ 100.746729365378187, 13.765669070424684 ], [ 100.715289832391491, 13.752880775218941 ], [ 100.715234261160973, 13.783957210975794 ] ] ] } },
{ "type": "Feature", "properties": { "cell_id": "33467228", "resolution": 11, "type": "fuller4t", "dggs_topology": "TRIANGLE", "dggs_type": "FULLER4T", "dggs_proj": "FULLER", "dggs_aperture_type": "PURE", "dggs_aperture": 4, "dggs_res_spec": 11 }, "geometry": { "type": "Polygon", "coordinates": [ [ [ 100.558047391228456, 13.719939420265435 ], [ 100.589549474017474, 13.701656727951102 ], [ 100.558118846677104, 13.688833003336262 ], [ 100.558047391228456, 13.719939420265435 ] ] ] } },
{ "type": "Feature", "properties": { "cell_id": "33471326", "resolution": 11, "type": "fuller4t", "dggs_topology": "TRIANGLE", "dggs_type": "FULLER4T", "dggs_proj": "FULLER", "dggs_aperture_type": "PURE", "dggs_aperture": 4, "dggs_res_spec": 11 }, "geometry": { "type": "Polygon", "coordinates": [ [ [ 100.589481178693191, 13.732757152931315 ], [ 100.6209818900209, 13.714473368212523 ], [ 100.589549474017488, 13.701656727951061 ], [ 100.589481178693191, 13.732757152931315 ] ] ] } },
{ "type": "Feature", "properties": { "cell_id": "33467229", "resolution": 11, "type": "fuller4t", "dggs_topology": "TRIANGLE", "dggs_type": "FULLER4T", "dggs_proj": "FULLER", "dggs_aperture_type": "PURE", "dggs_aperture": 4, "dggs_res_spec": 11 }, "geometry": { "type": "Polygon", "coordinates": [ [ [ 100.558047391228456, 13.719939420265435 ], [ 100.589481178693163, 13.732757152931351 ], [ 100.589549474017474, 13.701656727951102 ], [ 100.558047391228456, 13.719939420265435 ] ] ] } },
{ "type": "Feature", "properties": { "cell_id": "33471327", "resolution": 11, "type": "fuller4t", "dggs_topology": "TRIANGLE", "dggs_type": "FULLER4T", "dggs_proj": "FULLER", "dggs_aperture_type": "PURE", "dggs_aperture": 4, "dggs_res_spec": 11 }, "geometry": { "type": "Polygon", "coordinates": [ [ [ 100.589481178693191, 13.732757152931315 ], [ 100.620916763199773, 13.745567799132022 ], [ 100.6209818900209, 13.714473368212523 ], [ 100.589481178693191, 13.732757152931315 ] ] ] } },
{ "type": "Feature", "properties": { "cell_id": "33467230", "resolution": 11, "type": "fuller4t", "dggs_topology": "TRIANGLE", "dggs_type": "FULLER4T", "dggs_proj": "FULLER", "dggs_aperture_type": "PURE", "dggs_aperture": 4, "dggs_res_spec": 11 }, "geometry": { "type": "Polygon", "coordinates": [ [ [ 100.557975771302779, 13.751045805212293 ], [ 100.589481178693191, 13.732757152931315 ], [ 100.558047391228456, 13.719939420265435 ], [ 100.557975771302779, 13.751045805212293 ] ] ] } },
{ "type": "Feature", "properties": { "cell_id": "33467231", "resolution": 11, "type": "fuller4t", "dggs_topology": "TRIANGLE", "dggs_type": "FULLER4T", "dggs_proj": "FULLER", "dggs_aperture_type": "PURE", "dggs_aperture": 4, "dggs_res_spec": 11 }, "geometry": { "type": "Polygon", "coordinates": [ [ [ 100.557975771302779, 13.751045805212293 ], [ 100.589412726358773, 13.76385754745888 ], [ 100.589481178693191, 13.732757152931315 ], [ 100.557975771302779, 13.751045805212293 ] ] ] } },
{ "type": "Feature", "properties": { "cell_id": "33471328", "resolution": 11, "type": "fuller4t", "dggs_topology": "TRIANGLE", "dggs_type": "FULLER4T", "dggs_proj": "FULLER", "dggs_aperture_type": "PURE", "dggs_aperture": 4, "dggs_res_spec": 11 }, "geometry": { "type": "Polygon", "coordinates": [ [ [ 100.589412726358788, 13.763857547458887 ], [ 100.620916763199773, 13.745567799132022 ], [ 100.589481178693163, 13.732757152931351 ], [ 100.589412726358788, 13.763857547458887 ] ] ] } },
{ "type": "Feature", "properties": { "cell_id": "33471329", "resolution": 11, "type": "fuller4t", "dggs_topology": "TRIANGLE", "dggs_type": "FULLER4T", "dggs_proj": "FULLER", "dggs_aperture_type": "PURE", "dggs_aperture": 4, "dggs_res_spec": 11 }, "geometry": { "type": "Polygon", "coordinates": [ [ [ 100.589412726358788, 13.763857547458887 ], [ 100.620851486790343, 13.776662201056912 ], [ 100.620916763199773, 13.745567799132022 ], [ 100.589412726358788, 13.763857547458887 ] ] ] } },
{ "type": "Feature", "properties": { "cell_id": "33467232", "resolution": 11, "type": "fuller4t", "dggs_topology": "TRIANGLE", "dggs_type": "FULLER4T", "dggs_proj": "FULLER", "dggs_aperture_type": "PURE", "dggs_aperture": 4, "dggs_res_spec": 11 }, "geometry": { "type": "Polygon", "coordinates": [ [ [ 100.5579039869003, 13.782152158113691 ], [ 100.589412726358788, 13.763857547458887 ], [ 100.557975771302765, 13.751045805212327 ], [ 100.5579039869003, 13.782152158113691 ] ] ] } },
{ "type": "Feature", "properties": { "cell_id": "33471330", "resolution": 11, "type": "fuller4t", "dggs_topology": "TRIANGLE", "dggs_type": "FULLER4T", "dggs_proj": "FULLER", "dggs_aperture_type": "PURE", "dggs_aperture": 4, "dggs_res_spec": 11 }, "geometry": { "type": "Polygon", "coordinates": [ [ [ 100.589344116982389, 13.794957911428707 ], [ 100.620851486790357, 13.776662201056865 ], [ 100.589412726358773, 13.76385754745888 ], [ 100.589344116982389, 13.794957911428707 ] ] ] } },
{ "type": "Feature", "properties": { "cell_id": "33479520", "resolution": 11, "type": "fuller4t", "dggs_topology": "TRIANGLE", "dggs_type": "FULLER4T", "dggs_proj": "FULLER", "dggs_aperture_type": "PURE", "dggs_aperture": 4, "dggs_res_spec": 11 }, "geometry": { "type": "Polygon", "coordinates": [ [ [ 100.652416090929037, 13.727282923351044 ], [ 100.683910703098363, 13.709002930369778 ], [ 100.652477898797372, 13.696194461251791 ], [ 100.652416090929037, 13.727282923351044 ] ] ] } },
{ "type": "Feature", "properties": { "cell_id": "33475423", "resolution": 11, "type": "fuller4t", "dggs_topology": "TRIANGLE", "dggs_type": "FULLER4T", "dggs_proj": "FULLER", "dggs_aperture_type": "PURE", "dggs_aperture": 4, "dggs_res_spec": 11 }, "geometry": { "type": "Polygon", "coordinates": [ [ [ 100.620981890020872, 13.714473368212559 ], [ 100.652416090929066, 13.72728292335105 ], [ 100.6524778987974, 13.696194461251807 ], [ 100.620981890020872, 13.714473368212559 ] ] ] } },
{ "type": "Feature", "properties": { "cell_id": "33479521", "resolution": 11, "type": "fuller4t", "dggs_topology": "TRIANGLE", "dggs_type": "FULLER4T", "dggs_proj": "FULLER", "dggs_aperture_type": "PURE", "dggs_aperture": 4, "dggs_res_spec": 11 }, "geometry": { "type": "Polygon", "coordinates": [ [ [ 100.652416090929037, 13.727282923351044 ], [ 100.683852072976663, 13.740085392604614 ], [ 100.683910703098363, 13.709002930369778 ], [ 100.652416090929037, 13.727282923351044 ] ] ] } },
{ "type": "Feature", "properties": { "cell_id": "33475424", "resolution": 11, "type": "fuller4t", "dggs_topology": "TRIANGLE", "dggs_type": "FULLER4T", "dggs_proj": "FULLER", "dggs_aperture_type": "PURE", "dggs_aperture": 4, "dggs_res_spec": 11 }, "geometry": { "type": "Polygon", "coordinates": [ [ [ 100.620916763199773, 13.745567799132022 ], [ 100.652416090929037, 13.727282923351044 ], [ 100.6209818900209, 13.714473368212523 ], [ 100.620916763199773, 13.745567799132022 ] ] ] } },
{ "type": "Feature", "properties": { "cell_id": "33479522", "resolution": 11, "type": "fuller4t", "dggs_topology": "TRIANGLE", "dggs_type": "FULLER4T", "dggs_proj": "FULLER", "dggs_aperture_type": "PURE", "dggs_aperture": 4, "dggs_res_spec": 11 }, "geometry": { "type": "Polygon", "coordinates": [ [ [ 100.652354140945107, 13.758371358031054 ], [ 100.683852072976663, 13.740085392604614 ], [ 100.652416090929037, 13.727282923351044 ], [ 100.652354140945107, 13.758371358031054 ] ] ] } },
{ "type": "Feature", "properties": { "cell_id": "33475425", "resolution": 11, "type": "fuller4t", "dggs_topology": "TRIANGLE", "dggs_type": "FULLER4T", "dggs_proj": "FULLER", "dggs_aperture_type": "PURE", "dggs_aperture": 4, "dggs_res_spec": 11 }, "geometry": { "type": "Polygon", "coordinates": [ [ [ 100.620916763199773, 13.745567799132022 ], [ 100.652354140945107, 13.758371358031054 ], [ 100.652416090929037, 13.727282923351044 ], [ 100.620916763199773, 13.745567799132022 ] ] ] } },
{ "type": "Feature", "properties": { "cell_id": "33479523", "resolution": 11, "type": "fuller4t", "dggs_topology": "TRIANGLE", "dggs_type": "FULLER4T", "dggs_proj": "FULLER", "dggs_aperture_type": "PURE", "dggs_aperture": 4, "dggs_res_spec": 11 }, "geometry": { "type": "Polygon", "coordinates": [ [ [ 100.652354140945107, 13.758371358031054 ], [ 100.683793308199242, 13.771167828911896 ], [ 100.683852072976663, 13.740085392604614 ], [ 100.652354140945107, 13.758371358031054 ] ] ] } },
{ "type": "Feature", "properties": { "cell_id": "33475426", "resolution": 11, "type": "fuller4t", "dggs_topology": "TRIANGLE", "dggs_type": "FULLER4T", "dggs_proj": "FULLER", "dggs_aperture_type": "PURE", "dggs_aperture": 4, "dggs_res_spec": 11 }, "geometry": { "type": "Polygon", "coordinates": [ [ [ 100.620851486790343, 13.776662201056912 ], [ 100.652354140945107, 13.758371358031054 ], [ 100.620916763199773, 13.745567799132022 ], [ 100.620851486790343, 13.776662201056912 ] ] ] } },
{ "type": "Feature", "properties": { "cell_id": "33475427", "resolution": 11, "type": "fuller4t", "dggs_topology": "TRIANGLE", "dggs_type": "FULLER4T", "dggs_proj": "FULLER", "dggs_aperture_type": "PURE", "dggs_aperture": 4, "dggs_res_spec": 11 }, "geometry": { "type": "Polygon", "coordinates": [ [ [ 100.620851486790343, 13.776662201056912 ], [ 100.652292048845752, 13.789459765237739 ], [ 100.652354140945107, 13.758371358031054 ], [ 100.620851486790343, 13.776662201056912 ] ] ] } },
{ "type": "Feature", "properties": { "cell_id": "33479524", "resolution": 11, "type": "fuller4t", "dggs_topology": "TRIANGLE", "dggs_type": "FULLER4T", "dggs_proj": "FULLER", "dggs_aperture_type": "PURE", "dggs_aperture": 4, "dggs_res_spec": 11 }, "geometry": { "type": "Polygon", "coordinates": [ [ [ 100.652292048845752, 13.789459765237739 ], [ 100.683793308199242, 13.771167828911896 ], [ 100.652354140945107, 13.758371358031054 ], [ 100.652292048845752, 13.789459765237739 ] ] ] } },
{ "type": "Feature", "properties": { "cell_id": "33487719", "resolution": 11, "type": "fuller4t", "dggs_topology": "TRIANGLE", "dggs_type": "FULLER4T", "dggs_proj": "FULLER", "dggs_aperture_type": "PURE", "dggs_aperture": 4, "dggs_res_spec": 11 }, "geometry": { "type": "Polygon", "coordinates": [ [ [ 100.715234261160973, 13.783957210975794 ], [ 100.746676996070349, 13.796739503498911 ], [ 100.746729365378187, 13.765669070424684 ], [ 100.715234261160973, 13.783957210975794 ] ] ] } },
{ "type": "Feature", "properties": { "cell_id": "33483622", "resolution": 11, "type": "fuller4t", "dggs_topology": "TRIANGLE", "dggs_type": "FULLER4T", "dggs_proj": "FULLER", "dggs_aperture_type": "PURE", "dggs_aperture": 4, "dggs_res_spec": 11 }, "geometry": { "type": "Polygon", "coordinates": [ [ [ 100.683734408750112, 13.80225023921807 ], [ 100.715234261160944, 13.783957210975785 ], [ 100.683793308199242, 13.771167828911896 ], [ 100.683734408750112, 13.80225023921807 ] ] ] } },
{ "type": "Feature", "properties": { "cell_id": "33487720", "resolution": 11, "type": "fuller4t", "dggs_topology": "TRIANGLE", "dggs_type": "FULLER4T", "dggs_proj": "FULLER", "dggs_aperture_type": "PURE", "dggs_aperture": 4, "dggs_res_spec": 11 }, "geometry": { "type": "Polygon", "coordinates": [ [ [ 100.715178562721533, 13.815033622222044 ], [ 100.746676996070363, 13.796739503498864 ], [ 100.715234261160944, 13.783957210975785 ], [ 100.715178562721533, 13.815033622222044 ] ] ] } },
{ "type": "Feature", "properties": { "cell_id": "33483623", "resolution": 11, "type": "fuller4t", "dggs_topology": "TRIANGLE", "dggs_type": "FULLER4T", "dggs_proj": "FULLER", "dggs_aperture_type": "PURE", "dggs_aperture": 4, "dggs_res_spec": 11 }, "geometry": { "type": "Polygon", "coordinates": [ [ [ 100.683734408750112, 13.80225023921807 ], [ 100.715178562721533, 13.815033622222044 ], [ 100.715234261160944, 13.783957210975785 ], [ 100.683734408750112, 13.80225023921807 ] ] ] } },
{ "type": "Feature", "properties": { "cell_id": "33487721", "resolution": 11, "type": "fuller4t", "dggs_topology": "TRIANGLE", "dggs_type": "FULLER4T", "dggs_proj": "FULLER", "dggs_aperture_type": "PURE", "dggs_aperture": 4, "dggs_res_spec": 11 }, "geometry": { "type": "Polygon", "coordinates": [ [ [ 100.715178562721533, 13.815033622222044 ], [ 100.746624507003304, 13.827809913526281 ], [ 100.746676996070363, 13.796739503498864 ], [ 100.715178562721533, 13.815033622222044 ] ] ] } },
{ "type": "Feature", "properties": { "cell_id": "33483624", "resolution": 11, "type": "fuller4t", "dggs_topology": "TRIANGLE", "dggs_type": "FULLER4T", "dggs_proj": "FULLER", "dggs_aperture_type": "PURE", "dggs_aperture": 4, "dggs_res_spec": 11 }, "geometry": { "type": "Polygon", "coordinates": [ [ [ 100.6836753745973, 13.833332623427214 ], [ 100.715178562721533, 13.815033622222044 ], [ 100.683734408750112, 13.80225023921807 ], [ 100.6836753745973, 13.833332623427214 ] ] ] } },
{ "type": "Feature", "properties": { "cell_id": "33483625", "resolution": 11, "type": "fuller4t", "dggs_topology": "TRIANGLE", "dggs_type": "FULLER4T", "dggs_proj": "FULLER", "dggs_aperture_type": "PURE", "dggs_aperture": 4, "dggs_res_spec": 11 }, "geometry": { "type": "Polygon", "coordinates": [ [ [ 100.6836753745973, 13.833332623427214 ], [ 100.715122737057257, 13.846110008887115 ], [ 100.715178562721533, 13.815033622222044 ], [ 100.6836753745973, 13.833332623427214 ] ] ] } },
{ "type": "Feature", "properties": { "cell_id": "33487722", "resolution": 11, "type": "fuller4t", "dggs_topology": "TRIANGLE", "dggs_type": "FULLER4T", "dggs_proj": "FULLER", "dggs_aperture_type": "PURE", "dggs_aperture": 4, "dggs_res_spec": 11 }, "geometry": { "type": "Polygon", "coordinates": [ [ [ 100.715122737057285, 13.84611000888712 ], [ 100.746624507003318, 13.82780991352629 ], [ 100.715178562721533, 13.815033622222044 ], [ 100.715122737057285, 13.84611000888712 ] ] ] } },
{ "type": "Feature", "properties": { "cell_id": "33487723", "resolution": 11, "type": "fuller4t", "dggs_topology": "TRIANGLE", "dggs_type": "FULLER4T", "dggs_proj": "FULLER", "dggs_aperture_type": "PURE", "dggs_aperture": 4, "dggs_res_spec": 11 }, "geometry": { "type": "Polygon", "coordinates": [ [ [ 100.715122737057285, 13.84611000888712 ], [ 100.746571898177194, 13.858880300461696 ], [ 100.746624507003318, 13.82780991352629 ], [ 100.715122737057285, 13.84611000888712 ] ] ] } },
{ "type": "Feature", "properties": { "cell_id": "33483626", "resolution": 11, "type": "fuller4t", "dggs_topology": "TRIANGLE", "dggs_type": "FULLER4T", "dggs_proj": "FULLER", "dggs_aperture_type": "PURE", "dggs_aperture": 4, "dggs_res_spec": 11 }, "geometry": { "type": "Polygon", "coordinates": [ [ [ 100.683616205757005, 13.864414981510624 ], [ 100.715122737057257, 13.846110008887115 ], [ 100.683675374597286, 13.833332623427205 ], [ 100.683616205757005, 13.864414981510624 ] ] ] } },
{ "type": "Feature", "properties": { "cell_id": "33467233", "resolution": 11, "type": "fuller4t", "dggs_topology": "TRIANGLE", "dggs_type": "FULLER4T", "dggs_proj": "FULLER", "dggs_aperture_type": "PURE", "dggs_aperture": 4, "dggs_res_spec": 11 }, "geometry": { "type": "Polygon", "coordinates": [ [ [ 100.5579039869003, 13.782152158113691 ], [ 100.589344116982389, 13.794957911428707 ], [ 100.589412726358788, 13.763857547458887 ], [ 100.5579039869003, 13.782152158113691 ] ] ] } },
{ "type": "Feature", "properties": { "cell_id": "33471331", "resolution": 11, "type": "fuller4t", "dggs_topology": "TRIANGLE", "dggs_type": "FULLER4T", "dggs_proj": "FULLER", "dggs_aperture_type": "PURE", "dggs_aperture": 4, "dggs_res_spec": 11 }, "geometry": { "type": "Polygon", "coordinates": [ [ [ 100.589344116982389, 13.794957911428707 ], [ 100.620786060808825, 13.807756573952544 ], [ 100.620851486790357, 13.776662201056865 ], [ 100.589344116982389, 13.794957911428707 ] ] ] } },
{ "type": "Feature", "properties": { "cell_id": "33467234", "resolution": 11, "type": "fuller4t", "dggs_topology": "TRIANGLE", "dggs_type": "FULLER4T", "dggs_proj": "FULLER", "dggs_aperture_type": "PURE", "dggs_aperture": 4, "dggs_res_spec": 11 }, "geometry": { "type": "Polygon", "coordinates": [ [ [ 100.557832038021203, 13.813258478906432 ], [ 100.589344116982389, 13.794957911428707 ], [ 100.557903986916344, 13.782152158136148 ], [ 100.557832038021203, 13.813258478906432 ] ] ] } },
{ "type": "Feature", "properties": { "cell_id": "33471332", "resolution": 11, "type": "fuller4t", "dggs_topology": "TRIANGLE", "dggs_type": "FULLER4T", "dggs_proj": "FULLER", "dggs_aperture_type": "PURE", "dggs_aperture": 4, "dggs_res_spec": 11 }, "geometry": { "type": "Polygon", "coordinates": [ [ [ 100.589275350564165, 13.826058244780638 ], [ 100.620786060808825, 13.807756573952544 ], [ 100.589344116982389, 13.794957911428707 ], [ 100.589275350564165, 13.826058244780638 ] ] ] } },
{ "type": "Feature", "properties": { "cell_id": "33467235", "resolution": 11, "type": "fuller4t", "dggs_topology": "TRIANGLE", "dggs_type": "FULLER4T", "dggs_proj": "FULLER", "dggs_aperture_type": "PURE", "dggs_aperture": 4, "dggs_res_spec": 11 }, "geometry": { "type": "Polygon", "coordinates": [ [ [ 100.557832038021203, 13.813258478906432 ], [ 100.589275350564165, 13.826058244780638 ], [ 100.589344116982389, 13.794957911428707 ], [ 100.557832038021203, 13.813258478906432 ] ] ] } },
{ "type": "Feature", "properties": { "cell_id": "33471333", "resolution": 11, "type": "fuller4t", "dggs_topology": "TRIANGLE", "dggs_type": "FULLER4T", "dggs_proj": "FULLER", "dggs_aperture_type": "PURE", "dggs_aperture": 4, "dggs_res_spec": 11 }, "geometry": { "type": "Polygon", "coordinates": [ [ [ 100.589275350564165, 13.826058244780638 ], [ 100.620720485207173, 13.838850917694451 ], [ 100.620786060808825, 13.807756573952544 ], [ 100.589275350564165, 13.826058244780638 ] ] ] } },
{ "type": "Feature", "properties": { "cell_id": "33467236", "resolution": 11, "type": "fuller4t", "dggs_topology": "TRIANGLE", "dggs_type": "FULLER4T", "dggs_proj": "FULLER", "dggs_aperture_type": "PURE", "dggs_aperture": 4, "dggs_res_spec": 11 }, "geometry": { "type": "Polygon", "coordinates": [ [ [ 100.557759924633629, 13.844364767482242 ], [ 100.589275350564165, 13.826058244780638 ], [ 100.557832038021203, 13.813258478906432 ], [ 100.557759924633629, 13.844364767482242 ] ] ] } },
{ "type": "Feature", "properties": { "cell_id": "33467237", "resolution": 11, "type": "fuller4t", "dggs_topology": "TRIANGLE", "dggs_type": "FULLER4T", "dggs_proj": "FULLER", "dggs_aperture_type": "PURE", "dggs_aperture": 4, "dggs_res_spec": 11 }, "geometry": { "type": "Polygon", "coordinates": [ [ [ 100.557759924633629, 13.844364767482242 ], [ 100.589206427088271, 13.85715854743197 ], [ 100.589275350564165, 13.826058244780638 ], [ 100.557759924633629, 13.844364767482242 ] ] ] } },
{ "type": "Feature", "properties": { "cell_id": "33471334", "resolution": 11, "type": "fuller4t", "dggs_topology": "TRIANGLE", "dggs_type": "FULLER4T", "dggs_proj": "FULLER", "dggs_aperture_type": "PURE", "dggs_aperture": 4, "dggs_res_spec": 11 }, "geometry": { "type": "Polygon", "coordinates": [ [ [ 100.589206427088271, 13.85715854743197 ], [ 100.620720485207173, 13.838850917694451 ], [ 100.589275350564165, 13.826058244780638 ], [ 100.589206427088271, 13.85715854743197 ] ] ] } },
{ "type": "Feature", "properties": { "cell_id": "33471335", "resolution": 11, "type": "fuller4t", "dggs_topology": "TRIANGLE", "dggs_type": "FULLER4T", "dggs_proj": "FULLER", "dggs_aperture_type": "PURE", "dggs_aperture": 4, "dggs_res_spec": 11 }, "geometry": { "type": "Polygon", "coordinates": [ [ [ 100.589206427088271, 13.85715854743197 ], [ 100.6206547600177, 13.869945232270355 ], [ 100.620720485207173, 13.838850917694451 ], [ 100.589206427088271, 13.85715854743197 ] ] ] } },
{ "type": "Feature", "properties": { "cell_id": "33479525", "resolution": 11, "type": "fuller4t", "dggs_topology": "TRIANGLE", "dggs_type": "FULLER4T", "dggs_proj": "FULLER", "dggs_aperture_type": "PURE", "dggs_aperture": 4, "dggs_res_spec": 11 }, "geometry": { "type": "Polygon", "coordinates": [ [ [ 100.652292048845752, 13.789459765237739 ], [ 100.683734408750112, 13.80225023921807 ], [ 100.683793308199242, 13.771167828911896 ], [ 100.652292048845752, 13.789459765237739 ] ] ] } },
{ "type": "Feature", "properties": { "cell_id": "33475428", "resolution": 11, "type": "fuller4t", "dggs_topology": "TRIANGLE", "dggs_type": "FULLER4T", "dggs_proj": "FULLER", "dggs_aperture_type": "PURE", "dggs_aperture": 4, "dggs_res_spec": 11 }, "geometry": { "type": "Polygon", "coordinates": [ [ [ 100.620786060808825, 13.807756573952544 ], [ 100.652292048845752, 13.789459765237739 ], [ 100.620851486790343, 13.776662201056912 ], [ 100.620786060808825, 13.807756573952544 ] ] ] } },
{ "type": "Feature", "properties": { "cell_id": "33479526", "resolution": 11, "type": "fuller4t", "dggs_topology": "TRIANGLE", "dggs_type": "FULLER4T", "dggs_proj": "FULLER", "dggs_aperture_type": "PURE", "dggs_aperture": 4, "dggs_res_spec": 11 }, "geometry": { "type": "Polygon", "coordinates": [ [ [ 100.652229814598996, 13.820548144872195 ], [ 100.683734408750112, 13.80225023921807 ], [ 100.652292048845752, 13.789459765237739 ], [ 100.652229814598996, 13.820548144872195 ] ] ] } },
{ "type": "Feature", "properties": { "cell_id": "33475429", "resolution": 11, "type": "fuller4t", "dggs_topology": "TRIANGLE", "dggs_type": "FULLER4T", "dggs_proj": "FULLER", "dggs_aperture_type": "PURE", "dggs_aperture": 4, "dggs_res_spec": 11 }, "geometry": { "type": "Polygon", "coordinates": [ [ [ 100.620786060808825, 13.807756573952544 ], [ 100.652229814598996, 13.820548144872195 ], [ 100.652292048845752, 13.789459765237739 ], [ 100.620786060808825, 13.807756573952544 ] ] ] } },
{ "type": "Feature", "properties": { "cell_id": "33479527", "resolution": 11, "type": "fuller4t", "dggs_topology": "TRIANGLE", "dggs_type": "FULLER4T", "dggs_proj": "FULLER", "dggs_aperture_type": "PURE", "dggs_aperture": 4, "dggs_res_spec": 11 }, "geometry": { "type": "Polygon", "coordinates": [ [ [ 100.652229814598996, 13.820548144872195 ], [ 100.6836753745973, 13.833332623427214 ], [ 100.683734408750112, 13.80225023921807 ], [ 100.652229814598996, 13.820548144872195 ] ] ] } },
{ "type": "Feature", "properties": { "cell_id": "33475430", "resolution": 11, "type": "fuller4t", "dggs_topology": "TRIANGLE", "dggs_type": "FULLER4T", "dggs_proj": "FULLER", "dggs_aperture_type": "PURE", "dggs_aperture": 4, "dggs_res_spec": 11 }, "geometry": { "type": "Polygon", "coordinates": [ [ [ 100.620720485207173, 13.838850917694458 ], [ 100.652229814598996, 13.820548144872195 ], [ 100.620786060808825, 13.807756573952544 ], [ 100.620720485207173, 13.838850917694458 ] ] ] } },
{ "type": "Feature", "properties": { "cell_id": "33475431", "resolution": 11, "type": "fuller4t", "dggs_topology": "TRIANGLE", "dggs_type": "FULLER4T", "dggs_proj": "FULLER", "dggs_aperture_type": "PURE", "dggs_aperture": 4, "dggs_res_spec": 11 }, "geometry": { "type": "Polygon", "coordinates": [ [ [ 100.620720485207173, 13.838850917694458 ], [ 100.652167438204955, 13.851636496880262 ], [ 100.652229814598996, 13.820548144872195 ], [ 100.620720485207173, 13.838850917694458 ] ] ] } },
{ "type": "Feature", "properties": { "cell_id": "33479528", "resolution": 11, "type": "fuller4t", "dggs_topology": "TRIANGLE", "dggs_type": "FULLER4T", "dggs_proj": "FULLER", "dggs_aperture_type": "PURE", "dggs_aperture": 4, "dggs_res_spec": 11 }, "geometry": { "type": "Polygon", "coordinates": [ [ [ 100.652167438204955, 13.851636496880262 ], [ 100.6836753745973, 13.833332623427214 ], [ 100.652229814598996, 13.820548144872195 ], [ 100.652167438204955, 13.851636496880262 ] ] ] } },
{ "type": "Feature", "properties": { "cell_id": "33479529", "resolution": 11, "type": "fuller4t", "dggs_topology": "TRIANGLE", "dggs_type": "FULLER4T", "dggs_proj": "FULLER", "dggs_aperture_type": "PURE", "dggs_aperture": 4, "dggs_res_spec": 11 }, "geometry": { "type": "Polygon", "coordinates": [ [ [ 100.652167438204955, 13.851636496880262 ], [ 100.683616205757005, 13.864414981510624 ], [ 100.6836753745973, 13.833332623427214 ], [ 100.652167438204955, 13.851636496880262 ] ] ] } },
{ "type": "Feature", "properties": { "cell_id": "33475432", "resolution": 11, "type": "fuller4t", "dggs_topology": "TRIANGLE", "dggs_type": "FULLER4T", "dggs_proj": "FULLER", "dggs_aperture_type": "PURE", "dggs_aperture": 4, "dggs_res_spec": 11 }, "geometry": { "type": "Polygon", "coordinates": [ [ [ 100.6206547600177, 13.869945232270355 ], [ 100.652167438204955, 13.851636496880262 ], [ 100.620720485207173, 13.838850917694458 ], [ 100.6206547600177, 13.869945232270355 ] ] ] } },
{ "type": "Feature", "properties": { "cell_id": "33487724", "resolution": 11, "type": "fuller4t", "dggs_topology": "TRIANGLE", "dggs_type": "FULLER4T", "dggs_proj": "FULLER", "dggs_aperture_type": "PURE", "dggs_aperture": 4, "dggs_res_spec": 11 }, "geometry": { "type": "Polygon", "coordinates": [ [ [ 100.715066784136141, 13.877186370878034 ], [ 100.746571898177194, 13.858880300461696 ], [ 100.715122737057257, 13.846110008887115 ], [ 100.715066784136141, 13.877186370878034 ] ] ] } },
{ "type": "Feature", "properties": { "cell_id": "33483627", "resolution": 11, "type": "fuller4t", "dggs_topology": "TRIANGLE", "dggs_type": "FULLER4T", "dggs_proj": "FULLER", "dggs_aperture_type": "PURE", "dggs_aperture": 4, "dggs_res_spec": 11 }, "geometry": { "type": "Polygon", "coordinates": [ [ [ 100.683616205757005, 13.864414981510624 ], [ 100.715066784136141, 13.877186370878034 ], [ 100.715122737057257, 13.846110008887115 ], [ 100.683616205757005, 13.864414981510624 ] ] ] } },
{ "type": "Feature", "properties": { "cell_id": "33487725", "resolution": 11, "type": "fuller4t", "dggs_topology": "TRIANGLE", "dggs_type": "FULLER4T", "dggs_proj": "FULLER", "dggs_aperture_type": "PURE", "dggs_aperture": 4, "dggs_res_spec": 11 }, "geometry": { "type": "Polygon", "coordinates": [ [ [ 100.715066784136141, 13.877186370878034 ], [ 100.746519169559946, 13.889950664215062 ], [ 100.746571898177194, 13.858880300461696 ], [ 100.715066784136141, 13.877186370878034 ] ] ] } },
{ "type": "Feature", "properties": { "cell_id": "33483628", "resolution": 11, "type": "fuller4t", "dggs_topology": "TRIANGLE", "dggs_type": "FULLER4T", "dggs_proj": "FULLER", "dggs_aperture_type": "PURE", "dggs_aperture": 4, "dggs_res_spec": 11 }, "geometry": { "type": "Polygon", "coordinates": [ [ [ 100.683556902213326, 13.895497313394717 ], [ 100.715066784136141, 13.877186370878034 ], [ 100.683616205757005, 13.864414981510624 ], [ 100.683556902213326, 13.895497313394717 ] ] ] } },
{ "type": "Feature", "properties": { "cell_id": "33483629", "resolution": 11, "type": "fuller4t", "dggs_topology": "TRIANGLE", "dggs_type": "FULLER4T", "dggs_proj": "FULLER", "dggs_aperture_type": "PURE", "dggs_aperture": 4, "dggs_res_spec": 11 }, "geometry": { "type": "Polygon", "coordinates": [ [ [ 100.683556902213326, 13.895497313394717 ], [ 100.715010703974357, 13.908262708169016 ], [ 100.715066784136141, 13.877186370878034 ], [ 100.683556902213326, 13.895497313394717 ] ] ] } },
{ "type": "Feature", "properties": { "cell_id": "33487726", "resolution": 11, "type": "fuller4t", "dggs_topology": "TRIANGLE", "dggs_type": "FULLER4T", "dggs_proj": "FULLER", "dggs_aperture_type": "PURE", "dggs_aperture": 4, "dggs_res_spec": 11 }, "geometry": { "type": "Polygon", "coordinates": [ [ [ 100.715010703974357, 13.908262708169026 ], [ 100.746519169559946, 13.889950664215062 ], [ 100.715066784136141, 13.877186370878034 ], [ 100.715010703974357, 13.908262708169026 ] ] ] } },
{ "type": "Feature", "properties": { "cell_id": "33491824", "resolution": 11, "type": "fuller4t", "dggs_topology": "TRIANGLE", "dggs_type": "FULLER4T", "dggs_proj": "FULLER", "dggs_aperture_type": "PURE", "dggs_aperture": 4, "dggs_res_spec": 11 }, "geometry": { "type": "Polygon", "coordinates": [ [ [ 100.746466321151672, 13.921021004741206 ], [ 100.777973358238981, 13.902707860761906 ], [ 100.746519169559946, 13.889950664215062 ], [ 100.746466321151672, 13.921021004741206 ] ] ] } },
{ "type": "Feature", "properties": { "cell_id": "33487727", "resolution": 11, "type": "fuller4t", "dggs_topology": "TRIANGLE", "dggs_type": "FULLER4T", "dggs_proj": "FULLER", "dggs_aperture_type": "PURE", "dggs_aperture": 4, "dggs_res_spec": 11 }, "geometry": { "type": "Polygon", "coordinates": [ [ [ 100.715010703974357, 13.908262708169026 ], [ 100.746466321151672, 13.921021004741206 ], [ 100.746519169559946, 13.889950664215062 ], [ 100.715010703974357, 13.908262708169026 ] ] ] } },
{ "type": "Feature", "properties": { "cell_id": "33483630", "resolution": 11, "type": "fuller4t", "dggs_topology": "TRIANGLE", "dggs_type": "FULLER4T", "dggs_proj": "FULLER", "dggs_aperture_type": "PURE", "dggs_aperture": 4, "dggs_res_spec": 11 }, "geometry": { "type": "Polygon", "coordinates": [ [ [ 100.683497463950303, 13.926579619005798 ], [ 100.715010703974357, 13.908262708169016 ], [ 100.683556902213326, 13.895497313394717 ], [ 100.683497463950303, 13.926579619005798 ] ] ] } },
{ "type": "Feature", "properties": { "cell_id": "33491825", "resolution": 11, "type": "fuller4t", "dggs_topology": "TRIANGLE", "dggs_type": "FULLER4T", "dggs_proj": "FULLER", "dggs_aperture_type": "PURE", "dggs_aperture": 4, "dggs_res_spec": 11 }, "geometry": { "type": "Polygon", "coordinates": [ [ [ 100.746466321151672, 13.921021004741206 ], [ 100.777923749975145, 13.93377220237427 ], [ 100.777973358238981, 13.902707860761906 ], [ 100.746466321151672, 13.921021004741206 ] ] ] } },
{ "type": "Feature", "properties": { "cell_id": "33504102", "resolution": 11, "type": "fuller4t", "dggs_topology": "TRIANGLE", "dggs_type": "FULLER4T", "dggs_proj": "FULLER", "dggs_aperture_type": "PURE", "dggs_aperture": 4, "dggs_res_spec": 11 }, "geometry": { "type": "Polygon", "coordinates": [ [ [ 100.841186123983363, 13.71083407678829 ], [ 100.872662170579943, 13.692565588780162 ], [ 100.841228447955615, 13.679781590592913 ], [ 100.841186123983363, 13.71083407678829 ] ] ] } },
{ "type": "Feature", "properties": { "cell_id": "33504103", "resolution": 11, "type": "fuller4t", "dggs_topology": "TRIANGLE", "dggs_type": "FULLER4T", "dggs_proj": "FULLER", "dggs_aperture_type": "PURE", "dggs_aperture": 4, "dggs_res_spec": 11 }, "geometry": { "type": "Polygon", "coordinates": [ [ [ 100.841186123983363, 13.71083407678829 ], [ 100.872623052106775, 13.723612057854147 ], [ 100.872662170579943, 13.692565588780162 ], [ 100.841186123983363, 13.71083407678829 ] ] ] } },
{ "type": "Feature", "properties": { "cell_id": "33504104", "resolution": 11, "type": "fuller4t", "dggs_topology": "TRIANGLE", "dggs_type": "FULLER4T", "dggs_proj": "FULLER", "dggs_aperture_type": "PURE", "dggs_aperture": 4, "dggs_res_spec": 11 }, "geometry": { "type": "Polygon", "coordinates": [ [ [ 100.84114370266677, 13.741886544514857 ], [ 100.872623052106775, 13.723612057854147 ], [ 100.841186123983377, 13.710834076788247 ], [ 100.84114370266677, 13.741886544514857 ] ] ] } },
{ "type": "Feature", "properties": { "cell_id": "33508202", "resolution": 11, "type": "fuller4t", "dggs_topology": "TRIANGLE", "dggs_type": "FULLER4T", "dggs_proj": "FULLER", "dggs_aperture_type": "PURE", "dggs_aperture": 4, "dggs_res_spec": 11 }, "geometry": { "type": "Polygon", "coordinates": [ [ [ 100.872583843766961, 13.754658509916796 ], [ 100.904061709756093, 13.736382954412418 ], [ 100.872623052106775, 13.723612057854147 ], [ 100.872583843766961, 13.754658509916796 ] ] ] } },
{ "type": "Feature", "properties": { "cell_id": "33504105", "resolution": 11, "type": "fuller4t", "dggs_topology": "TRIANGLE", "dggs_type": "FULLER4T", "dggs_proj": "FULLER", "dggs_aperture_type": "PURE", "dggs_aperture": 4, "dggs_res_spec": 11 }, "geometry": { "type": "Polygon", "coordinates": [ [ [ 100.84114370266677, 13.741886544514857 ], [ 100.872583843766961, 13.754658509916796 ], [ 100.872623052106775, 13.723612057854147 ], [ 100.84114370266677, 13.741886544514857 ] ] ] } },
{ "type": "Feature", "properties": { "cell_id": "33508203", "resolution": 11, "type": "fuller4t", "dggs_topology": "TRIANGLE", "dggs_type": "FULLER4T", "dggs_proj": "FULLER", "dggs_aperture_type": "PURE", "dggs_aperture": 4, "dggs_res_spec": 11 }, "geometry": { "type": "Polygon", "coordinates": [ [ [ 100.872583843766961, 13.754658509916796 ], [ 100.904025722743839, 13.767423388649298 ], [ 100.904061709756093, 13.736382954412418 ], [ 100.872583843766961, 13.754658509916796 ] ] ] } },
{ "type": "Feature", "properties": { "cell_id": "33504106", "resolution": 11, "type": "fuller4t", "dggs_topology": "TRIANGLE", "dggs_type": "FULLER4T", "dggs_proj": "FULLER", "dggs_aperture_type": "PURE", "dggs_aperture": 4, "dggs_res_spec": 11 }, "geometry": { "type": "Polygon", "coordinates": [ [ [ 100.841101184005907, 13.772938993736487 ], [ 100.872583843766961, 13.754658509916796 ], [ 100.84114370266677, 13.741886544514857 ], [ 100.841101184005907, 13.772938993736487 ] ] ] } },
{ "type": "Feature", "properties": { "cell_id": "33508204", "resolution": 11, "type": "fuller4t", "dggs_topology": "TRIANGLE", "dggs_type": "FULLER4T", "dggs_proj": "FULLER", "dggs_aperture_type": "PURE", "dggs_aperture": 4, "dggs_res_spec": 11 }, "geometry": { "type": "Polygon", "coordinates": [ [ [ 100.872544545544486, 13.785704944912323 ], [ 100.904025722743839, 13.767423388649298 ], [ 100.872583843766961, 13.754658509916796 ], [ 100.872544545544486, 13.785704944912323 ] ] ] } },
{ "type": "Feature", "properties": { "cell_id": "33500006", "resolution": 11, "type": "fuller4t", "dggs_topology": "TRIANGLE", "dggs_type": "FULLER4T", "dggs_proj": "FULLER", "dggs_aperture_type": "PURE", "dggs_aperture": 4, "dggs_res_spec": 11 }, "geometry": { "type": "Polygon", "coordinates": [ [ [ 100.809705303263698, 13.729107493153297 ], [ 100.841186123983377, 13.710834076788247 ], [ 100.809750929193441, 13.698049011902658 ], [ 100.809705303263698, 13.729107493153297 ] ] ] } },
{ "type": "Feature", "properties": { "cell_id": "33495909", "resolution": 11, "type": "fuller4t", "dggs_topology": "TRIANGLE", "dggs_type": "FULLER4T", "dggs_proj": "FULLER", "dggs_aperture_type": "PURE", "dggs_aperture": 4, "dggs_res_spec": 11 }, "geometry": { "type": "Polygon", "coordinates": [ [ [ 100.778268649355255, 13.716321356527022 ], [ 100.809705303263698, 13.729107493153297 ], [ 100.809750929193441, 13.698049011902658 ], [ 100.778268649355255, 13.716321356527022 ] ] ] } },
{ "type": "Feature", "properties": { "cell_id": "33491812", "resolution": 11, "type": "fuller4t", "dggs_topology": "TRIANGLE", "dggs_type": "FULLER4T", "dggs_proj": "FULLER", "dggs_aperture_type": "PURE", "dggs_aperture": 4, "dggs_res_spec": 11 }, "geometry": { "type": "Polygon", "coordinates": [ [ [ 100.746781614926704, 13.734598614348746 ], [ 100.778268649355255, 13.716321356527022 ], [ 100.74683374474796, 13.703528135361074 ], [ 100.746781614926704, 13.734598614348746 ] ] ] } },
{ "type": "Feature", "properties": { "cell_id": "33500007", "resolution": 11, "type": "fuller4t", "dggs_topology": "TRIANGLE", "dggs_type": "FULLER4T", "dggs_proj": "FULLER", "dggs_aperture_type": "PURE", "dggs_aperture": 4, "dggs_res_spec": 11 }, "geometry": { "type": "Polygon", "coordinates": [ [ [ 100.809705303263698, 13.729107493153297 ], [ 100.84114370266677, 13.741886544514857 ], [ 100.841186123983377, 13.710834076788247 ], [ 100.809705303263698, 13.729107493153297 ] ] ] } },
{ "type": "Feature", "properties": { "cell_id": "33491813", "resolution": 11, "type": "fuller4t", "dggs_topology": "TRIANGLE", "dggs_type": "FULLER4T", "dggs_proj": "FULLER", "dggs_aperture_type": "PURE", "dggs_aperture": 4, "dggs_res_spec": 11 }, "geometry": { "type": "Polygon", "coordinates": [ [ [ 100.746781614926704, 13.734598614348746 ], [ 100.778219714898214, 13.747385827745186 ], [ 100.778268649355255, 13.716321356527022 ], [ 100.746781614926704, 13.734598614348746 ] ] ] } },
{ "type": "Feature", "properties": { "cell_id": "33495910", "resolution": 11, "type": "fuller4t", "dggs_topology": "TRIANGLE", "dggs_type": "FULLER4T", "dggs_proj": "FULLER", "dggs_aperture_type": "PURE", "dggs_aperture": 4, "dggs_res_spec": 11 }, "geometry": { "type": "Polygon", "coordinates": [ [ [ 100.778219714898199, 13.747385827745221 ], [ 100.809705303263698, 13.729107493153297 ], [ 100.778268649355255, 13.716321356527022 ], [ 100.778219714898199, 13.747385827745221 ] ] ] } },
{ "type": "Feature", "properties": { "cell_id": "33495911", "resolution": 11, "type": "fuller4t", "dggs_topology": "TRIANGLE", "dggs_type": "FULLER4T", "dggs_proj": "FULLER", "dggs_aperture_type": "PURE", "dggs_aperture": 4, "dggs_res_spec": 11 }, "geometry": { "type": "Polygon", "coordinates": [ [ [ 100.778219714898199, 13.747385827745221 ], [ 100.809659572531075, 13.76016595445676 ], [ 100.809705303263698, 13.729107493153297 ], [ 100.778219714898199, 13.747385827745221 ] ] ] } },
{ "type": "Feature", "properties": { "cell_id": "33500008", "resolution": 11, "type": "fuller4t", "dggs_topology": "TRIANGLE", "dggs_type": "FULLER4T", "dggs_proj": "FULLER", "dggs_aperture_type": "PURE", "dggs_aperture": 4, "dggs_res_spec": 11 }, "geometry": { "type": "Polygon", "coordinates": [ [ [ 100.809659572531075, 13.76016595445676 ], [ 100.84114370266677, 13.741886544514857 ], [ 100.809705303263698, 13.729107493153297 ], [ 100.809659572531075, 13.76016595445676 ] ] ] } },
{ "type": "Feature", "properties": { "cell_id": "33491814", "resolution": 11, "type": "fuller4t", "dggs_topology": "TRIANGLE", "dggs_type": "FULLER4T", "dggs_proj": "FULLER", "dggs_aperture_type": "PURE", "dggs_aperture": 4, "dggs_res_spec": 11 }, "geometry": { "type": "Polygon", "coordinates": [ [ [ 100.746729365378187, 13.765669070424684 ], [ 100.778219714898214, 13.747385827745186 ], [ 100.746781614926704, 13.734598614348746 ], [ 100.746729365378187, 13.765669070424684 ] ] ] } },
{ "type": "Feature", "properties": { "cell_id": "33500009", "resolution": 11, "type": "fuller4t", "dggs_topology": "TRIANGLE", "dggs_type": "FULLER4T", "dggs_proj": "FULLER", "dggs_aperture_type": "PURE", "dggs_aperture": 4, "dggs_res_spec": 11 }, "geometry": { "type": "Polygon", "coordinates": [ [ [ 100.809659572531075, 13.76016595445676 ], [ 100.841101184005922, 13.772938993736441 ], [ 100.84114370266677, 13.741886544514857 ], [ 100.809659572531075, 13.76016595445676 ] ] ] } },
{ "type": "Feature", "properties": { "cell_id": "33512302", "resolution": 11, "type": "fuller4t", "dggs_topology": "TRIANGLE", "dggs_type": "FULLER4T", "dggs_proj": "FULLER", "dggs_aperture_type": "PURE", "dggs_aperture": 4, "dggs_res_spec": 11 }, "geometry": { "type": "Polygon", "coordinates": [ [ [ 100.90398965332956, 13.798463807275096 ], [ 100.935469335818254, 13.780181180077504 ], [ 100.904025722743839, 13.767423388649298 ], [ 100.90398965332956, 13.798463807275096 ] ] ] } },
{ "type": "Feature", "properties": { "cell_id": "33512303", "resolution": 11, "type": "fuller4t", "dggs_topology": "TRIANGLE", "dggs_type": "FULLER4T", "dggs_proj": "FULLER", "dggs_aperture_type": "PURE", "dggs_aperture": 4, "dggs_res_spec": 11 }, "geometry": { "type": "Polygon", "coordinates": [ [ [ 100.90398965332956, 13.798463807275096 ], [ 100.935436503585194, 13.811215580190359 ], [ 100.935469335818254, 13.780181180077504 ], [ 100.90398965332956, 13.798463807275096 ] ] ] } },
{ "type": "Feature", "properties": { "cell_id": "33491815", "resolution": 11, "type": "fuller4t", "dggs_topology": "TRIANGLE", "dggs_type": "FULLER4T", "dggs_proj": "FULLER", "dggs_aperture_type": "PURE", "dggs_aperture": 4, "dggs_res_spec": 11 }, "geometry": { "type": "Polygon", "coordinates": [ [ [ 100.746729365378187, 13.765669070424684 ], [ 100.778170668166567, 13.778450277505234 ], [ 100.778219714898214, 13.747385827745186 ], [ 100.746729365378187, 13.765669070424684 ] ] ] } },
{ "type": "Feature", "properties": { "cell_id": "33495912", "resolution": 11, "type": "fuller4t", "dggs_topology": "TRIANGLE", "dggs_type": "FULLER4T", "dggs_proj": "FULLER", "dggs_aperture_type": "PURE", "dggs_aperture": 4, "dggs_res_spec": 11 }, "geometry": { "type": "Polygon", "coordinates": [ [ [ 100.778170668166581, 13.77845027750524 ], [ 100.809659572531075, 13.76016595445676 ], [ 100.778219714898199, 13.747385827745221 ], [ 100.778170668166581, 13.77845027750524 ] ] ] } },
{ "type": "Feature", "properties": { "cell_id": "33500010", "resolution": 11, "type": "fuller4t", "dggs_topology": "TRIANGLE", "dggs_type": "FULLER4T", "dggs_proj": "FULLER", "dggs_aperture_type": "PURE", "dggs_aperture": 4, "dggs_res_spec": 11 }, "geometry": { "type": "Polygon", "coordinates": [ [ [ 100.809613736963442, 13.791224395728959 ], [ 100.841101184005879, 13.772938993736423 ], [ 100.809659572531103, 13.760165954456722 ], [ 100.809613736963442, 13.791224395728959 ] ] ] } },
{ "type": "Feature", "properties": { "cell_id": "33495913", "resolution": 11, "type": "fuller4t", "dggs_topology": "TRIANGLE", "dggs_type": "FULLER4T", "dggs_proj": "FULLER", "dggs_aperture_type": "PURE", "dggs_aperture": 4, "dggs_res_spec": 11 }, "geometry": { "type": "Polygon", "coordinates": [ [ [ 100.778170668166581, 13.77845027750524 ], [ 100.809613736963456, 13.791224395728964 ], [ 100.809659572531075, 13.76016595445676 ], [ 100.778170668166581, 13.77845027750524 ] ] ] } },
{ "type": "Feature", "properties": { "cell_id": "33491816", "resolution": 11, "type": "fuller4t", "dggs_topology": "TRIANGLE", "dggs_type": "FULLER4T", "dggs_proj": "FULLER", "dggs_aperture_type": "PURE", "dggs_aperture": 4, "dggs_res_spec": 11 }, "geometry": { "type": "Polygon", "coordinates": [ [ [ 100.746676996070363, 13.796739503498864 ], [ 100.778170668166567, 13.77845027750519 ], [ 100.746729365378172, 13.765669070424677 ], [ 100.746676996070363, 13.796739503498864 ] ] ] } },
{ "type": "Feature", "properties": { "cell_id": "33500011", "resolution": 11, "type": "fuller4t", "dggs_topology": "TRIANGLE", "dggs_type": "FULLER4T", "dggs_proj": "FULLER", "dggs_aperture_type": "PURE", "dggs_aperture": 4, "dggs_res_spec": 11 }, "geometry": { "type": "Polygon", "coordinates": [ [ [ 100.809613736963442, 13.791224395728959 ], [ 100.841058568000804, 13.803991424416781 ], [ 100.841101184005879, 13.772938993736423 ], [ 100.809613736963442, 13.791224395728959 ] ] ] } },
{ "type": "Feature", "properties": { "cell_id": "33491817", "resolution": 11, "type": "fuller4t", "dggs_topology": "TRIANGLE", "dggs_type": "FULLER4T", "dggs_proj": "FULLER", "dggs_aperture_type": "PURE", "dggs_aperture": 4, "dggs_res_spec": 11 }, "geometry": { "type": "Polygon", "coordinates": [ [ [ 100.746676996070363, 13.796739503498864 ], [ 100.778121509144384, 13.809514705742544 ], [ 100.778170668166567, 13.77845027750519 ], [ 100.746676996070363, 13.796739503498864 ] ] ] } },
{ "type": "Feature", "properties": { "cell_id": "33495914", "resolution": 11, "type": "fuller4t", "dggs_topology": "TRIANGLE", "dggs_type": "FULLER4T", "dggs_proj": "FULLER", "dggs_aperture_type": "PURE", "dggs_aperture": 4, "dggs_res_spec": 11 }, "geometry": { "type": "Polygon", "coordinates": [ [ [ 100.778121509144384, 13.809514705742544 ], [ 100.809613736963442, 13.791224395728959 ], [ 100.778170668166567, 13.778450277505234 ], [ 100.778121509144384, 13.809514705742544 ] ] ] } },
{ "type": "Feature", "properties": { "cell_id": "33500012", "resolution": 11, "type": "fuller4t", "dggs_topology": "TRIANGLE", "dggs_type": "FULLER4T", "dggs_proj": "FULLER", "dggs_aperture_type": "PURE", "dggs_aperture": 4, "dggs_res_spec": 11 }, "geometry": { "type": "Polygon", "coordinates": [ [ [ 100.809567796593058, 13.822282816975692 ], [ 100.841058568000804, 13.803991424416781 ], [ 100.809613736963442, 13.791224395728959 ], [ 100.809567796593058, 13.822282816975692 ] ] ] } },
{ "type": "Feature", "properties": { "cell_id": "33495915", "resolution": 11, "type": "fuller4t", "dggs_topology": "TRIANGLE", "dggs_type": "FULLER4T", "dggs_proj": "FULLER", "dggs_aperture_type": "PURE", "dggs_aperture": 4, "dggs_res_spec": 11 }, "geometry": { "type": "Polygon", "coordinates": [ [ [ 100.778121509144384, 13.809514705742544 ], [ 100.809567796593058, 13.822282816975692 ], [ 100.809613736963442, 13.791224395728959 ], [ 100.778121509144384, 13.809514705742544 ] ] ] } },
{ "type": "Feature", "properties": { "cell_id": "33504107", "resolution": 11, "type": "fuller4t", "dggs_topology": "TRIANGLE", "dggs_type": "FULLER4T", "dggs_proj": "FULLER", "dggs_aperture_type": "PURE", "dggs_aperture": 4, "dggs_res_spec": 11 }, "geometry": { "type": "Polygon", "coordinates": [ [ [ 100.841101184005907, 13.772938993736487 ], [ 100.872544545544486, 13.785704944912368 ], [ 100.872583843766961, 13.754658509916796 ], [ 100.841101184005907, 13.772938993736487 ] ] ] } },
{ "type": "Feature", "properties": { "cell_id": "33508205", "resolution": 11, "type": "fuller4t", "dggs_topology": "TRIANGLE", "dggs_type": "FULLER4T", "dggs_proj": "FULLER", "dggs_aperture_type": "PURE", "dggs_aperture": 4, "dggs_res_spec": 11 }, "geometry": { "type": "Polygon", "coordinates": [ [ [ 100.872544545544486, 13.785704944912323 ], [ 100.90398965332956, 13.798463807275096 ], [ 100.904025722743839, 13.767423388649298 ], [ 100.872544545544486, 13.785704944912323 ] ] ] } },
{ "type": "Feature", "properties": { "cell_id": "33504108", "resolution": 11, "type": "fuller4t", "dggs_topology": "TRIANGLE", "dggs_type": "FULLER4T", "dggs_proj": "FULLER", "dggs_aperture_type": "PURE", "dggs_aperture": 4, "dggs_res_spec": 11 }, "geometry": { "type": "Polygon", "coordinates": [ [ [ 100.841058568000832, 13.803991424416797 ], [ 100.872544545544486, 13.785704944912323 ], [ 100.841101184005922, 13.772938993736441 ], [ 100.841058568000832, 13.803991424416797 ] ] ] } },
{ "type": "Feature", "properties": { "cell_id": "33504109", "resolution": 11, "type": "fuller4t", "dggs_topology": "TRIANGLE", "dggs_type": "FULLER4T", "dggs_proj": "FULLER", "dggs_aperture_type": "PURE", "dggs_aperture": 4, "dggs_res_spec": 11 }, "geometry": { "type": "Polygon", "coordinates": [ [ [ 100.841058568000832, 13.803991424416797 ], [ 100.872505157439377, 13.816751362807429 ], [ 100.872544545544486, 13.785704944912323 ], [ 100.841058568000832, 13.803991424416797 ] ] ] } },
{ "type": "Feature", "properties": { "cell_id": "33508206", "resolution": 11, "type": "fuller4t", "dggs_topology": "TRIANGLE", "dggs_type": "FULLER4T", "dggs_proj": "FULLER", "dggs_aperture_type": "PURE", "dggs_aperture": 4, "dggs_res_spec": 11 }, "geometry": { "type": "Polygon", "coordinates": [ [ [ 100.872505157439377, 13.816751362807429 ], [ 100.90398965332956, 13.798463807275096 ], [ 100.872544545544486, 13.785704944912323 ], [ 100.872505157439377, 13.816751362807429 ] ] ] } },
{ "type": "Feature", "properties": { "cell_id": "33508207", "resolution": 11, "type": "fuller4t", "dggs_topology": "TRIANGLE", "dggs_type": "FULLER4T", "dggs_proj": "FULLER", "dggs_aperture_type": "PURE", "dggs_aperture": 4, "dggs_res_spec": 11 }, "geometry": { "type": "Polygon", "coordinates": [ [ [ 100.872505157439377, 13.816751362807429 ], [ 100.9039535015133, 13.829504210259341 ], [ 100.90398965332956, 13.798463807275096 ], [ 100.872505157439377, 13.816751362807429 ] ] ] } },
{ "type": "Feature", "properties": { "cell_id": "33504110", "resolution": 11, "type": "fuller4t", "dggs_topology": "TRIANGLE", "dggs_type": "FULLER4T", "dggs_proj": "FULLER", "dggs_aperture_type": "PURE", "dggs_aperture": 4, "dggs_res_spec": 11 }, "geometry": { "type": "Polygon", "coordinates": [ [ [ 100.841015854619442, 13.835043836474743 ], [ 100.872505157439377, 13.816751362807429 ], [ 100.841058568000832, 13.803991424416797 ], [ 100.841015854619442, 13.835043836474743 ] ] ] } },
{ "type": "Feature", "properties": { "cell_id": "33504111", "resolution": 11, "type": "fuller4t", "dggs_topology": "TRIANGLE", "dggs_type": "FULLER4T", "dggs_proj": "FULLER", "dggs_aperture_type": "PURE", "dggs_aperture": 4, "dggs_res_spec": 11 }, "geometry": { "type": "Polygon", "coordinates": [ [ [ 100.841015854619442, 13.835043836474743 ], [ 100.872465679451722, 13.847797763568698 ], [ 100.872505157439377, 13.816751362807429 ], [ 100.841015854619442, 13.835043836474743 ] ] ] } },
{ "type": "Feature", "properties": { "cell_id": "33508208", "resolution": 11, "type": "fuller4t", "dggs_topology": "TRIANGLE", "dggs_type": "FULLER4T", "dggs_proj": "FULLER", "dggs_aperture_type": "PURE", "dggs_aperture": 4, "dggs_res_spec": 11 }, "geometry": { "type": "Polygon", "coordinates": [ [ [ 100.872465679451722, 13.847797763568698 ], [ 100.9039535015133, 13.829504210259341 ], [ 100.872505157439377, 13.816751362807429 ], [ 100.872465679451722, 13.847797763568698 ] ] ] } },
{ "type": "Feature", "properties": { "cell_id": "33508209", "resolution": 11, "type": "fuller4t", "dggs_topology": "TRIANGLE", "dggs_type": "FULLER4T", "dggs_proj": "FULLER", "dggs_aperture_type": "PURE", "dggs_aperture": 4, "dggs_res_spec": 11 }, "geometry": { "type": "Polygon", "coordinates": [ [ [ 100.872465679451722, 13.847797763568698 ], [ 100.903917267279056, 13.860544597549065 ], [ 100.9039535015133, 13.829504210259341 ], [ 100.872465679451722, 13.847797763568698 ] ] ] } },
{ "type": "Feature", "properties": { "cell_id": "33516400", "resolution": 11, "type": "fuller4t", "dggs_topology": "TRIANGLE", "dggs_type": "FULLER4T", "dggs_proj": "FULLER", "dggs_aperture_type": "PURE", "dggs_aperture": 4, "dggs_res_spec": 11 }, "geometry": { "type": "Polygon", "coordinates": [ [ [ 100.93543650358518, 13.811215580190392 ], [ 100.966914679172021, 13.792931883529203 ], [ 100.935469335818254, 13.780181180077511 ], [ 100.93543650358518, 13.811215580190392 ] ] ] } },
{ "type": "Feature", "properties": { "cell_id": "33516401", "resolution": 11, "type": "fuller4t", "dggs_topology": "TRIANGLE", "dggs_type": "FULLER4T", "dggs_proj": "FULLER", "dggs_aperture_type": "PURE", "dggs_aperture": 4, "dggs_res_spec": 11 }, "geometry": { "type": "Polygon", "coordinates": [ [ [ 100.93543650358518, 13.811215580190392 ], [ 100.966885092464182, 13.823960262941535 ], [ 100.966914679172021, 13.792931883529203 ], [ 100.93543650358518, 13.811215580190392 ] ] ] } },
{ "type": "Feature", "properties": { "cell_id": "33512304", "resolution": 11, "type": "fuller4t", "dggs_topology": "TRIANGLE", "dggs_type": "FULLER4T", "dggs_proj": "FULLER", "dggs_aperture_type": "PURE", "dggs_aperture": 4, "dggs_res_spec": 11 }, "geometry": { "type": "Polygon", "coordinates": [ [ [ 100.9039535015133, 13.829504210259341 ], [ 100.935436503585194, 13.811215580190359 ], [ 100.90398965332956, 13.798463807275096 ], [ 100.9039535015133, 13.829504210259341 ] ] ] } },
{ "type": "Feature", "properties": { "cell_id": "33512305", "resolution": 11, "type": "fuller4t", "dggs_topology": "TRIANGLE", "dggs_type": "FULLER4T", "dggs_proj": "FULLER", "dggs_aperture_type": "PURE", "dggs_aperture": 4, "dggs_res_spec": 11 }, "geometry": { "type": "Polygon", "coordinates": [ [ [ 100.9039535015133, 13.829504210259341 ], [ 100.935403596401599, 13.842249966071318 ], [ 100.935436503585194, 13.811215580190359 ], [ 100.9039535015133, 13.829504210259341 ] ] ] } },
{ "type": "Feature", "properties": { "cell_id": "33516402", "resolution": 11, "type": "fuller4t", "dggs_topology": "TRIANGLE", "dggs_type": "FULLER4T", "dggs_proj": "FULLER", "dggs_aperture_type": "PURE", "dggs_aperture": 4, "dggs_res_spec": 11 }, "geometry": { "type": "Polygon", "coordinates": [ [ [ 100.935403596401599, 13.842249966071318 ], [ 100.966885092464182, 13.823960262941535 ], [ 100.93543650358518, 13.811215580190392 ], [ 100.935403596401599, 13.842249966071318 ] ] ] } },
{ "type": "Feature", "properties": { "cell_id": "33512306", "resolution": 11, "type": "fuller4t", "dggs_topology": "TRIANGLE", "dggs_type": "FULLER4T", "dggs_proj": "FULLER", "dggs_aperture_type": "PURE", "dggs_aperture": 4, "dggs_res_spec": 11 }, "geometry": { "type": "Polygon", "coordinates": [ [ [ 100.903917267279027, 13.860544597549048 ], [ 100.935403596401599, 13.842249966071272 ], [ 100.9039535015133, 13.829504210259341 ], [ 100.903917267279027, 13.860544597549048 ] ] ] } },
{ "type": "Feature", "properties": { "cell_id": "33512307", "resolution": 11, "type": "fuller4t", "dggs_topology": "TRIANGLE", "dggs_type": "FULLER4T", "dggs_proj": "FULLER", "dggs_aperture_type": "PURE", "dggs_aperture": 4, "dggs_res_spec": 11 }, "geometry": { "type": "Polygon", "coordinates": [ [ [ 100.903917267279027, 13.860544597549048 ], [ 100.935370614283542, 13.87328433771507 ], [ 100.935403596401599, 13.842249966071272 ], [ 100.903917267279027, 13.860544597549048 ] ] ] } },
{ "type": "Feature", "properties": { "cell_id": "33491818", "resolution": 11, "type": "fuller4t", "dggs_topology": "TRIANGLE", "dggs_type": "FULLER4T", "dggs_proj": "FULLER", "dggs_aperture_type": "PURE", "dggs_aperture": 4, "dggs_res_spec": 11 }, "geometry": { "type": "Polygon", "coordinates": [ [ [ 100.746624507003318, 13.82780991352629 ], [ 100.778121509144384, 13.809514705742544 ], [ 100.746676996070349, 13.796739503498911 ], [ 100.746624507003318, 13.82780991352629 ] ] ] } },
{ "type": "Feature", "properties": { "cell_id": "33500013", "resolution": 11, "type": "fuller4t", "dggs_topology": "TRIANGLE", "dggs_type": "FULLER4T", "dggs_proj": "FULLER", "dggs_aperture_type": "PURE", "dggs_aperture": 4, "dggs_res_spec": 11 }, "geometry": { "type": "Polygon", "coordinates": [ [ [ 100.809567796593058, 13.822282816975692 ], [ 100.841015854619428, 13.835043836474734 ], [ 100.841058568000804, 13.803991424416781 ], [ 100.809567796593058, 13.822282816975692 ] ] ] } },
{ "type": "Feature", "properties": { "cell_id": "33491819", "resolution": 11, "type": "fuller4t", "dggs_topology": "TRIANGLE", "dggs_type": "FULLER4T", "dggs_proj": "FULLER", "dggs_aperture_type": "PURE", "dggs_aperture": 4, "dggs_res_spec": 11 }, "geometry": { "type": "Polygon", "coordinates": [ [ [ 100.746624507003318, 13.82780991352629 ], [ 100.77807223781565, 13.840579112392598 ], [ 100.778121509144384, 13.809514705742544 ], [ 100.746624507003318, 13.82780991352629 ] ] ] } },
{ "type": "Feature", "properties": { "cell_id": "33495916", "resolution": 11, "type": "fuller4t", "dggs_topology": "TRIANGLE", "dggs_type": "FULLER4T", "dggs_proj": "FULLER", "dggs_aperture_type": "PURE", "dggs_aperture": 4, "dggs_res_spec": 11 }, "geometry": { "type": "Polygon", "coordinates": [ [ [ 100.77807223781565, 13.840579112392598 ], [ 100.809567796593058, 13.822282816975692 ], [ 100.778121509144384, 13.809514705742544 ], [ 100.77807223781565, 13.840579112392598 ] ] ] } },
{ "type": "Feature", "properties": { "cell_id": "33500014", "resolution": 11, "type": "fuller4t", "dggs_topology": "TRIANGLE", "dggs_type": "FULLER4T", "dggs_proj": "FULLER", "dggs_aperture_type": "PURE", "dggs_aperture": 4, "dggs_res_spec": 11 }, "geometry": { "type": "Polygon", "coordinates": [ [ [ 100.809521751371776, 13.853341218090346 ], [ 100.841015854619428, 13.835043836474734 ], [ 100.809567796593058, 13.822282816975692 ], [ 100.809521751371776, 13.853341218090346 ] ] ] } },
{ "type": "Feature", "properties": { "cell_id": "33495917", "resolution": 11, "type": "fuller4t", "dggs_topology": "TRIANGLE", "dggs_type": "FULLER4T", "dggs_proj": "FULLER", "dggs_aperture_type": "PURE", "dggs_aperture": 4, "dggs_res_spec": 11 }, "geometry": { "type": "Polygon", "coordinates": [ [ [ 100.77807223781565, 13.840579112392598 ], [ 100.809521751371776, 13.853341218090346 ], [ 100.809567796593058, 13.822282816975692 ], [ 100.77807223781565, 13.840579112392598 ] ] ] } },
{ "type": "Feature", "properties": { "cell_id": "33491820", "resolution": 11, "type": "fuller4t", "dggs_topology": "TRIANGLE", "dggs_type": "FULLER4T", "dggs_proj": "FULLER", "dggs_aperture_type": "PURE", "dggs_aperture": 4, "dggs_res_spec": 11 }, "geometry": { "type": "Polygon", "coordinates": [ [ [ 100.746571898177194, 13.858880300461696 ], [ 100.778072237815664, 13.840579112392557 ], [ 100.746624507003304, 13.827809913526281 ], [ 100.746571898177194, 13.858880300461696 ] ] ] } },
{ "type": "Feature", "properties": { "cell_id": "33500015", "resolution": 11, "type": "fuller4t", "dggs_topology": "TRIANGLE", "dggs_type": "FULLER4T", "dggs_proj": "FULLER", "dggs_aperture_type": "PURE", "dggs_aperture": 4, "dggs_res_spec": 11 }, "geometry": { "type": "Polygon", "coordinates": [ [ [ 100.809521751371776, 13.853341218090346 ], [ 100.840973043893982, 13.866096229918854 ], [ 100.841015854619428, 13.835043836474734 ], [ 100.809521751371776, 13.853341218090346 ] ] ] } },
{ "type": "Feature", "properties": { "cell_id": "33491821", "resolution": 11, "type": "fuller4t", "dggs_topology": "TRIANGLE", "dggs_type": "FULLER4T", "dggs_proj": "FULLER", "dggs_aperture_type": "PURE", "dggs_aperture": 4, "dggs_res_spec": 11 }, "geometry": { "type": "Polygon", "coordinates": [ [ [ 100.746571898177194, 13.858880300461696 ], [ 100.778022854196564, 13.871643497435533 ], [ 100.778072237815664, 13.840579112392557 ], [ 100.746571898177194, 13.858880300461696 ] ] ] } },
{ "type": "Feature", "properties": { "cell_id": "33495918", "resolution": 11, "type": "fuller4t", "dggs_topology": "TRIANGLE", "dggs_type": "FULLER4T", "dggs_proj": "FULLER", "dggs_aperture_type": "PURE", "dggs_aperture": 4, "dggs_res_spec": 11 }, "geometry": { "type": "Polygon", "coordinates": [ [ [ 100.77802285419655, 13.871643497435576 ], [ 100.809521751371776, 13.853341218090346 ], [ 100.77807223781565, 13.840579112392598 ], [ 100.77802285419655, 13.871643497435576 ] ] ] } },
{ "type": "Feature", "properties": { "cell_id": "33504112", "resolution": 11, "type": "fuller4t", "dggs_topology": "TRIANGLE", "dggs_type": "FULLER4T", "dggs_proj": "FULLER", "dggs_aperture_type": "PURE", "dggs_aperture": 4, "dggs_res_spec": 11 }, "geometry": { "type": "Polygon", "coordinates": [ [ [ 100.840973043893996, 13.866096229918861 ], [ 100.872465679451722, 13.847797763568698 ], [ 100.841015854619442, 13.835043836474743 ], [ 100.840973043893996, 13.866096229918861 ] ] ] } },
{ "type": "Feature", "properties": { "cell_id": "33508210", "resolution": 11, "type": "fuller4t", "dggs_topology": "TRIANGLE", "dggs_type": "FULLER4T", "dggs_proj": "FULLER", "dggs_aperture_type": "PURE", "dggs_aperture": 4, "dggs_res_spec": 11 }, "geometry": { "type": "Polygon", "coordinates": [ [ [ 100.872426111565488, 13.878844147140184 ], [ 100.903917267279027, 13.860544597549048 ], [ 100.872465679451707, 13.847797763568641 ], [ 100.872426111565488, 13.878844147140184 ] ] ] } },
{ "type": "Feature", "properties": { "cell_id": "33504113", "resolution": 11, "type": "fuller4t", "dggs_topology": "TRIANGLE", "dggs_type": "FULLER4T", "dggs_proj": "FULLER", "dggs_aperture_type": "PURE", "dggs_aperture": 4, "dggs_res_spec": 11 }, "geometry": { "type": "Polygon", "coordinates": [ [ [ 100.840973043893996, 13.866096229918861 ], [ 100.872426111565474, 13.878844147140226 ], [ 100.872465679451722, 13.847797763568698 ], [ 100.840973043893996, 13.866096229918861 ] ] ] } },
{ "type": "Feature", "properties": { "cell_id": "33508211", "resolution": 11, "type": "fuller4t", "dggs_topology": "TRIANGLE", "dggs_type": "FULLER4T", "dggs_proj": "FULLER", "dggs_aperture_type": "PURE", "dggs_aperture": 4, "dggs_res_spec": 11 }, "geometry": { "type": "Polygon", "coordinates": [ [ [ 100.872426111565488, 13.878844147140184 ], [ 100.903880950610727, 13.891584969091269 ], [ 100.903917267279027, 13.860544597549048 ], [ 100.872426111565488, 13.878844147140184 ] ] ] } },
{ "type": "Feature", "properties": { "cell_id": "33504114", "resolution": 11, "type": "fuller4t", "dggs_topology": "TRIANGLE", "dggs_type": "FULLER4T", "dggs_proj": "FULLER", "dggs_aperture_type": "PURE", "dggs_aperture": 4, "dggs_res_spec": 11 }, "geometry": { "type": "Polygon", "coordinates": [ [ [ 100.840930135776276, 13.897148604645466 ], [ 100.872426111565488, 13.878844147140184 ], [ 100.840973043893982, 13.866096229918854 ], [ 100.840930135776276, 13.897148604645466 ] ] ] } },
{ "type": "Feature", "properties": { "cell_id": "33504115", "resolution": 11, "type": "fuller4t", "dggs_topology": "TRIANGLE", "dggs_type": "FULLER4T", "dggs_proj": "FULLER", "dggs_aperture_type": "PURE", "dggs_aperture": 4, "dggs_res_spec": 11 }, "geometry": { "type": "Polygon", "coordinates": [ [ [ 100.840930135776276, 13.897148604645466 ], [ 100.87238645378072, 13.909890513488588 ], [ 100.872426111565488, 13.878844147140184 ], [ 100.840930135776276, 13.897148604645466 ] ] ] } },
{ "type": "Feature", "properties": { "cell_id": "33508212", "resolution": 11, "type": "fuller4t", "dggs_topology": "TRIANGLE", "dggs_type": "FULLER4T", "dggs_proj": "FULLER", "dggs_aperture_type": "PURE", "dggs_aperture": 4, "dggs_res_spec": 11 }, "geometry": { "type": "Polygon", "coordinates": [ [ [ 100.87238645378072, 13.909890513488588 ], [ 100.903880950610727, 13.891584969091269 ], [ 100.872426111565474, 13.878844147140226 ], [ 100.87238645378072, 13.909890513488588 ] ] ] } },
{ "type": "Feature", "properties": { "cell_id": "33508213", "resolution": 11, "type": "fuller4t", "dggs_topology": "TRIANGLE", "dggs_type": "FULLER4T", "dggs_proj": "FULLER", "dggs_aperture_type": "PURE", "dggs_aperture": 4, "dggs_res_spec": 11 }, "geometry": { "type": "Polygon", "coordinates": [ [ [ 100.87238645378072, 13.909890513488588 ], [ 100.903844551524514, 13.922625324877831 ], [ 100.903880950610727, 13.891584969091269 ], [ 100.87238645378072, 13.909890513488588 ] ] ] } },
{ "type": "Feature", "properties": { "cell_id": "33504116", "resolution": 11, "type": "fuller4t", "dggs_topology": "TRIANGLE", "dggs_type": "FULLER4T", "dggs_proj": "FULLER", "dggs_aperture_type": "PURE", "dggs_aperture": 4, "dggs_res_spec": 11 }, "geometry": { "type": "Polygon", "coordinates": [ [ [ 100.840887130298626, 13.928200960663053 ], [ 100.87238645378072, 13.909890513488588 ], [ 100.840930135776304, 13.897148604645484 ], [ 100.840887130298626, 13.928200960663053 ] ] ] } },
{ "type": "Feature", "properties": { "cell_id": "33508214", "resolution": 11, "type": "fuller4t", "dggs_topology": "TRIANGLE", "dggs_type": "FULLER4T", "dggs_proj": "FULLER", "dggs_aperture_type": "PURE", "dggs_aperture": 4, "dggs_res_spec": 11 }, "geometry": { "type": "Polygon", "coordinates": [ [ [ 100.87234670608143, 13.940936862557844 ], [ 100.9038445515245, 13.922625324877824 ], [ 100.87238645378072, 13.909890513488588 ], [ 100.87234670608143, 13.940936862557844 ] ] ] } },
{ "type": "Feature", "properties": { "cell_id": "33512308", "resolution": 11, "type": "fuller4t", "dggs_topology": "TRIANGLE", "dggs_type": "FULLER4T", "dggs_proj": "FULLER", "dggs_aperture_type": "PURE", "dggs_aperture": 4, "dggs_res_spec": 11 }, "geometry": { "type": "Polygon", "coordinates": [ [ [ 100.903880950610727, 13.891584969091269 ], [ 100.935370614283542, 13.87328433771507 ], [ 100.903917267279056, 13.860544597549065 ], [ 100.903880950610727, 13.891584969091269 ] ] ] } },
{ "type": "Feature", "properties": { "cell_id": "33512309", "resolution": 11, "type": "fuller4t", "dggs_topology": "TRIANGLE", "dggs_type": "FULLER4T", "dggs_proj": "FULLER", "dggs_aperture_type": "PURE", "dggs_aperture": 4, "dggs_res_spec": 11 }, "geometry": { "type": "Polygon", "coordinates": [ [ [ 100.903880950610727, 13.891584969091269 ], [ 100.935337557231179, 13.904318695094043 ], [ 100.935370614283542, 13.87328433771507 ], [ 100.903880950610727, 13.891584969091269 ] ] ] } },
{ "type": "Feature", "properties": { "cell_id": "33512310", "resolution": 11, "type": "fuller4t", "dggs_topology": "TRIANGLE", "dggs_type": "FULLER4T", "dggs_proj": "FULLER", "dggs_aperture_type": "PURE", "dggs_aperture": 4, "dggs_res_spec": 11 }, "geometry": { "type": "Polygon", "coordinates": [ [ [ 100.9038445515245, 13.922625324877824 ], [ 100.935337557231179, 13.904318695093997 ], [ 100.903880950610727, 13.891584969091269 ], [ 100.9038445515245, 13.922625324877824 ] ] ] } },
{ "type": "Feature", "properties": { "cell_id": "33512311", "resolution": 11, "type": "fuller4t", "dggs_topology": "TRIANGLE", "dggs_type": "FULLER4T", "dggs_proj": "FULLER", "dggs_aperture_type": "PURE", "dggs_aperture": 4, "dggs_res_spec": 11 }, "geometry": { "type": "Polygon", "coordinates": [ [ [ 100.9038445515245, 13.922625324877824 ], [ 100.93530442521228, 13.935353038135544 ], [ 100.935337557231179, 13.904318695093997 ], [ 100.9038445515245, 13.922625324877824 ] ] ] } },
{ "type": "Feature", "properties": { "cell_id": "33512312", "resolution": 11, "type": "fuller4t", "dggs_topology": "TRIANGLE", "dggs_type": "FULLER4T", "dggs_proj": "FULLER", "dggs_aperture_type": "PURE", "dggs_aperture": 4, "dggs_res_spec": 11 }, "geometry": { "type": "Polygon", "coordinates": [ [ [ 100.903808070004374, 13.953665664855659 ], [ 100.93530442521228, 13.935353038135544 ], [ 100.9038445515245, 13.922625324877824 ], [ 100.903808070004374, 13.953665664855659 ] ] ] } },
{ "type": "Feature", "properties": { "cell_id": "33500020", "resolution": 11, "type": "fuller4t", "dggs_topology": "TRIANGLE", "dggs_type": "FULLER4T", "dggs_proj": "FULLER", "dggs_aperture_type": "PURE", "dggs_aperture": 4, "dggs_res_spec": 11 }, "geometry": { "type": "Polygon", "coordinates": [ [ [ 100.809382986651514, 13.946516300316352 ], [ 100.840887130298611, 13.92820096066305 ], [ 100.809429346408947, 13.915457959811185 ], [ 100.809382986651514, 13.946516300316352 ] ] ] } },
{ "type": "Feature", "properties": { "cell_id": "33495923", "resolution": 11, "type": "fuller4t", "dggs_topology": "TRIANGLE", "dggs_type": "FULLER4T", "dggs_proj": "FULLER", "dggs_aperture_type": "PURE", "dggs_aperture": 4, "dggs_res_spec": 11 }, "geometry": { "type": "Polygon", "coordinates": [ [ [ 100.77792374997513, 13.933772202374305 ], [ 100.809382986651514, 13.946516300316352 ], [ 100.809429346408933, 13.915457959811228 ], [ 100.77792374997513, 13.933772202374305 ] ] ] } },
{ "type": "Feature", "properties": { "cell_id": "33500021", "resolution": 11, "type": "fuller4t", "dggs_topology": "TRIANGLE", "dggs_type": "FULLER4T", "dggs_proj": "FULLER", "dggs_aperture_type": "PURE", "dggs_aperture": 4, "dggs_res_spec": 11 }, "geometry": { "type": "Polygon", "coordinates": [ [ [ 100.809382986651514, 13.946516300316352 ], [ 100.840844027412743, 13.959253297867873 ], [ 100.840887130298611, 13.92820096066305 ], [ 100.809382986651514, 13.946516300316352 ] ] ] } },
{ "type": "Feature", "properties": { "cell_id": "33495924", "resolution": 11, "type": "fuller4t", "dggs_topology": "TRIANGLE", "dggs_type": "FULLER4T", "dggs_proj": "FULLER", "dggs_aperture_type": "PURE", "dggs_aperture": 4, "dggs_res_spec": 11 }, "geometry": { "type": "Polygon", "coordinates": [ [ [ 100.777874029356937, 13.964836522163012 ], [ 100.809382986651514, 13.946516300316352 ], [ 100.777923749975145, 13.93377220237427 ], [ 100.777874029356937, 13.964836522163012 ] ] ] } },
{ "type": "Feature", "properties": { "cell_id": "33495925", "resolution": 11, "type": "fuller4t", "dggs_topology": "TRIANGLE", "dggs_type": "FULLER4T", "dggs_proj": "FULLER", "dggs_aperture_type": "PURE", "dggs_aperture": 4, "dggs_res_spec": 11 }, "geometry": { "type": "Polygon", "coordinates": [ [ [ 100.777874029356937, 13.964836522163012 ], [ 100.809336522011364, 13.977574620487292 ], [ 100.809382986651514, 13.946516300316352 ], [ 100.777874029356937, 13.964836522163012 ] ] ] } },
{ "type": "Feature", "properties": { "cell_id": "33500022", "resolution": 11, "type": "fuller4t", "dggs_topology": "TRIANGLE", "dggs_type": "FULLER4T", "dggs_proj": "FULLER", "dggs_aperture_type": "PURE", "dggs_aperture": 4, "dggs_res_spec": 11 }, "geometry": { "type": "Polygon", "coordinates": [ [ [ 100.809336522011364, 13.977574620487292 ], [ 100.840844027412743, 13.959253297867873 ], [ 100.809382986651514, 13.946516300316352 ], [ 100.809336522011364, 13.977574620487292 ] ] ] } },
{ "type": "Feature", "properties": { "cell_id": "33500023", "resolution": 11, "type": "fuller4t", "dggs_topology": "TRIANGLE", "dggs_type": "FULLER4T", "dggs_proj": "FULLER", "dggs_aperture_type": "PURE", "dggs_aperture": 4, "dggs_res_spec": 11 }, "geometry": { "type": "Polygon", "coordinates": [ [ [ 100.809336522011364, 13.977574620487292 ], [ 100.840800827134885, 13.990305616245964 ], [ 100.840844027412743, 13.959253297867873 ], [ 100.809336522011364, 13.977574620487292 ] ] ] } },
{ "type": "Feature", "properties": { "cell_id": "33495926", "resolution": 11, "type": "fuller4t", "dggs_topology": "TRIANGLE", "dggs_type": "FULLER4T", "dggs_proj": "FULLER", "dggs_aperture_type": "PURE", "dggs_aperture": 4, "dggs_res_spec": 11 }, "geometry": { "type": "Polygon", "coordinates": [ [ [ 100.777824196400516, 13.995900820108256 ], [ 100.809336522011364, 13.977574620487292 ], [ 100.777874029356937, 13.964836522163012 ], [ 100.777824196400516, 13.995900820108256 ] ] ] } },
{ "type": "Feature", "properties": { "cell_id": "33495927", "resolution": 11, "type": "fuller4t", "dggs_topology": "TRIANGLE", "dggs_type": "FULLER4T", "dggs_proj": "FULLER", "dggs_aperture_type": "PURE", "dggs_aperture": 4, "dggs_res_spec": 11 }, "geometry": { "type": "Polygon", "coordinates": [ [ [ 100.777824196400516, 13.995900820108256 ], [ 100.809289952488555, 14.008632920284583 ], [ 100.809336522011364, 13.977574620487292 ], [ 100.777824196400516, 13.995900820108256 ] ] ] } },
{ "type": "Feature", "properties": { "cell_id": "33500024", "resolution": 11, "type": "fuller4t", "dggs_topology": "TRIANGLE", "dggs_type": "FULLER4T", "dggs_proj": "FULLER", "dggs_aperture_type": "PURE", "dggs_aperture": 4, "dggs_res_spec": 11 }, "geometry": { "type": "Polygon", "coordinates": [ [ [ 100.809289952488555, 14.008632920284583 ], [ 100.840800827134885, 13.990305616245964 ], [ 100.809336522011364, 13.977574620487292 ], [ 100.809289952488555, 14.008632920284583 ] ] ] } },
{ "type": "Feature", "properties": { "cell_id": "33495919", "resolution": 11, "type": "fuller4t", "dggs_topology": "TRIANGLE", "dggs_type": "FULLER4T", "dggs_proj": "FULLER", "dggs_aperture_type": "PURE", "dggs_aperture": 4, "dggs_res_spec": 11 }, "geometry": { "type": "Polygon", "coordinates": [ [ [ 100.77802285419655, 13.871643497435576 ], [ 100.809475601315697, 13.88439959905609 ], [ 100.809521751371776, 13.853341218090346 ], [ 100.77802285419655, 13.871643497435576 ] ] ] } },
{ "type": "Feature", "properties": { "cell_id": "33500016", "resolution": 11, "type": "fuller4t", "dggs_topology": "TRIANGLE", "dggs_type": "FULLER4T", "dggs_proj": "FULLER", "dggs_aperture_type": "PURE", "dggs_aperture": 4, "dggs_res_spec": 11 }, "geometry": { "type": "Polygon", "coordinates": [ [ [ 100.809475601315697, 13.88439959905609 ], [ 100.840973043893982, 13.866096229918854 ], [ 100.809521751371776, 13.853341218090346 ], [ 100.809475601315697, 13.88439959905609 ] ] ] } },
{ "type": "Feature", "properties": { "cell_id": "33491822", "resolution": 11, "type": "fuller4t", "dggs_topology": "TRIANGLE", "dggs_type": "FULLER4T", "dggs_proj": "FULLER", "dggs_aperture_type": "PURE", "dggs_aperture": 4, "dggs_res_spec": 11 }, "geometry": { "type": "Polygon", "coordinates": [ [ [ 100.746519169559946, 13.889950664215062 ], [ 100.778022854196564, 13.871643497435533 ], [ 100.746571898177194, 13.858880300461696 ], [ 100.746519169559946, 13.889950664215062 ] ] ] } },
{ "type": "Feature", "properties": { "cell_id": "33500017", "resolution": 11, "type": "fuller4t", "dggs_topology": "TRIANGLE", "dggs_type": "FULLER4T", "dggs_proj": "FULLER", "dggs_aperture_type": "PURE", "dggs_aperture": 4, "dggs_res_spec": 11 }, "geometry": { "type": "Polygon", "coordinates": [ [ [ 100.809475601315697, 13.88439959905609 ], [ 100.840930135776276, 13.897148604645466 ], [ 100.840973043893982, 13.866096229918854 ], [ 100.809475601315697, 13.88439959905609 ] ] ] } },
{ "type": "Feature", "properties": { "cell_id": "33491823", "resolution": 11, "type": "fuller4t", "dggs_topology": "TRIANGLE", "dggs_type": "FULLER4T", "dggs_proj": "FULLER", "dggs_aperture_type": "PURE", "dggs_aperture": 4, "dggs_res_spec": 11 }, "geometry": { "type": "Polygon", "coordinates": [ [ [ 100.746519169559946, 13.889950664215062 ], [ 100.777973358238981, 13.902707860761906 ], [ 100.778022854196564, 13.871643497435533 ], [ 100.746519169559946, 13.889950664215062 ] ] ] } },
{ "type": "Feature", "properties": { "cell_id": "33495920", "resolution": 11, "type": "fuller4t", "dggs_topology": "TRIANGLE", "dggs_type": "FULLER4T", "dggs_proj": "FULLER", "dggs_aperture_type": "PURE", "dggs_aperture": 4, "dggs_res_spec": 11 }, "geometry": { "type": "Polygon", "coordinates": [ [ [ 100.777973358238967, 13.902707860761941 ], [ 100.809475601315697, 13.88439959905609 ], [ 100.77802285419655, 13.871643497435576 ], [ 100.777973358238967, 13.902707860761941 ] ] ] } },
{ "type": "Feature", "properties": { "cell_id": "33495921", "resolution": 11, "type": "fuller4t", "dggs_topology": "TRIANGLE", "dggs_type": "FULLER4T", "dggs_proj": "FULLER", "dggs_aperture_type": "PURE", "dggs_aperture": 4, "dggs_res_spec": 11 }, "geometry": { "type": "Polygon", "coordinates": [ [ [ 100.777973358238967, 13.902707860761941 ], [ 100.809429346408933, 13.915457959811228 ], [ 100.809475601315697, 13.88439959905609 ], [ 100.777973358238967, 13.902707860761941 ] ] ] } },
{ "type": "Feature", "properties": { "cell_id": "33500018", "resolution": 11, "type": "fuller4t", "dggs_topology": "TRIANGLE", "dggs_type": "FULLER4T", "dggs_proj": "FULLER", "dggs_aperture_type": "PURE", "dggs_aperture": 4, "dggs_res_spec": 11 }, "geometry": { "type": "Polygon", "coordinates": [ [ [ 100.809429346408933, 13.915457959811228 ], [ 100.840930135776276, 13.897148604645466 ], [ 100.809475601315697, 13.88439959905609 ], [ 100.809429346408933, 13.915457959811228 ] ] ] } },
{ "type": "Feature", "properties": { "cell_id": "33500019", "resolution": 11, "type": "fuller4t", "dggs_topology": "TRIANGLE", "dggs_type": "FULLER4T", "dggs_proj": "FULLER", "dggs_aperture_type": "PURE", "dggs_aperture": 4, "dggs_res_spec": 11 }, "geometry": { "type": "Polygon", "coordinates": [ [ [ 100.809429346408933, 13.915457959811228 ], [ 100.840887130298626, 13.928200960663053 ], [ 100.840930135776276, 13.897148604645466 ], [ 100.809429346408933, 13.915457959811228 ] ] ] } },
{ "type": "Feature", "properties": { "cell_id": "33495922", "resolution": 11, "type": "fuller4t", "dggs_topology": "TRIANGLE", "dggs_type": "FULLER4T", "dggs_proj": "FULLER", "dggs_aperture_type": "PURE", "dggs_aperture": 4, "dggs_res_spec": 11 }, "geometry": { "type": "Polygon", "coordinates": [ [ [ 100.77792374997513, 13.933772202374305 ], [ 100.809429346408933, 13.915457959811228 ], [ 100.777973358238967, 13.902707860761941 ], [ 100.77792374997513, 13.933772202374305 ] ] ] } },
{ "type": "Feature", "properties": { "cell_id": "33467238", "resolution": 11, "type": "fuller4t", "dggs_topology": "TRIANGLE", "dggs_type": "FULLER4T", "dggs_proj": "FULLER", "dggs_aperture_type": "PURE", "dggs_aperture": 4, "dggs_res_spec": 11 }, "geometry": { "type": "Polygon", "coordinates": [ [ [ 100.557687646721746, 13.8754710237554 ], [ 100.589206427088271, 13.85715854743197 ], [ 100.557759924633629, 13.844364767482242 ], [ 100.557687646721746, 13.8754710237554 ] ] ] } },
{ "type": "Feature", "properties": { "cell_id": "33471336", "resolution": 11, "type": "fuller4t", "dggs_topology": "TRIANGLE", "dggs_type": "FULLER4T", "dggs_proj": "FULLER", "dggs_aperture_type": "PURE", "dggs_aperture": 4, "dggs_res_spec": 11 }, "geometry": { "type": "Polygon", "coordinates": [ [ [ 100.589137346538863, 13.888258819299963 ], [ 100.620654760017715, 13.869945232270318 ], [ 100.589206427088286, 13.857158547431927 ], [ 100.589137346538863, 13.888258819299963 ] ] ] } },
{ "type": "Feature", "properties": { "cell_id": "33467239", "resolution": 11, "type": "fuller4t", "dggs_topology": "TRIANGLE", "dggs_type": "FULLER4T", "dggs_proj": "FULLER", "dggs_aperture_type": "PURE", "dggs_aperture": 4, "dggs_res_spec": 11 }, "geometry": { "type": "Polygon", "coordinates": [ [ [ 100.557687646721746, 13.8754710237554 ], [ 100.589137346538863, 13.888258819299963 ], [ 100.589206427088271, 13.85715854743197 ], [ 100.557687646721746, 13.8754710237554 ] ] ] } },
{ "type": "Feature", "properties": { "cell_id": "33471337", "resolution": 11, "type": "fuller4t", "dggs_topology": "TRIANGLE", "dggs_type": "FULLER4T", "dggs_proj": "FULLER", "dggs_aperture_type": "PURE", "dggs_aperture": 4, "dggs_res_spec": 11 }, "geometry": { "type": "Polygon", "coordinates": [ [ [ 100.589137346538863, 13.888258819299963 ], [ 100.620588885192404, 13.901039517555594 ], [ 100.620654760017715, 13.869945232270318 ], [ 100.589137346538863, 13.888258819299963 ] ] ] } },
{ "type": "Feature", "properties": { "cell_id": "33467240", "resolution": 11, "type": "fuller4t", "dggs_topology": "TRIANGLE", "dggs_type": "FULLER4T", "dggs_proj": "FULLER", "dggs_aperture_type": "PURE", "dggs_aperture": 4, "dggs_res_spec": 11 }, "geometry": { "type": "Polygon", "coordinates": [ [ [ 100.557615204285725, 13.906577247662504 ], [ 100.589137346538863, 13.888258819299963 ], [ 100.557687646721732, 13.875471023755395 ], [ 100.557615204285725, 13.906577247662504 ] ] ] } },
{ "type": "Feature", "properties": { "cell_id": "33471338", "resolution": 11, "type": "fuller4t", "dggs_topology": "TRIANGLE", "dggs_type": "FULLER4T", "dggs_proj": "FULLER", "dggs_aperture_type": "PURE", "dggs_aperture": 4, "dggs_res_spec": 11 }, "geometry": { "type": "Polygon", "coordinates": [ [ [ 100.589068108900022, 13.919359060301892 ], [ 100.62058888519239, 13.901039517555638 ], [ 100.589137346538863, 13.888258819299963 ], [ 100.589068108900022, 13.919359060301892 ] ] ] } },
{ "type": "Feature", "properties": { "cell_id": "33467241", "resolution": 11, "type": "fuller4t", "dggs_topology": "TRIANGLE", "dggs_type": "FULLER4T", "dggs_proj": "FULLER", "dggs_aperture_type": "PURE", "dggs_aperture": 4, "dggs_res_spec": 11 }, "geometry": { "type": "Polygon", "coordinates": [ [ [ 100.557615204285725, 13.906577247662504 ], [ 100.589068108900022, 13.919359060301892 ], [ 100.589137346538863, 13.888258819299963 ], [ 100.557615204285725, 13.906577247662504 ] ] ] } },
{ "type": "Feature", "properties": { "cell_id": "33471339", "resolution": 11, "type": "fuller4t", "dggs_topology": "TRIANGLE", "dggs_type": "FULLER4T", "dggs_proj": "FULLER", "dggs_aperture_type": "PURE", "dggs_aperture": 4, "dggs_res_spec": 11 }, "geometry": { "type": "Polygon", "coordinates": [ [ [ 100.589068108900022, 13.919359060301892 ], [ 100.620522860731484, 13.932133773492978 ], [ 100.62058888519239, 13.901039517555638 ], [ 100.589068108900022, 13.919359060301892 ] ] ] } },
{ "type": "Feature", "properties": { "cell_id": "33467242", "resolution": 11, "type": "fuller4t", "dggs_topology": "TRIANGLE", "dggs_type": "FULLER4T", "dggs_proj": "FULLER", "dggs_aperture_type": "PURE", "dggs_aperture": 4, "dggs_res_spec": 11 }, "geometry": { "type": "Polygon", "coordinates": [ [ [ 100.55754259730972, 13.937683439117675 ], [ 100.589068108900022, 13.919359060301892 ], [ 100.557615204285725, 13.906577247662504 ], [ 100.55754259730972, 13.937683439117675 ] ] ] } },
{ "type": "Feature", "properties": { "cell_id": "33471340", "resolution": 11, "type": "fuller4t", "dggs_topology": "TRIANGLE", "dggs_type": "FULLER4T", "dggs_proj": "FULLER", "dggs_aperture_type": "PURE", "dggs_aperture": 4, "dggs_res_spec": 11 }, "geometry": { "type": "Polygon", "coordinates": [ [ [ 100.588998714171993, 13.950459270377301 ], [ 100.620522860731484, 13.932133773492978 ], [ 100.589068108900022, 13.919359060301892 ], [ 100.588998714171993, 13.950459270377301 ] ] ] } },
{ "type": "Feature", "properties": { "cell_id": "33479530", "resolution": 11, "type": "fuller4t", "dggs_topology": "TRIANGLE", "dggs_type": "FULLER4T", "dggs_proj": "FULLER", "dggs_aperture_type": "PURE", "dggs_aperture": 4, "dggs_res_spec": 11 }, "geometry": { "type": "Polygon", "coordinates": [ [ [ 100.652104919647769, 13.882724821185283 ], [ 100.683616205757005, 13.864414981510624 ], [ 100.652167438204941, 13.851636496880253 ], [ 100.652104919647769, 13.882724821185283 ] ] ] } },
{ "type": "Feature", "properties": { "cell_id": "33475433", "resolution": 11, "type": "fuller4t", "dggs_topology": "TRIANGLE", "dggs_type": "FULLER4T", "dggs_proj": "FULLER", "dggs_aperture_type": "PURE", "dggs_aperture": 4, "dggs_res_spec": 11 }, "geometry": { "type": "Polygon", "coordinates": [ [ [ 100.6206547600177, 13.869945232270355 ], [ 100.652104919647797, 13.882724821185292 ], [ 100.652167438204955, 13.851636496880262 ], [ 100.6206547600177, 13.869945232270355 ] ] ] } },
{ "type": "Feature", "properties": { "cell_id": "33479531", "resolution": 11, "type": "fuller4t", "dggs_topology": "TRIANGLE", "dggs_type": "FULLER4T", "dggs_proj": "FULLER", "dggs_aperture_type": "PURE", "dggs_aperture": 4, "dggs_res_spec": 11 }, "geometry": { "type": "Polygon", "coordinates": [ [ [ 100.652104919647769, 13.882724821185283 ], [ 100.683556902213326, 13.895497313394717 ], [ 100.683616205757005, 13.864414981510624 ], [ 100.652104919647769, 13.882724821185283 ] ] ] } },
{ "type": "Feature", "properties": { "cell_id": "33475434", "resolution": 11, "type": "fuller4t", "dggs_topology": "TRIANGLE", "dggs_type": "FULLER4T", "dggs_proj": "FULLER", "dggs_aperture_type": "PURE", "dggs_aperture": 4, "dggs_res_spec": 11 }, "geometry": { "type": "Polygon", "coordinates": [ [ [ 100.62058888519239, 13.901039517555638 ], [ 100.652104919647769, 13.882724821185283 ], [ 100.6206547600177, 13.869945232270355 ], [ 100.62058888519239, 13.901039517555638 ] ] ] } },
{ "type": "Feature", "properties": { "cell_id": "33475435", "resolution": 11, "type": "fuller4t", "dggs_topology": "TRIANGLE", "dggs_type": "FULLER4T", "dggs_proj": "FULLER", "dggs_aperture_type": "PURE", "dggs_aperture": 4, "dggs_res_spec": 11 }, "geometry": { "type": "Polygon", "coordinates": [ [ [ 100.62058888519239, 13.901039517555638 ], [ 100.652042258911507, 13.913813117710635 ], [ 100.652104919647769, 13.882724821185283 ], [ 100.62058888519239, 13.901039517555638 ] ] ] } },
{ "type": "Feature", "properties": { "cell_id": "33479532", "resolution": 11, "type": "fuller4t", "dggs_topology": "TRIANGLE", "dggs_type": "FULLER4T", "dggs_proj": "FULLER", "dggs_aperture_type": "PURE", "dggs_aperture": 4, "dggs_res_spec": 11 }, "geometry": { "type": "Polygon", "coordinates": [ [ [ 100.652042258911507, 13.913813117710635 ], [ 100.683556902213326, 13.895497313394717 ], [ 100.652104919647769, 13.882724821185283 ], [ 100.652042258911507, 13.913813117710635 ] ] ] } },
{ "type": "Feature", "properties": { "cell_id": "33479533", "resolution": 11, "type": "fuller4t", "dggs_topology": "TRIANGLE", "dggs_type": "FULLER4T", "dggs_proj": "FULLER", "dggs_aperture_type": "PURE", "dggs_aperture": 4, "dggs_res_spec": 11 }, "geometry": { "type": "Polygon", "coordinates": [ [ [ 100.652042258911507, 13.913813117710635 ], [ 100.683497463950303, 13.926579619005798 ], [ 100.683556902213326, 13.895497313394717 ], [ 100.652042258911507, 13.913813117710635 ] ] ] } },
{ "type": "Feature", "properties": { "cell_id": "33475436", "resolution": 11, "type": "fuller4t", "dggs_topology": "TRIANGLE", "dggs_type": "FULLER4T", "dggs_proj": "FULLER", "dggs_aperture_type": "PURE", "dggs_aperture": 4, "dggs_res_spec": 11 }, "geometry": { "type": "Polygon", "coordinates": [ [ [ 100.620522860731484, 13.932133773492978 ], [ 100.652042258911507, 13.913813117710635 ], [ 100.62058888519239, 13.901039517555638 ], [ 100.620522860731484, 13.932133773492978 ] ] ] } },
{ "type": "Feature", "properties": { "cell_id": "33475437", "resolution": 11, "type": "fuller4t", "dggs_topology": "TRIANGLE", "dggs_type": "FULLER4T", "dggs_proj": "FULLER", "dggs_aperture_type": "PURE", "dggs_aperture": 4, "dggs_res_spec": 11 }, "geometry": { "type": "Polygon", "coordinates": [ [ [ 100.620522860731484, 13.932133773492978 ], [ 100.651979455996383, 13.944901386402034 ], [ 100.652042258911507, 13.913813117710635 ], [ 100.620522860731484, 13.932133773492978 ] ] ] } },
{ "type": "Feature", "properties": { "cell_id": "33479534", "resolution": 11, "type": "fuller4t", "dggs_topology": "TRIANGLE", "dggs_type": "FULLER4T", "dggs_proj": "FULLER", "dggs_aperture_type": "PURE", "dggs_aperture": 4, "dggs_res_spec": 11 }, "geometry": { "type": "Polygon", "coordinates": [ [ [ 100.651979455996383, 13.944901386402034 ], [ 100.683497463950303, 13.926579619005798 ], [ 100.652042258911507, 13.913813117710635 ], [ 100.651979455996383, 13.944901386402034 ] ] ] } },
{ "type": "Feature", "properties": { "cell_id": "33483631", "resolution": 11, "type": "fuller4t", "dggs_topology": "TRIANGLE", "dggs_type": "FULLER4T", "dggs_proj": "FULLER", "dggs_aperture_type": "PURE", "dggs_aperture": 4, "dggs_res_spec": 11 }, "geometry": { "type": "Polygon", "coordinates": [ [ [ 100.683497463950303, 13.926579619005798 ], [ 100.714954496555976, 13.939339020689411 ], [ 100.715010703974357, 13.908262708169016 ], [ 100.683497463950303, 13.926579619005798 ] ] ] } },
{ "type": "Feature", "properties": { "cell_id": "33487728", "resolution": 11, "type": "fuller4t", "dggs_topology": "TRIANGLE", "dggs_type": "FULLER4T", "dggs_proj": "FULLER", "dggs_aperture_type": "PURE", "dggs_aperture": 4, "dggs_res_spec": 11 }, "geometry": { "type": "Polygon", "coordinates": [ [ [ 100.71495449655599, 13.939339020689422 ], [ 100.746466321151672, 13.921021004741206 ], [ 100.715010703974357, 13.908262708169026 ], [ 100.71495449655599, 13.939339020689422 ] ] ] } },
{ "type": "Feature", "properties": { "cell_id": "33491826", "resolution": 11, "type": "fuller4t", "dggs_topology": "TRIANGLE", "dggs_type": "FULLER4T", "dggs_proj": "FULLER", "dggs_aperture_type": "PURE", "dggs_aperture": 4, "dggs_res_spec": 11 }, "geometry": { "type": "Polygon", "coordinates": [ [ [ 100.746413352936415, 13.952091321972404 ], [ 100.777923749975145, 13.93377220237427 ], [ 100.746466321151658, 13.921021004741201 ], [ 100.746413352936415, 13.952091321972404 ] ] ] } },
{ "type": "Feature", "properties": { "cell_id": "33487729", "resolution": 11, "type": "fuller4t", "dggs_topology": "TRIANGLE", "dggs_type": "FULLER4T", "dggs_proj": "FULLER", "dggs_aperture_type": "PURE", "dggs_aperture": 4, "dggs_res_spec": 11 }, "geometry": { "type": "Polygon", "coordinates": [ [ [ 100.71495449655599, 13.939339020689422 ], [ 100.746413352936415, 13.952091321972404 ], [ 100.746466321151672, 13.921021004741206 ], [ 100.71495449655599, 13.939339020689422 ] ] ] } },
{ "type": "Feature", "properties": { "cell_id": "33483632", "resolution": 11, "type": "fuller4t", "dggs_topology": "TRIANGLE", "dggs_type": "FULLER4T", "dggs_proj": "FULLER", "dggs_aperture_type": "PURE", "dggs_aperture": 4, "dggs_res_spec": 11 }, "geometry": { "type": "Polygon", "coordinates": [ [ [ 100.683437890952078, 13.957661898270176 ], [ 100.714954496555976, 13.939339020689411 ], [ 100.683497463950303, 13.926579619005798 ], [ 100.683437890952078, 13.957661898270176 ] ] ] } },
{ "type": "Feature", "properties": { "cell_id": "33491827", "resolution": 11, "type": "fuller4t", "dggs_topology": "TRIANGLE", "dggs_type": "FULLER4T", "dggs_proj": "FULLER", "dggs_aperture_type": "PURE", "dggs_aperture": 4, "dggs_res_spec": 11 }, "geometry": { "type": "Polygon", "coordinates": [ [ [ 100.746413352936415, 13.952091321972404 ], [ 100.777874029356937, 13.964836522163012 ], [ 100.777923749975145, 13.93377220237427 ], [ 100.746413352936415, 13.952091321972404 ] ] ] } },
{ "type": "Feature", "properties": { "cell_id": "33487730", "resolution": 11, "type": "fuller4t", "dggs_topology": "TRIANGLE", "dggs_type": "FULLER4T", "dggs_proj": "FULLER", "dggs_aperture_type": "PURE", "dggs_aperture": 4, "dggs_res_spec": 11 }, "geometry": { "type": "Polygon", "coordinates": [ [ [ 100.714898161865065, 13.970415308368452 ], [ 100.746413352936415, 13.952091321972404 ], [ 100.714954496555976, 13.939339020689411 ], [ 100.714898161865065, 13.970415308368452 ] ] ] } },
{ "type": "Feature", "properties": { "cell_id": "33483633", "resolution": 11, "type": "fuller4t", "dggs_topology": "TRIANGLE", "dggs_type": "FULLER4T", "dggs_proj": "FULLER", "dggs_aperture_type": "PURE", "dggs_aperture": 4, "dggs_res_spec": 11 }, "geometry": { "type": "Polygon", "coordinates": [ [ [ 100.683437890952078, 13.957661898270176 ], [ 100.714898161865065, 13.970415308368452 ], [ 100.714954496555976, 13.939339020689411 ], [ 100.683437890952078, 13.957661898270176 ] ] ] } },
{ "type": "Feature", "properties": { "cell_id": "33487731", "resolution": 11, "type": "fuller4t", "dggs_topology": "TRIANGLE", "dggs_type": "FULLER4T", "dggs_proj": "FULLER", "dggs_aperture_type": "PURE", "dggs_aperture": 4, "dggs_res_spec": 11 }, "geometry": { "type": "Polygon", "coordinates": [ [ [ 100.714898161865065, 13.970415308368452 ], [ 100.746360264930431, 13.983161615885759 ], [ 100.746413352936415, 13.952091321972404 ], [ 100.714898161865065, 13.970415308368452 ] ] ] } },
{ "type": "Feature", "properties": { "cell_id": "33491828", "resolution": 11, "type": "fuller4t", "dggs_topology": "TRIANGLE", "dggs_type": "FULLER4T", "dggs_proj": "FULLER", "dggs_aperture_type": "PURE", "dggs_aperture": 4, "dggs_res_spec": 11 }, "geometry": { "type": "Polygon", "coordinates": [ [ [ 100.746360264930431, 13.983161615885816 ], [ 100.777874029356937, 13.964836522163012 ], [ 100.746413352936415, 13.952091321972404 ], [ 100.746360264930431, 13.983161615885816 ] ] ] } },
{ "type": "Feature", "properties": { "cell_id": "33467243", "resolution": 11, "type": "fuller4t", "dggs_topology": "TRIANGLE", "dggs_type": "FULLER4T", "dggs_proj": "FULLER", "dggs_aperture_type": "PURE", "dggs_aperture": 4, "dggs_res_spec": 11 }, "geometry": { "type": "Polygon", "coordinates": [ [ [ 100.55754259730972, 13.937683439117675 ], [ 100.588998714171993, 13.95045927037731 ], [ 100.589068108900022, 13.919359060301892 ], [ 100.55754259730972, 13.937683439117675 ] ] ] } },
{ "type": "Feature", "properties": { "cell_id": "33471341", "resolution": 11, "type": "fuller4t", "dggs_topology": "TRIANGLE", "dggs_type": "FULLER4T", "dggs_proj": "FULLER", "dggs_aperture_type": "PURE", "dggs_aperture": 4, "dggs_res_spec": 11 }, "geometry": { "type": "Polygon", "coordinates": [ [ [ 100.588998714171993, 13.950459270377301 ], [ 100.620456686619036, 13.963228000002619 ], [ 100.620522860731484, 13.932133773492978 ], [ 100.588998714171993, 13.950459270377301 ] ] ] } },
{ "type": "Feature", "properties": { "cell_id": "33467244", "resolution": 11, "type": "fuller4t", "dggs_topology": "TRIANGLE", "dggs_type": "FULLER4T", "dggs_proj": "FULLER", "dggs_aperture_type": "PURE", "dggs_aperture": 4, "dggs_res_spec": 11 }, "geometry": { "type": "Polygon", "coordinates": [ [ [ 100.557469825761871, 13.968789598012464 ], [ 100.588998714171993, 13.950459270377301 ], [ 100.557542597309748, 13.93768343911764 ], [ 100.557469825761871, 13.968789598012464 ] ] ] } },
{ "type": "Feature", "properties": { "cell_id": "33467245", "resolution": 11, "type": "fuller4t", "dggs_topology": "TRIANGLE", "dggs_type": "FULLER4T", "dggs_proj": "FULLER", "dggs_aperture_type": "PURE", "dggs_aperture": 4, "dggs_res_spec": 11 }, "geometry": { "type": "Polygon", "coordinates": [ [ [ 100.557469825761871, 13.968789598012464 ], [ 100.588929162322827, 13.981559449420873 ], [ 100.588998714171993, 13.950459270377301 ], [ 100.557469825761871, 13.968789598012464 ] ] ] } },
{ "type": "Feature", "properties": { "cell_id": "33471342", "resolution": 11, "type": "fuller4t", "dggs_topology": "TRIANGLE", "dggs_type": "FULLER4T", "dggs_proj": "FULLER", "dggs_aperture_type": "PURE", "dggs_aperture": 4, "dggs_res_spec": 11 }, "geometry": { "type": "Polygon", "coordinates": [ [ [ 100.588929162322827, 13.981559449420873 ], [ 100.620456686619036, 13.963228000002619 ], [ 100.588998714171993, 13.950459270377301 ], [ 100.588929162322827, 13.981559449420873 ] ] ] } },
{ "type": "Feature", "properties": { "cell_id": "33471343", "resolution": 11, "type": "fuller4t", "dggs_topology": "TRIANGLE", "dggs_type": "FULLER4T", "dggs_proj": "FULLER", "dggs_aperture_type": "PURE", "dggs_aperture": 4, "dggs_res_spec": 11 }, "geometry": { "type": "Polygon", "coordinates": [ [ [ 100.588929162322827, 13.981559449420873 ], [ 100.62039036283916, 13.994322197004754 ], [ 100.620456686619036, 13.963228000002619 ], [ 100.588929162322827, 13.981559449420873 ] ] ] } },
{ "type": "Feature", "properties": { "cell_id": "33467246", "resolution": 11, "type": "fuller4t", "dggs_topology": "TRIANGLE", "dggs_type": "FULLER4T", "dggs_proj": "FULLER", "dggs_aperture_type": "PURE", "dggs_aperture": 4, "dggs_res_spec": 11 }, "geometry": { "type": "Polygon", "coordinates": [ [ [ 100.557396889642405, 13.999895724283308 ], [ 100.588929162322827, 13.981559449420873 ], [ 100.557469825761871, 13.968789598012464 ], [ 100.557396889642405, 13.999895724283308 ] ] ] } },
{ "type": "Feature", "properties": { "cell_id": "33467247", "resolution": 11, "type": "fuller4t", "dggs_topology": "TRIANGLE", "dggs_type": "FULLER4T", "dggs_proj": "FULLER", "dggs_aperture_type": "PURE", "dggs_aperture": 4, "dggs_res_spec": 11 }, "geometry": { "type": "Polygon", "coordinates": [ [ [ 100.557396889642405, 13.999895724283308 ], [ 100.58885945335274, 14.012659597372178 ], [ 100.588929162322827, 13.981559449420873 ], [ 100.557396889642405, 13.999895724283308 ] ] ] } },
{ "type": "Feature", "properties": { "cell_id": "33471344", "resolution": 11, "type": "fuller4t", "dggs_topology": "TRIANGLE", "dggs_type": "FULLER4T", "dggs_proj": "FULLER", "dggs_aperture_type": "PURE", "dggs_aperture": 4, "dggs_res_spec": 11 }, "geometry": { "type": "Polygon", "coordinates": [ [ [ 100.58885945335274, 14.012659597372178 ], [ 100.62039036283916, 13.994322197004754 ], [ 100.588929162322827, 13.981559449420873 ], [ 100.58885945335274, 14.012659597372178 ] ] ] } },
{ "type": "Feature", "properties": { "cell_id": "33471345", "resolution": 11, "type": "fuller4t", "dggs_topology": "TRIANGLE", "dggs_type": "FULLER4T", "dggs_proj": "FULLER", "dggs_aperture_type": "PURE", "dggs_aperture": 4, "dggs_res_spec": 11 }, "geometry": { "type": "Polygon", "coordinates": [ [ [ 100.58885945335274, 14.012659597372178 ], [ 100.620323889392026, 14.025416364441886 ], [ 100.62039036283916, 13.994322197004754 ], [ 100.58885945335274, 14.012659597372178 ] ] ] } },
{ "type": "Feature", "properties": { "cell_id": "33479535", "resolution": 11, "type": "fuller4t", "dggs_topology": "TRIANGLE", "dggs_type": "FULLER4T", "dggs_proj": "FULLER", "dggs_aperture_type": "PURE", "dggs_aperture": 4, "dggs_res_spec": 11 }, "geometry": { "type": "Polygon", "coordinates": [ [ [ 100.651979455996383, 13.944901386402034 ], [ 100.683437890952078, 13.957661898270176 ], [ 100.683497463950303, 13.926579619005798 ], [ 100.651979455996383, 13.944901386402034 ] ] ] } },
{ "type": "Feature", "properties": { "cell_id": "33475438", "resolution": 11, "type": "fuller4t", "dggs_topology": "TRIANGLE", "dggs_type": "FULLER4T", "dggs_proj": "FULLER", "dggs_aperture_type": "PURE", "dggs_aperture": 4, "dggs_res_spec": 11 }, "geometry": { "type": "Polygon", "coordinates": [ [ [ 100.620456686619022, 13.963228000002665 ], [ 100.651979455996383, 13.944901386402034 ], [ 100.620522860731484, 13.932133773492978 ], [ 100.620456686619022, 13.963228000002665 ] ] ] } },
{ "type": "Feature", "properties": { "cell_id": "33479536", "resolution": 11, "type": "fuller4t", "dggs_topology": "TRIANGLE", "dggs_type": "FULLER4T", "dggs_proj": "FULLER", "dggs_aperture_type": "PURE", "dggs_aperture": 4, "dggs_res_spec": 11 }, "geometry": { "type": "Polygon", "coordinates": [ [ [ 100.651916510886409, 13.975989627182724 ], [ 100.683437890952078, 13.957661898270176 ], [ 100.651979455996383, 13.944901386402034 ], [ 100.651916510886409, 13.975989627182724 ] ] ] } },
{ "type": "Feature", "properties": { "cell_id": "33475439", "resolution": 11, "type": "fuller4t", "dggs_topology": "TRIANGLE", "dggs_type": "FULLER4T", "dggs_proj": "FULLER", "dggs_aperture_type": "PURE", "dggs_aperture": 4, "dggs_res_spec": 11 }, "geometry": { "type": "Polygon", "coordinates": [ [ [ 100.620456686619022, 13.963228000002665 ], [ 100.651916510886409, 13.975989627182724 ], [ 100.651979455996383, 13.944901386402034 ], [ 100.620456686619022, 13.963228000002665 ] ] ] } },
{ "type": "Feature", "properties": { "cell_id": "33479537", "resolution": 11, "type": "fuller4t", "dggs_topology": "TRIANGLE", "dggs_type": "FULLER4T", "dggs_proj": "FULLER", "dggs_aperture_type": "PURE", "dggs_aperture": 4, "dggs_res_spec": 11 }, "geometry": { "type": "Polygon", "coordinates": [ [ [ 100.651916510886409, 13.975989627182724 ], [ 100.683378183218721, 13.988744151136514 ], [ 100.683437890952078, 13.957661898270176 ], [ 100.651916510886409, 13.975989627182724 ] ] ] } },
{ "type": "Feature", "properties": { "cell_id": "33475440", "resolution": 11, "type": "fuller4t", "dggs_topology": "TRIANGLE", "dggs_type": "FULLER4T", "dggs_proj": "FULLER", "dggs_aperture_type": "PURE", "dggs_aperture": 4, "dggs_res_spec": 11 }, "geometry": { "type": "Polygon", "coordinates": [ [ [ 100.620390362839146, 13.9943221970048 ], [ 100.651916510886409, 13.975989627182724 ], [ 100.620456686619022, 13.963228000002665 ], [ 100.620390362839146, 13.9943221970048 ] ] ] } },
{ "type": "Feature", "properties": { "cell_id": "33479538", "resolution": 11, "type": "fuller4t", "dggs_topology": "TRIANGLE", "dggs_type": "FULLER4T", "dggs_proj": "FULLER", "dggs_aperture_type": "PURE", "dggs_aperture": 4, "dggs_res_spec": 11 }, "geometry": { "type": "Polygon", "coordinates": [ [ [ 100.651853423565726, 14.007077839975848 ], [ 100.683378183218721, 13.988744151136514 ], [ 100.651916510886409, 13.975989627182724 ], [ 100.651853423565726, 14.007077839975848 ] ] ] } },
{ "type": "Feature", "properties": { "cell_id": "33475441", "resolution": 11, "type": "fuller4t", "dggs_topology": "TRIANGLE", "dggs_type": "FULLER4T", "dggs_proj": "FULLER", "dggs_aperture_type": "PURE", "dggs_aperture": 4, "dggs_res_spec": 11 }, "geometry": { "type": "Polygon", "coordinates": [ [ [ 100.620390362839146, 13.9943221970048 ], [ 100.651853423565726, 14.007077839975848 ], [ 100.651916510886409, 13.975989627182724 ], [ 100.620390362839146, 13.9943221970048 ] ] ] } },
{ "type": "Feature", "properties": { "cell_id": "33479539", "resolution": 11, "type": "fuller4t", "dggs_topology": "TRIANGLE", "dggs_type": "FULLER4T", "dggs_proj": "FULLER", "dggs_aperture_type": "PURE", "dggs_aperture": 4, "dggs_res_spec": 11 }, "geometry": { "type": "Polygon", "coordinates": [ [ [ 100.651853423565726, 14.007077839975848 ], [ 100.683318340734331, 14.019826377531043 ], [ 100.683378183218721, 13.988744151136514 ], [ 100.651853423565726, 14.007077839975848 ] ] ] } },
{ "type": "Feature", "properties": { "cell_id": "33475442", "resolution": 11, "type": "fuller4t", "dggs_topology": "TRIANGLE", "dggs_type": "FULLER4T", "dggs_proj": "FULLER", "dggs_aperture_type": "PURE", "dggs_aperture": 4, "dggs_res_spec": 11 }, "geometry": { "type": "Polygon", "coordinates": [ [ [ 100.62032388939204, 14.025416364441895 ], [ 100.651853423565726, 14.007077839975848 ], [ 100.620390362839146, 13.9943221970048 ], [ 100.62032388939204, 14.025416364441895 ] ] ] } },
{ "type": "Feature", "properties": { "cell_id": "33483634", "resolution": 11, "type": "fuller4t", "dggs_topology": "TRIANGLE", "dggs_type": "FULLER4T", "dggs_proj": "FULLER", "dggs_aperture_type": "PURE", "dggs_aperture": 4, "dggs_res_spec": 11 }, "geometry": { "type": "Polygon", "coordinates": [ [ [ 100.683378183218721, 13.988744151136514 ], [ 100.714898161865065, 13.970415308368452 ], [ 100.683437890952078, 13.957661898270176 ], [ 100.683378183218721, 13.988744151136514 ] ] ] } },
{ "type": "Feature", "properties": { "cell_id": "33491829", "resolution": 11, "type": "fuller4t", "dggs_topology": "TRIANGLE", "dggs_type": "FULLER4T", "dggs_proj": "FULLER", "dggs_aperture_type": "PURE", "dggs_aperture": 4, "dggs_res_spec": 11 }, "geometry": { "type": "Polygon", "coordinates": [ [ [ 100.746360264930431, 13.983161615885816 ], [ 100.777824196400516, 13.995900820108256 ], [ 100.777874029356937, 13.964836522163012 ], [ 100.746360264930431, 13.983161615885816 ] ] ] } },
{ "type": "Feature", "properties": { "cell_id": "33483635", "resolution": 11, "type": "fuller4t", "dggs_topology": "TRIANGLE", "dggs_type": "FULLER4T", "dggs_proj": "FULLER", "dggs_aperture_type": "PURE", "dggs_aperture": 4, "dggs_res_spec": 11 }, "geometry": { "type": "Polygon", "coordinates": [ [ [ 100.683378183218721, 13.988744151136514 ], [ 100.714841699885639, 14.001491571135421 ], [ 100.714898161865065, 13.970415308368452 ], [ 100.683378183218721, 13.988744151136514 ] ] ] } },
{ "type": "Feature", "properties": { "cell_id": "33487732", "resolution": 11, "type": "fuller4t", "dggs_topology": "TRIANGLE", "dggs_type": "FULLER4T", "dggs_proj": "FULLER", "dggs_aperture_type": "PURE", "dggs_aperture": 4, "dggs_res_spec": 11 }, "geometry": { "type": "Polygon", "coordinates": [ [ [ 100.714841699885639, 14.001491571135464 ], [ 100.746360264930431, 13.983161615885816 ], [ 100.714898161865051, 13.970415308368494 ], [ 100.714841699885639, 14.001491571135464 ] ] ] } },
{ "type": "Feature", "properties": { "cell_id": "33491830", "resolution": 11, "type": "fuller4t", "dggs_topology": "TRIANGLE", "dggs_type": "FULLER4T", "dggs_proj": "FULLER", "dggs_aperture_type": "PURE", "dggs_aperture": 4, "dggs_res_spec": 11 }, "geometry": { "type": "Polygon", "coordinates": [ [ [ 100.746307057085488, 14.014231886368689 ], [ 100.77782419640053, 13.99590082010822 ], [ 100.746360264930431, 13.983161615885759 ], [ 100.746307057085488, 14.014231886368689 ] ] ] } },
{ "type": "Feature", "properties": { "cell_id": "33487733", "resolution": 11, "type": "fuller4t", "dggs_topology": "TRIANGLE", "dggs_type": "FULLER4T", "dggs_proj": "FULLER", "dggs_aperture_type": "PURE", "dggs_aperture": 4, "dggs_res_spec": 11 }, "geometry": { "type": "Polygon", "coordinates": [ [ [ 100.714841699885639, 14.001491571135464 ], [ 100.746307057085488, 14.014231886368695 ], [ 100.746360264930431, 13.983161615885816 ], [ 100.714841699885639, 14.001491571135464 ] ] ] } },
{ "type": "Feature", "properties": { "cell_id": "33483636", "resolution": 11, "type": "fuller4t", "dggs_topology": "TRIANGLE", "dggs_type": "FULLER4T", "dggs_proj": "FULLER", "dggs_aperture_type": "PURE", "dggs_aperture": 4, "dggs_res_spec": 11 }, "geometry": { "type": "Polygon", "coordinates": [ [ [ 100.683318340734345, 14.019826377530999 ], [ 100.714841699885625, 14.001491571135411 ], [ 100.683378183218707, 13.988744151136505 ], [ 100.683318340734345, 14.019826377530999 ] ] ] } },
{ "type": "Feature", "properties": { "cell_id": "33491831", "resolution": 11, "type": "fuller4t", "dggs_topology": "TRIANGLE", "dggs_type": "FULLER4T", "dggs_proj": "FULLER", "dggs_aperture_type": "PURE", "dggs_aperture": 4, "dggs_res_spec": 11 }, "geometry": { "type": "Polygon", "coordinates": [ [ [ 100.746307057085488, 14.014231886368689 ], [ 100.777774251089951, 14.026965096145087 ], [ 100.77782419640053, 13.99590082010822 ], [ 100.746307057085488, 14.014231886368689 ] ] ] } },
{ "type": "Feature", "properties": { "cell_id": "33483637", "resolution": 11, "type": "fuller4t", "dggs_topology": "TRIANGLE", "dggs_type": "FULLER4T", "dggs_proj": "FULLER", "dggs_aperture_type": "PURE", "dggs_aperture": 4, "dggs_res_spec": 11 }, "geometry": { "type": "Polygon", "coordinates": [ [ [ 100.683318340734345, 14.019826377530999 ], [ 100.714785110617854, 14.032567808941955 ], [ 100.714841699885625, 14.001491571135411 ], [ 100.683318340734345, 14.019826377530999 ] ] ] } },
{ "type": "Feature", "properties": { "cell_id": "33487734", "resolution": 11, "type": "fuller4t", "dggs_topology": "TRIANGLE", "dggs_type": "FULLER4T", "dggs_proj": "FULLER", "dggs_aperture_type": "PURE", "dggs_aperture": 4, "dggs_res_spec": 11 }, "geometry": { "type": "Polygon", "coordinates": [ [ [ 100.714785110617868, 14.032567808941964 ], [ 100.746307057085488, 14.014231886368689 ], [ 100.714841699885639, 14.001491571135421 ], [ 100.714785110617868, 14.032567808941964 ] ] ] } },
{ "type": "Feature", "properties": { "cell_id": "33479540", "resolution": 11, "type": "fuller4t", "dggs_topology": "TRIANGLE", "dggs_type": "FULLER4T", "dggs_proj": "FULLER", "dggs_aperture_type": "PURE", "dggs_aperture": 4, "dggs_res_spec": 11 }, "geometry": { "type": "Polygon", "coordinates": [ [ [ 100.651790194018432, 14.038166024704585 ], [ 100.683318340734345, 14.019826377530999 ], [ 100.651853423565726, 14.007077839975848 ], [ 100.651790194018432, 14.038166024704585 ] ] ] } },
{ "type": "Feature", "properties": { "cell_id": "33475443", "resolution": 11, "type": "fuller4t", "dggs_topology": "TRIANGLE", "dggs_type": "FULLER4T", "dggs_proj": "FULLER", "dggs_aperture_type": "PURE", "dggs_aperture": 4, "dggs_res_spec": 11 }, "geometry": { "type": "Polygon", "coordinates": [ [ [ 100.62032388939204, 14.025416364441895 ], [ 100.65179019401846, 14.038166024704603 ], [ 100.651853423565726, 14.007077839975848 ], [ 100.62032388939204, 14.025416364441895 ] ] ] } },
{ "type": "Feature", "properties": { "cell_id": "33479541", "resolution": 11, "type": "fuller4t", "dggs_topology": "TRIANGLE", "dggs_type": "FULLER4T", "dggs_proj": "FULLER", "dggs_aperture_type": "PURE", "dggs_aperture": 4, "dggs_res_spec": 11 }, "geometry": { "type": "Polygon", "coordinates": [ [ [ 100.651790194018432, 14.038166024704585 ], [ 100.683258363482977, 14.050908577379856 ], [ 100.683318340734345, 14.019826377530999 ], [ 100.651790194018432, 14.038166024704585 ] ] ] } },
{ "type": "Feature", "properties": { "cell_id": "33475444", "resolution": 11, "type": "fuller4t", "dggs_topology": "TRIANGLE", "dggs_type": "FULLER4T", "dggs_proj": "FULLER", "dggs_aperture_type": "PURE", "dggs_aperture": 4, "dggs_res_spec": 11 }, "geometry": { "type": "Polygon", "coordinates": [ [ [ 100.620257266261802, 14.05651050223411 ], [ 100.651790194018432, 14.038166024704585 ], [ 100.620323889392026, 14.025416364441886 ], [ 100.620257266261802, 14.05651050223411 ] ] ] } },
{ "type": "Feature", "properties": { "cell_id": "33479542", "resolution": 11, "type": "fuller4t", "dggs_topology": "TRIANGLE", "dggs_type": "FULLER4T", "dggs_proj": "FULLER", "dggs_aperture_type": "PURE", "dggs_aperture": 4, "dggs_res_spec": 11 }, "geometry": { "type": "Polygon", "coordinates": [ [ [ 100.651726822244669, 14.069254181314482 ], [ 100.683258363482977, 14.050908577379856 ], [ 100.651790194018432, 14.038166024704585 ], [ 100.651726822244669, 14.069254181314482 ] ] ] } },
{ "type": "Feature", "properties": { "cell_id": "33475445", "resolution": 11, "type": "fuller4t", "dggs_topology": "TRIANGLE", "dggs_type": "FULLER4T", "dggs_proj": "FULLER", "dggs_aperture_type": "PURE", "dggs_aperture": 4, "dggs_res_spec": 11 }, "geometry": { "type": "Polygon", "coordinates": [ [ [ 100.620257266261802, 14.05651050223411 ], [ 100.651726822244669, 14.069254181314482 ], [ 100.651790194018432, 14.038166024704585 ], [ 100.620257266261802, 14.05651050223411 ] ] ] } },
{ "type": "Feature", "properties": { "cell_id": "33479543", "resolution": 11, "type": "fuller4t", "dggs_topology": "TRIANGLE", "dggs_type": "FULLER4T", "dggs_proj": "FULLER", "dggs_aperture_type": "PURE", "dggs_aperture": 4, "dggs_res_spec": 11 }, "geometry": { "type": "Polygon", "coordinates": [ [ [ 100.651726822244669, 14.069254181314482 ], [ 100.683198251464859, 14.081990750631556 ], [ 100.683258363482977, 14.050908577379856 ], [ 100.651726822244669, 14.069254181314482 ] ] ] } },
{ "type": "Feature", "properties": { "cell_id": "33483640", "resolution": 11, "type": "fuller4t", "dggs_topology": "TRIANGLE", "dggs_type": "FULLER4T", "dggs_proj": "FULLER", "dggs_aperture_type": "PURE", "dggs_aperture": 4, "dggs_res_spec": 11 }, "geometry": { "type": "Polygon", "coordinates": [ [ [ 100.683198251464859, 14.081990750631556 ], [ 100.714728394045778, 14.063644021717222 ], [ 100.683258363482977, 14.050908577379856 ], [ 100.683198251464859, 14.081990750631556 ] ] ] } },
{ "type": "Feature", "properties": { "cell_id": "33475446", "resolution": 11, "type": "fuller4t", "dggs_topology": "TRIANGLE", "dggs_type": "FULLER4T", "dggs_proj": "FULLER", "dggs_aperture_type": "PURE", "dggs_aperture": 4, "dggs_res_spec": 11 }, "geometry": { "type": "Polygon", "coordinates": [ [ [ 100.620190493432546, 14.087604610301346 ], [ 100.651726822244669, 14.069254181314482 ], [ 100.620257266261802, 14.05651050223411 ], [ 100.620190493432546, 14.087604610301346 ] ] ] } },
{ "type": "Feature", "properties": { "cell_id": "33479544", "resolution": 11, "type": "fuller4t", "dggs_topology": "TRIANGLE", "dggs_type": "FULLER4T", "dggs_proj": "FULLER", "dggs_aperture_type": "PURE", "dggs_aperture": 4, "dggs_res_spec": 11 }, "geometry": { "type": "Polygon", "coordinates": [ [ [ 100.651663308228549, 14.100342309728575 ], [ 100.683198251464859, 14.081990750631556 ], [ 100.651726822244669, 14.069254181314482 ], [ 100.651663308228549, 14.100342309728575 ] ] ] } },
{ "type": "Feature", "properties": { "cell_id": "33491832", "resolution": 11, "type": "fuller4t", "dggs_topology": "TRIANGLE", "dggs_type": "FULLER4T", "dggs_proj": "FULLER", "dggs_aperture_type": "PURE", "dggs_aperture": 4, "dggs_res_spec": 11 }, "geometry": { "type": "Polygon", "coordinates": [ [ [ 100.746253729417845, 14.045302133398193 ], [ 100.777774251089951, 14.026965096145087 ], [ 100.746307057085488, 14.014231886368689 ], [ 100.746253729417845, 14.045302133398193 ] ] ] } },
{ "type": "Feature", "properties": { "cell_id": "33487735", "resolution": 11, "type": "fuller4t", "dggs_topology": "TRIANGLE", "dggs_type": "FULLER4T", "dggs_proj": "FULLER", "dggs_aperture_type": "PURE", "dggs_aperture": 4, "dggs_res_spec": 11 }, "geometry": { "type": "Polygon", "coordinates": [ [ [ 100.714785110617868, 14.032567808941964 ], [ 100.746253729417845, 14.045302133398193 ], [ 100.746307057085488, 14.014231886368689 ], [ 100.714785110617868, 14.032567808941964 ] ] ] } },
{ "type": "Feature", "properties": { "cell_id": "33483638", "resolution": 11, "type": "fuller4t", "dggs_topology": "TRIANGLE", "dggs_type": "FULLER4T", "dggs_proj": "FULLER", "dggs_aperture_type": "PURE", "dggs_aperture": 4, "dggs_res_spec": 11 }, "geometry": { "type": "Polygon", "coordinates": [ [ [ 100.683258363482977, 14.050908577379856 ], [ 100.714785110617854, 14.032567808941955 ], [ 100.683318340734345, 14.019826377530999 ], [ 100.683258363482977, 14.050908577379856 ] ] ] } },
{ "type": "Feature", "properties": { "cell_id": "33491833", "resolution": 11, "type": "fuller4t", "dggs_topology": "TRIANGLE", "dggs_type": "FULLER4T", "dggs_proj": "FULLER", "dggs_aperture_type": "PURE", "dggs_aperture": 4, "dggs_res_spec": 11 }, "geometry": { "type": "Polygon", "coordinates": [ [ [ 100.746253729417845, 14.045302133398193 ], [ 100.777724193409199, 14.058029350208718 ], [ 100.777774251089951, 14.026965096145087 ], [ 100.746253729417845, 14.045302133398193 ] ] ] } },
{ "type": "Feature", "properties": { "cell_id": "33483639", "resolution": 11, "type": "fuller4t", "dggs_topology": "TRIANGLE", "dggs_type": "FULLER4T", "dggs_proj": "FULLER", "dggs_aperture_type": "PURE", "dggs_aperture": 4, "dggs_res_spec": 11 }, "geometry": { "type": "Polygon", "coordinates": [ [ [ 100.683258363482977, 14.050908577379856 ], [ 100.714728394045778, 14.063644021717222 ], [ 100.714785110617854, 14.032567808941955 ], [ 100.683258363482977, 14.050908577379856 ] ] ] } },
{ "type": "Feature", "properties": { "cell_id": "33487736", "resolution": 11, "type": "fuller4t", "dggs_topology": "TRIANGLE", "dggs_type": "FULLER4T", "dggs_proj": "FULLER", "dggs_aperture_type": "PURE", "dggs_aperture": 4, "dggs_res_spec": 11 }, "geometry": { "type": "Polygon", "coordinates": [ [ [ 100.714728394045778, 14.063644021717222 ], [ 100.746253729417845, 14.045302133398193 ], [ 100.714785110617868, 14.032567808941964 ], [ 100.714728394045778, 14.063644021717222 ] ] ] } },
{ "type": "Feature", "properties": { "cell_id": "33487737", "resolution": 11, "type": "fuller4t", "dggs_topology": "TRIANGLE", "dggs_type": "FULLER4T", "dggs_proj": "FULLER", "dggs_aperture_type": "PURE", "dggs_aperture": 4, "dggs_res_spec": 11 }, "geometry": { "type": "Polygon", "coordinates": [ [ [ 100.714728394045778, 14.063644021717222 ], [ 100.746200281911541, 14.076372356906395 ], [ 100.746253729417845, 14.045302133398193 ], [ 100.714728394045778, 14.063644021717222 ] ] ] } },
{ "type": "Feature", "properties": { "cell_id": "33491834", "resolution": 11, "type": "fuller4t", "dggs_topology": "TRIANGLE", "dggs_type": "FULLER4T", "dggs_proj": "FULLER", "dggs_aperture_type": "PURE", "dggs_aperture": 4, "dggs_res_spec": 11 }, "geometry": { "type": "Polygon", "coordinates": [ [ [ 100.746200281911541, 14.076372356906395 ], [ 100.777724193409199, 14.058029350208718 ], [ 100.746253729417845, 14.045302133398193 ], [ 100.746200281911541, 14.076372356906395 ] ] ] } },
{ "type": "Feature", "properties": { "cell_id": "33491835", "resolution": 11, "type": "fuller4t", "dggs_topology": "TRIANGLE", "dggs_type": "FULLER4T", "dggs_proj": "FULLER", "dggs_aperture_type": "PURE", "dggs_aperture": 4, "dggs_res_spec": 11 }, "geometry": { "type": "Polygon", "coordinates": [ [ [ 100.746200281911541, 14.076372356906395 ], [ 100.777674023358401, 14.089093582256707 ], [ 100.777724193409199, 14.058029350208718 ], [ 100.746200281911541, 14.076372356906395 ] ] ] } },
{ "type": "Feature", "properties": { "cell_id": "33483641", "resolution": 11, "type": "fuller4t", "dggs_topology": "TRIANGLE", "dggs_type": "FULLER4T", "dggs_proj": "FULLER", "dggs_aperture_type": "PURE", "dggs_aperture": 4, "dggs_res_spec": 11 }, "geometry": { "type": "Polygon", "coordinates": [ [ [ 100.683198251464859, 14.081990750631556 ], [ 100.714671550153454, 14.094720209390255 ], [ 100.714728394045778, 14.063644021717222 ], [ 100.683198251464859, 14.081990750631556 ] ] ] } },
{ "type": "Feature", "properties": { "cell_id": "33475447", "resolution": 11, "type": "fuller4t", "dggs_topology": "TRIANGLE", "dggs_type": "FULLER4T", "dggs_proj": "FULLER", "dggs_aperture_type": "PURE", "dggs_aperture": 4, "dggs_res_spec": 11 }, "geometry": { "type": "Polygon", "coordinates": [ [ [ 100.620190493432546, 14.087604610301346 ], [ 100.651663308228549, 14.100342309728575 ], [ 100.651726822244669, 14.069254181314482 ], [ 100.620190493432546, 14.087604610301346 ] ] ] } },
{ "type": "Feature", "properties": { "cell_id": "33483642", "resolution": 11, "type": "fuller4t", "dggs_topology": "TRIANGLE", "dggs_type": "FULLER4T", "dggs_proj": "FULLER", "dggs_aperture_type": "PURE", "dggs_aperture": 4, "dggs_res_spec": 11 }, "geometry": { "type": "Polygon", "coordinates": [ [ [ 100.683138004647901, 14.113072897189792 ], [ 100.714671550153454, 14.094720209390255 ], [ 100.683198251464859, 14.081990750631547 ], [ 100.683138004647901, 14.113072897189792 ] ] ] } },
{ "type": "Feature", "properties": { "cell_id": "33479545", "resolution": 11, "type": "fuller4t", "dggs_topology": "TRIANGLE", "dggs_type": "FULLER4T", "dggs_proj": "FULLER", "dggs_aperture_type": "PURE", "dggs_aperture": 4, "dggs_res_spec": 11 }, "geometry": { "type": "Polygon", "coordinates": [ [ [ 100.651663308228549, 14.100342309728575 ], [ 100.683138004647901, 14.113072897189792 ], [ 100.683198251464859, 14.081990750631556 ], [ 100.651663308228549, 14.100342309728575 ] ] ] } },
{ "type": "Feature", "properties": { "cell_id": "33475448", "resolution": 11, "type": "fuller4t", "dggs_topology": "TRIANGLE", "dggs_type": "FULLER4T", "dggs_proj": "FULLER", "dggs_aperture_type": "PURE", "dggs_aperture": 4, "dggs_res_spec": 11 }, "geometry": { "type": "Polygon", "coordinates": [ [ [ 100.620123570888424, 14.118698688563667 ], [ 100.651663308228549, 14.100342309728575 ], [ 100.620190493432546, 14.087604610301346 ], [ 100.620123570888424, 14.118698688563667 ] ] ] } },
{ "type": "Feature", "properties": { "cell_id": "33483643", "resolution": 11, "type": "fuller4t", "dggs_topology": "TRIANGLE", "dggs_type": "FULLER4T", "dggs_proj": "FULLER", "dggs_aperture_type": "PURE", "dggs_aperture": 4, "dggs_res_spec": 11 }, "geometry": { "type": "Polygon", "coordinates": [ [ [ 100.683138004647901, 14.113072897189792 ], [ 100.71461457894101, 14.125796371912619 ], [ 100.714671550153454, 14.094720209390255 ], [ 100.683138004647901, 14.113072897189792 ] ] ] } },
{ "type": "Feature", "properties": { "cell_id": "33479546", "resolution": 11, "type": "fuller4t", "dggs_topology": "TRIANGLE", "dggs_type": "FULLER4T", "dggs_proj": "FULLER", "dggs_aperture_type": "PURE", "dggs_aperture": 4, "dggs_res_spec": 11 }, "geometry": { "type": "Polygon", "coordinates": [ [ [ 100.65159965197023, 14.131430409892198 ], [ 100.683138004647901, 14.113072897189792 ], [ 100.651663308228549, 14.100342309728529 ], [ 100.65159965197023, 14.131430409892198 ] ] ] } },
{ "type": "Feature", "properties": { "cell_id": "33475449", "resolution": 11, "type": "fuller4t", "dggs_topology": "TRIANGLE", "dggs_type": "FULLER4T", "dggs_proj": "FULLER", "dggs_aperture_type": "PURE", "dggs_aperture": 4, "dggs_res_spec": 11 }, "geometry": { "type": "Polygon", "coordinates": [ [ [ 100.620123570888424, 14.118698688563667 ], [ 100.65159965197023, 14.131430409892198 ], [ 100.651663308228549, 14.100342309728575 ], [ 100.620123570888424, 14.118698688563667 ] ] ] } },
{ "type": "Feature", "properties": { "cell_id": "33479547", "resolution": 11, "type": "fuller4t", "dggs_topology": "TRIANGLE", "dggs_type": "FULLER4T", "dggs_proj": "FULLER", "dggs_aperture_type": "PURE", "dggs_aperture": 4, "dggs_res_spec": 11 }, "geometry": { "type": "Polygon", "coordinates": [ [ [ 100.65159965197023, 14.131430409892198 ], [ 100.683077623048376, 14.144155017025369 ], [ 100.683138004647901, 14.113072897189792 ], [ 100.65159965197023, 14.131430409892198 ] ] ] } },
{ "type": "Feature", "properties": { "cell_id": "33483644", "resolution": 11, "type": "fuller4t", "dggs_topology": "TRIANGLE", "dggs_type": "FULLER4T", "dggs_proj": "FULLER", "dggs_aperture_type": "PURE", "dggs_aperture": 4, "dggs_res_spec": 11 }, "geometry": { "type": "Polygon", "coordinates": [ [ [ 100.683077623048391, 14.144155017025378 ], [ 100.714614578941024, 14.125796371912624 ], [ 100.683138004647901, 14.113072897189792 ], [ 100.683077623048391, 14.144155017025378 ] ] ] } },
{ "type": "Feature", "properties": { "cell_id": "33475450", "resolution": 11, "type": "fuller4t", "dggs_topology": "TRIANGLE", "dggs_type": "FULLER4T", "dggs_proj": "FULLER", "dggs_aperture_type": "PURE", "dggs_aperture": 4, "dggs_res_spec": 11 }, "geometry": { "type": "Polygon", "coordinates": [ [ [ 100.62005649862958, 14.149792736963267 ], [ 100.65159965197023, 14.131430409892198 ], [ 100.620123570888424, 14.118698688563667 ], [ 100.62005649862958, 14.149792736963267 ] ] ] } },
{ "type": "Feature", "properties": { "cell_id": "33504117", "resolution": 11, "type": "fuller4t", "dggs_topology": "TRIANGLE", "dggs_type": "FULLER4T", "dggs_proj": "FULLER", "dggs_aperture_type": "PURE", "dggs_aperture": 4, "dggs_res_spec": 11 }, "geometry": { "type": "Polygon", "coordinates": [ [ [ 100.840887130298626, 13.928200960663053 ], [ 100.872346706081416, 13.940936862557885 ], [ 100.87238645378072, 13.909890513488588 ], [ 100.840887130298626, 13.928200960663053 ] ] ] } },
{ "type": "Feature", "properties": { "cell_id": "33508215", "resolution": 11, "type": "fuller4t", "dggs_topology": "TRIANGLE", "dggs_type": "FULLER4T", "dggs_proj": "FULLER", "dggs_aperture_type": "PURE", "dggs_aperture": 4, "dggs_res_spec": 11 }, "geometry": { "type": "Polygon", "coordinates": [ [ [ 100.87234670608143, 13.940936862557844 ], [ 100.903808070004374, 13.953665664855659 ], [ 100.9038445515245, 13.922625324877824 ], [ 100.87234670608143, 13.940936862557844 ] ] ] } },
{ "type": "Feature", "properties": { "cell_id": "33504118", "resolution": 11, "type": "fuller4t", "dggs_topology": "TRIANGLE", "dggs_type": "FULLER4T", "dggs_proj": "FULLER", "dggs_aperture_type": "PURE", "dggs_aperture": 4, "dggs_res_spec": 11 }, "geometry": { "type": "Polygon", "coordinates": [ [ [ 100.840844027412743, 13.959253297867924 ], [ 100.87234670608143, 13.940936862557844 ], [ 100.840887130298626, 13.928200960663053 ], [ 100.840844027412743, 13.959253297867924 ] ] ] } },
{ "type": "Feature", "properties": { "cell_id": "33504119", "resolution": 11, "type": "fuller4t", "dggs_topology": "TRIANGLE", "dggs_type": "FULLER4T", "dggs_proj": "FULLER", "dggs_aperture_type": "PURE", "dggs_aperture": 4, "dggs_res_spec": 11 }, "geometry": { "type": "Polygon", "coordinates": [ [ [ 100.840844027412743, 13.959253297867924 ], [ 100.872306868467646, 13.971983194314557 ], [ 100.87234670608143, 13.940936862557844 ], [ 100.840844027412743, 13.959253297867924 ] ] ] } },
{ "type": "Feature", "properties": { "cell_id": "33508216", "resolution": 11, "type": "fuller4t", "dggs_topology": "TRIANGLE", "dggs_type": "FULLER4T", "dggs_proj": "FULLER", "dggs_aperture_type": "PURE", "dggs_aperture": 4, "dggs_res_spec": 11 }, "geometry": { "type": "Polygon", "coordinates": [ [ [ 100.872306868467646, 13.971983194314557 ], [ 100.903808070004374, 13.953665664855659 ], [ 100.87234670608143, 13.940936862557844 ], [ 100.872306868467646, 13.971983194314557 ] ] ] } },
{ "type": "Feature", "properties": { "cell_id": "33508217", "resolution": 11, "type": "fuller4t", "dggs_topology": "TRIANGLE", "dggs_type": "FULLER4T", "dggs_proj": "FULLER", "dggs_aperture_type": "PURE", "dggs_aperture": 4, "dggs_res_spec": 11 }, "geometry": { "type": "Polygon", "coordinates": [ [ [ 100.872306868467646, 13.971983194314557 ], [ 100.903771506050305, 13.984705988994188 ], [ 100.903808070004374, 13.953665664855659 ], [ 100.872306868467646, 13.971983194314557 ] ] ] } },
{ "type": "Feature", "properties": { "cell_id": "33504120", "resolution": 11, "type": "fuller4t", "dggs_topology": "TRIANGLE", "dggs_type": "FULLER4T", "dggs_proj": "FULLER", "dggs_aperture_type": "PURE", "dggs_aperture": 4, "dggs_res_spec": 11 }, "geometry": { "type": "Polygon", "coordinates": [ [ [ 100.840800827134871, 13.990305616246008 ], [ 100.872306868467646, 13.971983194314557 ], [ 100.840844027412743, 13.959253297867924 ], [ 100.840800827134871, 13.990305616246008 ] ] ] } },
{ "type": "Feature", "properties": { "cell_id": "33508218", "resolution": 11, "type": "fuller4t", "dggs_topology": "TRIANGLE", "dggs_type": "FULLER4T", "dggs_proj": "FULLER", "dggs_aperture_type": "PURE", "dggs_aperture": 4, "dggs_res_spec": 11 }, "geometry": { "type": "Polygon", "coordinates": [ [ [ 100.872266940939454, 14.003029508725062 ], [ 100.903771506050305, 13.984705988994188 ], [ 100.872306868467646, 13.971983194314557 ], [ 100.872266940939454, 14.003029508725062 ] ] ] } },
{ "type": "Feature", "properties": { "cell_id": "33504121", "resolution": 11, "type": "fuller4t", "dggs_topology": "TRIANGLE", "dggs_type": "FULLER4T", "dggs_proj": "FULLER", "dggs_aperture_type": "PURE", "dggs_aperture": 4, "dggs_res_spec": 11 }, "geometry": { "type": "Polygon", "coordinates": [ [ [ 100.840800827134871, 13.990305616246008 ], [ 100.872266940939454, 14.003029508725062 ], [ 100.872306868467646, 13.971983194314557 ], [ 100.840800827134871, 13.990305616246008 ] ] ] } },
{ "type": "Feature", "properties": { "cell_id": "33508219", "resolution": 11, "type": "fuller4t", "dggs_topology": "TRIANGLE", "dggs_type": "FULLER4T", "dggs_proj": "FULLER", "dggs_aperture_type": "PURE", "dggs_aperture": 4, "dggs_res_spec": 11 }, "geometry": { "type": "Polygon", "coordinates": [ [ [ 100.872266940939454, 14.003029508725062 ], [ 100.903734859630248, 14.015746297217932 ], [ 100.903771506050305, 13.984705988994188 ], [ 100.872266940939454, 14.003029508725062 ] ] ] } },
{ "type": "Feature", "properties": { "cell_id": "33512313", "resolution": 11, "type": "fuller4t", "dggs_topology": "TRIANGLE", "dggs_type": "FULLER4T", "dggs_proj": "FULLER", "dggs_aperture_type": "PURE", "dggs_aperture": 4, "dggs_res_spec": 11 }, "geometry": { "type": "Polygon", "coordinates": [ [ [ 100.903808070004374, 13.953665664855659 ], [ 100.935271218243031, 13.96638736683437 ], [ 100.93530442521228, 13.935353038135544 ], [ 100.903808070004374, 13.953665664855659 ] ] ] } },
{ "type": "Feature", "properties": { "cell_id": "33512314", "resolution": 11, "type": "fuller4t", "dggs_topology": "TRIANGLE", "dggs_type": "FULLER4T", "dggs_proj": "FULLER", "dggs_aperture_type": "PURE", "dggs_aperture": 4, "dggs_res_spec": 11 }, "geometry": { "type": "Polygon", "coordinates": [ [ [ 100.903771506050305, 13.984705988994188 ], [ 100.935271218243031, 13.96638736683437 ], [ 100.903808070004374, 13.953665664855659 ], [ 100.903771506050305, 13.984705988994188 ] ] ] } },
{ "type": "Feature", "properties": { "cell_id": "33512315", "resolution": 11, "type": "fuller4t", "dggs_topology": "TRIANGLE", "dggs_type": "FULLER4T", "dggs_proj": "FULLER", "dggs_aperture_type": "PURE", "dggs_aperture": 4, "dggs_res_spec": 11 }, "geometry": { "type": "Polygon", "coordinates": [ [ [ 100.903771506050305, 13.984705988994188 ], [ 100.935237936323389, 13.997421681162686 ], [ 100.935271218243031, 13.96638736683437 ], [ 100.903771506050305, 13.984705988994188 ] ] ] } },
{ "type": "Feature", "properties": { "cell_id": "33512316", "resolution": 11, "type": "fuller4t", "dggs_topology": "TRIANGLE", "dggs_type": "FULLER4T", "dggs_proj": "FULLER", "dggs_aperture_type": "PURE", "dggs_aperture": 4, "dggs_res_spec": 11 }, "geometry": { "type": "Polygon", "coordinates": [ [ [ 100.903734859630234, 14.015746297217881 ], [ 100.935237936323418, 13.997421681162654 ], [ 100.903771506050305, 13.984705988994188 ], [ 100.903734859630234, 14.015746297217881 ] ] ] } },
{ "type": "Feature", "properties": { "cell_id": "33512317", "resolution": 11, "type": "fuller4t", "dggs_topology": "TRIANGLE", "dggs_type": "FULLER4T", "dggs_proj": "FULLER", "dggs_aperture_type": "PURE", "dggs_aperture": 4, "dggs_res_spec": 11 }, "geometry": { "type": "Polygon", "coordinates": [ [ [ 100.903734859630234, 14.015746297217881 ], [ 100.935204579421338, 14.028455981047857 ], [ 100.935237936323418, 13.997421681162654 ], [ 100.903734859630234, 14.015746297217881 ] ] ] } },
{ "type": "Feature", "properties": { "cell_id": "33500025", "resolution": 11, "type": "fuller4t", "dggs_topology": "TRIANGLE", "dggs_type": "FULLER4T", "dggs_proj": "FULLER", "dggs_aperture_type": "PURE", "dggs_aperture": 4, "dggs_res_spec": 11 }, "geometry": { "type": "Polygon", "coordinates": [ [ [ 100.809289952488555, 14.008632920284583 ], [ 100.84075752944895, 14.02135791573841 ], [ 100.840800827134885, 13.990305616245964 ], [ 100.809289952488555, 14.008632920284583 ] ] ] } },
{ "type": "Feature", "properties": { "cell_id": "33495928", "resolution": 11, "type": "fuller4t", "dggs_topology": "TRIANGLE", "dggs_type": "FULLER4T", "dggs_proj": "FULLER", "dggs_aperture_type": "PURE", "dggs_aperture": 4, "dggs_res_spec": 11 }, "geometry": { "type": "Polygon", "coordinates": [ [ [ 100.777774251089923, 14.026965096145123 ], [ 100.809289952488555, 14.008632920284583 ], [ 100.777824196400516, 13.995900820108256 ], [ 100.777774251089923, 14.026965096145123 ] ] ] } },
{ "type": "Feature", "properties": { "cell_id": "33500026", "resolution": 11, "type": "fuller4t", "dggs_topology": "TRIANGLE", "dggs_type": "FULLER4T", "dggs_proj": "FULLER", "dggs_aperture_type": "PURE", "dggs_aperture": 4, "dggs_res_spec": 11 }, "geometry": { "type": "Polygon", "coordinates": [ [ [ 100.809243278099288, 14.039691199691282 ], [ 100.840757529448965, 14.021357915738365 ], [ 100.809289952488555, 14.008632920284583 ], [ 100.809243278099288, 14.039691199691282 ] ] ] } },
{ "type": "Feature", "properties": { "cell_id": "33495929", "resolution": 11, "type": "fuller4t", "dggs_topology": "TRIANGLE", "dggs_type": "FULLER4T", "dggs_proj": "FULLER", "dggs_aperture_type": "PURE", "dggs_aperture": 4, "dggs_res_spec": 11 }, "geometry": { "type": "Polygon", "coordinates": [ [ [ 100.777774251089923, 14.026965096145123 ], [ 100.809243278099288, 14.039691199691282 ], [ 100.809289952488555, 14.008632920284583 ], [ 100.777774251089923, 14.026965096145123 ] ] ] } },
{ "type": "Feature", "properties": { "cell_id": "33500027", "resolution": 11, "type": "fuller4t", "dggs_topology": "TRIANGLE", "dggs_type": "FULLER4T", "dggs_proj": "FULLER", "dggs_aperture_type": "PURE", "dggs_aperture": 4, "dggs_res_spec": 11 }, "geometry": { "type": "Polygon", "coordinates": [ [ [ 100.809243278099288, 14.039691199691282 ], [ 100.840714134339024, 14.052410196286203 ], [ 100.840757529448965, 14.021357915738365 ], [ 100.809243278099288, 14.039691199691282 ] ] ] } },
{ "type": "Feature", "properties": { "cell_id": "33495930", "resolution": 11, "type": "fuller4t", "dggs_topology": "TRIANGLE", "dggs_type": "FULLER4T", "dggs_proj": "FULLER", "dggs_aperture_type": "PURE", "dggs_aperture": 4, "dggs_res_spec": 11 }, "geometry": { "type": "Polygon", "coordinates": [ [ [ 100.777724193409199, 14.058029350208718 ], [ 100.809243278099288, 14.039691199691282 ], [ 100.777774251089951, 14.026965096145087 ], [ 100.777724193409199, 14.058029350208718 ] ] ] } },
{ "type": "Feature", "properties": { "cell_id": "33495931", "resolution": 11, "type": "fuller4t", "dggs_topology": "TRIANGLE", "dggs_type": "FULLER4T", "dggs_proj": "FULLER", "dggs_aperture_type": "PURE", "dggs_aperture": 4, "dggs_res_spec": 11 }, "geometry": { "type": "Polygon", "coordinates": [ [ [ 100.777724193409199, 14.058029350208718 ], [ 100.80919649879543, 14.070749458600531 ], [ 100.809243278099288, 14.039691199691282 ], [ 100.777724193409199, 14.058029350208718 ] ] ] } },
{ "type": "Feature", "properties": { "cell_id": "33500028", "resolution": 11, "type": "fuller4t", "dggs_topology": "TRIANGLE", "dggs_type": "FULLER4T", "dggs_proj": "FULLER", "dggs_aperture_type": "PURE", "dggs_aperture": 4, "dggs_res_spec": 11 }, "geometry": { "type": "Polygon", "coordinates": [ [ [ 100.809196498795416, 14.070749458600574 ], [ 100.840714134339024, 14.052410196286203 ], [ 100.809243278099288, 14.039691199691282 ], [ 100.809196498795416, 14.070749458600574 ] ] ] } },
{ "type": "Feature", "properties": { "cell_id": "33500029", "resolution": 11, "type": "fuller4t", "dggs_topology": "TRIANGLE", "dggs_type": "FULLER4T", "dggs_proj": "FULLER", "dggs_aperture_type": "PURE", "dggs_aperture": 4, "dggs_res_spec": 11 }, "geometry": { "type": "Polygon", "coordinates": [ [ [ 100.809196498795416, 14.070749458600574 ], [ 100.840670641821205, 14.083462457875227 ], [ 100.840714134339024, 14.052410196286203 ], [ 100.809196498795416, 14.070749458600574 ] ] ] } },
{ "type": "Feature", "properties": { "cell_id": "33495932", "resolution": 11, "type": "fuller4t", "dggs_topology": "TRIANGLE", "dggs_type": "FULLER4T", "dggs_proj": "FULLER", "dggs_aperture_type": "PURE", "dggs_aperture": 4, "dggs_res_spec": 11 }, "geometry": { "type": "Polygon", "coordinates": [ [ [ 100.777674023358415, 14.089093582256718 ], [ 100.809196498795416, 14.070749458600574 ], [ 100.777724193409199, 14.058029350208763 ], [ 100.777674023358415, 14.089093582256718 ] ] ] } },
{ "type": "Feature", "properties": { "cell_id": "33504122", "resolution": 11, "type": "fuller4t", "dggs_topology": "TRIANGLE", "dggs_type": "FULLER4T", "dggs_proj": "FULLER", "dggs_aperture_type": "PURE", "dggs_aperture": 4, "dggs_res_spec": 11 }, "geometry": { "type": "Polygon", "coordinates": [ [ [ 100.84075752944895, 14.02135791573841 ], [ 100.872266940939454, 14.003029508725062 ], [ 100.840800827134871, 13.990305616246008 ], [ 100.84075752944895, 14.02135791573841 ] ] ] } },
{ "type": "Feature", "properties": { "cell_id": "33508220", "resolution": 11, "type": "fuller4t", "dggs_topology": "TRIANGLE", "dggs_type": "FULLER4T", "dggs_proj": "FULLER", "dggs_aperture_type": "PURE", "dggs_aperture": 4, "dggs_res_spec": 11 }, "geometry": { "type": "Polygon", "coordinates": [ [ [ 100.87222692346478, 14.034075805710977 ], [ 100.903734859630234, 14.015746297217881 ], [ 100.872266940939454, 14.003029508725062 ], [ 100.87222692346478, 14.034075805710977 ] ] ] } },
{ "type": "Feature", "properties": { "cell_id": "33504123", "resolution": 11, "type": "fuller4t", "dggs_topology": "TRIANGLE", "dggs_type": "FULLER4T", "dggs_proj": "FULLER", "dggs_aperture_type": "PURE", "dggs_aperture": 4, "dggs_res_spec": 11 }, "geometry": { "type": "Polygon", "coordinates": [ [ [ 100.84075752944895, 14.02135791573841 ], [ 100.87222692346478, 14.034075805711019 ], [ 100.872266940939454, 14.003029508725062 ], [ 100.84075752944895, 14.02135791573841 ] ] ] } },
{ "type": "Feature", "properties": { "cell_id": "33508221", "resolution": 11, "type": "fuller4t", "dggs_topology": "TRIANGLE", "dggs_type": "FULLER4T", "dggs_proj": "FULLER", "dggs_aperture_type": "PURE", "dggs_aperture": 4, "dggs_res_spec": 11 }, "geometry": { "type": "Polygon", "coordinates": [ [ [ 100.87222692346478, 14.034075805710977 ], [ 100.903698130760318, 14.046786589518515 ], [ 100.903734859630234, 14.015746297217881 ], [ 100.87222692346478, 14.034075805710977 ] ] ] } },
{ "type": "Feature", "properties": { "cell_id": "33504124", "resolution": 11, "type": "fuller4t", "dggs_topology": "TRIANGLE", "dggs_type": "FULLER4T", "dggs_proj": "FULLER", "dggs_aperture_type": "PURE", "dggs_aperture": 4, "dggs_res_spec": 11 }, "geometry": { "type": "Polygon", "coordinates": [ [ [ 100.840714134339024, 14.052410196286203 ], [ 100.87222692346478, 14.034075805710977 ], [ 100.84075752944895, 14.02135791573841 ], [ 100.840714134339024, 14.052410196286203 ] ] ] } },
{ "type": "Feature", "properties": { "cell_id": "33504125", "resolution": 11, "type": "fuller4t", "dggs_topology": "TRIANGLE", "dggs_type": "FULLER4T", "dggs_proj": "FULLER", "dggs_aperture_type": "PURE", "dggs_aperture": 4, "dggs_res_spec": 11 }, "geometry": { "type": "Polygon", "coordinates": [ [ [ 100.840714134339024, 14.052410196286203 ], [ 100.872186816043595, 14.065122085238778 ], [ 100.87222692346478, 14.034075805710977 ], [ 100.840714134339024, 14.052410196286203 ] ] ] } },
{ "type": "Feature", "properties": { "cell_id": "33508222", "resolution": 11, "type": "fuller4t", "dggs_topology": "TRIANGLE", "dggs_type": "FULLER4T", "dggs_proj": "FULLER", "dggs_aperture_type": "PURE", "dggs_aperture": 4, "dggs_res_spec": 11 }, "geometry": { "type": "Polygon", "coordinates": [ [ [ 100.872186816043595, 14.065122085238785 ], [ 100.903698130760318, 14.046786589518524 ], [ 100.87222692346478, 14.034075805711019 ], [ 100.872186816043595, 14.065122085238785 ] ] ] } },
{ "type": "Feature", "properties": { "cell_id": "33508223", "resolution": 11, "type": "fuller4t", "dggs_topology": "TRIANGLE", "dggs_type": "FULLER4T", "dggs_proj": "FULLER", "dggs_aperture_type": "PURE", "dggs_aperture": 4, "dggs_res_spec": 11 }, "geometry": { "type": "Polygon", "coordinates": [ [ [ 100.872186816043595, 14.065122085238785 ], [ 100.903661319424472, 14.077826865842898 ], [ 100.903698130760318, 14.046786589518524 ], [ 100.872186816043595, 14.065122085238785 ] ] ] } },
{ "type": "Feature", "properties": { "cell_id": "33504126", "resolution": 11, "type": "fuller4t", "dggs_topology": "TRIANGLE", "dggs_type": "FULLER4T", "dggs_proj": "FULLER", "dggs_aperture_type": "PURE", "dggs_aperture": 4, "dggs_res_spec": 11 }, "geometry": { "type": "Polygon", "coordinates": [ [ [ 100.840670641821205, 14.083462457875271 ], [ 100.872186816043595, 14.065122085238785 ], [ 100.840714134339024, 14.052410196286253 ], [ 100.840670641821205, 14.083462457875271 ] ] ] } },
{ "type": "Feature", "properties": { "cell_id": "33508224", "resolution": 11, "type": "fuller4t", "dggs_topology": "TRIANGLE", "dggs_type": "FULLER4T", "dggs_proj": "FULLER", "dggs_aperture_type": "PURE", "dggs_aperture": 4, "dggs_res_spec": 11 }, "geometry": { "type": "Polygon", "coordinates": [ [ [ 100.872146618692128, 14.096168347297084 ], [ 100.903661319424458, 14.077826865842889 ], [ 100.872186816043595, 14.065122085238778 ], [ 100.872146618692128, 14.096168347297084 ] ] ] } },
{ "type": "Feature", "properties": { "cell_id": "33512318", "resolution": 11, "type": "fuller4t", "dggs_topology": "TRIANGLE", "dggs_type": "FULLER4T", "dggs_proj": "FULLER", "dggs_aperture_type": "PURE", "dggs_aperture": 4, "dggs_res_spec": 11 }, "geometry": { "type": "Polygon", "coordinates": [ [ [ 100.903698130760318, 14.046786589518524 ], [ 100.935204579421338, 14.028455981047857 ], [ 100.903734859630248, 14.015746297217932 ], [ 100.903698130760318, 14.046786589518524 ] ] ] } },
{ "type": "Feature", "properties": { "cell_id": "33512319", "resolution": 11, "type": "fuller4t", "dggs_topology": "TRIANGLE", "dggs_type": "FULLER4T", "dggs_proj": "FULLER", "dggs_aperture_type": "PURE", "dggs_aperture": 4, "dggs_res_spec": 11 }, "geometry": { "type": "Polygon", "coordinates": [ [ [ 100.903698130760318, 14.046786589518524 ], [ 100.935171147552921, 14.059490266484545 ], [ 100.935204579421338, 14.028455981047857 ], [ 100.903698130760318, 14.046786589518524 ] ] ] } },
{ "type": "Feature", "properties": { "cell_id": "33512320", "resolution": 11, "type": "fuller4t", "dggs_topology": "TRIANGLE", "dggs_type": "FULLER4T", "dggs_proj": "FULLER", "dggs_aperture_type": "PURE", "dggs_aperture": 4, "dggs_res_spec": 11 }, "geometry": { "type": "Polygon", "coordinates": [ [ [ 100.903661319424458, 14.077826865842889 ], [ 100.935171147552921, 14.059490266484499 ], [ 100.903698130760318, 14.046786589518515 ], [ 100.903661319424458, 14.077826865842889 ] ] ] } },
{ "type": "Feature", "properties": { "cell_id": "33512321", "resolution": 11, "type": "fuller4t", "dggs_topology": "TRIANGLE", "dggs_type": "FULLER4T", "dggs_proj": "FULLER", "dggs_aperture_type": "PURE", "dggs_aperture": 4, "dggs_res_spec": 11 }, "geometry": { "type": "Polygon", "coordinates": [ [ [ 100.903661319424458, 14.077826865842889 ], [ 100.935137640686037, 14.09052453740002 ], [ 100.935171147552921, 14.059490266484499 ], [ 100.903661319424458, 14.077826865842889 ] ] ] } },
{ "type": "Feature", "properties": { "cell_id": "33512322", "resolution": 11, "type": "fuller4t", "dggs_topology": "TRIANGLE", "dggs_type": "FULLER4T", "dggs_proj": "FULLER", "dggs_aperture_type": "PURE", "dggs_aperture": 4, "dggs_res_spec": 11 }, "geometry": { "type": "Polygon", "coordinates": [ [ [ 100.90362442562278, 14.108867126160279 ], [ 100.935137640686037, 14.09052453740002 ], [ 100.903661319424458, 14.077826865842889 ], [ 100.90362442562278, 14.108867126160279 ] ] ] } },
{ "type": "Feature", "properties": { "cell_id": "33500030", "resolution": 11, "type": "fuller4t", "dggs_topology": "TRIANGLE", "dggs_type": "FULLER4T", "dggs_proj": "FULLER", "dggs_aperture_type": "PURE", "dggs_aperture": 4, "dggs_res_spec": 11 }, "geometry": { "type": "Polygon", "coordinates": [ [ [ 100.809149614593068, 14.101807696995323 ], [ 100.840670641821205, 14.083462457875227 ], [ 100.80919649879543, 14.070749458600531 ], [ 100.809149614593068, 14.101807696995323 ] ] ] } },
{ "type": "Feature", "properties": { "cell_id": "33495933", "resolution": 11, "type": "fuller4t", "dggs_topology": "TRIANGLE", "dggs_type": "FULLER4T", "dggs_proj": "FULLER", "dggs_aperture_type": "PURE", "dggs_aperture": 4, "dggs_res_spec": 11 }, "geometry": { "type": "Polygon", "coordinates": [ [ [ 100.777674023358415, 14.089093582256718 ], [ 100.809149614593068, 14.101807696995323 ], [ 100.809196498795416, 14.070749458600574 ], [ 100.777674023358415, 14.089093582256718 ] ] ] } },
{ "type": "Feature", "properties": { "cell_id": "33500031", "resolution": 11, "type": "fuller4t", "dggs_topology": "TRIANGLE", "dggs_type": "FULLER4T", "dggs_proj": "FULLER", "dggs_aperture_type": "PURE", "dggs_aperture": 4, "dggs_res_spec": 11 }, "geometry": { "type": "Polygon", "coordinates": [ [ [ 100.809149614593068, 14.101807696995323 ], [ 100.840627051847335, 14.114514700401697 ], [ 100.840670641821205, 14.083462457875227 ], [ 100.809149614593068, 14.101807696995323 ] ] ] } },
{ "type": "Feature", "properties": { "cell_id": "33495934", "resolution": 11, "type": "fuller4t", "dggs_topology": "TRIANGLE", "dggs_type": "FULLER4T", "dggs_proj": "FULLER", "dggs_aperture_type": "PURE", "dggs_aperture": 4, "dggs_res_spec": 11 }, "geometry": { "type": "Polygon", "coordinates": [ [ [ 100.777623740921584, 14.120157792224074 ], [ 100.809149614593068, 14.101807696995323 ], [ 100.777674023358401, 14.089093582256707 ], [ 100.777623740921584, 14.120157792224074 ] ] ] } },
{ "type": "Feature", "properties": { "cell_id": "33500032", "resolution": 11, "type": "fuller4t", "dggs_topology": "TRIANGLE", "dggs_type": "FULLER4T", "dggs_proj": "FULLER", "dggs_aperture_type": "PURE", "dggs_aperture": 4, "dggs_res_spec": 11 }, "geometry": { "type": "Polygon", "coordinates": [ [ [ 100.809102625476257, 14.13286591481366 ], [ 100.840627051847335, 14.114514700401697 ], [ 100.809149614593068, 14.101807696995323 ], [ 100.809102625476257, 14.13286591481366 ] ] ] } },
{ "type": "Feature", "properties": { "cell_id": "33495935", "resolution": 11, "type": "fuller4t", "dggs_topology": "TRIANGLE", "dggs_type": "FULLER4T", "dggs_proj": "FULLER", "dggs_aperture_type": "PURE", "dggs_aperture": 4, "dggs_res_spec": 11 }, "geometry": { "type": "Polygon", "coordinates": [ [ [ 100.777623740921584, 14.120157792224074 ], [ 100.809102625476257, 14.13286591481366 ], [ 100.809149614593068, 14.101807696995323 ], [ 100.777623740921584, 14.120157792224074 ] ] ] } },
{ "type": "Feature", "properties": { "cell_id": "33500033", "resolution": 11, "type": "fuller4t", "dggs_topology": "TRIANGLE", "dggs_type": "FULLER4T", "dggs_proj": "FULLER", "dggs_aperture_type": "PURE", "dggs_aperture": 4, "dggs_res_spec": 11 }, "geometry": { "type": "Polygon", "coordinates": [ [ [ 100.809102625476257, 14.13286591481366 ], [ 100.840583364449685, 14.145566923873728 ], [ 100.840627051847335, 14.114514700401697 ], [ 100.809102625476257, 14.13286591481366 ] ] ] } },
{ "type": "Feature", "properties": { "cell_id": "33495936", "resolution": 11, "type": "fuller4t", "dggs_topology": "TRIANGLE", "dggs_type": "FULLER4T", "dggs_proj": "FULLER", "dggs_aperture_type": "PURE", "dggs_aperture": 4, "dggs_res_spec": 11 }, "geometry": { "type": "Polygon", "coordinates": [ [ [ 100.777573346098819, 14.151221980068273 ], [ 100.809102625476257, 14.13286591481366 ], [ 100.777623740921584, 14.120157792224074 ], [ 100.777573346098819, 14.151221980068273 ] ] ] } },
{ "type": "Feature", "properties": { "cell_id": "33500034", "resolution": 11, "type": "fuller4t", "dggs_topology": "TRIANGLE", "dggs_type": "FULLER4T", "dggs_proj": "FULLER", "dggs_aperture_type": "PURE", "dggs_aperture": 4, "dggs_res_spec": 11 }, "geometry": { "type": "Polygon", "coordinates": [ [ [ 100.809055531445097, 14.163924112015851 ], [ 100.840583364449685, 14.145566923873728 ], [ 100.809102625476257, 14.13286591481366 ], [ 100.809055531445097, 14.163924112015851 ] ] ] } },
{ "type": "Feature", "properties": { "cell_id": "33495937", "resolution": 11, "type": "fuller4t", "dggs_topology": "TRIANGLE", "dggs_type": "FULLER4T", "dggs_proj": "FULLER", "dggs_aperture_type": "PURE", "dggs_aperture": 4, "dggs_res_spec": 11 }, "geometry": { "type": "Polygon", "coordinates": [ [ [ 100.777573346098819, 14.151221980068273 ], [ 100.809055531445097, 14.163924112015851 ], [ 100.809102625476257, 14.13286591481366 ], [ 100.777573346098819, 14.151221980068273 ] ] ] } },
{ "type": "Feature", "properties": { "cell_id": "33504127", "resolution": 11, "type": "fuller4t", "dggs_topology": "TRIANGLE", "dggs_type": "FULLER4T", "dggs_proj": "FULLER", "dggs_aperture_type": "PURE", "dggs_aperture": 4, "dggs_res_spec": 11 }, "geometry": { "type": "Polygon", "coordinates": [ [ [ 100.840670641821205, 14.083462457875271 ], [ 100.872146618692142, 14.096168347297091 ], [ 100.872186816043595, 14.065122085238785 ], [ 100.840670641821205, 14.083462457875271 ] ] ] } },
{ "type": "Feature", "properties": { "cell_id": "33508225", "resolution": 11, "type": "fuller4t", "dggs_topology": "TRIANGLE", "dggs_type": "FULLER4T", "dggs_proj": "FULLER", "dggs_aperture_type": "PURE", "dggs_aperture": 4, "dggs_res_spec": 11 }, "geometry": { "type": "Polygon", "coordinates": [ [ [ 100.872146618692128, 14.096168347297084 ], [ 100.90362442562278, 14.108867126160279 ], [ 100.903661319424458, 14.077826865842889 ], [ 100.872146618692128, 14.096168347297084 ] ] ] } },
{ "type": "Feature", "properties": { "cell_id": "33504128", "resolution": 11, "type": "fuller4t", "dggs_topology": "TRIANGLE", "dggs_type": "FULLER4T", "dggs_proj": "FULLER", "dggs_aperture_type": "PURE", "dggs_aperture": 4, "dggs_res_spec": 11 }, "geometry": { "type": "Polygon", "coordinates": [ [ [ 100.840627051847335, 14.114514700401697 ], [ 100.872146618692128, 14.096168347297084 ], [ 100.840670641821205, 14.083462457875227 ], [ 100.840627051847335, 14.114514700401697 ] ] ] } },
{ "type": "Feature", "properties": { "cell_id": "33504129", "resolution": 11, "type": "fuller4t", "dggs_topology": "TRIANGLE", "dggs_type": "FULLER4T", "dggs_proj": "FULLER", "dggs_aperture_type": "PURE", "dggs_aperture": 4, "dggs_res_spec": 11 }, "geometry": { "type": "Polygon", "coordinates": [ [ [ 100.840627051847335, 14.114514700401697 ], [ 100.872106331362161, 14.127214591785098 ], [ 100.872146618692128, 14.096168347297084 ], [ 100.840627051847335, 14.114514700401697 ] ] ] } },
{ "type": "Feature", "properties": { "cell_id": "33508226", "resolution": 11, "type": "fuller4t", "dggs_topology": "TRIANGLE", "dggs_type": "FULLER4T", "dggs_proj": "FULLER", "dggs_aperture_type": "PURE", "dggs_aperture": 4, "dggs_res_spec": 11 }, "geometry": { "type": "Polygon", "coordinates": [ [ [ 100.872106331362161, 14.127214591785098 ], [ 100.90362442562278, 14.108867126160279 ], [ 100.872146618692128, 14.096168347297084 ], [ 100.872106331362161, 14.127214591785098 ] ] ] } },
{ "type": "Feature", "properties": { "cell_id": "33508227", "resolution": 11, "type": "fuller4t", "dggs_topology": "TRIANGLE", "dggs_type": "FULLER4T", "dggs_proj": "FULLER", "dggs_aperture_type": "PURE", "dggs_aperture": 4, "dggs_res_spec": 11 }, "geometry": { "type": "Polygon", "coordinates": [ [ [ 100.872106331362161, 14.127214591785098 ], [ 100.903587449339184, 14.139907370417474 ], [ 100.90362442562278, 14.108867126160279 ], [ 100.872106331362161, 14.127214591785098 ] ] ] } },
{ "type": "Feature", "properties": { "cell_id": "33504130", "resolution": 11, "type": "fuller4t", "dggs_topology": "TRIANGLE", "dggs_type": "FULLER4T", "dggs_proj": "FULLER", "dggs_aperture_type": "PURE", "dggs_aperture": 4, "dggs_res_spec": 11 }, "geometry": { "type": "Polygon", "coordinates": [ [ [ 100.840583364449657, 14.145566923873766 ], [ 100.872106331362161, 14.127214591785098 ], [ 100.840627051847335, 14.114514700401697 ], [ 100.840583364449657, 14.145566923873766 ] ] ] } },
{ "type": "Feature", "properties": { "cell_id": "33508228", "resolution": 11, "type": "fuller4t", "dggs_topology": "TRIANGLE", "dggs_type": "FULLER4T", "dggs_proj": "FULLER", "dggs_aperture_type": "PURE", "dggs_aperture": 4, "dggs_res_spec": 11 }, "geometry": { "type": "Polygon", "coordinates": [ [ [ 100.872065954085912, 14.158260818713854 ], [ 100.903587449339184, 14.139907370417474 ], [ 100.872106331362161, 14.127214591785098 ], [ 100.872065954085912, 14.158260818713854 ] ] ] } },
{ "type": "Feature", "properties": { "cell_id": "33504131", "resolution": 11, "type": "fuller4t", "dggs_topology": "TRIANGLE", "dggs_type": "FULLER4T", "dggs_proj": "FULLER", "dggs_aperture_type": "PURE", "dggs_aperture": 4, "dggs_res_spec": 11 }, "geometry": { "type": "Polygon", "coordinates": [ [ [ 100.840583364449657, 14.145566923873766 ], [ 100.872065954085912, 14.158260818713854 ], [ 100.872106331362161, 14.127214591785098 ], [ 100.840583364449657, 14.145566923873766 ] ] ] } },
{ "type": "Feature", "properties": { "cell_id": "33508229", "resolution": 11, "type": "fuller4t", "dggs_topology": "TRIANGLE", "dggs_type": "FULLER4T", "dggs_proj": "FULLER", "dggs_aperture_type": "PURE", "dggs_aperture": 4, "dggs_res_spec": 11 }, "geometry": { "type": "Polygon", "coordinates": [ [ [ 100.872065954085912, 14.158260818713854 ], [ 100.903550390573756, 14.170947598583671 ], [ 100.903587449339184, 14.139907370417474 ], [ 100.872065954085912, 14.158260818713854 ] ] ] } },
{ "type": "Feature", "properties": { "cell_id": "33512323", "resolution": 11, "type": "fuller4t", "dggs_topology": "TRIANGLE", "dggs_type": "FULLER4T", "dggs_proj": "FULLER", "dggs_aperture_type": "PURE", "dggs_aperture": 4, "dggs_res_spec": 11 }, "geometry": { "type": "Polygon", "coordinates": [ [ [ 100.90362442562278, 14.108867126160279 ], [ 100.935104058852886, 14.121558793811216 ], [ 100.935137640686037, 14.09052453740002 ], [ 100.90362442562278, 14.108867126160279 ] ] ] } },
{ "type": "Feature", "properties": { "cell_id": "33512324", "resolution": 11, "type": "fuller4t", "dggs_topology": "TRIANGLE", "dggs_type": "FULLER4T", "dggs_proj": "FULLER", "dggs_aperture_type": "PURE", "dggs_aperture": 4, "dggs_res_spec": 11 }, "geometry": { "type": "Polygon", "coordinates": [ [ [ 100.903587449339184, 14.139907370417474 ], [ 100.935104058852886, 14.121558793811216 ], [ 100.90362442562278, 14.108867126160279 ], [ 100.903587449339184, 14.139907370417474 ] ] ] } },
{ "type": "Feature", "properties": { "cell_id": "33512325", "resolution": 11, "type": "fuller4t", "dggs_topology": "TRIANGLE", "dggs_type": "FULLER4T", "dggs_proj": "FULLER", "dggs_aperture_type": "PURE", "dggs_aperture": 4, "dggs_res_spec": 11 }, "geometry": { "type": "Polygon", "coordinates": [ [ [ 100.903587449339184, 14.139907370417474 ], [ 100.935070402005266, 14.152593035623061 ], [ 100.935104058852886, 14.121558793811216 ], [ 100.903587449339184, 14.139907370417474 ] ] ] } },
{ "type": "Feature", "properties": { "cell_id": "33512326", "resolution": 11, "type": "fuller4t", "dggs_topology": "TRIANGLE", "dggs_type": "FULLER4T", "dggs_proj": "FULLER", "dggs_aperture_type": "PURE", "dggs_aperture": 4, "dggs_res_spec": 11 }, "geometry": { "type": "Polygon", "coordinates": [ [ [ 100.903550390573756, 14.170947598583671 ], [ 100.935070402005266, 14.152593035623061 ], [ 100.903587449339184, 14.139907370417474 ], [ 100.903550390573756, 14.170947598583671 ] ] ] } },
{ "type": "Feature", "properties": { "cell_id": "33512327", "resolution": 11, "type": "fuller4t", "dggs_topology": "TRIANGLE", "dggs_type": "FULLER4T", "dggs_proj": "FULLER", "dggs_aperture_type": "PURE", "dggs_aperture": 4, "dggs_res_spec": 11 }, "geometry": { "type": "Polygon", "coordinates": [ [ [ 100.903550390573756, 14.170947598583671 ], [ 100.935036670159278, 14.183627262830024 ], [ 100.935070402005266, 14.152593035623061 ], [ 100.903550390573756, 14.170947598583671 ] ] ] } },
{ "type": "Feature", "properties": { "cell_id": "33500035", "resolution": 11, "type": "fuller4t", "dggs_topology": "TRIANGLE", "dggs_type": "FULLER4T", "dggs_proj": "FULLER", "dggs_aperture_type": "PURE", "dggs_aperture": 4, "dggs_res_spec": 11 }, "geometry": { "type": "Polygon", "coordinates": [ [ [ 100.809055531445097, 14.163924112015851 ], [ 100.840539579612198, 14.176619128232273 ], [ 100.840583364449685, 14.145566923873728 ], [ 100.809055531445097, 14.163924112015851 ] ] ] } },
{ "type": "Feature", "properties": { "cell_id": "33495938", "resolution": 11, "type": "fuller4t", "dggs_topology": "TRIANGLE", "dggs_type": "FULLER4T", "dggs_proj": "FULLER", "dggs_aperture_type": "PURE", "dggs_aperture": 4, "dggs_res_spec": 11 }, "geometry": { "type": "Polygon", "coordinates": [ [ [ 100.777522838874177, 14.182286145724246 ], [ 100.809055531445097, 14.163924112015851 ], [ 100.777573346098819, 14.151221980068273 ], [ 100.777522838874177, 14.182286145724246 ] ] ] } },
{ "type": "Feature", "properties": { "cell_id": "33500036", "resolution": 11, "type": "fuller4t", "dggs_topology": "TRIANGLE", "dggs_type": "FULLER4T", "dggs_proj": "FULLER", "dggs_aperture_type": "PURE", "dggs_aperture": 4, "dggs_res_spec": 11 }, "geometry": { "type": "Polygon", "coordinates": [ [ [ 100.809008332467485, 14.194982288517528 ], [ 100.840539579612184, 14.176619128232266 ], [ 100.809055531445082, 14.16392411201584 ], [ 100.809008332467485, 14.194982288517528 ] ] ] } },
{ "type": "Feature", "properties": { "cell_id": "33495939", "resolution": 11, "type": "fuller4t", "dggs_topology": "TRIANGLE", "dggs_type": "FULLER4T", "dggs_proj": "FULLER", "dggs_aperture_type": "PURE", "dggs_aperture": 4, "dggs_res_spec": 11 }, "geometry": { "type": "Polygon", "coordinates": [ [ [ 100.777522838874177, 14.182286145724246 ], [ 100.809008332467485, 14.194982288517537 ], [ 100.809055531445097, 14.163924112015851 ], [ 100.777522838874177, 14.182286145724246 ] ] ] } },
{ "type": "Feature", "properties": { "cell_id": "33500037", "resolution": 11, "type": "fuller4t", "dggs_topology": "TRIANGLE", "dggs_type": "FULLER4T", "dggs_proj": "FULLER", "dggs_aperture_type": "PURE", "dggs_aperture": 4, "dggs_res_spec": 11 }, "geometry": { "type": "Polygon", "coordinates": [ [ [ 100.809008332467485, 14.194982288517528 ], [ 100.840495697302785, 14.20767131339583 ], [ 100.840539579612184, 14.176619128232266 ], [ 100.809008332467485, 14.194982288517528 ] ] ] } },
{ "type": "Feature", "properties": { "cell_id": "33495940", "resolution": 11, "type": "fuller4t", "dggs_topology": "TRIANGLE", "dggs_type": "FULLER4T", "dggs_proj": "FULLER", "dggs_aperture_type": "PURE", "dggs_aperture": 4, "dggs_res_spec": 11 }, "geometry": { "type": "Polygon", "coordinates": [ [ [ 100.777472219231612, 14.213350289127041 ], [ 100.809008332467485, 14.194982288517528 ], [ 100.777522838874177, 14.182286145724246 ], [ 100.777472219231612, 14.213350289127041 ] ] ] } },
{ "type": "Feature", "properties": { "cell_id": "33495941", "resolution": 11, "type": "fuller4t", "dggs_topology": "TRIANGLE", "dggs_type": "FULLER4T", "dggs_proj": "FULLER", "dggs_aperture_type": "PURE", "dggs_aperture": 4, "dggs_res_spec": 11 }, "geometry": { "type": "Polygon", "coordinates": [ [ [ 100.777472219231612, 14.213350289127041 ], [ 100.808961028559594, 14.226040444301365 ], [ 100.809008332467485, 14.194982288517528 ], [ 100.777472219231612, 14.213350289127041 ] ] ] } },
{ "type": "Feature", "properties": { "cell_id": "33500038", "resolution": 11, "type": "fuller4t", "dggs_topology": "TRIANGLE", "dggs_type": "FULLER4T", "dggs_proj": "FULLER", "dggs_aperture_type": "PURE", "dggs_aperture": 4, "dggs_res_spec": 11 }, "geometry": { "type": "Polygon", "coordinates": [ [ [ 100.808961028559608, 14.226040444301372 ], [ 100.840495697302785, 14.207671313395839 ], [ 100.809008332467485, 14.194982288517537 ], [ 100.808961028559608, 14.226040444301372 ] ] ] } },
{ "type": "Feature", "properties": { "cell_id": "33500039", "resolution": 11, "type": "fuller4t", "dggs_topology": "TRIANGLE", "dggs_type": "FULLER4T", "dggs_proj": "FULLER", "dggs_aperture_type": "PURE", "dggs_aperture": 4, "dggs_res_spec": 11 }, "geometry": { "type": "Polygon", "coordinates": [ [ [ 100.808961028559608, 14.226040444301372 ], [ 100.840451717537633, 14.238723479350071 ], [ 100.840495697302785, 14.207671313395839 ], [ 100.808961028559608, 14.226040444301372 ] ] ] } },
{ "type": "Feature", "properties": { "cell_id": "33495942", "resolution": 11, "type": "fuller4t", "dggs_topology": "TRIANGLE", "dggs_type": "FULLER4T", "dggs_proj": "FULLER", "dggs_aperture_type": "PURE", "dggs_aperture": 4, "dggs_res_spec": 11 }, "geometry": { "type": "Polygon", "coordinates": [ [ [ 100.777421487171281, 14.244414410233896 ], [ 100.808961028559608, 14.226040444301372 ], [ 100.777472219231612, 14.213350289127041 ], [ 100.777421487171281, 14.244414410233896 ] ] ] } },
{ "type": "Feature", "properties": { "cell_id": "33504132", "resolution": 11, "type": "fuller4t", "dggs_topology": "TRIANGLE", "dggs_type": "FULLER4T", "dggs_proj": "FULLER", "dggs_aperture_type": "PURE", "dggs_aperture": 4, "dggs_res_spec": 11 }, "geometry": { "type": "Polygon", "coordinates": [ [ [ 100.840539579612198, 14.176619128232273 ], [ 100.872065954085912, 14.158260818713854 ], [ 100.840583364449657, 14.145566923873766 ], [ 100.840539579612198, 14.176619128232273 ] ] ] } },
{ "type": "Feature", "properties": { "cell_id": "33508230", "resolution": 11, "type": "fuller4t", "dggs_topology": "TRIANGLE", "dggs_type": "FULLER4T", "dggs_proj": "FULLER", "dggs_aperture_type": "PURE", "dggs_aperture": 4, "dggs_res_spec": 11 }, "geometry": { "type": "Polygon", "coordinates": [ [ [ 100.872025486831276, 14.189307028004785 ], [ 100.903550390573756, 14.170947598583671 ], [ 100.872065954085912, 14.158260818713812 ], [ 100.872025486831276, 14.189307028004785 ] ] ] } },
{ "type": "Feature", "properties": { "cell_id": "33504133", "resolution": 11, "type": "fuller4t", "dggs_topology": "TRIANGLE", "dggs_type": "FULLER4T", "dggs_proj": "FULLER", "dggs_aperture_type": "PURE", "dggs_aperture": 4, "dggs_res_spec": 11 }, "geometry": { "type": "Polygon", "coordinates": [ [ [ 100.840539579612198, 14.176619128232273 ], [ 100.872025486831291, 14.189307028004793 ], [ 100.872065954085912, 14.158260818713854 ], [ 100.840539579612198, 14.176619128232273 ] ] ] } },
{ "type": "Feature", "properties": { "cell_id": "33508231", "resolution": 11, "type": "fuller4t", "dggs_topology": "TRIANGLE", "dggs_type": "FULLER4T", "dggs_proj": "FULLER", "dggs_aperture_type": "PURE", "dggs_aperture": 4, "dggs_res_spec": 11 }, "geometry": { "type": "Polygon", "coordinates": [ [ [ 100.872025486831276, 14.189307028004785 ], [ 100.903513249326537, 14.20198781062803 ], [ 100.903550390573756, 14.170947598583671 ], [ 100.872025486831276, 14.189307028004785 ] ] ] } },
{ "type": "Feature", "properties": { "cell_id": "33504134", "resolution": 11, "type": "fuller4t", "dggs_topology": "TRIANGLE", "dggs_type": "FULLER4T", "dggs_proj": "FULLER", "dggs_aperture_type": "PURE", "dggs_aperture": 4, "dggs_res_spec": 11 }, "geometry": { "type": "Polygon", "coordinates": [ [ [ 100.840495697302785, 14.207671313395839 ], [ 100.872025486831276, 14.189307028004785 ], [ 100.840539579612198, 14.176619128232273 ], [ 100.840495697302785, 14.207671313395839 ] ] ] } },
{ "type": "Feature", "properties": { "cell_id": "33504135", "resolution": 11, "type": "fuller4t", "dggs_topology": "TRIANGLE", "dggs_type": "FULLER4T", "dggs_proj": "FULLER", "dggs_aperture_type": "PURE", "dggs_aperture": 4, "dggs_res_spec": 11 }, "geometry": { "type": "Polygon", "coordinates": [ [ [ 100.840495697302785, 14.207671313395839 ], [ 100.871984929598369, 14.220353219624128 ], [ 100.872025486831276, 14.189307028004785 ], [ 100.840495697302785, 14.207671313395839 ] ] ] } },
{ "type": "Feature", "properties": { "cell_id": "33508232", "resolution": 11, "type": "fuller4t", "dggs_topology": "TRIANGLE", "dggs_type": "FULLER4T", "dggs_proj": "FULLER", "dggs_aperture_type": "PURE", "dggs_aperture": 4, "dggs_res_spec": 11 }, "geometry": { "type": "Polygon", "coordinates": [ [ [ 100.871984929598355, 14.220353219624171 ], [ 100.903513249326537, 14.20198781062803 ], [ 100.872025486831291, 14.189307028004793 ], [ 100.871984929598355, 14.220353219624171 ] ] ] } },
{ "type": "Feature", "properties": { "cell_id": "33508233", "resolution": 11, "type": "fuller4t", "dggs_topology": "TRIANGLE", "dggs_type": "FULLER4T", "dggs_proj": "FULLER", "dggs_aperture_type": "PURE", "dggs_aperture": 4, "dggs_res_spec": 11 }, "geometry": { "type": "Polygon", "coordinates": [ [ [ 100.871984929598355, 14.220353219624171 ], [ 100.903476025565396, 14.233028006474866 ], [ 100.903513249326537, 14.20198781062803 ], [ 100.871984929598355, 14.220353219624171 ] ] ] } },
{ "type": "Feature", "properties": { "cell_id": "33504136", "resolution": 11, "type": "fuller4t", "dggs_topology": "TRIANGLE", "dggs_type": "FULLER4T", "dggs_proj": "FULLER", "dggs_aperture_type": "PURE", "dggs_aperture": 4, "dggs_res_spec": 11 }, "geometry": { "type": "Polygon", "coordinates": [ [ [ 100.840451717537633, 14.238723479350071 ], [ 100.871984929598355, 14.220353219624171 ], [ 100.840495697302785, 14.207671313395878 ], [ 100.840451717537633, 14.238723479350071 ] ] ] } },
{ "type": "Feature", "properties": { "cell_id": "33508234", "resolution": 11, "type": "fuller4t", "dggs_topology": "TRIANGLE", "dggs_type": "FULLER4T", "dggs_proj": "FULLER", "dggs_aperture_type": "PURE", "dggs_aperture": 4, "dggs_res_spec": 11 }, "geometry": { "type": "Polygon", "coordinates": [ [ [ 100.87194428238719, 14.251399393538078 ], [ 100.903476025565425, 14.233028006474829 ], [ 100.871984929598369, 14.220353219624128 ], [ 100.87194428238719, 14.251399393538078 ] ] ] } },
{ "type": "Feature", "properties": { "cell_id": "33487738", "resolution": 11, "type": "fuller4t", "dggs_topology": "TRIANGLE", "dggs_type": "FULLER4T", "dggs_proj": "FULLER", "dggs_aperture_type": "PURE", "dggs_aperture": 4, "dggs_res_spec": 11 }, "geometry": { "type": "Polygon", "coordinates": [ [ [ 100.714671550153454, 14.094720209390299 ], [ 100.746200281911541, 14.076372356906395 ], [ 100.714728394045778, 14.063644021717222 ], [ 100.714671550153454, 14.094720209390299 ] ] ] } },
{ "type": "Feature", "properties": { "cell_id": "33491836", "resolution": 11, "type": "fuller4t", "dggs_topology": "TRIANGLE", "dggs_type": "FULLER4T", "dggs_proj": "FULLER", "dggs_aperture_type": "PURE", "dggs_aperture": 4, "dggs_res_spec": 11 }, "geometry": { "type": "Polygon", "coordinates": [ [ [ 100.746146714550633, 14.107442556825397 ], [ 100.777674023358401, 14.089093582256707 ], [ 100.74620028191157, 14.076372356906354 ], [ 100.746146714550633, 14.107442556825397 ] ] ] } },
{ "type": "Feature", "properties": { "cell_id": "33487739", "resolution": 11, "type": "fuller4t", "dggs_topology": "TRIANGLE", "dggs_type": "FULLER4T", "dggs_proj": "FULLER", "dggs_aperture_type": "PURE", "dggs_aperture": 4, "dggs_res_spec": 11 }, "geometry": { "type": "Polygon", "coordinates": [ [ [ 100.714671550153454, 14.094720209390299 ], [ 100.746146714550633, 14.107442556825397 ], [ 100.746200281911541, 14.076372356906395 ], [ 100.714671550153454, 14.094720209390299 ] ] ] } },
{ "type": "Feature", "properties": { "cell_id": "33491837", "resolution": 11, "type": "fuller4t", "dggs_topology": "TRIANGLE", "dggs_type": "FULLER4T", "dggs_proj": "FULLER", "dggs_aperture_type": "PURE", "dggs_aperture": 4, "dggs_res_spec": 11 }, "geometry": { "type": "Polygon", "coordinates": [ [ [ 100.746146714550633, 14.107442556825397 ], [ 100.77762374092157, 14.120157792224065 ], [ 100.777674023358401, 14.089093582256707 ], [ 100.746146714550633, 14.107442556825397 ] ] ] } },
{ "type": "Feature", "properties": { "cell_id": "33487740", "resolution": 11, "type": "fuller4t", "dggs_topology": "TRIANGLE", "dggs_type": "FULLER4T", "dggs_proj": "FULLER", "dggs_aperture_type": "PURE", "dggs_aperture": 4, "dggs_res_spec": 11 }, "geometry": { "type": "Polygon", "coordinates": [ [ [ 100.714614578941024, 14.125796371912624 ], [ 100.746146714550633, 14.107442556825397 ], [ 100.714671550153454, 14.094720209390255 ], [ 100.714614578941024, 14.125796371912624 ] ] ] } },
{ "type": "Feature", "properties": { "cell_id": "33487741", "resolution": 11, "type": "fuller4t", "dggs_topology": "TRIANGLE", "dggs_type": "FULLER4T", "dggs_proj": "FULLER", "dggs_aperture_type": "PURE", "dggs_aperture": 4, "dggs_res_spec": 11 }, "geometry": { "type": "Polygon", "coordinates": [ [ [ 100.714614578941024, 14.125796371912624 ], [ 100.746093027335206, 14.1385127331097 ], [ 100.746146714550633, 14.107442556825397 ], [ 100.714614578941024, 14.125796371912624 ] ] ] } },
{ "type": "Feature", "properties": { "cell_id": "33491838", "resolution": 11, "type": "fuller4t", "dggs_topology": "TRIANGLE", "dggs_type": "FULLER4T", "dggs_proj": "FULLER", "dggs_aperture_type": "PURE", "dggs_aperture": 4, "dggs_res_spec": 11 }, "geometry": { "type": "Polygon", "coordinates": [ [ [ 100.746093027335206, 14.1385127331097 ], [ 100.777623740921584, 14.120157792224074 ], [ 100.746146714550633, 14.107442556825397 ], [ 100.746093027335206, 14.1385127331097 ] ] ] } },
{ "type": "Feature", "properties": { "cell_id": "33491839", "resolution": 11, "type": "fuller4t", "dggs_topology": "TRIANGLE", "dggs_type": "FULLER4T", "dggs_proj": "FULLER", "dggs_aperture_type": "PURE", "dggs_aperture": 4, "dggs_res_spec": 11 }, "geometry": { "type": "Polygon", "coordinates": [ [ [ 100.746093027335206, 14.1385127331097 ], [ 100.777573346098819, 14.151221980068273 ], [ 100.777623740921584, 14.120157792224074 ], [ 100.746093027335206, 14.1385127331097 ] ] ] } },
{ "type": "Feature", "properties": { "cell_id": "33487742", "resolution": 11, "type": "fuller4t", "dggs_topology": "TRIANGLE", "dggs_type": "FULLER4T", "dggs_proj": "FULLER", "dggs_aperture_type": "PURE", "dggs_aperture": 4, "dggs_res_spec": 11 }, "geometry": { "type": "Polygon", "coordinates": [ [ [ 100.714557480392486, 14.156872509213361 ], [ 100.746093027335206, 14.1385127331097 ], [ 100.714614578940996, 14.12579637191266 ], [ 100.714557480392486, 14.156872509213361 ] ] ] } },
{ "type": "Feature", "properties": { "cell_id": "33491840", "resolution": 11, "type": "fuller4t", "dggs_topology": "TRIANGLE", "dggs_type": "FULLER4T", "dggs_proj": "FULLER", "dggs_aperture_type": "PURE", "dggs_aperture": 4, "dggs_res_spec": 11 }, "geometry": { "type": "Polygon", "coordinates": [ [ [ 100.746039220249273, 14.16958288569128 ], [ 100.777573346098819, 14.151221980068264 ], [ 100.746093027335206, 14.1385127331097 ], [ 100.746039220249273, 14.16958288569128 ] ] ] } },
{ "type": "Feature", "properties": { "cell_id": "33483645", "resolution": 11, "type": "fuller4t", "dggs_topology": "TRIANGLE", "dggs_type": "FULLER4T", "dggs_proj": "FULLER", "dggs_aperture_type": "PURE", "dggs_aperture": 4, "dggs_res_spec": 11 }, "geometry": { "type": "Polygon", "coordinates": [ [ [ 100.683077623048391, 14.144155017025378 ], [ 100.714557480392514, 14.156872509213326 ], [ 100.714614578941024, 14.125796371912624 ], [ 100.683077623048391, 14.144155017025378 ] ] ] } },
{ "type": "Feature", "properties": { "cell_id": "33475451", "resolution": 11, "type": "fuller4t", "dggs_topology": "TRIANGLE", "dggs_type": "FULLER4T", "dggs_proj": "FULLER", "dggs_aperture_type": "PURE", "dggs_aperture": 4, "dggs_res_spec": 11 }, "geometry": { "type": "Polygon", "coordinates": [ [ [ 100.62005649862958, 14.149792736963267 ], [ 100.651535853421677, 14.162518481683561 ], [ 100.65159965197023, 14.131430409892198 ], [ 100.62005649862958, 14.149792736963267 ] ] ] } },
{ "type": "Feature", "properties": { "cell_id": "33479548", "resolution": 11, "type": "fuller4t", "dggs_topology": "TRIANGLE", "dggs_type": "FULLER4T", "dggs_proj": "FULLER", "dggs_aperture_type": "PURE", "dggs_aperture": 4, "dggs_res_spec": 11 }, "geometry": { "type": "Polygon", "coordinates": [ [ [ 100.651535853421692, 14.16251848168357 ], [ 100.683077623048391, 14.144155017025378 ], [ 100.65159965197023, 14.131430409892198 ], [ 100.651535853421692, 14.16251848168357 ] ] ] } },
{ "type": "Feature", "properties": { "cell_id": "33483646", "resolution": 11, "type": "fuller4t", "dggs_topology": "TRIANGLE", "dggs_type": "FULLER4T", "dggs_proj": "FULLER", "dggs_aperture_type": "PURE", "dggs_aperture": 4, "dggs_res_spec": 11 }, "geometry": { "type": "Polygon", "coordinates": [ [ [ 100.683017106634239, 14.175237110041897 ], [ 100.714557480392514, 14.156872509213326 ], [ 100.683077623048376, 14.144155017025369 ], [ 100.683017106634239, 14.175237110041897 ] ] ] } },
{ "type": "Feature", "properties": { "cell_id": "33479549", "resolution": 11, "type": "fuller4t", "dggs_topology": "TRIANGLE", "dggs_type": "FULLER4T", "dggs_proj": "FULLER", "dggs_aperture_type": "PURE", "dggs_aperture": 4, "dggs_res_spec": 11 }, "geometry": { "type": "Polygon", "coordinates": [ [ [ 100.651535853421692, 14.16251848168357 ], [ 100.683017106634253, 14.175237110041904 ], [ 100.683077623048391, 14.144155017025378 ], [ 100.651535853421692, 14.16251848168357 ] ] ] } },
{ "type": "Feature", "properties": { "cell_id": "33483647", "resolution": 11, "type": "fuller4t", "dggs_topology": "TRIANGLE", "dggs_type": "FULLER4T", "dggs_proj": "FULLER", "dggs_aperture_type": "PURE", "dggs_aperture": 4, "dggs_res_spec": 11 }, "geometry": { "type": "Polygon", "coordinates": [ [ [ 100.683017106634239, 14.175237110041897 ], [ 100.714500254508096, 14.187948621243784 ], [ 100.714557480392514, 14.156872509213326 ], [ 100.683017106634239, 14.175237110041897 ] ] ] } },
{ "type": "Feature", "properties": { "cell_id": "33479550", "resolution": 11, "type": "fuller4t", "dggs_topology": "TRIANGLE", "dggs_type": "FULLER4T", "dggs_proj": "FULLER", "dggs_aperture_type": "PURE", "dggs_aperture": 4, "dggs_res_spec": 11 }, "geometry": { "type": "Polygon", "coordinates": [ [ [ 100.651471912599149, 14.193606525070352 ], [ 100.683017106634239, 14.175237110041897 ], [ 100.651535853421677, 14.162518481683561 ], [ 100.651471912599149, 14.193606525070352 ] ] ] } },
{ "type": "Feature", "properties": { "cell_id": "33479551", "resolution": 11, "type": "fuller4t", "dggs_topology": "TRIANGLE", "dggs_type": "FULLER4T", "dggs_proj": "FULLER", "dggs_aperture_type": "PURE", "dggs_aperture": 4, "dggs_res_spec": 11 }, "geometry": { "type": "Polygon", "coordinates": [ [ [ 100.651471912599149, 14.193606525070352 ], [ 100.682956455405701, 14.206319176187645 ], [ 100.683017106634239, 14.175237110041897 ], [ 100.651471912599149, 14.193606525070352 ] ] ] } },
{ "type": "Feature", "properties": { "cell_id": "33487743", "resolution": 11, "type": "fuller4t", "dggs_topology": "TRIANGLE", "dggs_type": "FULLER4T", "dggs_proj": "FULLER", "dggs_aperture_type": "PURE", "dggs_aperture": 4, "dggs_res_spec": 11 }, "geometry": { "type": "Polygon", "coordinates": [ [ [ 100.714557480392486, 14.156872509213361 ], [ 100.746039220249259, 14.169582885691323 ], [ 100.746093027335206, 14.1385127331097 ], [ 100.714557480392486, 14.156872509213361 ] ] ] } },
{ "type": "Feature", "properties": { "cell_id": "33491841", "resolution": 11, "type": "fuller4t", "dggs_topology": "TRIANGLE", "dggs_type": "FULLER4T", "dggs_proj": "FULLER", "dggs_aperture_type": "PURE", "dggs_aperture": 4, "dggs_res_spec": 11 }, "geometry": { "type": "Polygon", "coordinates": [ [ [ 100.746039220249273, 14.16958288569128 ], [ 100.777522838874177, 14.182286145724246 ], [ 100.777573346098819, 14.151221980068264 ], [ 100.746039220249273, 14.16958288569128 ] ] ] } },
{ "type": "Feature", "properties": { "cell_id": "33487744", "resolution": 11, "type": "fuller4t", "dggs_topology": "TRIANGLE", "dggs_type": "FULLER4T", "dggs_proj": "FULLER", "dggs_aperture_type": "PURE", "dggs_aperture": 4, "dggs_res_spec": 11 }, "geometry": { "type": "Polygon", "coordinates": [ [ [ 100.714500254508096, 14.187948621243789 ], [ 100.746039220249273, 14.16958288569128 ], [ 100.714557480392514, 14.156872509213326 ], [ 100.714500254508096, 14.187948621243789 ] ] ] } },
{ "type": "Feature", "properties": { "cell_id": "33491842", "resolution": 11, "type": "fuller4t", "dggs_topology": "TRIANGLE", "dggs_type": "FULLER4T", "dggs_proj": "FULLER", "dggs_aperture_type": "PURE", "dggs_aperture": 4, "dggs_res_spec": 11 }, "geometry": { "type": "Polygon", "coordinates": [ [ [ 100.745985293292989, 14.200653014524546 ], [ 100.777522838874177, 14.182286145724246 ], [ 100.746039220249273, 14.16958288569128 ], [ 100.745985293292989, 14.200653014524546 ] ] ] } },
{ "type": "Feature", "properties": { "cell_id": "33487745", "resolution": 11, "type": "fuller4t", "dggs_topology": "TRIANGLE", "dggs_type": "FULLER4T", "dggs_proj": "FULLER", "dggs_aperture_type": "PURE", "dggs_aperture": 4, "dggs_res_spec": 11 }, "geometry": { "type": "Polygon", "coordinates": [ [ [ 100.714500254508096, 14.187948621243789 ], [ 100.745985293292989, 14.200653014524546 ], [ 100.746039220249273, 14.16958288569128 ], [ 100.714500254508096, 14.187948621243789 ] ] ] } },
{ "type": "Feature", "properties": { "cell_id": "33491843", "resolution": 11, "type": "fuller4t", "dggs_topology": "TRIANGLE", "dggs_type": "FULLER4T", "dggs_proj": "FULLER", "dggs_aperture_type": "PURE", "dggs_aperture": 4, "dggs_res_spec": 11 }, "geometry": { "type": "Polygon", "coordinates": [ [ [ 100.745985293292989, 14.200653014524546 ], [ 100.777472219231612, 14.213350289127041 ], [ 100.777522838874177, 14.182286145724246 ], [ 100.745985293292989, 14.200653014524546 ] ] ] } },
{ "type": "Feature", "properties": { "cell_id": "33487746", "resolution": 11, "type": "fuller4t", "dggs_topology": "TRIANGLE", "dggs_type": "FULLER4T", "dggs_proj": "FULLER", "dggs_aperture_type": "PURE", "dggs_aperture": 4, "dggs_res_spec": 11 }, "geometry": { "type": "Polygon", "coordinates": [ [ [ 100.714442901255708, 14.219024707910489 ], [ 100.745985293292989, 14.200653014524546 ], [ 100.714500254508096, 14.187948621243789 ], [ 100.714442901255708, 14.219024707910489 ] ] ] } },
{ "type": "Feature", "properties": { "cell_id": "33487747", "resolution": 11, "type": "fuller4t", "dggs_topology": "TRIANGLE", "dggs_type": "FULLER4T", "dggs_proj": "FULLER", "dggs_aperture_type": "PURE", "dggs_aperture": 4, "dggs_res_spec": 11 }, "geometry": { "type": "Polygon", "coordinates": [ [ [ 100.714442901255708, 14.219024707910489 ], [ 100.745931246434324, 14.231723119519069 ], [ 100.745985293292989, 14.200653014524546 ], [ 100.714442901255708, 14.219024707910489 ] ] ] } },
{ "type": "Feature", "properties": { "cell_id": "33491844", "resolution": 11, "type": "fuller4t", "dggs_topology": "TRIANGLE", "dggs_type": "FULLER4T", "dggs_proj": "FULLER", "dggs_aperture_type": "PURE", "dggs_aperture": 4, "dggs_res_spec": 11 }, "geometry": { "type": "Polygon", "coordinates": [ [ [ 100.745931246434324, 14.231723119519069 ], [ 100.777472219231612, 14.213350289127041 ], [ 100.745985293292989, 14.200653014524546 ], [ 100.745931246434324, 14.231723119519069 ] ] ] } },
{ "type": "Feature", "properties": { "cell_id": "33491845", "resolution": 11, "type": "fuller4t", "dggs_topology": "TRIANGLE", "dggs_type": "FULLER4T", "dggs_proj": "FULLER", "dggs_aperture_type": "PURE", "dggs_aperture": 4, "dggs_res_spec": 11 }, "geometry": { "type": "Polygon", "coordinates": [ [ [ 100.745931246434324, 14.231723119519069 ], [ 100.777421487171281, 14.244414410233889 ], [ 100.777472219231612, 14.213350289127041 ], [ 100.745931246434324, 14.231723119519069 ] ] ] } },
{ "type": "Feature", "properties": { "cell_id": "33483648", "resolution": 11, "type": "fuller4t", "dggs_topology": "TRIANGLE", "dggs_type": "FULLER4T", "dggs_proj": "FULLER", "dggs_aperture_type": "PURE", "dggs_aperture": 4, "dggs_res_spec": 11 }, "geometry": { "type": "Polygon", "coordinates": [ [ [ 100.682956455405701, 14.206319176187645 ], [ 100.714500254508096, 14.187948621243784 ], [ 100.683017106634239, 14.175237110041897 ], [ 100.682956455405701, 14.206319176187645 ] ] ] } },
{ "type": "Feature", "properties": { "cell_id": "33483649", "resolution": 11, "type": "fuller4t", "dggs_topology": "TRIANGLE", "dggs_type": "FULLER4T", "dggs_proj": "FULLER", "dggs_aperture_type": "PURE", "dggs_aperture": 4, "dggs_res_spec": 11 }, "geometry": { "type": "Polygon", "coordinates": [ [ [ 100.682956455405701, 14.206319176187645 ], [ 100.714442901255708, 14.219024707910489 ], [ 100.714500254508096, 14.187948621243784 ], [ 100.682956455405701, 14.206319176187645 ] ] ] } },
{ "type": "Feature", "properties": { "cell_id": "33512328", "resolution": 11, "type": "fuller4t", "dggs_topology": "TRIANGLE", "dggs_type": "FULLER4T", "dggs_proj": "FULLER", "dggs_aperture_type": "PURE", "dggs_aperture": 4, "dggs_res_spec": 11 }, "geometry": { "type": "Polygon", "coordinates": [ [ [ 100.903513249326537, 14.20198781062803 ], [ 100.935036670159278, 14.183627262830024 ], [ 100.903550390573756, 14.170947598583671 ], [ 100.903513249326537, 14.20198781062803 ] ] ] } },
{ "type": "Feature", "properties": { "cell_id": "33512329", "resolution": 11, "type": "fuller4t", "dggs_topology": "TRIANGLE", "dggs_type": "FULLER4T", "dggs_proj": "FULLER", "dggs_aperture_type": "PURE", "dggs_aperture": 4, "dggs_res_spec": 11 }, "geometry": { "type": "Polygon", "coordinates": [ [ [ 100.903513249326537, 14.20198781062803 ], [ 100.93500286331502, 14.214661475404107 ], [ 100.935036670159278, 14.183627262830024 ], [ 100.903513249326537, 14.20198781062803 ] ] ] } },
{ "type": "Feature", "properties": { "cell_id": "33512330", "resolution": 11, "type": "fuller4t", "dggs_topology": "TRIANGLE", "dggs_type": "FULLER4T", "dggs_proj": "FULLER", "dggs_aperture_type": "PURE", "dggs_aperture": 4, "dggs_res_spec": 11 }, "geometry": { "type": "Polygon", "coordinates": [ [ [ 100.903476025565425, 14.233028006474829 ], [ 100.93500286331502, 14.214661475404107 ], [ 100.903513249326537, 14.20198781062803 ], [ 100.903476025565425, 14.233028006474829 ] ] ] } },
{ "type": "Feature", "properties": { "cell_id": "33512331", "resolution": 11, "type": "fuller4t", "dggs_topology": "TRIANGLE", "dggs_type": "FULLER4T", "dggs_proj": "FULLER", "dggs_aperture_type": "PURE", "dggs_aperture": 4, "dggs_res_spec": 11 }, "geometry": { "type": "Polygon", "coordinates": [ [ [ 100.903476025565425, 14.233028006474829 ], [ 100.934968981440335, 14.245695673272538 ], [ 100.93500286331502, 14.214661475404107 ], [ 100.903476025565425, 14.233028006474829 ] ] ] } },
{ "type": "Feature", "properties": { "cell_id": "33516428", "resolution": 11, "type": "fuller4t", "dggs_topology": "TRIANGLE", "dggs_type": "FULLER4T", "dggs_proj": "FULLER", "dggs_aperture_type": "PURE", "dggs_aperture": 4, "dggs_res_spec": 11 }, "geometry": { "type": "Polygon", "coordinates": [ [ [ 100.934968981440349, 14.245695673272545 ], [ 100.966494325006806, 14.227328021642535 ], [ 100.93500286331502, 14.214661475404107 ], [ 100.934968981440349, 14.245695673272545 ] ] ] } },
{ "type": "Feature", "properties": { "cell_id": "33516429", "resolution": 11, "type": "fuller4t", "dggs_topology": "TRIANGLE", "dggs_type": "FULLER4T", "dggs_proj": "FULLER", "dggs_aperture_type": "PURE", "dggs_aperture": 4, "dggs_res_spec": 11 }, "geometry": { "type": "Polygon", "coordinates": [ [ [ 100.934968981440349, 14.245695673272545 ], [ 100.966463793452391, 14.258356219349199 ], [ 100.966494325006806, 14.227328021642535 ], [ 100.934968981440349, 14.245695673272545 ] ] ] } },
{ "type": "Feature", "properties": { "cell_id": "33512332", "resolution": 11, "type": "fuller4t", "dggs_topology": "TRIANGLE", "dggs_type": "FULLER4T", "dggs_proj": "FULLER", "dggs_aperture_type": "PURE", "dggs_aperture": 4, "dggs_res_spec": 11 }, "geometry": { "type": "Polygon", "coordinates": [ [ [ 100.903438719306536, 14.264068186115631 ], [ 100.934968981440335, 14.245695673272538 ], [ 100.903476025565425, 14.233028006474829 ], [ 100.903438719306536, 14.264068186115631 ] ] ] } },
{ "type": "Feature", "properties": { "cell_id": "33516430", "resolution": 11, "type": "fuller4t", "dggs_topology": "TRIANGLE", "dggs_type": "FULLER4T", "dggs_proj": "FULLER", "dggs_aperture_type": "PURE", "dggs_aperture": 4, "dggs_res_spec": 11 }, "geometry": { "type": "Polygon", "coordinates": [ [ [ 100.934935024567395, 14.276729856452089 ], [ 100.966463793452391, 14.258356219349199 ], [ 100.934968981440335, 14.245695673272538 ], [ 100.934935024567395, 14.276729856452089 ] ] ] } },
{ "type": "Feature", "properties": { "cell_id": "33504137", "resolution": 11, "type": "fuller4t", "dggs_topology": "TRIANGLE", "dggs_type": "FULLER4T", "dggs_proj": "FULLER", "dggs_aperture_type": "PURE", "dggs_aperture": 4, "dggs_res_spec": 11 }, "geometry": { "type": "Polygon", "coordinates": [ [ [ 100.840451717537633, 14.238723479350071 ], [ 100.871944282387162, 14.251399393538112 ], [ 100.871984929598355, 14.220353219624171 ], [ 100.840451717537633, 14.238723479350071 ] ] ] } },
{ "type": "Feature", "properties": { "cell_id": "33508235", "resolution": 11, "type": "fuller4t", "dggs_topology": "TRIANGLE", "dggs_type": "FULLER4T", "dggs_proj": "FULLER", "dggs_aperture_type": "PURE", "dggs_aperture": 4, "dggs_res_spec": 11 }, "geometry": { "type": "Polygon", "coordinates": [ [ [ 100.87194428238719, 14.251399393538078 ], [ 100.903438719306536, 14.264068186115631 ], [ 100.903476025565425, 14.233028006474829 ], [ 100.87194428238719, 14.251399393538078 ] ] ] } },
{ "type": "Feature", "properties": { "cell_id": "33504138", "resolution": 11, "type": "fuller4t", "dggs_topology": "TRIANGLE", "dggs_type": "FULLER4T", "dggs_proj": "FULLER", "dggs_aperture_type": "PURE", "dggs_aperture": 4, "dggs_res_spec": 11 }, "geometry": { "type": "Polygon", "coordinates": [ [ [ 100.840407640300739, 14.269775626035727 ], [ 100.87194428238719, 14.251399393538078 ], [ 100.840451717537633, 14.238723479350071 ], [ 100.840407640300739, 14.269775626035727 ] ] ] } },
{ "type": "Feature", "properties": { "cell_id": "33508236", "resolution": 11, "type": "fuller4t", "dggs_topology": "TRIANGLE", "dggs_type": "FULLER4T", "dggs_proj": "FULLER", "dggs_aperture_type": "PURE", "dggs_aperture": 4, "dggs_res_spec": 11 }, "geometry": { "type": "Polygon", "coordinates": [ [ [ 100.871903545165623, 14.282445549668038 ], [ 100.903438719306536, 14.264068186115631 ], [ 100.87194428238719, 14.251399393538078 ], [ 100.871903545165623, 14.282445549668038 ] ] ] } },
{ "type": "Feature", "properties": { "cell_id": "33504139", "resolution": 11, "type": "fuller4t", "dggs_topology": "TRIANGLE", "dggs_type": "FULLER4T", "dggs_proj": "FULLER", "dggs_aperture_type": "PURE", "dggs_aperture": 4, "dggs_res_spec": 11 }, "geometry": { "type": "Polygon", "coordinates": [ [ [ 100.840407640300739, 14.269775626035727 ], [ 100.871903545165623, 14.282445549668038 ], [ 100.87194428238719, 14.251399393538078 ], [ 100.840407640300739, 14.269775626035727 ] ] ] } },
{ "type": "Feature", "properties": { "cell_id": "33508237", "resolution": 11, "type": "fuller4t", "dggs_topology": "TRIANGLE", "dggs_type": "FULLER4T", "dggs_proj": "FULLER", "dggs_aperture_type": "PURE", "dggs_aperture": 4, "dggs_res_spec": 11 }, "geometry": { "type": "Polygon", "coordinates": [ [ [ 100.871903545165623, 14.282445549668038 ], [ 100.903401330549954, 14.295108349519417 ], [ 100.903438719306536, 14.264068186115631 ], [ 100.871903545165623, 14.282445549668038 ] ] ] } },
{ "type": "Feature", "properties": { "cell_id": "33500040", "resolution": 11, "type": "fuller4t", "dggs_topology": "TRIANGLE", "dggs_type": "FULLER4T", "dggs_proj": "FULLER", "dggs_aperture_type": "PURE", "dggs_aperture": 4, "dggs_res_spec": 11 }, "geometry": { "type": "Polygon", "coordinates": [ [ [ 100.80891361970545, 14.257098579305275 ], [ 100.840451717537633, 14.238723479350071 ], [ 100.808961028559594, 14.226040444301365 ], [ 100.80891361970545, 14.257098579305275 ] ] ] } },
{ "type": "Feature", "properties": { "cell_id": "33495943", "resolution": 11, "type": "fuller4t", "dggs_topology": "TRIANGLE", "dggs_type": "FULLER4T", "dggs_proj": "FULLER", "dggs_aperture_type": "PURE", "dggs_aperture": 4, "dggs_res_spec": 11 }, "geometry": { "type": "Polygon", "coordinates": [ [ [ 100.777421487171281, 14.244414410233896 ], [ 100.808913619705478, 14.257098579305286 ], [ 100.808961028559608, 14.226040444301372 ], [ 100.777421487171281, 14.244414410233896 ] ] ] } },
{ "type": "Feature", "properties": { "cell_id": "33500041", "resolution": 11, "type": "fuller4t", "dggs_topology": "TRIANGLE", "dggs_type": "FULLER4T", "dggs_proj": "FULLER", "dggs_aperture_type": "PURE", "dggs_aperture": 4, "dggs_res_spec": 11 }, "geometry": { "type": "Polygon", "coordinates": [ [ [ 100.80891361970545, 14.257098579305275 ], [ 100.840407640300739, 14.269775626035727 ], [ 100.840451717537633, 14.238723479350071 ], [ 100.80891361970545, 14.257098579305275 ] ] ] } },
{ "type": "Feature", "properties": { "cell_id": "33512333", "resolution": 11, "type": "fuller4t", "dggs_topology": "TRIANGLE", "dggs_type": "FULLER4T", "dggs_proj": "FULLER", "dggs_aperture_type": "PURE", "dggs_aperture": 4, "dggs_res_spec": 11 }, "geometry": { "type": "Polygon", "coordinates": [ [ [ 100.903438719306536, 14.264068186115631 ], [ 100.934935024567395, 14.276729856452089 ], [ 100.934968981440335, 14.245695673272538 ], [ 100.903438719306536, 14.264068186115631 ] ] ] } },
{ "type": "Feature", "properties": { "cell_id": "33516431", "resolution": 11, "type": "fuller4t", "dggs_topology": "TRIANGLE", "dggs_type": "FULLER4T", "dggs_proj": "FULLER", "dggs_aperture_type": "PURE", "dggs_aperture": 4, "dggs_res_spec": 11 }, "geometry": { "type": "Polygon", "coordinates": [ [ [ 100.934935024567395, 14.276729856452089 ], [ 100.966433194353954, 14.289384403812356 ], [ 100.966463793452391, 14.258356219349199 ], [ 100.934935024567395, 14.276729856452089 ] ] ] } },
{ "type": "Feature", "properties": { "cell_id": "33442635", "resolution": 11, "type": "fuller4t", "dggs_topology": "TRIANGLE", "dggs_type": "FULLER4T", "dggs_proj": "FULLER", "dggs_aperture_type": "PURE", "dggs_aperture": 4, "dggs_res_spec": 11 }, "geometry": { "type": "Polygon", "coordinates": [ [ [ 100.369752709917933, 13.549457160008837 ], [ 100.401166328549934, 13.562335336347259 ], [ 100.40125285468001, 13.531198874071144 ], [ 100.369752709917933, 13.549457160008837 ] ] ] } },
{ "type": "Feature", "properties": { "cell_id": "33442636", "resolution": 11, "type": "fuller4t", "dggs_topology": "TRIANGLE", "dggs_type": "FULLER4T", "dggs_proj": "FULLER", "dggs_aperture_type": "PURE", "dggs_aperture": 4, "dggs_res_spec": 11 }, "geometry": { "type": "Polygon", "coordinates": [ [ [ 100.36966288696604, 13.580599565148264 ], [ 100.401166328549934, 13.562335336347259 ], [ 100.369752709917918, 13.549457160008826 ], [ 100.36966288696604, 13.580599565148264 ] ] ] } },
{ "type": "Feature", "properties": { "cell_id": "33442637", "resolution": 11, "type": "fuller4t", "dggs_topology": "TRIANGLE", "dggs_type": "FULLER4T", "dggs_proj": "FULLER", "dggs_aperture_type": "PURE", "dggs_aperture": 4, "dggs_res_spec": 11 }, "geometry": { "type": "Polygon", "coordinates": [ [ [ 100.36966288696604, 13.580599565148264 ], [ 100.401079600828467, 13.593471759414733 ], [ 100.401166328549934, 13.562335336347259 ], [ 100.36966288696604, 13.580599565148264 ] ] ] } },
{ "type": "Feature", "properties": { "cell_id": "33442638", "resolution": 11, "type": "fuller4t", "dggs_topology": "TRIANGLE", "dggs_type": "FULLER4T", "dggs_proj": "FULLER", "dggs_aperture_type": "PURE", "dggs_aperture": 4, "dggs_res_spec": 11 }, "geometry": { "type": "Polygon", "coordinates": [ [ [ 100.369572855006112, 13.611741929498033 ], [ 100.401079600828496, 13.59347175941474 ], [ 100.36966288696604, 13.580599565148264 ], [ 100.369572855006112, 13.611741929498033 ] ] ] } },
{ "type": "Feature", "properties": { "cell_id": "33442639", "resolution": 11, "type": "fuller4t", "dggs_topology": "TRIANGLE", "dggs_type": "FULLER4T", "dggs_proj": "FULLER", "dggs_aperture_type": "PURE", "dggs_aperture": 4, "dggs_res_spec": 11 }, "geometry": { "type": "Polygon", "coordinates": [ [ [ 100.369572855006112, 13.611741929498033 ], [ 100.400992671515979, 13.624608143195124 ], [ 100.401079600828496, 13.59347175941474 ], [ 100.369572855006112, 13.611741929498033 ] ] ] } },
{ "type": "Feature", "properties": { "cell_id": "33442640", "resolution": 11, "type": "fuller4t", "dggs_topology": "TRIANGLE", "dggs_type": "FULLER4T", "dggs_proj": "FULLER", "dggs_aperture_type": "PURE", "dggs_aperture": 4, "dggs_res_spec": 11 }, "geometry": { "type": "Polygon", "coordinates": [ [ [ 100.369482614006373, 13.642884252931513 ], [ 100.400992671515979, 13.624608143195124 ], [ 100.369572855006098, 13.611741929498024 ], [ 100.369482614006373, 13.642884252931513 ] ] ] } },
{ "type": "Feature", "properties": { "cell_id": "33438543", "resolution": 11, "type": "fuller4t", "dggs_topology": "TRIANGLE", "dggs_type": "FULLER4T", "dggs_proj": "FULLER", "dggs_aperture_type": "PURE", "dggs_aperture": 4, "dggs_res_spec": 11 }, "geometry": { "type": "Polygon", "coordinates": [ [ [ 100.338061510690792, 13.630016937609488 ], [ 100.369482614006373, 13.642884252931513 ], [ 100.369572855006112, 13.611741929498033 ], [ 100.338061510690792, 13.630016937609488 ] ] ] } },
{ "type": "Feature", "properties": { "cell_id": "33442641", "resolution": 11, "type": "fuller4t", "dggs_topology": "TRIANGLE", "dggs_type": "FULLER4T", "dggs_proj": "FULLER", "dggs_aperture_type": "PURE", "dggs_aperture": 4, "dggs_res_spec": 11 }, "geometry": { "type": "Polygon", "coordinates": [ [ [ 100.369482614006373, 13.642884252931513 ], [ 100.400905540580666, 13.655744487564913 ], [ 100.400992671515979, 13.624608143195124 ], [ 100.369482614006373, 13.642884252931513 ] ] ] } },
{ "type": "Feature", "properties": { "cell_id": "33438544", "resolution": 11, "type": "fuller4t", "dggs_topology": "TRIANGLE", "dggs_type": "FULLER4T", "dggs_proj": "FULLER", "dggs_aperture_type": "PURE", "dggs_aperture": 4, "dggs_res_spec": 11 }, "geometry": { "type": "Polygon", "coordinates": [ [ [ 100.337967951465004, 13.661165195389811 ], [ 100.369482614006373, 13.642884252931513 ], [ 100.338061510690821, 13.630016937609454 ], [ 100.337967951465004, 13.661165195389811 ] ] ] } },
{ "type": "Feature", "properties": { "cell_id": "33438545", "resolution": 11, "type": "fuller4t", "dggs_topology": "TRIANGLE", "dggs_type": "FULLER4T", "dggs_proj": "FULLER", "dggs_aperture_type": "PURE", "dggs_aperture": 4, "dggs_res_spec": 11 }, "geometry": { "type": "Polygon", "coordinates": [ [ [ 100.337967951465004, 13.661165195389811 ], [ 100.36939216395119, 13.674026535344439 ], [ 100.369482614006373, 13.642884252931513 ], [ 100.337967951465004, 13.661165195389811 ] ] ] } },
{ "type": "Feature", "properties": { "cell_id": "33442642", "resolution": 11, "type": "fuller4t", "dggs_topology": "TRIANGLE", "dggs_type": "FULLER4T", "dggs_proj": "FULLER", "dggs_aperture_type": "PURE", "dggs_aperture": 4, "dggs_res_spec": 11 }, "geometry": { "type": "Polygon", "coordinates": [ [ [ 100.36939216395119, 13.674026535344439 ], [ 100.400905540580666, 13.655744487564913 ], [ 100.369482614006373, 13.642884252931513 ], [ 100.36939216395119, 13.674026535344439 ] ] ] } },
{ "type": "Feature", "properties": { "cell_id": "33442643", "resolution": 11, "type": "fuller4t", "dggs_topology": "TRIANGLE", "dggs_type": "FULLER4T", "dggs_proj": "FULLER", "dggs_aperture_type": "PURE", "dggs_aperture": 4, "dggs_res_spec": 11 }, "geometry": { "type": "Polygon", "coordinates": [ [ [ 100.36939216395119, 13.674026535344439 ], [ 100.400818208006811, 13.686880792423034 ], [ 100.400905540580666, 13.655744487564913 ], [ 100.36939216395119, 13.674026535344439 ] ] ] } },
{ "type": "Feature", "properties": { "cell_id": "33438546", "resolution": 11, "type": "fuller4t", "dggs_topology": "TRIANGLE", "dggs_type": "FULLER4T", "dggs_proj": "FULLER", "dggs_aperture_type": "PURE", "dggs_aperture": 4, "dggs_res_spec": 11 }, "geometry": { "type": "Polygon", "coordinates": [ [ [ 100.337874175770111, 13.692313410551947 ], [ 100.36939216395119, 13.674026535344439 ], [ 100.337967951465004, 13.661165195389811 ], [ 100.337874175770111, 13.692313410551947 ] ] ] } },
{ "type": "Feature", "properties": { "cell_id": "33438547", "resolution": 11, "type": "fuller4t", "dggs_topology": "TRIANGLE", "dggs_type": "FULLER4T", "dggs_proj": "FULLER", "dggs_aperture_type": "PURE", "dggs_aperture": 4, "dggs_res_spec": 11 }, "geometry": { "type": "Polygon", "coordinates": [ [ [ 100.337874175770111, 13.692313410551947 ], [ 100.369301504824804, 13.705168776632584 ], [ 100.36939216395119, 13.674026535344439 ], [ 100.337874175770111, 13.692313410551947 ] ] ] } },
{ "type": "Feature", "properties": { "cell_id": "33442644", "resolution": 11, "type": "fuller4t", "dggs_topology": "TRIANGLE", "dggs_type": "FULLER4T", "dggs_proj": "FULLER", "dggs_aperture_type": "PURE", "dggs_aperture": 4, "dggs_res_spec": 11 }, "geometry": { "type": "Polygon", "coordinates": [ [ [ 100.369301504824804, 13.705168776632584 ], [ 100.400818208006811, 13.686880792423034 ], [ 100.36939216395119, 13.674026535344439 ], [ 100.369301504824804, 13.705168776632584 ] ] ] } },
{ "type": "Feature", "properties": { "cell_id": "33442645", "resolution": 11, "type": "fuller4t", "dggs_topology": "TRIANGLE", "dggs_type": "FULLER4T", "dggs_proj": "FULLER", "dggs_aperture_type": "PURE", "dggs_aperture": 4, "dggs_res_spec": 11 }, "geometry": { "type": "Polygon", "coordinates": [ [ [ 100.369301504824804, 13.705168776632584 ], [ 100.400730673794769, 13.718017057690865 ], [ 100.400818208006811, 13.686880792423034 ], [ 100.369301504824804, 13.705168776632584 ] ] ] } },
{ "type": "Feature", "properties": { "cell_id": "33434449", "resolution": 11, "type": "fuller4t", "dggs_topology": "TRIANGLE", "dggs_type": "FULLER4T", "dggs_proj": "FULLER", "dggs_aperture_type": "PURE", "dggs_aperture": 4, "dggs_res_spec": 11 }, "geometry": { "type": "Polygon", "coordinates": [ [ [ 100.306448690370829, 13.679450960345358 ], [ 100.337874175770111, 13.69231341055194 ], [ 100.337967951464989, 13.661165195389806 ], [ 100.306448690370829, 13.679450960345358 ] ] ] } },
{ "type": "Feature", "properties": { "cell_id": "33434450", "resolution": 11, "type": "fuller4t", "dggs_topology": "TRIANGLE", "dggs_type": "FULLER4T", "dggs_proj": "FULLER", "dggs_aperture_type": "PURE", "dggs_aperture": 4, "dggs_res_spec": 11 }, "geometry": { "type": "Polygon", "coordinates": [ [ [ 100.306351582506124, 13.710605102918221 ], [ 100.337874175770111, 13.69231341055194 ], [ 100.306448690370829, 13.679450960345358 ], [ 100.306351582506124, 13.710605102918221 ] ] ] } },
{ "type": "Feature", "properties": { "cell_id": "33434451", "resolution": 11, "type": "fuller4t", "dggs_topology": "TRIANGLE", "dggs_type": "FULLER4T", "dggs_proj": "FULLER", "dggs_aperture_type": "PURE", "dggs_aperture": 4, "dggs_res_spec": 11 }, "geometry": { "type": "Polygon", "coordinates": [ [ [ 100.306351582506124, 13.710605102918221 ], [ 100.337780183558394, 13.723461582943296 ], [ 100.337874175770111, 13.69231341055194 ], [ 100.306351582506124, 13.710605102918221 ] ] ] } },
{ "type": "Feature", "properties": { "cell_id": "33434452", "resolution": 11, "type": "fuller4t", "dggs_topology": "TRIANGLE", "dggs_type": "FULLER4T", "dggs_proj": "FULLER", "dggs_aperture_type": "PURE", "dggs_aperture": 4, "dggs_res_spec": 11 }, "geometry": { "type": "Polygon", "coordinates": [ [ [ 100.306254250698075, 13.74175920108639 ], [ 100.337780183558422, 13.723461582943262 ], [ 100.306351582506139, 13.710605102918178 ], [ 100.306254250698075, 13.74175920108639 ] ] ] } },
{ "type": "Feature", "properties": { "cell_id": "33434453", "resolution": 11, "type": "fuller4t", "dggs_topology": "TRIANGLE", "dggs_type": "FULLER4T", "dggs_proj": "FULLER", "dggs_aperture_type": "PURE", "dggs_aperture": 4, "dggs_res_spec": 11 }, "geometry": { "type": "Polygon", "coordinates": [ [ [ 100.306254250698075, 13.74175920108639 ], [ 100.337685974814235, 13.754609712456274 ], [ 100.337780183558422, 13.723461582943262 ], [ 100.306254250698075, 13.74175920108639 ] ] ] } },
{ "type": "Feature", "properties": { "cell_id": "33438548", "resolution": 11, "type": "fuller4t", "dggs_topology": "TRIANGLE", "dggs_type": "FULLER4T", "dggs_proj": "FULLER", "dggs_aperture_type": "PURE", "dggs_aperture": 4, "dggs_res_spec": 11 }, "geometry": { "type": "Polygon", "coordinates": [ [ [ 100.337780183558408, 13.723461582943305 ], [ 100.369301504824804, 13.705168776632584 ], [ 100.337874175770111, 13.692313410551947 ], [ 100.337780183558408, 13.723461582943305 ] ] ] } },
{ "type": "Feature", "properties": { "cell_id": "33442646", "resolution": 11, "type": "fuller4t", "dggs_topology": "TRIANGLE", "dggs_type": "FULLER4T", "dggs_proj": "FULLER", "dggs_aperture_type": "PURE", "dggs_aperture": 4, "dggs_res_spec": 11 }, "geometry": { "type": "Polygon", "coordinates": [ [ [ 100.369210636611584, 13.7363109766916 ], [ 100.400730673794754, 13.718017057690854 ], [ 100.369301504824818, 13.70516877663254 ], [ 100.369210636611584, 13.7363109766916 ] ] ] } },
{ "type": "Feature", "properties": { "cell_id": "33438549", "resolution": 11, "type": "fuller4t", "dggs_topology": "TRIANGLE", "dggs_type": "FULLER4T", "dggs_proj": "FULLER", "dggs_aperture_type": "PURE", "dggs_aperture": 4, "dggs_res_spec": 11 }, "geometry": { "type": "Polygon", "coordinates": [ [ [ 100.337780183558408, 13.723461582943305 ], [ 100.369210636611584, 13.736310976691607 ], [ 100.369301504824804, 13.705168776632584 ], [ 100.337780183558408, 13.723461582943305 ] ] ] } },
{ "type": "Feature", "properties": { "cell_id": "33442647", "resolution": 11, "type": "fuller4t", "dggs_topology": "TRIANGLE", "dggs_type": "FULLER4T", "dggs_proj": "FULLER", "dggs_aperture_type": "PURE", "dggs_aperture": 4, "dggs_res_spec": 11 }, "geometry": { "type": "Polygon", "coordinates": [ [ [ 100.369210636611584, 13.7363109766916 ], [ 100.400642937928751, 13.749153283267267 ], [ 100.400730673794754, 13.718017057690854 ], [ 100.369210636611584, 13.7363109766916 ] ] ] } },
{ "type": "Feature", "properties": { "cell_id": "33438550", "resolution": 11, "type": "fuller4t", "dggs_topology": "TRIANGLE", "dggs_type": "FULLER4T", "dggs_proj": "FULLER", "dggs_aperture_type": "PURE", "dggs_aperture": 4, "dggs_res_spec": 11 }, "geometry": { "type": "Polygon", "coordinates": [ [ [ 100.337685974814235, 13.754609712456274 ], [ 100.369210636611584, 13.7363109766916 ], [ 100.337780183558394, 13.723461582943296 ], [ 100.337685974814235, 13.754609712456274 ] ] ] } },
{ "type": "Feature", "properties": { "cell_id": "33438551", "resolution": 11, "type": "fuller4t", "dggs_topology": "TRIANGLE", "dggs_type": "FULLER4T", "dggs_proj": "FULLER", "dggs_aperture_type": "PURE", "dggs_aperture": 4, "dggs_res_spec": 11 }, "geometry": { "type": "Polygon", "coordinates": [ [ [ 100.337685974814235, 13.754609712456274 ], [ 100.369119559279753, 13.767453135394588 ], [ 100.369210636611584, 13.7363109766916 ], [ 100.337685974814235, 13.754609712456274 ] ] ] } },
{ "type": "Feature", "properties": { "cell_id": "33442648", "resolution": 11, "type": "fuller4t", "dggs_topology": "TRIANGLE", "dggs_type": "FULLER4T", "dggs_proj": "FULLER", "dggs_aperture_type": "PURE", "dggs_aperture": 4, "dggs_res_spec": 11 }, "geometry": { "type": "Polygon", "coordinates": [ [ [ 100.369119559279753, 13.767453135394588 ], [ 100.400642937928737, 13.74915328326731 ], [ 100.369210636611584, 13.736310976691607 ], [ 100.369119559279753, 13.767453135394588 ] ] ] } },
{ "type": "Feature", "properties": { "cell_id": "33442649", "resolution": 11, "type": "fuller4t", "dggs_topology": "TRIANGLE", "dggs_type": "FULLER4T", "dggs_proj": "FULLER", "dggs_aperture_type": "PURE", "dggs_aperture": 4, "dggs_res_spec": 11 }, "geometry": { "type": "Polygon", "coordinates": [ [ [ 100.369119559279753, 13.767453135394588 ], [ 100.400555000377054, 13.780289469028496 ], [ 100.400642937928737, 13.74915328326731 ], [ 100.369119559279753, 13.767453135394588 ] ] ] } },
{ "type": "Feature", "properties": { "cell_id": "33438552", "resolution": 11, "type": "fuller4t", "dggs_topology": "TRIANGLE", "dggs_type": "FULLER4T", "dggs_proj": "FULLER", "dggs_aperture_type": "PURE", "dggs_aperture": 4, "dggs_res_spec": 11 }, "geometry": { "type": "Polygon", "coordinates": [ [ [ 100.337591549537976, 13.785757799005822 ], [ 100.369119559279753, 13.767453135394588 ], [ 100.337685974814249, 13.754609712456283 ], [ 100.337591549537976, 13.785757799005822 ] ] ] } },
{ "type": "Feature", "properties": { "cell_id": "33442650", "resolution": 11, "type": "fuller4t", "dggs_topology": "TRIANGLE", "dggs_type": "FULLER4T", "dggs_proj": "FULLER", "dggs_aperture_type": "PURE", "dggs_aperture": 4, "dggs_res_spec": 11 }, "geometry": { "type": "Polygon", "coordinates": [ [ [ 100.369028272845696, 13.798595252682045 ], [ 100.400555000377054, 13.780289469028491 ], [ 100.369119559279753, 13.767453135394588 ], [ 100.369028272845696, 13.798595252682045 ] ] ] } },
{ "type": "Feature", "properties": { "cell_id": "33434454", "resolution": 11, "type": "fuller4t", "dggs_topology": "TRIANGLE", "dggs_type": "FULLER4T", "dggs_proj": "FULLER", "dggs_aperture_type": "PURE", "dggs_aperture": 4, "dggs_res_spec": 11 }, "geometry": { "type": "Polygon", "coordinates": [ [ [ 100.306156694915032, 13.772913254716663 ], [ 100.337685974814235, 13.754609712456274 ], [ 100.306254250698075, 13.74175920108639 ], [ 100.306156694915032, 13.772913254716663 ] ] ] } },
{ "type": "Feature", "properties": { "cell_id": "33434455", "resolution": 11, "type": "fuller4t", "dggs_topology": "TRIANGLE", "dggs_type": "FULLER4T", "dggs_proj": "FULLER", "dggs_aperture_type": "PURE", "dggs_aperture": 4, "dggs_res_spec": 11 }, "geometry": { "type": "Polygon", "coordinates": [ [ [ 100.306156694915032, 13.772913254716663 ], [ 100.337591549537947, 13.785757799005802 ], [ 100.337685974814235, 13.754609712456274 ], [ 100.306156694915032, 13.772913254716663 ] ] ] } },
{ "type": "Feature", "properties": { "cell_id": "33434456", "resolution": 11, "type": "fuller4t", "dggs_topology": "TRIANGLE", "dggs_type": "FULLER4T", "dggs_proj": "FULLER", "dggs_aperture_type": "PURE", "dggs_aperture": 4, "dggs_res_spec": 11 }, "geometry": { "type": "Polygon", "coordinates": [ [ [ 100.306058915157294, 13.804067263720565 ], [ 100.337591549537976, 13.785757799005768 ], [ 100.306156694915018, 13.772913254716658 ], [ 100.306058915157294, 13.804067263720565 ] ] ] } },
{ "type": "Feature", "properties": { "cell_id": "33434457", "resolution": 11, "type": "fuller4t", "dggs_topology": "TRIANGLE", "dggs_type": "FULLER4T", "dggs_proj": "FULLER", "dggs_aperture_type": "PURE", "dggs_aperture": 4, "dggs_res_spec": 11 }, "geometry": { "type": "Polygon", "coordinates": [ [ [ 100.306058915157294, 13.804067263720565 ], [ 100.337496907681896, 13.81690584243908 ], [ 100.337591549537976, 13.785757799005768 ], [ 100.306058915157294, 13.804067263720565 ] ] ] } },
{ "type": "Feature", "properties": { "cell_id": "33434458", "resolution": 11, "type": "fuller4t", "dggs_topology": "TRIANGLE", "dggs_type": "FULLER4T", "dggs_proj": "FULLER", "dggs_aperture_type": "PURE", "dggs_aperture": 4, "dggs_res_spec": 11 }, "geometry": { "type": "Polygon", "coordinates": [ [ [ 100.305960911409343, 13.835221227987146 ], [ 100.337496907681896, 13.81690584243908 ], [ 100.306058915157294, 13.804067263720565 ], [ 100.305960911409343, 13.835221227987146 ] ] ] } },
{ "type": "Feature", "properties": { "cell_id": "33438553", "resolution": 11, "type": "fuller4t", "dggs_topology": "TRIANGLE", "dggs_type": "FULLER4T", "dggs_proj": "FULLER", "dggs_aperture_type": "PURE", "dggs_aperture": 4, "dggs_res_spec": 11 }, "geometry": { "type": "Polygon", "coordinates": [ [ [ 100.337591549537976, 13.785757799005822 ], [ 100.369028272845711, 13.798595252682054 ], [ 100.369119559279753, 13.767453135394588 ], [ 100.337591549537976, 13.785757799005822 ] ] ] } },
{ "type": "Feature", "properties": { "cell_id": "33442651", "resolution": 11, "type": "fuller4t", "dggs_topology": "TRIANGLE", "dggs_type": "FULLER4T", "dggs_proj": "FULLER", "dggs_aperture_type": "PURE", "dggs_aperture": 4, "dggs_res_spec": 11 }, "geometry": { "type": "Polygon", "coordinates": [ [ [ 100.369028272845696, 13.798595252682045 ], [ 100.400466861123931, 13.811425614873162 ], [ 100.400555000377054, 13.780289469028491 ], [ 100.369028272845696, 13.798595252682045 ] ] ] } },
{ "type": "Feature", "properties": { "cell_id": "33438554", "resolution": 11, "type": "fuller4t", "dggs_topology": "TRIANGLE", "dggs_type": "FULLER4T", "dggs_proj": "FULLER", "dggs_aperture_type": "PURE", "dggs_aperture": 4, "dggs_res_spec": 11 }, "geometry": { "type": "Polygon", "coordinates": [ [ [ 100.337496907681881, 13.816905842439123 ], [ 100.369028272845696, 13.798595252682045 ], [ 100.337591549537947, 13.785757799005802 ], [ 100.337496907681881, 13.816905842439123 ] ] ] } },
{ "type": "Feature", "properties": { "cell_id": "33438555", "resolution": 11, "type": "fuller4t", "dggs_topology": "TRIANGLE", "dggs_type": "FULLER4T", "dggs_proj": "FULLER", "dggs_aperture_type": "PURE", "dggs_aperture": 4, "dggs_res_spec": 11 }, "geometry": { "type": "Polygon", "coordinates": [ [ [ 100.337496907681881, 13.816905842439123 ], [ 100.368936777261652, 13.829737328404498 ], [ 100.369028272845696, 13.798595252682045 ], [ 100.337496907681881, 13.816905842439123 ] ] ] } },
{ "type": "Feature", "properties": { "cell_id": "33442652", "resolution": 11, "type": "fuller4t", "dggs_topology": "TRIANGLE", "dggs_type": "FULLER4T", "dggs_proj": "FULLER", "dggs_aperture_type": "PURE", "dggs_aperture": 4, "dggs_res_spec": 11 }, "geometry": { "type": "Polygon", "coordinates": [ [ [ 100.368936777261652, 13.829737328404498 ], [ 100.400466861123931, 13.811425614873162 ], [ 100.369028272845696, 13.798595252682045 ], [ 100.368936777261652, 13.829737328404498 ] ] ] } },
{ "type": "Feature", "properties": { "cell_id": "33442653", "resolution": 11, "type": "fuller4t", "dggs_topology": "TRIANGLE", "dggs_type": "FULLER4T", "dggs_proj": "FULLER", "dggs_aperture_type": "PURE", "dggs_aperture": 4, "dggs_res_spec": 11 }, "geometry": { "type": "Polygon", "coordinates": [ [ [ 100.368936777261652, 13.829737328404498 ], [ 100.40037852016971, 13.842561720722406 ], [ 100.400466861123931, 13.811425614873162 ], [ 100.368936777261652, 13.829737328404498 ] ] ] } },
{ "type": "Feature", "properties": { "cell_id": "33438556", "resolution": 11, "type": "fuller4t", "dggs_topology": "TRIANGLE", "dggs_type": "FULLER4T", "dggs_proj": "FULLER", "dggs_aperture_type": "PURE", "dggs_aperture": 4, "dggs_res_spec": 11 }, "geometry": { "type": "Polygon", "coordinates": [ [ [ 100.337402049262366, 13.848053842693435 ], [ 100.368936777261652, 13.829737328404498 ], [ 100.337496907681881, 13.816905842439123 ], [ 100.337402049262366, 13.848053842693435 ] ] ] } },
{ "type": "Feature", "properties": { "cell_id": "33438557", "resolution": 11, "type": "fuller4t", "dggs_topology": "TRIANGLE", "dggs_type": "FULLER4T", "dggs_proj": "FULLER", "dggs_aperture_type": "PURE", "dggs_aperture": 4, "dggs_res_spec": 11 }, "geometry": { "type": "Polygon", "coordinates": [ [ [ 100.337402049262366, 13.848053842693435 ], [ 100.368845072528003, 13.860879362479782 ], [ 100.368936777261652, 13.829737328404498 ], [ 100.337402049262366, 13.848053842693435 ] ] ] } },
{ "type": "Feature", "properties": { "cell_id": "33442654", "resolution": 11, "type": "fuller4t", "dggs_topology": "TRIANGLE", "dggs_type": "FULLER4T", "dggs_proj": "FULLER", "dggs_aperture_type": "PURE", "dggs_aperture": 4, "dggs_res_spec": 11 }, "geometry": { "type": "Polygon", "coordinates": [ [ [ 100.368845072528003, 13.860879362479782 ], [ 100.40037852016971, 13.842561720722406 ], [ 100.368936777261652, 13.829737328404498 ], [ 100.368845072528003, 13.860879362479782 ] ] ] } },
{ "type": "Feature", "properties": { "cell_id": "33442655", "resolution": 11, "type": "fuller4t", "dggs_topology": "TRIANGLE", "dggs_type": "FULLER4T", "dggs_proj": "FULLER", "dggs_aperture_type": "PURE", "dggs_aperture": 4, "dggs_res_spec": 11 }, "geometry": { "type": "Polygon", "coordinates": [ [ [ 100.368845072528003, 13.860879362479782 ], [ 100.400289977466599, 13.873697786429835 ], [ 100.40037852016971, 13.842561720722406 ], [ 100.368845072528003, 13.860879362479782 ] ] ] } },
{ "type": "Feature", "properties": { "cell_id": "33434459", "resolution": 11, "type": "fuller4t", "dggs_topology": "TRIANGLE", "dggs_type": "FULLER4T", "dggs_proj": "FULLER", "dggs_aperture_type": "PURE", "dggs_aperture": 4, "dggs_res_spec": 11 }, "geometry": { "type": "Polygon", "coordinates": [ [ [ 100.305960911409343, 13.835221227987146 ], [ 100.337402049262352, 13.848053842693428 ], [ 100.337496907681896, 13.81690584243908 ], [ 100.305960911409343, 13.835221227987146 ] ] ] } },
{ "type": "Feature", "properties": { "cell_id": "33430363", "resolution": 11, "type": "fuller4t", "dggs_topology": "TRIANGLE", "dggs_type": "FULLER4T", "dggs_proj": "FULLER", "dggs_aperture_type": "PURE", "dggs_aperture": 4, "dggs_res_spec": 11 }, "geometry": { "type": "Polygon", "coordinates": [ [ [ 100.274420290485452, 13.853541398892416 ], [ 100.305862683623459, 13.866375147360296 ], [ 100.305960911409343, 13.835221227987146 ], [ 100.274420290485452, 13.853541398892416 ] ] ] } },
{ "type": "Feature", "properties": { "cell_id": "33434460", "resolution": 11, "type": "fuller4t", "dggs_topology": "TRIANGLE", "dggs_type": "FULLER4T", "dggs_proj": "FULLER", "dggs_aperture_type": "PURE", "dggs_aperture": 4, "dggs_res_spec": 11 }, "geometry": { "type": "Polygon", "coordinates": [ [ [ 100.305862683623459, 13.866375147360296 ], [ 100.337402049262352, 13.848053842693428 ], [ 100.305960911409343, 13.835221227987146 ], [ 100.305862683623459, 13.866375147360296 ] ] ] } },
{ "type": "Feature", "properties": { "cell_id": "33434461", "resolution": 11, "type": "fuller4t", "dggs_topology": "TRIANGLE", "dggs_type": "FULLER4T", "dggs_proj": "FULLER", "dggs_aperture_type": "PURE", "dggs_aperture": 4, "dggs_res_spec": 11 }, "geometry": { "type": "Polygon", "coordinates": [ [ [ 100.305862683623459, 13.866375147360296 ], [ 100.33730697423168, 13.879201799615927 ], [ 100.337402049262352, 13.848053842693428 ], [ 100.305862683623459, 13.866375147360296 ] ] ] } },
{ "type": "Feature", "properties": { "cell_id": "33430364", "resolution": 11, "type": "fuller4t", "dggs_topology": "TRIANGLE", "dggs_type": "FULLER4T", "dggs_proj": "FULLER", "dggs_aperture_type": "PURE", "dggs_aperture": 4, "dggs_res_spec": 11 }, "geometry": { "type": "Polygon", "coordinates": [ [ [ 100.274318686856091, 13.884701232016791 ], [ 100.305862683623459, 13.866375147360296 ], [ 100.274420290485452, 13.853541398892416 ], [ 100.274318686856091, 13.884701232016791 ] ] ] } },
{ "type": "Feature", "properties": { "cell_id": "33434462", "resolution": 11, "type": "fuller4t", "dggs_topology": "TRIANGLE", "dggs_type": "FULLER4T", "dggs_proj": "FULLER", "dggs_aperture_type": "PURE", "dggs_aperture": 4, "dggs_res_spec": 11 }, "geometry": { "type": "Polygon", "coordinates": [ [ [ 100.305764231815985, 13.897529021773964 ], [ 100.33730697423168, 13.879201799615883 ], [ 100.305862683623445, 13.866375147360287 ], [ 100.305764231815985, 13.897529021773964 ] ] ] } },
{ "type": "Feature", "properties": { "cell_id": "33430365", "resolution": 11, "type": "fuller4t", "dggs_topology": "TRIANGLE", "dggs_type": "FULLER4T", "dggs_proj": "FULLER", "dggs_aperture_type": "PURE", "dggs_aperture": 4, "dggs_res_spec": 11 }, "geometry": { "type": "Polygon", "coordinates": [ [ [ 100.274318686856091, 13.884701232016791 ], [ 100.305764231815985, 13.897529021773964 ], [ 100.305862683623459, 13.866375147360296 ], [ 100.274318686856091, 13.884701232016791 ] ] ] } },
{ "type": "Feature", "properties": { "cell_id": "33434463", "resolution": 11, "type": "fuller4t", "dggs_topology": "TRIANGLE", "dggs_type": "FULLER4T", "dggs_proj": "FULLER", "dggs_aperture_type": "PURE", "dggs_aperture": 4, "dggs_res_spec": 11 }, "geometry": { "type": "Polygon", "coordinates": [ [ [ 100.305764231815985, 13.897529021773964 ], [ 100.337211682606252, 13.910349713143582 ], [ 100.33730697423168, 13.879201799615883 ], [ 100.305764231815985, 13.897529021773964 ] ] ] } },
{ "type": "Feature", "properties": { "cell_id": "33430366", "resolution": 11, "type": "fuller4t", "dggs_topology": "TRIANGLE", "dggs_type": "FULLER4T", "dggs_proj": "FULLER", "dggs_aperture_type": "PURE", "dggs_aperture": 4, "dggs_res_spec": 11 }, "geometry": { "type": "Polygon", "coordinates": [ [ [ 100.2742168517659, 13.915861018498427 ], [ 100.305764231815985, 13.897529021773964 ], [ 100.27431868685612, 13.884701232016756 ], [ 100.2742168517659, 13.915861018498427 ] ] ] } },
{ "type": "Feature", "properties": { "cell_id": "33463125", "resolution": 11, "type": "fuller4t", "dggs_topology": "TRIANGLE", "dggs_type": "FULLER4T", "dggs_proj": "FULLER", "dggs_aperture_type": "PURE", "dggs_aperture": 4, "dggs_res_spec": 11 }, "geometry": { "type": "Polygon", "coordinates": [ [ [ 100.526838710594973, 13.613777281712379 ], [ 100.55826126423888, 13.626620073918136 ], [ 100.558332226383683, 13.595513561600217 ], [ 100.526838710594973, 13.613777281712379 ] ] ] } },
{ "type": "Feature", "properties": { "cell_id": "33459028", "resolution": 11, "type": "fuller4t", "dggs_topology": "TRIANGLE", "dggs_type": "FULLER4T", "dggs_proj": "FULLER", "dggs_aperture_type": "PURE", "dggs_aperture": 4, "dggs_res_spec": 11 }, "geometry": { "type": "Polygon", "coordinates": [ [ [ 100.495340544396058, 13.632045875026165 ], [ 100.526838710594973, 13.613777281712379 ], [ 100.495417936454189, 13.600927411041425 ], [ 100.495340544396058, 13.632045875026165 ] ] ] } },
{ "type": "Feature", "properties": { "cell_id": "33454931", "resolution": 11, "type": "fuller4t", "dggs_topology": "TRIANGLE", "dggs_type": "FULLER4T", "dggs_proj": "FULLER", "dggs_aperture_type": "PURE", "dggs_aperture": 4, "dggs_res_spec": 11 }, "geometry": { "type": "Polygon", "coordinates": [ [ [ 100.463918433282487, 13.619194915188368 ], [ 100.495340544396058, 13.632045875026165 ], [ 100.495417936454189, 13.600927411041425 ], [ 100.463918433282487, 13.619194915188368 ] ] ] } },
{ "type": "Feature", "properties": { "cell_id": "33463126", "resolution": 11, "type": "fuller4t", "dggs_topology": "TRIANGLE", "dggs_type": "FULLER4T", "dggs_proj": "FULLER", "dggs_aperture_type": "PURE", "dggs_aperture": 4, "dggs_res_spec": 11 }, "geometry": { "type": "Polygon", "coordinates": [ [ [ 100.52676444711966, 13.644889755086984 ], [ 100.55826126423888, 13.626620073918136 ], [ 100.526838710595001, 13.613777281712345 ], [ 100.52676444711966, 13.644889755086984 ] ] ] } },
{ "type": "Feature", "properties": { "cell_id": "33459029", "resolution": 11, "type": "fuller4t", "dggs_topology": "TRIANGLE", "dggs_type": "FULLER4T", "dggs_proj": "FULLER", "dggs_aperture_type": "PURE", "dggs_aperture": 4, "dggs_res_spec": 11 }, "geometry": { "type": "Polygon", "coordinates": [ [ [ 100.495340544396058, 13.632045875026165 ], [ 100.526764447119675, 13.644889755086993 ], [ 100.526838710594973, 13.613777281712379 ], [ 100.495340544396058, 13.632045875026165 ] ] ] } },
{ "type": "Feature", "properties": { "cell_id": "33454932", "resolution": 11, "type": "fuller4t", "dggs_topology": "TRIANGLE", "dggs_type": "FULLER4T", "dggs_proj": "FULLER", "dggs_aperture_type": "PURE", "dggs_aperture": 4, "dggs_res_spec": 11 }, "geometry": { "type": "Polygon", "coordinates": [ [ [ 100.463837734272559, 13.650319331406592 ], [ 100.495340544396058, 13.632045875026165 ], [ 100.463918433282487, 13.619194915188368 ], [ 100.463837734272559, 13.650319331406592 ] ] ] } },
{ "type": "Feature", "properties": { "cell_id": "33463127", "resolution": 11, "type": "fuller4t", "dggs_topology": "TRIANGLE", "dggs_type": "FULLER4T", "dggs_proj": "FULLER", "dggs_aperture_type": "PURE", "dggs_aperture": 4, "dggs_res_spec": 11 }, "geometry": { "type": "Polygon", "coordinates": [ [ [ 100.52676444711966, 13.644889755086984 ], [ 100.558190137680654, 13.657726554532799 ], [ 100.55826126423888, 13.626620073918136 ], [ 100.52676444711966, 13.644889755086984 ] ] ] } },
{ "type": "Feature", "properties": { "cell_id": "33459030", "resolution": 11, "type": "fuller4t", "dggs_topology": "TRIANGLE", "dggs_type": "FULLER4T", "dggs_proj": "FULLER", "dggs_aperture_type": "PURE", "dggs_aperture": 4, "dggs_res_spec": 11 }, "geometry": { "type": "Polygon", "coordinates": [ [ [ 100.495262973047844, 13.663164304252877 ], [ 100.52676444711966, 13.644889755086984 ], [ 100.495340544396058, 13.632045875026165 ], [ 100.495262973047844, 13.663164304252877 ] ] ] } },
{ "type": "Feature", "properties": { "cell_id": "33454933", "resolution": 11, "type": "fuller4t", "dggs_topology": "TRIANGLE", "dggs_type": "FULLER4T", "dggs_proj": "FULLER", "dggs_aperture_type": "PURE", "dggs_aperture": 4, "dggs_res_spec": 11 }, "geometry": { "type": "Polygon", "coordinates": [ [ [ 100.463837734272559, 13.650319331406592 ], [ 100.495262973047844, 13.663164304252877 ], [ 100.495340544396058, 13.632045875026165 ], [ 100.463837734272559, 13.650319331406592 ] ] ] } },
{ "type": "Feature", "properties": { "cell_id": "33459031", "resolution": 11, "type": "fuller4t", "dggs_topology": "TRIANGLE", "dggs_type": "FULLER4T", "dggs_proj": "FULLER", "dggs_aperture_type": "PURE", "dggs_aperture": 4, "dggs_res_spec": 11 }, "geometry": { "type": "Polygon", "coordinates": [ [ [ 100.495262973047844, 13.663164304252877 ], [ 100.52669001176713, 13.676002195167728 ], [ 100.52676444711966, 13.644889755086984 ], [ 100.495262973047844, 13.663164304252877 ] ] ] } },
{ "type": "Feature", "properties": { "cell_id": "33450835", "resolution": 11, "type": "fuller4t", "dggs_topology": "TRIANGLE", "dggs_type": "FULLER4T", "dggs_proj": "FULLER", "dggs_aperture_type": "PURE", "dggs_aperture": 4, "dggs_res_spec": 11 }, "geometry": { "type": "Polygon", "coordinates": [ [ [ 100.432414299171484, 13.637467277428906 ], [ 100.463837734272559, 13.65031933140655 ], [ 100.463918433282487, 13.619194915188363 ], [ 100.432414299171484, 13.637467277428906 ] ] ] } },
{ "type": "Feature", "properties": { "cell_id": "33446738", "resolution": 11, "type": "fuller4t", "dggs_topology": "TRIANGLE", "dggs_type": "FULLER4T", "dggs_proj": "FULLER", "dggs_aperture_type": "PURE", "dggs_aperture": 4, "dggs_res_spec": 11 }, "geometry": { "type": "Polygon", "coordinates": [ [ [ 100.400905540580681, 13.655744487564922 ], [ 100.432414299171484, 13.637467277428906 ], [ 100.400992671515979, 13.624608143195124 ], [ 100.400905540580681, 13.655744487564922 ] ] ] } },
{ "type": "Feature", "properties": { "cell_id": "33450836", "resolution": 11, "type": "fuller4t", "dggs_topology": "TRIANGLE", "dggs_type": "FULLER4T", "dggs_proj": "FULLER", "dggs_aperture_type": "PURE", "dggs_aperture": 4, "dggs_res_spec": 11 }, "geometry": { "type": "Polygon", "coordinates": [ [ [ 100.432330286643705, 13.668597640597225 ], [ 100.463837734272559, 13.650319331406541 ], [ 100.432414299171469, 13.637467277428895 ], [ 100.432330286643705, 13.668597640597225 ] ] ] } },
{ "type": "Feature", "properties": { "cell_id": "33446739", "resolution": 11, "type": "fuller4t", "dggs_topology": "TRIANGLE", "dggs_type": "FULLER4T", "dggs_proj": "FULLER", "dggs_aperture_type": "PURE", "dggs_aperture": 4, "dggs_res_spec": 11 }, "geometry": { "type": "Polygon", "coordinates": [ [ [ 100.400905540580681, 13.655744487564922 ], [ 100.432330286643705, 13.668597640597225 ], [ 100.432414299171484, 13.637467277428906 ], [ 100.400905540580681, 13.655744487564922 ] ] ] } },
{ "type": "Feature", "properties": { "cell_id": "33450837", "resolution": 11, "type": "fuller4t", "dggs_topology": "TRIANGLE", "dggs_type": "FULLER4T", "dggs_proj": "FULLER", "dggs_aperture_type": "PURE", "dggs_aperture": 4, "dggs_res_spec": 11 }, "geometry": { "type": "Polygon", "coordinates": [ [ [ 100.432330286643705, 13.668597640597225 ], [ 100.463756848498733, 13.681443711236227 ], [ 100.463837734272559, 13.650319331406541 ], [ 100.432330286643705, 13.668597640597225 ] ] ] } },
{ "type": "Feature", "properties": { "cell_id": "33446740", "resolution": 11, "type": "fuller4t", "dggs_topology": "TRIANGLE", "dggs_type": "FULLER4T", "dggs_proj": "FULLER", "dggs_aperture_type": "PURE", "dggs_aperture": 4, "dggs_res_spec": 11 }, "geometry": { "type": "Polygon", "coordinates": [ [ [ 100.400818208006811, 13.686880792423034 ], [ 100.432330286643705, 13.668597640597225 ], [ 100.400905540580666, 13.655744487564913 ], [ 100.400818208006811, 13.686880792423034 ] ] ] } },
{ "type": "Feature", "properties": { "cell_id": "33446741", "resolution": 11, "type": "fuller4t", "dggs_topology": "TRIANGLE", "dggs_type": "FULLER4T", "dggs_proj": "FULLER", "dggs_aperture_type": "PURE", "dggs_aperture": 4, "dggs_res_spec": 11 }, "geometry": { "type": "Polygon", "coordinates": [ [ [ 100.400818208006811, 13.686880792423034 ], [ 100.432246079913384, 13.699727965781285 ], [ 100.432330286643705, 13.668597640597225 ], [ 100.400818208006811, 13.686880792423034 ] ] ] } },
{ "type": "Feature", "properties": { "cell_id": "33450838", "resolution": 11, "type": "fuller4t", "dggs_topology": "TRIANGLE", "dggs_type": "FULLER4T", "dggs_proj": "FULLER", "dggs_aperture_type": "PURE", "dggs_aperture": 4, "dggs_res_spec": 11 }, "geometry": { "type": "Polygon", "coordinates": [ [ [ 100.432246079913369, 13.69972796578133 ], [ 100.463756848498718, 13.681443711236271 ], [ 100.432330286643705, 13.668597640597225 ], [ 100.432246079913369, 13.69972796578133 ] ] ] } },
{ "type": "Feature", "properties": { "cell_id": "33450839", "resolution": 11, "type": "fuller4t", "dggs_topology": "TRIANGLE", "dggs_type": "FULLER4T", "dggs_proj": "FULLER", "dggs_aperture_type": "PURE", "dggs_aperture": 4, "dggs_res_spec": 11 }, "geometry": { "type": "Polygon", "coordinates": [ [ [ 100.432246079913369, 13.69972796578133 ], [ 100.463675775945248, 13.712568054582606 ], [ 100.463756848498718, 13.681443711236271 ], [ 100.432246079913369, 13.69972796578133 ] ] ] } },
{ "type": "Feature", "properties": { "cell_id": "33446742", "resolution": 11, "type": "fuller4t", "dggs_topology": "TRIANGLE", "dggs_type": "FULLER4T", "dggs_proj": "FULLER", "dggs_aperture_type": "PURE", "dggs_aperture": 4, "dggs_res_spec": 11 }, "geometry": { "type": "Polygon", "coordinates": [ [ [ 100.40073067379474, 13.718017057690902 ], [ 100.432246079913369, 13.69972796578133 ], [ 100.400818208006811, 13.686880792423034 ], [ 100.40073067379474, 13.718017057690902 ] ] ] } },
{ "type": "Feature", "properties": { "cell_id": "33463128", "resolution": 11, "type": "fuller4t", "dggs_topology": "TRIANGLE", "dggs_type": "FULLER4T", "dggs_proj": "FULLER", "dggs_aperture_type": "PURE", "dggs_aperture": 4, "dggs_res_spec": 11 }, "geometry": { "type": "Polygon", "coordinates": [ [ [ 100.526690011767101, 13.676002195167761 ], [ 100.558190137680654, 13.657726554532799 ], [ 100.526764447119675, 13.644889755086993 ], [ 100.526690011767101, 13.676002195167761 ] ] ] } },
{ "type": "Feature", "properties": { "cell_id": "33454934", "resolution": 11, "type": "fuller4t", "dggs_topology": "TRIANGLE", "dggs_type": "FULLER4T", "dggs_proj": "FULLER", "dggs_aperture_type": "PURE", "dggs_aperture": 4, "dggs_res_spec": 11 }, "geometry": { "type": "Polygon", "coordinates": [ [ [ 100.463756848498718, 13.681443711236271 ], [ 100.495262973047844, 13.663164304252877 ], [ 100.463837734272559, 13.65031933140655 ], [ 100.463756848498718, 13.681443711236271 ] ] ] } },
{ "type": "Feature", "properties": { "cell_id": "33463129", "resolution": 11, "type": "fuller4t", "dggs_topology": "TRIANGLE", "dggs_type": "FULLER4T", "dggs_proj": "FULLER", "dggs_aperture_type": "PURE", "dggs_aperture": 4, "dggs_res_spec": 11 }, "geometry": { "type": "Polygon", "coordinates": [ [ [ 100.526690011767101, 13.676002195167761 ], [ 100.558118846677104, 13.688833003336262 ], [ 100.558190137680654, 13.657726554532799 ], [ 100.526690011767101, 13.676002195167761 ] ] ] } },
{ "type": "Feature", "properties": { "cell_id": "33454935", "resolution": 11, "type": "fuller4t", "dggs_topology": "TRIANGLE", "dggs_type": "FULLER4T", "dggs_proj": "FULLER", "dggs_aperture_type": "PURE", "dggs_aperture": 4, "dggs_res_spec": 11 }, "geometry": { "type": "Polygon", "coordinates": [ [ [ 100.463756848498718, 13.681443711236271 ], [ 100.495185222361656, 13.694282698584828 ], [ 100.495262973047844, 13.663164304252877 ], [ 100.463756848498718, 13.681443711236271 ] ] ] } },
{ "type": "Feature", "properties": { "cell_id": "33459032", "resolution": 11, "type": "fuller4t", "dggs_topology": "TRIANGLE", "dggs_type": "FULLER4T", "dggs_proj": "FULLER", "dggs_aperture_type": "PURE", "dggs_aperture": 4, "dggs_res_spec": 11 }, "geometry": { "type": "Polygon", "coordinates": [ [ [ 100.495185222361641, 13.694282698584873 ], [ 100.526690011767101, 13.676002195167761 ], [ 100.495262973047844, 13.663164304252877 ], [ 100.495185222361641, 13.694282698584873 ] ] ] } },
{ "type": "Feature", "properties": { "cell_id": "33463130", "resolution": 11, "type": "fuller4t", "dggs_topology": "TRIANGLE", "dggs_type": "FULLER4T", "dggs_proj": "FULLER", "dggs_aperture_type": "PURE", "dggs_aperture": 4, "dggs_res_spec": 11 }, "geometry": { "type": "Polygon", "coordinates": [ [ [ 100.526615404521536, 13.707114601866055 ], [ 100.558118846677104, 13.688833003336262 ], [ 100.52669001176713, 13.676002195167728 ], [ 100.526615404521536, 13.707114601866055 ] ] ] } },
{ "type": "Feature", "properties": { "cell_id": "33459033", "resolution": 11, "type": "fuller4t", "dggs_topology": "TRIANGLE", "dggs_type": "FULLER4T", "dggs_proj": "FULLER", "dggs_aperture_type": "PURE", "dggs_aperture": 4, "dggs_res_spec": 11 }, "geometry": { "type": "Polygon", "coordinates": [ [ [ 100.495185222361641, 13.694282698584873 ], [ 100.526615404521536, 13.707114601866055 ], [ 100.526690011767101, 13.676002195167761 ], [ 100.495185222361641, 13.694282698584873 ] ] ] } },
{ "type": "Feature", "properties": { "cell_id": "33454936", "resolution": 11, "type": "fuller4t", "dggs_topology": "TRIANGLE", "dggs_type": "FULLER4T", "dggs_proj": "FULLER", "dggs_aperture_type": "PURE", "dggs_aperture": 4, "dggs_res_spec": 11 }, "geometry": { "type": "Polygon", "coordinates": [ [ [ 100.463675775945262, 13.712568054582656 ], [ 100.495185222361641, 13.694282698584873 ], [ 100.463756848498718, 13.681443711236271 ], [ 100.463675775945262, 13.712568054582656 ] ] ] } },
{ "type": "Feature", "properties": { "cell_id": "33463131", "resolution": 11, "type": "fuller4t", "dggs_topology": "TRIANGLE", "dggs_type": "FULLER4T", "dggs_proj": "FULLER", "dggs_aperture_type": "PURE", "dggs_aperture": 4, "dggs_res_spec": 11 }, "geometry": { "type": "Polygon", "coordinates": [ [ [ 100.526615404521536, 13.707114601866055 ], [ 100.558047391228456, 13.719939420265435 ], [ 100.558118846677104, 13.688833003336262 ], [ 100.526615404521536, 13.707114601866055 ] ] ] } },
{ "type": "Feature", "properties": { "cell_id": "33459034", "resolution": 11, "type": "fuller4t", "dggs_topology": "TRIANGLE", "dggs_type": "FULLER4T", "dggs_proj": "FULLER", "dggs_aperture_type": "PURE", "dggs_aperture": 4, "dggs_res_spec": 11 }, "geometry": { "type": "Polygon", "coordinates": [ [ [ 100.495107292337735, 13.725401057952896 ], [ 100.526615404521536, 13.707114601866055 ], [ 100.495185222361656, 13.694282698584828 ], [ 100.495107292337735, 13.725401057952896 ] ] ] } },
{ "type": "Feature", "properties": { "cell_id": "33454937", "resolution": 11, "type": "fuller4t", "dggs_topology": "TRIANGLE", "dggs_type": "FULLER4T", "dggs_proj": "FULLER", "dggs_aperture_type": "PURE", "dggs_aperture": 4, "dggs_res_spec": 11 }, "geometry": { "type": "Polygon", "coordinates": [ [ [ 100.463675775945262, 13.712568054582656 ], [ 100.495107292337707, 13.725401057952929 ], [ 100.495185222361641, 13.694282698584873 ], [ 100.463675775945262, 13.712568054582656 ] ] ] } },
{ "type": "Feature", "properties": { "cell_id": "33459035", "resolution": 11, "type": "fuller4t", "dggs_topology": "TRIANGLE", "dggs_type": "FULLER4T", "dggs_proj": "FULLER", "dggs_aperture_type": "PURE", "dggs_aperture": 4, "dggs_res_spec": 11 }, "geometry": { "type": "Polygon", "coordinates": [ [ [ 100.495107292337735, 13.725401057952896 ], [ 100.526540625383163, 13.738226975115726 ], [ 100.526615404521536, 13.707114601866055 ], [ 100.495107292337735, 13.725401057952896 ] ] ] } },
{ "type": "Feature", "properties": { "cell_id": "33463132", "resolution": 11, "type": "fuller4t", "dggs_topology": "TRIANGLE", "dggs_type": "FULLER4T", "dggs_proj": "FULLER", "dggs_aperture_type": "PURE", "dggs_aperture": 4, "dggs_res_spec": 11 }, "geometry": { "type": "Polygon", "coordinates": [ [ [ 100.526540625383163, 13.738226975115726 ], [ 100.558047391228456, 13.719939420265435 ], [ 100.526615404521536, 13.707114601866055 ], [ 100.526540625383163, 13.738226975115726 ] ] ] } },
{ "type": "Feature", "properties": { "cell_id": "33454938", "resolution": 11, "type": "fuller4t", "dggs_topology": "TRIANGLE", "dggs_type": "FULLER4T", "dggs_proj": "FULLER", "dggs_aperture_type": "PURE", "dggs_aperture": 4, "dggs_res_spec": 11 }, "geometry": { "type": "Polygon", "coordinates": [ [ [ 100.463594516612375, 13.743692361373263 ], [ 100.495107292337735, 13.725401057952896 ], [ 100.463675775945248, 13.712568054582606 ], [ 100.463594516612375, 13.743692361373263 ] ] ] } },
{ "type": "Feature", "properties": { "cell_id": "33463133", "resolution": 11, "type": "fuller4t", "dggs_topology": "TRIANGLE", "dggs_type": "FULLER4T", "dggs_proj": "FULLER", "dggs_aperture_type": "PURE", "dggs_aperture": 4, "dggs_res_spec": 11 }, "geometry": { "type": "Polygon", "coordinates": [ [ [ 100.526540625383163, 13.738226975115726 ], [ 100.557975771302779, 13.751045805212293 ], [ 100.558047391228456, 13.719939420265435 ], [ 100.526540625383163, 13.738226975115726 ] ] ] } },
{ "type": "Feature", "properties": { "cell_id": "33454939", "resolution": 11, "type": "fuller4t", "dggs_topology": "TRIANGLE", "dggs_type": "FULLER4T", "dggs_proj": "FULLER", "dggs_aperture_type": "PURE", "dggs_aperture": 4, "dggs_res_spec": 11 }, "geometry": { "type": "Polygon", "coordinates": [ [ [ 100.463594516612375, 13.743692361373263 ], [ 100.49502918297631, 13.756519382287729 ], [ 100.495107292337735, 13.725401057952896 ], [ 100.463594516612375, 13.743692361373263 ] ] ] } },
{ "type": "Feature", "properties": { "cell_id": "33459036", "resolution": 11, "type": "fuller4t", "dggs_topology": "TRIANGLE", "dggs_type": "FULLER4T", "dggs_proj": "FULLER", "dggs_aperture_type": "PURE", "dggs_aperture": 4, "dggs_res_spec": 11 }, "geometry": { "type": "Polygon", "coordinates": [ [ [ 100.49502918297631, 13.756519382287729 ], [ 100.526540625383163, 13.738226975115726 ], [ 100.495107292337735, 13.725401057952896 ], [ 100.49502918297631, 13.756519382287729 ] ] ] } },
{ "type": "Feature", "properties": { "cell_id": "33463134", "resolution": 11, "type": "fuller4t", "dggs_topology": "TRIANGLE", "dggs_type": "FULLER4T", "dggs_proj": "FULLER", "dggs_aperture_type": "PURE", "dggs_aperture": 4, "dggs_res_spec": 11 }, "geometry": { "type": "Polygon", "coordinates": [ [ [ 100.526465674320121, 13.769339314805631 ], [ 100.557975771302779, 13.751045805212293 ], [ 100.526540625383163, 13.738226975115726 ], [ 100.526465674320121, 13.769339314805631 ] ] ] } },
{ "type": "Feature", "properties": { "cell_id": "33459037", "resolution": 11, "type": "fuller4t", "dggs_topology": "TRIANGLE", "dggs_type": "FULLER4T", "dggs_proj": "FULLER", "dggs_aperture_type": "PURE", "dggs_aperture": 4, "dggs_res_spec": 11 }, "geometry": { "type": "Polygon", "coordinates": [ [ [ 100.49502918297631, 13.756519382287729 ], [ 100.526465674320121, 13.769339314805631 ], [ 100.526540625383163, 13.738226975115726 ], [ 100.49502918297631, 13.756519382287729 ] ] ] } },
{ "type": "Feature", "properties": { "cell_id": "33463135", "resolution": 11, "type": "fuller4t", "dggs_topology": "TRIANGLE", "dggs_type": "FULLER4T", "dggs_proj": "FULLER", "dggs_aperture_type": "PURE", "dggs_aperture": 4, "dggs_res_spec": 11 }, "geometry": { "type": "Polygon", "coordinates": [ [ [ 100.526465674320121, 13.769339314805631 ], [ 100.557903986916344, 13.782152158136148 ], [ 100.557975771302779, 13.751045805212293 ], [ 100.526465674320121, 13.769339314805631 ] ] ] } },
{ "type": "Feature", "properties": { "cell_id": "33450840", "resolution": 11, "type": "fuller4t", "dggs_topology": "TRIANGLE", "dggs_type": "FULLER4T", "dggs_proj": "FULLER", "dggs_aperture_type": "PURE", "dggs_aperture": 4, "dggs_res_spec": 11 }, "geometry": { "type": "Polygon", "coordinates": [ [ [ 100.43216167896469, 13.730858252883133 ], [ 100.463675775945248, 13.712568054582606 ], [ 100.432246079913384, 13.699727965781285 ], [ 100.43216167896469, 13.730858252883133 ] ] ] } },
{ "type": "Feature", "properties": { "cell_id": "33446743", "resolution": 11, "type": "fuller4t", "dggs_topology": "TRIANGLE", "dggs_type": "FULLER4T", "dggs_proj": "FULLER", "dggs_aperture_type": "PURE", "dggs_aperture": 4, "dggs_res_spec": 11 }, "geometry": { "type": "Polygon", "coordinates": [ [ [ 100.40073067379474, 13.718017057690902 ], [ 100.432161678964704, 13.73085825288314 ], [ 100.432246079913369, 13.69972796578133 ], [ 100.40073067379474, 13.718017057690902 ] ] ] } },
{ "type": "Feature", "properties": { "cell_id": "33450841", "resolution": 11, "type": "fuller4t", "dggs_topology": "TRIANGLE", "dggs_type": "FULLER4T", "dggs_proj": "FULLER", "dggs_aperture_type": "PURE", "dggs_aperture": 4, "dggs_res_spec": 11 }, "geometry": { "type": "Polygon", "coordinates": [ [ [ 100.43216167896469, 13.730858252883133 ], [ 100.463594516612375, 13.743692361373263 ], [ 100.463675775945248, 13.712568054582606 ], [ 100.43216167896469, 13.730858252883133 ] ] ] } },
{ "type": "Feature", "properties": { "cell_id": "33446744", "resolution": 11, "type": "fuller4t", "dggs_topology": "TRIANGLE", "dggs_type": "FULLER4T", "dggs_proj": "FULLER", "dggs_aperture_type": "PURE", "dggs_aperture": 4, "dggs_res_spec": 11 }, "geometry": { "type": "Polygon", "coordinates": [ [ [ 100.400642937928737, 13.74915328326731 ], [ 100.43216167896469, 13.730858252883133 ], [ 100.400730673794769, 13.718017057690865 ], [ 100.400642937928737, 13.74915328326731 ] ] ] } },
{ "type": "Feature", "properties": { "cell_id": "33446745", "resolution": 11, "type": "fuller4t", "dggs_topology": "TRIANGLE", "dggs_type": "FULLER4T", "dggs_proj": "FULLER", "dggs_aperture_type": "PURE", "dggs_aperture": 4, "dggs_res_spec": 11 }, "geometry": { "type": "Polygon", "coordinates": [ [ [ 100.400642937928737, 13.74915328326731 ], [ 100.432077083781991, 13.761988501804701 ], [ 100.43216167896469, 13.730858252883133 ], [ 100.400642937928737, 13.74915328326731 ] ] ] } },
{ "type": "Feature", "properties": { "cell_id": "33450842", "resolution": 11, "type": "fuller4t", "dggs_topology": "TRIANGLE", "dggs_type": "FULLER4T", "dggs_proj": "FULLER", "dggs_aperture_type": "PURE", "dggs_aperture": 4, "dggs_res_spec": 11 }, "geometry": { "type": "Polygon", "coordinates": [ [ [ 100.432077083781991, 13.761988501804701 ], [ 100.463594516612375, 13.743692361373263 ], [ 100.43216167896469, 13.730858252883133 ], [ 100.432077083781991, 13.761988501804701 ] ] ] } },
{ "type": "Feature", "properties": { "cell_id": "33450843", "resolution": 11, "type": "fuller4t", "dggs_topology": "TRIANGLE", "dggs_type": "FULLER4T", "dggs_proj": "FULLER", "dggs_aperture_type": "PURE", "dggs_aperture": 4, "dggs_res_spec": 11 }, "geometry": { "type": "Polygon", "coordinates": [ [ [ 100.432077083781991, 13.761988501804701 ], [ 100.463513070468295, 13.774816631490742 ], [ 100.463594516612375, 13.743692361373263 ], [ 100.432077083781991, 13.761988501804701 ] ] ] } },
{ "type": "Feature", "properties": { "cell_id": "33454940", "resolution": 11, "type": "fuller4t", "dggs_topology": "TRIANGLE", "dggs_type": "FULLER4T", "dggs_proj": "FULLER", "dggs_aperture_type": "PURE", "dggs_aperture": 4, "dggs_res_spec": 11 }, "geometry": { "type": "Polygon", "coordinates": [ [ [ 100.463513070468281, 13.774816631490776 ], [ 100.49502918297631, 13.756519382287729 ], [ 100.463594516612375, 13.743692361373263 ], [ 100.463513070468281, 13.774816631490776 ] ] ] } },
{ "type": "Feature", "properties": { "cell_id": "33446746", "resolution": 11, "type": "fuller4t", "dggs_topology": "TRIANGLE", "dggs_type": "FULLER4T", "dggs_proj": "FULLER", "dggs_aperture_type": "PURE", "dggs_aperture": 4, "dggs_res_spec": 11 }, "geometry": { "type": "Polygon", "coordinates": [ [ [ 100.400555000377054, 13.780289469028496 ], [ 100.432077083781991, 13.761988501804701 ], [ 100.400642937928737, 13.74915328326731 ], [ 100.400555000377054, 13.780289469028496 ] ] ] } },
{ "type": "Feature", "properties": { "cell_id": "33454941", "resolution": 11, "type": "fuller4t", "dggs_topology": "TRIANGLE", "dggs_type": "FULLER4T", "dggs_proj": "FULLER", "dggs_aperture_type": "PURE", "dggs_aperture": 4, "dggs_res_spec": 11 }, "geometry": { "type": "Polygon", "coordinates": [ [ [ 100.463513070468281, 13.774816631490776 ], [ 100.494950894229547, 13.787637671452488 ], [ 100.49502918297631, 13.756519382287729 ], [ 100.463513070468281, 13.774816631490776 ] ] ] } },
{ "type": "Feature", "properties": { "cell_id": "33446747", "resolution": 11, "type": "fuller4t", "dggs_topology": "TRIANGLE", "dggs_type": "FULLER4T", "dggs_proj": "FULLER", "dggs_aperture_type": "PURE", "dggs_aperture": 4, "dggs_res_spec": 11 }, "geometry": { "type": "Polygon", "coordinates": [ [ [ 100.400555000377054, 13.780289469028496 ], [ 100.431992294349428, 13.793118712447882 ], [ 100.432077083781991, 13.761988501804701 ], [ 100.400555000377054, 13.780289469028496 ] ] ] } },
{ "type": "Feature", "properties": { "cell_id": "33450844", "resolution": 11, "type": "fuller4t", "dggs_topology": "TRIANGLE", "dggs_type": "FULLER4T", "dggs_proj": "FULLER", "dggs_aperture_type": "PURE", "dggs_aperture": 4, "dggs_res_spec": 11 }, "geometry": { "type": "Polygon", "coordinates": [ [ [ 100.431992294349428, 13.793118712447882 ], [ 100.463513070468295, 13.774816631490742 ], [ 100.432077083781991, 13.761988501804701 ], [ 100.431992294349428, 13.793118712447882 ] ] ] } },
{ "type": "Feature", "properties": { "cell_id": "33450845", "resolution": 11, "type": "fuller4t", "dggs_topology": "TRIANGLE", "dggs_type": "FULLER4T", "dggs_proj": "FULLER", "dggs_aperture_type": "PURE", "dggs_aperture": 4, "dggs_res_spec": 11 }, "geometry": { "type": "Polygon", "coordinates": [ [ [ 100.431992294349428, 13.793118712447882 ], [ 100.463431437513279, 13.805940864862606 ], [ 100.463513070468295, 13.774816631490742 ], [ 100.431992294349428, 13.793118712447882 ] ] ] } },
{ "type": "Feature", "properties": { "cell_id": "33454942", "resolution": 11, "type": "fuller4t", "dggs_topology": "TRIANGLE", "dggs_type": "FULLER4T", "dggs_proj": "FULLER", "dggs_aperture_type": "PURE", "dggs_aperture": 4, "dggs_res_spec": 11 }, "geometry": { "type": "Polygon", "coordinates": [ [ [ 100.463431437513279, 13.805940864862649 ], [ 100.494950894229547, 13.787637671452488 ], [ 100.463513070468281, 13.774816631490776 ], [ 100.463431437513279, 13.805940864862649 ] ] ] } },
{ "type": "Feature", "properties": { "cell_id": "33446748", "resolution": 11, "type": "fuller4t", "dggs_topology": "TRIANGLE", "dggs_type": "FULLER4T", "dggs_proj": "FULLER", "dggs_aperture_type": "PURE", "dggs_aperture": 4, "dggs_res_spec": 11 }, "geometry": { "type": "Polygon", "coordinates": [ [ [ 100.400466861123931, 13.811425614873162 ], [ 100.431992294349428, 13.793118712447882 ], [ 100.400555000377054, 13.780289469028496 ], [ 100.400466861123931, 13.811425614873162 ] ] ] } },
{ "type": "Feature", "properties": { "cell_id": "33454943", "resolution": 11, "type": "fuller4t", "dggs_topology": "TRIANGLE", "dggs_type": "FULLER4T", "dggs_proj": "FULLER", "dggs_aperture_type": "PURE", "dggs_aperture": 4, "dggs_res_spec": 11 }, "geometry": { "type": "Polygon", "coordinates": [ [ [ 100.463431437513279, 13.805940864862649 ], [ 100.494872426097658, 13.818755925377786 ], [ 100.494950894229547, 13.787637671452488 ], [ 100.463431437513279, 13.805940864862649 ] ] ] } },
{ "type": "Feature", "properties": { "cell_id": "33450846", "resolution": 11, "type": "fuller4t", "dggs_topology": "TRIANGLE", "dggs_type": "FULLER4T", "dggs_proj": "FULLER", "dggs_aperture_type": "PURE", "dggs_aperture": 4, "dggs_res_spec": 11 }, "geometry": { "type": "Polygon", "coordinates": [ [ [ 100.43190731065134, 13.824248884714443 ], [ 100.463431437513279, 13.805940864862606 ], [ 100.431992294349442, 13.793118712447837 ], [ 100.43190731065134, 13.824248884714443 ] ] ] } },
{ "type": "Feature", "properties": { "cell_id": "33446749", "resolution": 11, "type": "fuller4t", "dggs_topology": "TRIANGLE", "dggs_type": "FULLER4T", "dggs_proj": "FULLER", "dggs_aperture_type": "PURE", "dggs_aperture": 4, "dggs_res_spec": 11 }, "geometry": { "type": "Polygon", "coordinates": [ [ [ 100.400466861123931, 13.811425614873162 ], [ 100.43190731065134, 13.824248884714443 ], [ 100.431992294349428, 13.793118712447882 ], [ 100.400466861123931, 13.811425614873162 ] ] ] } },
{ "type": "Feature", "properties": { "cell_id": "33450847", "resolution": 11, "type": "fuller4t", "dggs_topology": "TRIANGLE", "dggs_type": "FULLER4T", "dggs_proj": "FULLER", "dggs_aperture_type": "PURE", "dggs_aperture": 4, "dggs_res_spec": 11 }, "geometry": { "type": "Polygon", "coordinates": [ [ [ 100.43190731065134, 13.824248884714443 ], [ 100.463349617715508, 13.837065061371254 ], [ 100.463431437513279, 13.805940864862606 ], [ 100.43190731065134, 13.824248884714443 ] ] ] } },
{ "type": "Feature", "properties": { "cell_id": "33454944", "resolution": 11, "type": "fuller4t", "dggs_topology": "TRIANGLE", "dggs_type": "FULLER4T", "dggs_proj": "FULLER", "dggs_aperture_type": "PURE", "dggs_aperture": 4, "dggs_res_spec": 11 }, "geometry": { "type": "Polygon", "coordinates": [ [ [ 100.463349617715508, 13.837065061371307 ], [ 100.494872426097643, 13.818755925377779 ], [ 100.463431437513279, 13.805940864862606 ], [ 100.463349617715508, 13.837065061371307 ] ] ] } },
{ "type": "Feature", "properties": { "cell_id": "33459038", "resolution": 11, "type": "fuller4t", "dggs_topology": "TRIANGLE", "dggs_type": "FULLER4T", "dggs_proj": "FULLER", "dggs_aperture_type": "PURE", "dggs_aperture": 4, "dggs_res_spec": 11 }, "geometry": { "type": "Polygon", "coordinates": [ [ [ 100.494950894229547, 13.787637671452488 ], [ 100.526465674320121, 13.769339314805631 ], [ 100.49502918297631, 13.756519382287729 ], [ 100.494950894229547, 13.787637671452488 ] ] ] } },
{ "type": "Feature", "properties": { "cell_id": "33463136", "resolution": 11, "type": "fuller4t", "dggs_topology": "TRIANGLE", "dggs_type": "FULLER4T", "dggs_proj": "FULLER", "dggs_aperture_type": "PURE", "dggs_aperture": 4, "dggs_res_spec": 11 }, "geometry": { "type": "Polygon", "coordinates": [ [ [ 100.526390551332611, 13.800451620869453 ], [ 100.557903986916344, 13.782152158136148 ], [ 100.526465674320136, 13.769339314805588 ], [ 100.526390551332611, 13.800451620869453 ] ] ] } },
{ "type": "Feature", "properties": { "cell_id": "33459039", "resolution": 11, "type": "fuller4t", "dggs_topology": "TRIANGLE", "dggs_type": "FULLER4T", "dggs_proj": "FULLER", "dggs_aperture_type": "PURE", "dggs_aperture": 4, "dggs_res_spec": 11 }, "geometry": { "type": "Polygon", "coordinates": [ [ [ 100.494950894229547, 13.787637671452488 ], [ 100.526390551332611, 13.800451620869453 ], [ 100.526465674320121, 13.769339314805631 ], [ 100.494950894229547, 13.787637671452488 ] ] ] } },
{ "type": "Feature", "properties": { "cell_id": "33463137", "resolution": 11, "type": "fuller4t", "dggs_topology": "TRIANGLE", "dggs_type": "FULLER4T", "dggs_proj": "FULLER", "dggs_aperture_type": "PURE", "dggs_aperture": 4, "dggs_res_spec": 11 }, "geometry": { "type": "Polygon", "coordinates": [ [ [ 100.526390551332611, 13.800451620869453 ], [ 100.557832038021203, 13.813258478906386 ], [ 100.557903986916344, 13.782152158136148 ], [ 100.526390551332611, 13.800451620869453 ] ] ] } },
{ "type": "Feature", "properties": { "cell_id": "33459040", "resolution": 11, "type": "fuller4t", "dggs_topology": "TRIANGLE", "dggs_type": "FULLER4T", "dggs_proj": "FULLER", "dggs_aperture_type": "PURE", "dggs_aperture": 4, "dggs_res_spec": 11 }, "geometry": { "type": "Polygon", "coordinates": [ [ [ 100.494872426097643, 13.818755925377779 ], [ 100.526390551332611, 13.800451620869453 ], [ 100.494950894229547, 13.787637671452446 ], [ 100.494872426097643, 13.818755925377779 ] ] ] } },
{ "type": "Feature", "properties": { "cell_id": "33463138", "resolution": 11, "type": "fuller4t", "dggs_topology": "TRIANGLE", "dggs_type": "FULLER4T", "dggs_proj": "FULLER", "dggs_aperture_type": "PURE", "dggs_aperture": 4, "dggs_res_spec": 11 }, "geometry": { "type": "Polygon", "coordinates": [ [ [ 100.52631525638877, 13.831563893195927 ], [ 100.557832038021203, 13.813258478906386 ], [ 100.526390551332611, 13.800451620869453 ], [ 100.52631525638877, 13.831563893195927 ] ] ] } },
{ "type": "Feature", "properties": { "cell_id": "33459041", "resolution": 11, "type": "fuller4t", "dggs_topology": "TRIANGLE", "dggs_type": "FULLER4T", "dggs_proj": "FULLER", "dggs_aperture_type": "PURE", "dggs_aperture": 4, "dggs_res_spec": 11 }, "geometry": { "type": "Polygon", "coordinates": [ [ [ 100.494872426097643, 13.818755925377779 ], [ 100.52631525638877, 13.831563893195927 ], [ 100.526390551332611, 13.800451620869453 ], [ 100.494872426097643, 13.818755925377779 ] ] ] } },
{ "type": "Feature", "properties": { "cell_id": "33463139", "resolution": 11, "type": "fuller4t", "dggs_topology": "TRIANGLE", "dggs_type": "FULLER4T", "dggs_proj": "FULLER", "dggs_aperture_type": "PURE", "dggs_aperture": 4, "dggs_res_spec": 11 }, "geometry": { "type": "Polygon", "coordinates": [ [ [ 100.52631525638877, 13.831563893195927 ], [ 100.557759924633629, 13.844364767482242 ], [ 100.557832038021203, 13.813258478906386 ], [ 100.52631525638877, 13.831563893195927 ] ] ] } },
{ "type": "Feature", "properties": { "cell_id": "33459042", "resolution": 11, "type": "fuller4t", "dggs_topology": "TRIANGLE", "dggs_type": "FULLER4T", "dggs_proj": "FULLER", "dggs_aperture_type": "PURE", "dggs_aperture": 4, "dggs_res_spec": 11 }, "geometry": { "type": "Polygon", "coordinates": [ [ [ 100.494793778564855, 13.849874143971682 ], [ 100.52631525638877, 13.831563893195927 ], [ 100.494872426097643, 13.818755925377779 ], [ 100.494793778564855, 13.849874143971682 ] ] ] } },
{ "type": "Feature", "properties": { "cell_id": "33459043", "resolution": 11, "type": "fuller4t", "dggs_topology": "TRIANGLE", "dggs_type": "FULLER4T", "dggs_proj": "FULLER", "dggs_aperture_type": "PURE", "dggs_aperture": 4, "dggs_res_spec": 11 }, "geometry": { "type": "Polygon", "coordinates": [ [ [ 100.494793778564855, 13.849874143971682 ], [ 100.526239789488841, 13.862676131718676 ], [ 100.52631525638877, 13.831563893195927 ], [ 100.494793778564855, 13.849874143971682 ] ] ] } },
{ "type": "Feature", "properties": { "cell_id": "33446750", "resolution": 11, "type": "fuller4t", "dggs_topology": "TRIANGLE", "dggs_type": "FULLER4T", "dggs_proj": "FULLER", "dggs_aperture_type": "PURE", "dggs_aperture": 4, "dggs_res_spec": 11 }, "geometry": { "type": "Polygon", "coordinates": [ [ [ 100.40037852016971, 13.842561720722406 ], [ 100.43190731065134, 13.824248884714443 ], [ 100.400466861123931, 13.811425614873162 ], [ 100.40037852016971, 13.842561720722406 ] ] ] } },
{ "type": "Feature", "properties": { "cell_id": "33454945", "resolution": 11, "type": "fuller4t", "dggs_topology": "TRIANGLE", "dggs_type": "FULLER4T", "dggs_proj": "FULLER", "dggs_aperture_type": "PURE", "dggs_aperture": 4, "dggs_res_spec": 11 }, "geometry": { "type": "Polygon", "coordinates": [ [ [ 100.463349617715508, 13.837065061371307 ], [ 100.494793778564855, 13.849874143971682 ], [ 100.494872426097643, 13.818755925377779 ], [ 100.463349617715508, 13.837065061371307 ] ] ] } },
{ "type": "Feature", "properties": { "cell_id": "33446751", "resolution": 11, "type": "fuller4t", "dggs_topology": "TRIANGLE", "dggs_type": "FULLER4T", "dggs_proj": "FULLER", "dggs_aperture_type": "PURE", "dggs_aperture": 4, "dggs_res_spec": 11 }, "geometry": { "type": "Polygon", "coordinates": [ [ [ 100.40037852016971, 13.842561720722406 ], [ 100.431822132671925, 13.85537901850617 ], [ 100.43190731065134, 13.824248884714443 ], [ 100.40037852016971, 13.842561720722406 ] ] ] } },
{ "type": "Feature", "properties": { "cell_id": "33450848", "resolution": 11, "type": "fuller4t", "dggs_topology": "TRIANGLE", "dggs_type": "FULLER4T", "dggs_proj": "FULLER", "dggs_aperture_type": "PURE", "dggs_aperture": 4, "dggs_res_spec": 11 }, "geometry": { "type": "Polygon", "coordinates": [ [ [ 100.431822132671925, 13.855379018506222 ], [ 100.463349617715508, 13.837065061371307 ], [ 100.43190731065134, 13.824248884714443 ], [ 100.431822132671925, 13.855379018506222 ] ] ] } },
{ "type": "Feature", "properties": { "cell_id": "33454946", "resolution": 11, "type": "fuller4t", "dggs_topology": "TRIANGLE", "dggs_type": "FULLER4T", "dggs_proj": "FULLER", "dggs_aperture_type": "PURE", "dggs_aperture": 4, "dggs_res_spec": 11 }, "geometry": { "type": "Polygon", "coordinates": [ [ [ 100.463267611075253, 13.868189220944139 ], [ 100.494793778564855, 13.849874143971682 ], [ 100.463349617715508, 13.837065061371307 ], [ 100.463267611075253, 13.868189220944139 ] ] ] } },
{ "type": "Feature", "properties": { "cell_id": "33450849", "resolution": 11, "type": "fuller4t", "dggs_topology": "TRIANGLE", "dggs_type": "FULLER4T", "dggs_proj": "FULLER", "dggs_aperture_type": "PURE", "dggs_aperture": 4, "dggs_res_spec": 11 }, "geometry": { "type": "Polygon", "coordinates": [ [ [ 100.431822132671925, 13.855379018506222 ], [ 100.463267611075253, 13.868189220944139 ], [ 100.463349617715508, 13.837065061371307 ], [ 100.431822132671925, 13.855379018506222 ] ] ] } },
{ "type": "Feature", "properties": { "cell_id": "33446752", "resolution": 11, "type": "fuller4t", "dggs_topology": "TRIANGLE", "dggs_type": "FULLER4T", "dggs_proj": "FULLER", "dggs_aperture_type": "PURE", "dggs_aperture": 4, "dggs_res_spec": 11 }, "geometry": { "type": "Polygon", "coordinates": [ [ [ 100.400289977466585, 13.873697786429878 ], [ 100.431822132671925, 13.855379018506222 ], [ 100.400378520169696, 13.842561720722449 ], [ 100.400289977466585, 13.873697786429878 ] ] ] } },
{ "type": "Feature", "properties": { "cell_id": "33454947", "resolution": 11, "type": "fuller4t", "dggs_topology": "TRIANGLE", "dggs_type": "FULLER4T", "dggs_proj": "FULLER", "dggs_aperture_type": "PURE", "dggs_aperture": 4, "dggs_res_spec": 11 }, "geometry": { "type": "Polygon", "coordinates": [ [ [ 100.463267611075253, 13.868189220944139 ], [ 100.494714951631394, 13.880992327164675 ], [ 100.494793778564855, 13.849874143971682 ], [ 100.463267611075253, 13.868189220944139 ] ] ] } },
{ "type": "Feature", "properties": { "cell_id": "33450850", "resolution": 11, "type": "fuller4t", "dggs_topology": "TRIANGLE", "dggs_type": "FULLER4T", "dggs_proj": "FULLER", "dggs_aperture_type": "PURE", "dggs_aperture": 4, "dggs_res_spec": 11 }, "geometry": { "type": "Polygon", "coordinates": [ [ [ 100.431736760395495, 13.886509113724797 ], [ 100.463267611075239, 13.86818922094413 ], [ 100.431822132671925, 13.85537901850617 ], [ 100.431736760395495, 13.886509113724797 ] ] ] } },
{ "type": "Feature", "properties": { "cell_id": "33446753", "resolution": 11, "type": "fuller4t", "dggs_topology": "TRIANGLE", "dggs_type": "FULLER4T", "dggs_proj": "FULLER", "dggs_aperture_type": "PURE", "dggs_aperture": 4, "dggs_res_spec": 11 }, "geometry": { "type": "Polygon", "coordinates": [ [ [ 100.400289977466585, 13.873697786429878 ], [ 100.431736760395466, 13.886509113724832 ], [ 100.431822132671925, 13.855379018506222 ], [ 100.400289977466585, 13.873697786429878 ] ] ] } },
{ "type": "Feature", "properties": { "cell_id": "33463140", "resolution": 11, "type": "fuller4t", "dggs_topology": "TRIANGLE", "dggs_type": "FULLER4T", "dggs_proj": "FULLER", "dggs_aperture_type": "PURE", "dggs_aperture": 4, "dggs_res_spec": 11 }, "geometry": { "type": "Polygon", "coordinates": [ [ [ 100.526239789488841, 13.862676131718676 ], [ 100.557759924633629, 13.844364767482242 ], [ 100.52631525638877, 13.831563893195927 ], [ 100.526239789488841, 13.862676131718676 ] ] ] } },
{ "type": "Feature", "properties": { "cell_id": "33463141", "resolution": 11, "type": "fuller4t", "dggs_topology": "TRIANGLE", "dggs_type": "FULLER4T", "dggs_proj": "FULLER", "dggs_aperture_type": "PURE", "dggs_aperture": 4, "dggs_res_spec": 11 }, "geometry": { "type": "Polygon", "coordinates": [ [ [ 100.526239789488841, 13.862676131718676 ], [ 100.557687646721732, 13.875471023755395 ], [ 100.557759924633629, 13.844364767482242 ], [ 100.526239789488841, 13.862676131718676 ] ] ] } },
{ "type": "Feature", "properties": { "cell_id": "33459044", "resolution": 11, "type": "fuller4t", "dggs_topology": "TRIANGLE", "dggs_type": "FULLER4T", "dggs_proj": "FULLER", "dggs_aperture_type": "PURE", "dggs_aperture": 4, "dggs_res_spec": 11 }, "geometry": { "type": "Polygon", "coordinates": [ [ [ 100.494714951631394, 13.880992327164675 ], [ 100.526239789488841, 13.862676131718676 ], [ 100.494793778564855, 13.849874143971682 ], [ 100.494714951631394, 13.880992327164675 ] ] ] } },
{ "type": "Feature", "properties": { "cell_id": "33459045", "resolution": 11, "type": "fuller4t", "dggs_topology": "TRIANGLE", "dggs_type": "FULLER4T", "dggs_proj": "FULLER", "dggs_aperture_type": "PURE", "dggs_aperture": 4, "dggs_res_spec": 11 }, "geometry": { "type": "Polygon", "coordinates": [ [ [ 100.494714951631394, 13.880992327164675 ], [ 100.526164150617021, 13.893788336348779 ], [ 100.526239789488841, 13.862676131718676 ], [ 100.494714951631394, 13.880992327164675 ] ] ] } },
{ "type": "Feature", "properties": { "cell_id": "33463142", "resolution": 11, "type": "fuller4t", "dggs_topology": "TRIANGLE", "dggs_type": "FULLER4T", "dggs_proj": "FULLER", "dggs_aperture_type": "PURE", "dggs_aperture": 4, "dggs_res_spec": 11 }, "geometry": { "type": "Polygon", "coordinates": [ [ [ 100.526164150617021, 13.893788336348779 ], [ 100.557687646721732, 13.875471023755395 ], [ 100.526239789488841, 13.862676131718676 ], [ 100.526164150617021, 13.893788336348779 ] ] ] } },
{ "type": "Feature", "properties": { "cell_id": "33463143", "resolution": 11, "type": "fuller4t", "dggs_topology": "TRIANGLE", "dggs_type": "FULLER4T", "dggs_proj": "FULLER", "dggs_aperture_type": "PURE", "dggs_aperture": 4, "dggs_res_spec": 11 }, "geometry": { "type": "Polygon", "coordinates": [ [ [ 100.526164150617021, 13.893788336348779 ], [ 100.557615204285725, 13.906577247662504 ], [ 100.557687646721732, 13.875471023755395 ], [ 100.526164150617021, 13.893788336348779 ] ] ] } },
{ "type": "Feature", "properties": { "cell_id": "33459046", "resolution": 11, "type": "fuller4t", "dggs_topology": "TRIANGLE", "dggs_type": "FULLER4T", "dggs_proj": "FULLER", "dggs_aperture_type": "PURE", "dggs_aperture": 4, "dggs_res_spec": 11 }, "geometry": { "type": "Polygon", "coordinates": [ [ [ 100.494635945265401, 13.912110474842214 ], [ 100.526164150617021, 13.893788336348779 ], [ 100.494714951631394, 13.880992327164675 ], [ 100.494635945265401, 13.912110474842214 ] ] ] } },
{ "type": "Feature", "properties": { "cell_id": "33459047", "resolution": 11, "type": "fuller4t", "dggs_topology": "TRIANGLE", "dggs_type": "FULLER4T", "dggs_proj": "FULLER", "dggs_aperture_type": "PURE", "dggs_aperture": 4, "dggs_res_spec": 11 }, "geometry": { "type": "Polygon", "coordinates": [ [ [ 100.494635945265401, 13.912110474842214 ], [ 100.52608833975745, 13.924900506997275 ], [ 100.526164150617021, 13.893788336348779 ], [ 100.494635945265401, 13.912110474842214 ] ] ] } },
{ "type": "Feature", "properties": { "cell_id": "33463144", "resolution": 11, "type": "fuller4t", "dggs_topology": "TRIANGLE", "dggs_type": "FULLER4T", "dggs_proj": "FULLER", "dggs_aperture_type": "PURE", "dggs_aperture": 4, "dggs_res_spec": 11 }, "geometry": { "type": "Polygon", "coordinates": [ [ [ 100.52608833975745, 13.924900506997275 ], [ 100.557615204285725, 13.906577247662504 ], [ 100.526164150617021, 13.893788336348779 ], [ 100.52608833975745, 13.924900506997275 ] ] ] } },
{ "type": "Feature", "properties": { "cell_id": "33463145", "resolution": 11, "type": "fuller4t", "dggs_topology": "TRIANGLE", "dggs_type": "FULLER4T", "dggs_proj": "FULLER", "dggs_aperture_type": "PURE", "dggs_aperture": 4, "dggs_res_spec": 11 }, "geometry": { "type": "Polygon", "coordinates": [ [ [ 100.52608833975745, 13.924900506997275 ], [ 100.557542597309748, 13.93768343911764 ], [ 100.557615204285725, 13.906577247662504 ], [ 100.52608833975745, 13.924900506997275 ] ] ] } },
{ "type": "Feature", "properties": { "cell_id": "33450851", "resolution": 11, "type": "fuller4t", "dggs_topology": "TRIANGLE", "dggs_type": "FULLER4T", "dggs_proj": "FULLER", "dggs_aperture_type": "PURE", "dggs_aperture": 4, "dggs_res_spec": 11 }, "geometry": { "type": "Polygon", "coordinates": [ [ [ 100.431736760395495, 13.886509113724797 ], [ 100.463185417560695, 13.899313343463506 ], [ 100.463267611075239, 13.86818922094413 ], [ 100.431736760395495, 13.886509113724797 ] ] ] } },
{ "type": "Feature", "properties": { "cell_id": "33454948", "resolution": 11, "type": "fuller4t", "dggs_topology": "TRIANGLE", "dggs_type": "FULLER4T", "dggs_proj": "FULLER", "dggs_aperture_type": "PURE", "dggs_aperture": 4, "dggs_res_spec": 11 }, "geometry": { "type": "Polygon", "coordinates": [ [ [ 100.463185417560709, 13.899313343463515 ], [ 100.494714951631394, 13.880992327164675 ], [ 100.463267611075253, 13.868189220944139 ], [ 100.463185417560709, 13.899313343463515 ] ] ] } },
{ "type": "Feature", "properties": { "cell_id": "33446754", "resolution": 11, "type": "fuller4t", "dggs_topology": "TRIANGLE", "dggs_type": "FULLER4T", "dggs_proj": "FULLER", "dggs_aperture_type": "PURE", "dggs_aperture": 4, "dggs_res_spec": 11 }, "geometry": { "type": "Polygon", "coordinates": [ [ [ 100.400201233030941, 13.904833811938884 ], [ 100.431736760395495, 13.886509113724797 ], [ 100.400289977466599, 13.873697786429835 ], [ 100.400201233030941, 13.904833811938884 ] ] ] } },
{ "type": "Feature", "properties": { "cell_id": "33454949", "resolution": 11, "type": "fuller4t", "dggs_topology": "TRIANGLE", "dggs_type": "FULLER4T", "dggs_proj": "FULLER", "dggs_aperture_type": "PURE", "dggs_aperture": 4, "dggs_res_spec": 11 }, "geometry": { "type": "Polygon", "coordinates": [ [ [ 100.463185417560709, 13.899313343463515 ], [ 100.494635945265401, 13.912110474842214 ], [ 100.494714951631394, 13.880992327164675 ], [ 100.463185417560709, 13.899313343463515 ] ] ] } },
{ "type": "Feature", "properties": { "cell_id": "33450852", "resolution": 11, "type": "fuller4t", "dggs_topology": "TRIANGLE", "dggs_type": "FULLER4T", "dggs_proj": "FULLER", "dggs_aperture_type": "PURE", "dggs_aperture": 4, "dggs_res_spec": 11 }, "geometry": { "type": "Polygon", "coordinates": [ [ [ 100.431651193806232, 13.917639170271904 ], [ 100.463185417560695, 13.899313343463506 ], [ 100.431736760395495, 13.886509113724797 ], [ 100.431651193806232, 13.917639170271904 ] ] ] } },
{ "type": "Feature", "properties": { "cell_id": "33446755", "resolution": 11, "type": "fuller4t", "dggs_topology": "TRIANGLE", "dggs_type": "FULLER4T", "dggs_proj": "FULLER", "dggs_aperture_type": "PURE", "dggs_aperture": 4, "dggs_res_spec": 11 }, "geometry": { "type": "Polygon", "coordinates": [ [ [ 100.400201233030941, 13.904833811938884 ], [ 100.431651193806232, 13.917639170271904 ], [ 100.431736760395495, 13.886509113724797 ], [ 100.400201233030941, 13.904833811938884 ] ] ] } },
{ "type": "Feature", "properties": { "cell_id": "33450853", "resolution": 11, "type": "fuller4t", "dggs_topology": "TRIANGLE", "dggs_type": "FULLER4T", "dggs_proj": "FULLER", "dggs_aperture_type": "PURE", "dggs_aperture": 4, "dggs_res_spec": 11 }, "geometry": { "type": "Polygon", "coordinates": [ [ [ 100.431651193806232, 13.917639170271904 ], [ 100.463103037172147, 13.930437428856628 ], [ 100.463185417560695, 13.899313343463506 ], [ 100.431651193806232, 13.917639170271904 ] ] ] } },
{ "type": "Feature", "properties": { "cell_id": "33454950", "resolution": 11, "type": "fuller4t", "dggs_topology": "TRIANGLE", "dggs_type": "FULLER4T", "dggs_proj": "FULLER", "dggs_aperture_type": "PURE", "dggs_aperture": 4, "dggs_res_spec": 11 }, "geometry": { "type": "Polygon", "coordinates": [ [ [ 100.463103037172147, 13.930437428856628 ], [ 100.494635945265401, 13.912110474842214 ], [ 100.463185417560709, 13.899313343463515 ], [ 100.463103037172147, 13.930437428856628 ] ] ] } },
{ "type": "Feature", "properties": { "cell_id": "33446756", "resolution": 11, "type": "fuller4t", "dggs_topology": "TRIANGLE", "dggs_type": "FULLER4T", "dggs_proj": "FULLER", "dggs_aperture_type": "PURE", "dggs_aperture": 4, "dggs_res_spec": 11 }, "geometry": { "type": "Polygon", "coordinates": [ [ [ 100.400112286847033, 13.935969797147971 ], [ 100.431651193806232, 13.917639170271904 ], [ 100.400201233030941, 13.904833811938884 ], [ 100.400112286847033, 13.935969797147971 ] ] ] } },
{ "type": "Feature", "properties": { "cell_id": "33454951", "resolution": 11, "type": "fuller4t", "dggs_topology": "TRIANGLE", "dggs_type": "FULLER4T", "dggs_proj": "FULLER", "dggs_aperture_type": "PURE", "dggs_aperture": 4, "dggs_res_spec": 11 }, "geometry": { "type": "Polygon", "coordinates": [ [ [ 100.463103037172147, 13.930437428856628 ], [ 100.494556759451129, 13.943228586912088 ], [ 100.494635945265401, 13.912110474842214 ], [ 100.463103037172147, 13.930437428856628 ] ] ] } },
{ "type": "Feature", "properties": { "cell_id": "33426269", "resolution": 11, "type": "fuller4t", "dggs_topology": "TRIANGLE", "dggs_type": "FULLER4T", "dggs_proj": "FULLER", "dggs_aperture_type": "PURE", "dggs_aperture": 4, "dggs_res_spec": 11 }, "geometry": { "type": "Polygon", "coordinates": [ [ [ 100.24277006546923, 13.903032086243316 ], [ 100.2742168517659, 13.915861018498427 ], [ 100.274318686856091, 13.884701232016791 ], [ 100.24277006546923, 13.903032086243316 ] ] ] } },
{ "type": "Feature", "properties": { "cell_id": "33438558", "resolution": 11, "type": "fuller4t", "dggs_topology": "TRIANGLE", "dggs_type": "FULLER4T", "dggs_proj": "FULLER", "dggs_aperture_type": "PURE", "dggs_aperture": 4, "dggs_res_spec": 11 }, "geometry": { "type": "Polygon", "coordinates": [ [ [ 100.33730697423168, 13.879201799615927 ], [ 100.368845072528003, 13.860879362479782 ], [ 100.337402049262366, 13.848053842693435 ], [ 100.33730697423168, 13.879201799615927 ] ] ] } },
{ "type": "Feature", "properties": { "cell_id": "33442656", "resolution": 11, "type": "fuller4t", "dggs_topology": "TRIANGLE", "dggs_type": "FULLER4T", "dggs_proj": "FULLER", "dggs_aperture_type": "PURE", "dggs_aperture": 4, "dggs_res_spec": 11 }, "geometry": { "type": "Polygon", "coordinates": [ [ [ 100.368753158612989, 13.892021354780736 ], [ 100.400289977466585, 13.873697786429828 ], [ 100.368845072527989, 13.860879362479775 ], [ 100.368753158612989, 13.892021354780736 ] ] ] } },
{ "type": "Feature", "properties": { "cell_id": "33438559", "resolution": 11, "type": "fuller4t", "dggs_topology": "TRIANGLE", "dggs_type": "FULLER4T", "dggs_proj": "FULLER", "dggs_aperture_type": "PURE", "dggs_aperture": 4, "dggs_res_spec": 11 }, "geometry": { "type": "Polygon", "coordinates": [ [ [ 100.33730697423168, 13.879201799615927 ], [ 100.368753158612989, 13.892021354780736 ], [ 100.368845072528003, 13.860879362479782 ], [ 100.33730697423168, 13.879201799615927 ] ] ] } },
{ "type": "Feature", "properties": { "cell_id": "33442657", "resolution": 11, "type": "fuller4t", "dggs_topology": "TRIANGLE", "dggs_type": "FULLER4T", "dggs_proj": "FULLER", "dggs_aperture_type": "PURE", "dggs_aperture": 4, "dggs_res_spec": 11 }, "geometry": { "type": "Polygon", "coordinates": [ [ [ 100.368753158612989, 13.892021354780736 ], [ 100.400201233030941, 13.904833811938879 ], [ 100.400289977466585, 13.873697786429828 ], [ 100.368753158612989, 13.892021354780736 ] ] ] } },
{ "type": "Feature", "properties": { "cell_id": "33438560", "resolution": 11, "type": "fuller4t", "dggs_topology": "TRIANGLE", "dggs_type": "FULLER4T", "dggs_proj": "FULLER", "dggs_aperture_type": "PURE", "dggs_aperture": 4, "dggs_res_spec": 11 }, "geometry": { "type": "Polygon", "coordinates": [ [ [ 100.337211682606224, 13.910349713143624 ], [ 100.368753158612989, 13.892021354780736 ], [ 100.33730697423168, 13.879201799615927 ], [ 100.337211682606224, 13.910349713143624 ] ] ] } },
{ "type": "Feature", "properties": { "cell_id": "33438561", "resolution": 11, "type": "fuller4t", "dggs_topology": "TRIANGLE", "dggs_type": "FULLER4T", "dggs_proj": "FULLER", "dggs_aperture_type": "PURE", "dggs_aperture": 4, "dggs_res_spec": 11 }, "geometry": { "type": "Polygon", "coordinates": [ [ [ 100.337211682606224, 13.910349713143624 ], [ 100.368661035516936, 13.923163305225112 ], [ 100.368753158612989, 13.892021354780736 ], [ 100.337211682606224, 13.910349713143624 ] ] ] } },
{ "type": "Feature", "properties": { "cell_id": "33442658", "resolution": 11, "type": "fuller4t", "dggs_topology": "TRIANGLE", "dggs_type": "FULLER4T", "dggs_proj": "FULLER", "dggs_aperture_type": "PURE", "dggs_aperture": 4, "dggs_res_spec": 11 }, "geometry": { "type": "Polygon", "coordinates": [ [ [ 100.368661035516936, 13.923163305225112 ], [ 100.400201233030941, 13.904833811938879 ], [ 100.368753158612989, 13.892021354780736 ], [ 100.368661035516936, 13.923163305225112 ] ] ] } },
{ "type": "Feature", "properties": { "cell_id": "33442659", "resolution": 11, "type": "fuller4t", "dggs_topology": "TRIANGLE", "dggs_type": "FULLER4T", "dggs_proj": "FULLER", "dggs_aperture_type": "PURE", "dggs_aperture": 4, "dggs_res_spec": 11 }, "geometry": { "type": "Polygon", "coordinates": [ [ [ 100.368661035516936, 13.923163305225112 ], [ 100.400112286847033, 13.935969797147971 ], [ 100.400201233030941, 13.904833811938879 ], [ 100.368661035516936, 13.923163305225112 ] ] ] } },
{ "type": "Feature", "properties": { "cell_id": "33438562", "resolution": 11, "type": "fuller4t", "dggs_topology": "TRIANGLE", "dggs_type": "FULLER4T", "dggs_proj": "FULLER", "dggs_aperture_type": "PURE", "dggs_aperture": 4, "dggs_res_spec": 11 }, "geometry": { "type": "Polygon", "coordinates": [ [ [ 100.337116174338348, 13.941497583123546 ], [ 100.368661035516936, 13.923163305225112 ], [ 100.337211682606224, 13.910349713143624 ], [ 100.337116174338348, 13.941497583123546 ] ] ] } },
{ "type": "Feature", "properties": { "cell_id": "33442660", "resolution": 11, "type": "fuller4t", "dggs_topology": "TRIANGLE", "dggs_type": "FULLER4T", "dggs_proj": "FULLER", "dggs_aperture_type": "PURE", "dggs_aperture": 4, "dggs_res_spec": 11 }, "geometry": { "type": "Polygon", "coordinates": [ [ [ 100.368568703208155, 13.954305213685624 ], [ 100.400112286847033, 13.935969797147971 ], [ 100.368661035516936, 13.923163305225112 ], [ 100.368568703208155, 13.954305213685624 ] ] ] } },
{ "type": "Feature", "properties": { "cell_id": "33434464", "resolution": 11, "type": "fuller4t", "dggs_topology": "TRIANGLE", "dggs_type": "FULLER4T", "dggs_proj": "FULLER", "dggs_aperture_type": "PURE", "dggs_aperture": 4, "dggs_res_spec": 11 }, "geometry": { "type": "Polygon", "coordinates": [ [ [ 100.305665555955372, 13.928682851094424 ], [ 100.337211682606224, 13.910349713143624 ], [ 100.305764231815985, 13.897529021773964 ], [ 100.305665555955372, 13.928682851094424 ] ] ] } },
{ "type": "Feature", "properties": { "cell_id": "33430367", "resolution": 11, "type": "fuller4t", "dggs_topology": "TRIANGLE", "dggs_type": "FULLER4T", "dggs_proj": "FULLER", "dggs_aperture_type": "PURE", "dggs_aperture": 4, "dggs_res_spec": 11 }, "geometry": { "type": "Polygon", "coordinates": [ [ [ 100.2742168517659, 13.915861018498427 ], [ 100.305665555955372, 13.928682851094424 ], [ 100.305764231815985, 13.897529021773964 ], [ 100.2742168517659, 13.915861018498427 ] ] ] } },
{ "type": "Feature", "properties": { "cell_id": "33434465", "resolution": 11, "type": "fuller4t", "dggs_topology": "TRIANGLE", "dggs_type": "FULLER4T", "dggs_proj": "FULLER", "dggs_aperture_type": "PURE", "dggs_aperture": 4, "dggs_res_spec": 11 }, "geometry": { "type": "Polygon", "coordinates": [ [ [ 100.305665555955372, 13.928682851094424 ], [ 100.337116174338348, 13.941497583123546 ], [ 100.337211682606224, 13.910349713143624 ], [ 100.305665555955372, 13.928682851094424 ] ] ] } },
{ "type": "Feature", "properties": { "cell_id": "33430368", "resolution": 11, "type": "fuller4t", "dggs_topology": "TRIANGLE", "dggs_type": "FULLER4T", "dggs_proj": "FULLER", "dggs_aperture_type": "PURE", "dggs_aperture": 4, "dggs_res_spec": 11 }, "geometry": { "type": "Polygon", "coordinates": [ [ [ 100.274114785167072, 13.947020758177917 ], [ 100.305665555955372, 13.928682851094424 ], [ 100.2742168517659, 13.915861018498427 ], [ 100.274114785167072, 13.947020758177917 ] ] ] } },
{ "type": "Feature", "properties": { "cell_id": "33430369", "resolution": 11, "type": "fuller4t", "dggs_topology": "TRIANGLE", "dggs_type": "FULLER4T", "dggs_proj": "FULLER", "dggs_aperture_type": "PURE", "dggs_aperture": 4, "dggs_res_spec": 11 }, "geometry": { "type": "Polygon", "coordinates": [ [ [ 100.274114785167072, 13.947020758177917 ], [ 100.305566656009916, 13.959836635187909 ], [ 100.305665555955372, 13.928682851094424 ], [ 100.274114785167072, 13.947020758177917 ] ] ] } },
{ "type": "Feature", "properties": { "cell_id": "33434466", "resolution": 11, "type": "fuller4t", "dggs_topology": "TRIANGLE", "dggs_type": "FULLER4T", "dggs_proj": "FULLER", "dggs_aperture_type": "PURE", "dggs_aperture": 4, "dggs_res_spec": 11 }, "geometry": { "type": "Polygon", "coordinates": [ [ [ 100.305566656009916, 13.959836635187909 ], [ 100.337116174338348, 13.941497583123546 ], [ 100.305665555955372, 13.928682851094424 ], [ 100.305566656009916, 13.959836635187909 ] ] ] } },
{ "type": "Feature", "properties": { "cell_id": "33434467", "resolution": 11, "type": "fuller4t", "dggs_topology": "TRIANGLE", "dggs_type": "FULLER4T", "dggs_proj": "FULLER", "dggs_aperture_type": "PURE", "dggs_aperture": 4, "dggs_res_spec": 11 }, "geometry": { "type": "Polygon", "coordinates": [ [ [ 100.305566656009916, 13.959836635187909 ], [ 100.337020449412279, 13.972645409447681 ], [ 100.337116174338348, 13.941497583123546 ], [ 100.305566656009916, 13.959836635187909 ] ] ] } },
{ "type": "Feature", "properties": { "cell_id": "33430370", "resolution": 11, "type": "fuller4t", "dggs_topology": "TRIANGLE", "dggs_type": "FULLER4T", "dggs_proj": "FULLER", "dggs_aperture_type": "PURE", "dggs_aperture": 4, "dggs_res_spec": 11 }, "geometry": { "type": "Polygon", "coordinates": [ [ [ 100.274012487076178, 13.97818045098562 ], [ 100.305566656009916, 13.959836635187909 ], [ 100.274114785167058, 13.94702075817791 ], [ 100.274012487076178, 13.97818045098562 ] ] ] } },
{ "type": "Feature", "properties": { "cell_id": "33434468", "resolution": 11, "type": "fuller4t", "dggs_topology": "TRIANGLE", "dggs_type": "FULLER4T", "dggs_proj": "FULLER", "dggs_aperture_type": "PURE", "dggs_aperture": 4, "dggs_res_spec": 11 }, "geometry": { "type": "Polygon", "coordinates": [ [ [ 100.305467531979971, 13.99099037396557 ], [ 100.337020449412279, 13.972645409447681 ], [ 100.305566656009916, 13.959836635187909 ], [ 100.305467531979971, 13.99099037396557 ] ] ] } },
{ "type": "Feature", "properties": { "cell_id": "33430371", "resolution": 11, "type": "fuller4t", "dggs_topology": "TRIANGLE", "dggs_type": "FULLER4T", "dggs_proj": "FULLER", "dggs_aperture_type": "PURE", "dggs_aperture": 4, "dggs_res_spec": 11 }, "geometry": { "type": "Polygon", "coordinates": [ [ [ 100.274012487076178, 13.97818045098562 ], [ 100.305467531979971, 13.99099037396557 ], [ 100.305566656009916, 13.959836635187909 ], [ 100.274012487076178, 13.97818045098562 ] ] ] } },
{ "type": "Feature", "properties": { "cell_id": "33426270", "resolution": 11, "type": "fuller4t", "dggs_topology": "TRIANGLE", "dggs_type": "FULLER4T", "dggs_proj": "FULLER", "dggs_aperture_type": "PURE", "dggs_aperture": 4, "dggs_res_spec": 11 }, "geometry": { "type": "Polygon", "coordinates": [ [ [ 100.242664840579891, 13.934197779325059 ], [ 100.2742168517659, 13.915861018498427 ], [ 100.242770065469216, 13.903032086243305 ], [ 100.242664840579891, 13.934197779325059 ] ] ] } },
{ "type": "Feature", "properties": { "cell_id": "33426271", "resolution": 11, "type": "fuller4t", "dggs_topology": "TRIANGLE", "dggs_type": "FULLER4T", "dggs_proj": "FULLER", "dggs_aperture_type": "PURE", "dggs_aperture": 4, "dggs_res_spec": 11 }, "geometry": { "type": "Polygon", "coordinates": [ [ [ 100.242664840579891, 13.934197779325059 ], [ 100.274114785167058, 13.94702075817791 ], [ 100.2742168517659, 13.915861018498427 ], [ 100.242664840579891, 13.934197779325059 ] ] ] } },
{ "type": "Feature", "properties": { "cell_id": "33426275", "resolution": 11, "type": "fuller4t", "dggs_topology": "TRIANGLE", "dggs_type": "FULLER4T", "dggs_proj": "FULLER", "dggs_aperture_type": "PURE", "dggs_aperture": 4, "dggs_res_spec": 11 }, "geometry": { "type": "Polygon", "coordinates": [ [ [ 100.242453674031225, 13.996529019985545 ], [ 100.273909957445511, 14.009340096761962 ], [ 100.274012487076178, 13.97818045098562 ], [ 100.242453674031225, 13.996529019985545 ] ] ] } },
{ "type": "Feature", "properties": { "cell_id": "33434469", "resolution": 11, "type": "fuller4t", "dggs_topology": "TRIANGLE", "dggs_type": "FULLER4T", "dggs_proj": "FULLER", "dggs_aperture_type": "PURE", "dggs_aperture": 4, "dggs_res_spec": 11 }, "geometry": { "type": "Polygon", "coordinates": [ [ [ 100.305467531979971, 13.99099037396557 ], [ 100.336924507828456, 14.003793192030278 ], [ 100.337020449412279, 13.972645409447681 ], [ 100.305467531979971, 13.99099037396557 ] ] ] } },
{ "type": "Feature", "properties": { "cell_id": "33430372", "resolution": 11, "type": "fuller4t", "dggs_topology": "TRIANGLE", "dggs_type": "FULLER4T", "dggs_proj": "FULLER", "dggs_aperture_type": "PURE", "dggs_aperture": 4, "dggs_res_spec": 11 }, "geometry": { "type": "Polygon", "coordinates": [ [ [ 100.273909957445511, 14.009340096761962 ], [ 100.305467531979971, 13.99099037396557 ], [ 100.274012487076178, 13.97818045098562 ], [ 100.273909957445511, 14.009340096761962 ] ] ] } },
{ "type": "Feature", "properties": { "cell_id": "33434470", "resolution": 11, "type": "fuller4t", "dggs_topology": "TRIANGLE", "dggs_type": "FULLER4T", "dggs_proj": "FULLER", "dggs_aperture_type": "PURE", "dggs_aperture": 4, "dggs_res_spec": 11 }, "geometry": { "type": "Polygon", "coordinates": [ [ [ 100.305368183849993, 14.022144067315946 ], [ 100.336924507828456, 14.003793192030278 ], [ 100.305467531979971, 13.99099037396557 ], [ 100.305368183849993, 14.022144067315946 ] ] ] } },
{ "type": "Feature", "properties": { "cell_id": "33430373", "resolution": 11, "type": "fuller4t", "dggs_topology": "TRIANGLE", "dggs_type": "FULLER4T", "dggs_proj": "FULLER", "dggs_aperture_type": "PURE", "dggs_aperture": 4, "dggs_res_spec": 11 }, "geometry": { "type": "Polygon", "coordinates": [ [ [ 100.273909957445511, 14.009340096761962 ], [ 100.305368183849993, 14.022144067315946 ], [ 100.305467531979971, 13.99099037396557 ], [ 100.273909957445511, 14.009340096761962 ] ] ] } },
{ "type": "Feature", "properties": { "cell_id": "33434471", "resolution": 11, "type": "fuller4t", "dggs_topology": "TRIANGLE", "dggs_type": "FULLER4T", "dggs_proj": "FULLER", "dggs_aperture_type": "PURE", "dggs_aperture": 4, "dggs_res_spec": 11 }, "geometry": { "type": "Polygon", "coordinates": [ [ [ 100.305368183849993, 14.022144067315946 ], [ 100.336828349571221, 14.034940930763209 ], [ 100.336924507828456, 14.003793192030278 ], [ 100.305368183849993, 14.022144067315946 ] ] ] } },
{ "type": "Feature", "properties": { "cell_id": "33430374", "resolution": 11, "type": "fuller4t", "dggs_topology": "TRIANGLE", "dggs_type": "FULLER4T", "dggs_proj": "FULLER", "dggs_aperture_type": "PURE", "dggs_aperture": 4, "dggs_res_spec": 11 }, "geometry": { "type": "Polygon", "coordinates": [ [ [ 100.273807196259497, 14.040499695392208 ], [ 100.305368183849993, 14.022144067315946 ], [ 100.273909957445511, 14.009340096761962 ], [ 100.273807196259497, 14.040499695392208 ] ] ] } },
{ "type": "Feature", "properties": { "cell_id": "33434472", "resolution": 11, "type": "fuller4t", "dggs_topology": "TRIANGLE", "dggs_type": "FULLER4T", "dggs_proj": "FULLER", "dggs_aperture_type": "PURE", "dggs_aperture": 4, "dggs_res_spec": 11 }, "geometry": { "type": "Polygon", "coordinates": [ [ [ 100.305268611588261, 14.053297715105051 ], [ 100.336828349571192, 14.034940930763202 ], [ 100.305368183849978, 14.022144067315935 ], [ 100.305268611588261, 14.053297715105051 ] ] ] } },
{ "type": "Feature", "properties": { "cell_id": "33430375", "resolution": 11, "type": "fuller4t", "dggs_topology": "TRIANGLE", "dggs_type": "FULLER4T", "dggs_proj": "FULLER", "dggs_aperture_type": "PURE", "dggs_aperture": 4, "dggs_res_spec": 11 }, "geometry": { "type": "Polygon", "coordinates": [ [ [ 100.273807196259497, 14.040499695392208 ], [ 100.305268611588247, 14.053297715105094 ], [ 100.305368183849993, 14.022144067315946 ], [ 100.273807196259497, 14.040499695392208 ] ] ] } },
{ "type": "Feature", "properties": { "cell_id": "33434473", "resolution": 11, "type": "fuller4t", "dggs_topology": "TRIANGLE", "dggs_type": "FULLER4T", "dggs_proj": "FULLER", "dggs_aperture_type": "PURE", "dggs_aperture": 4, "dggs_res_spec": 11 }, "geometry": { "type": "Polygon", "coordinates": [ [ [ 100.305268611588261, 14.053297715105051 ], [ 100.336731974592837, 14.066088625493171 ], [ 100.336828349571192, 14.034940930763202 ], [ 100.305268611588261, 14.053297715105051 ] ] ] } },
{ "type": "Feature", "properties": { "cell_id": "33430376", "resolution": 11, "type": "fuller4t", "dggs_topology": "TRIANGLE", "dggs_type": "FULLER4T", "dggs_proj": "FULLER", "dggs_aperture_type": "PURE", "dggs_aperture": 4, "dggs_res_spec": 11 }, "geometry": { "type": "Polygon", "coordinates": [ [ [ 100.273704203518562, 14.071659246783955 ], [ 100.305268611588261, 14.053297715105051 ], [ 100.273807196259483, 14.040499695392198 ], [ 100.273704203518562, 14.071659246783955 ] ] ] } },
{ "type": "Feature", "properties": { "cell_id": "33426276", "resolution": 11, "type": "fuller4t", "dggs_topology": "TRIANGLE", "dggs_type": "FULLER4T", "dggs_proj": "FULLER", "dggs_aperture_type": "PURE", "dggs_aperture": 4, "dggs_res_spec": 11 }, "geometry": { "type": "Polygon", "coordinates": [ [ [ 100.24234773230873, 14.027694567283422 ], [ 100.273909957445511, 14.009340096761962 ], [ 100.242453674031225, 13.996529019985545 ], [ 100.24234773230873, 14.027694567283422 ] ] ] } },
{ "type": "Feature", "properties": { "cell_id": "33426277", "resolution": 11, "type": "fuller4t", "dggs_topology": "TRIANGLE", "dggs_type": "FULLER4T", "dggs_proj": "FULLER", "dggs_aperture_type": "PURE", "dggs_aperture": 4, "dggs_res_spec": 11 }, "geometry": { "type": "Polygon", "coordinates": [ [ [ 100.24234773230873, 14.027694567283422 ], [ 100.273807196259497, 14.040499695392208 ], [ 100.273909957445511, 14.009340096761962 ], [ 100.24234773230873, 14.027694567283422 ] ] ] } },
{ "type": "Feature", "properties": { "cell_id": "33426278", "resolution": 11, "type": "fuller4t", "dggs_topology": "TRIANGLE", "dggs_type": "FULLER4T", "dggs_proj": "FULLER", "dggs_aperture_type": "PURE", "dggs_aperture": 4, "dggs_res_spec": 11 }, "geometry": { "type": "Polygon", "coordinates": [ [ [ 100.242241551610732, 14.058860065750675 ], [ 100.273807196259497, 14.040499695392208 ], [ 100.24234773230873, 14.027694567283422 ], [ 100.242241551610732, 14.058860065750675 ] ] ] } },
{ "type": "Feature", "properties": { "cell_id": "33426279", "resolution": 11, "type": "fuller4t", "dggs_topology": "TRIANGLE", "dggs_type": "FULLER4T", "dggs_proj": "FULLER", "dggs_aperture_type": "PURE", "dggs_aperture": 4, "dggs_res_spec": 11 }, "geometry": { "type": "Polygon", "coordinates": [ [ [ 100.242241551610732, 14.058860065750675 ], [ 100.273704203518562, 14.071659246783955 ], [ 100.273807196259497, 14.040499695392208 ], [ 100.242241551610732, 14.058860065750675 ] ] ] } },
{ "type": "Feature", "properties": { "cell_id": "33426280", "resolution": 11, "type": "fuller4t", "dggs_topology": "TRIANGLE", "dggs_type": "FULLER4T", "dggs_proj": "FULLER", "dggs_aperture_type": "PURE", "dggs_aperture": 4, "dggs_res_spec": 11 }, "geometry": { "type": "Polygon", "coordinates": [ [ [ 100.242135131905599, 14.090025515246669 ], [ 100.273704203518562, 14.071659246783955 ], [ 100.242241551610718, 14.05886006575067 ], [ 100.242135131905599, 14.090025515246669 ] ] ] } },
{ "type": "Feature", "properties": { "cell_id": "33438570", "resolution": 11, "type": "fuller4t", "dggs_topology": "TRIANGLE", "dggs_type": "FULLER4T", "dggs_proj": "FULLER", "dggs_aperture_type": "PURE", "dggs_aperture": 4, "dggs_res_spec": 11 }, "geometry": { "type": "Polygon", "coordinates": [ [ [ 100.336731974592837, 14.066088625493171 ], [ 100.368290450896524, 14.047730686182078 ], [ 100.336828349571221, 14.034940930763209 ], [ 100.336731974592837, 14.066088625493171 ] ] ] } },
{ "type": "Feature", "properties": { "cell_id": "33446765", "resolution": 11, "type": "fuller4t", "dggs_topology": "TRIANGLE", "dggs_type": "FULLER4T", "dggs_proj": "FULLER", "dggs_aperture_type": "PURE", "dggs_aperture": 4, "dggs_res_spec": 11 }, "geometry": { "type": "Polygon", "coordinates": [ [ [ 100.399754484122084, 14.060513332680847 ], [ 100.431220445585026, 14.073288869442559 ], [ 100.431306983974352, 14.042159007730818 ], [ 100.399754484122084, 14.060513332680847 ] ] ] } },
{ "type": "Feature", "properties": { "cell_id": "33442668", "resolution": 11, "type": "fuller4t", "dggs_topology": "TRIANGLE", "dggs_type": "FULLER4T", "dggs_proj": "FULLER", "dggs_aperture_type": "PURE", "dggs_aperture": 4, "dggs_res_spec": 11 }, "geometry": { "type": "Polygon", "coordinates": [ [ [ 100.368197281595954, 14.07887242567997 ], [ 100.399754484122113, 14.060513332680811 ], [ 100.368290450896524, 14.047730686182078 ], [ 100.368197281595954, 14.07887242567997 ] ] ] } },
{ "type": "Feature", "properties": { "cell_id": "33438571", "resolution": 11, "type": "fuller4t", "dggs_topology": "TRIANGLE", "dggs_type": "FULLER4T", "dggs_proj": "FULLER", "dggs_aperture_type": "PURE", "dggs_aperture": 4, "dggs_res_spec": 11 }, "geometry": { "type": "Polygon", "coordinates": [ [ [ 100.336731974592837, 14.066088625493171 ], [ 100.368197281595954, 14.07887242567997 ], [ 100.368290450896524, 14.047730686182078 ], [ 100.336731974592837, 14.066088625493171 ] ] ] } },
{ "type": "Feature", "properties": { "cell_id": "33442669", "resolution": 11, "type": "fuller4t", "dggs_topology": "TRIANGLE", "dggs_type": "FULLER4T", "dggs_proj": "FULLER", "dggs_aperture_type": "PURE", "dggs_aperture": 4, "dggs_res_spec": 11 }, "geometry": { "type": "Polygon", "coordinates": [ [ [ 100.368197281595954, 14.07887242567997 ], [ 100.399664528897048, 14.091649114773995 ], [ 100.399754484122113, 14.060513332680811 ], [ 100.368197281595954, 14.07887242567997 ] ] ] } },
{ "type": "Feature", "properties": { "cell_id": "33446766", "resolution": 11, "type": "fuller4t", "dggs_topology": "TRIANGLE", "dggs_type": "FULLER4T", "dggs_proj": "FULLER", "dggs_aperture_type": "PURE", "dggs_aperture": 4, "dggs_res_spec": 11 }, "geometry": { "type": "Polygon", "coordinates": [ [ [ 100.399664528897048, 14.091649114773995 ], [ 100.431220445585026, 14.073288869442559 ], [ 100.399754484122084, 14.060513332680847 ], [ 100.399664528897048, 14.091649114773995 ] ] ] } },
{ "type": "Feature", "properties": { "cell_id": "33438572", "resolution": 11, "type": "fuller4t", "dggs_topology": "TRIANGLE", "dggs_type": "FULLER4T", "dggs_proj": "FULLER", "dggs_aperture_type": "PURE", "dggs_aperture": 4, "dggs_res_spec": 11 }, "geometry": { "type": "Polygon", "coordinates": [ [ [ 100.336635382909719, 14.097236276156753 ], [ 100.368197281595954, 14.07887242567997 ], [ 100.336731974592837, 14.066088625493171 ], [ 100.336635382909719, 14.097236276156753 ] ] ] } },
{ "type": "Feature", "properties": { "cell_id": "33446767", "resolution": 11, "type": "fuller4t", "dggs_topology": "TRIANGLE", "dggs_type": "FULLER4T", "dggs_proj": "FULLER", "dggs_aperture_type": "PURE", "dggs_aperture": 4, "dggs_res_spec": 11 }, "geometry": { "type": "Polygon", "coordinates": [ [ [ 100.399664528897048, 14.091649114773995 ], [ 100.431133712772407, 14.10441869186884 ], [ 100.431220445585026, 14.073288869442559 ], [ 100.399664528897048, 14.091649114773995 ] ] ] } },
{ "type": "Feature", "properties": { "cell_id": "33442670", "resolution": 11, "type": "fuller4t", "dggs_topology": "TRIANGLE", "dggs_type": "FULLER4T", "dggs_proj": "FULLER", "dggs_aperture_type": "PURE", "dggs_aperture": 4, "dggs_res_spec": 11 }, "geometry": { "type": "Polygon", "coordinates": [ [ [ 100.368103903004183, 14.110014122668838 ], [ 100.399664528897048, 14.091649114773995 ], [ 100.368197281595954, 14.07887242567997 ], [ 100.368103903004183, 14.110014122668838 ] ] ] } },
{ "type": "Feature", "properties": { "cell_id": "33438573", "resolution": 11, "type": "fuller4t", "dggs_topology": "TRIANGLE", "dggs_type": "FULLER4T", "dggs_proj": "FULLER", "dggs_aperture_type": "PURE", "dggs_aperture": 4, "dggs_res_spec": 11 }, "geometry": { "type": "Polygon", "coordinates": [ [ [ 100.336635382909719, 14.097236276156753 ], [ 100.368103903004183, 14.110014122668838 ], [ 100.368197281595954, 14.07887242567997 ], [ 100.336635382909719, 14.097236276156753 ] ] ] } },
{ "type": "Feature", "properties": { "cell_id": "33430377", "resolution": 11, "type": "fuller4t", "dggs_topology": "TRIANGLE", "dggs_type": "FULLER4T", "dggs_proj": "FULLER", "dggs_aperture_type": "PURE", "dggs_aperture": 4, "dggs_res_spec": 11 }, "geometry": { "type": "Polygon", "coordinates": [ [ [ 100.273704203518562, 14.071659246783955 ], [ 100.305168815179144, 14.08445131722142 ], [ 100.305268611588261, 14.053297715105051 ], [ 100.273704203518562, 14.071659246783955 ] ] ] } },
{ "type": "Feature", "properties": { "cell_id": "33434474", "resolution": 11, "type": "fuller4t", "dggs_topology": "TRIANGLE", "dggs_type": "FULLER4T", "dggs_proj": "FULLER", "dggs_aperture_type": "PURE", "dggs_aperture": 4, "dggs_res_spec": 11 }, "geometry": { "type": "Polygon", "coordinates": [ [ [ 100.305168815179144, 14.08445131722142 ], [ 100.336731974592837, 14.066088625493171 ], [ 100.305268611588247, 14.053297715105094 ], [ 100.305168815179144, 14.08445131722142 ] ] ] } },
{ "type": "Feature", "properties": { "cell_id": "33434475", "resolution": 11, "type": "fuller4t", "dggs_topology": "TRIANGLE", "dggs_type": "FULLER4T", "dggs_proj": "FULLER", "dggs_aperture_type": "PURE", "dggs_aperture": 4, "dggs_res_spec": 11 }, "geometry": { "type": "Polygon", "coordinates": [ [ [ 100.305168815179144, 14.08445131722142 ], [ 100.336635382909719, 14.097236276156753 ], [ 100.336731974592837, 14.066088625493171 ], [ 100.305168815179144, 14.08445131722142 ] ] ] } },
{ "type": "Feature", "properties": { "cell_id": "33430378", "resolution": 11, "type": "fuller4t", "dggs_topology": "TRIANGLE", "dggs_type": "FULLER4T", "dggs_proj": "FULLER", "dggs_aperture_type": "PURE", "dggs_aperture": 4, "dggs_res_spec": 11 }, "geometry": { "type": "Polygon", "coordinates": [ [ [ 100.273600979191073, 14.102818750799955 ], [ 100.305168815179144, 14.08445131722142 ], [ 100.273704203518562, 14.071659246783955 ], [ 100.273600979191073, 14.102818750799955 ] ] ] } },
{ "type": "Feature", "properties": { "cell_id": "33434476", "resolution": 11, "type": "fuller4t", "dggs_topology": "TRIANGLE", "dggs_type": "FULLER4T", "dggs_proj": "FULLER", "dggs_aperture_type": "PURE", "dggs_aperture": 4, "dggs_res_spec": 11 }, "geometry": { "type": "Polygon", "coordinates": [ [ [ 100.305068794607067, 14.115604873553243 ], [ 100.336635382909719, 14.097236276156746 ], [ 100.305168815179144, 14.08445131722142 ], [ 100.305068794607067, 14.115604873553243 ] ] ] } },
{ "type": "Feature", "properties": { "cell_id": "33430379", "resolution": 11, "type": "fuller4t", "dggs_topology": "TRIANGLE", "dggs_type": "FULLER4T", "dggs_proj": "FULLER", "dggs_aperture_type": "PURE", "dggs_aperture": 4, "dggs_res_spec": 11 }, "geometry": { "type": "Polygon", "coordinates": [ [ [ 100.273600979191073, 14.102818750799955 ], [ 100.305068794607067, 14.115604873553288 ], [ 100.305168815179144, 14.08445131722142 ], [ 100.273600979191073, 14.102818750799955 ] ] ] } },
{ "type": "Feature", "properties": { "cell_id": "33434477", "resolution": 11, "type": "fuller4t", "dggs_topology": "TRIANGLE", "dggs_type": "FULLER4T", "dggs_proj": "FULLER", "dggs_aperture_type": "PURE", "dggs_aperture": 4, "dggs_res_spec": 11 }, "geometry": { "type": "Polygon", "coordinates": [ [ [ 100.305068794607067, 14.115604873553243 ], [ 100.336538574490191, 14.128383882623057 ], [ 100.336635382909719, 14.097236276156746 ], [ 100.305068794607067, 14.115604873553243 ] ] ] } },
{ "type": "Feature", "properties": { "cell_id": "33430380", "resolution": 11, "type": "fuller4t", "dggs_topology": "TRIANGLE", "dggs_type": "FULLER4T", "dggs_proj": "FULLER", "dggs_aperture_type": "PURE", "dggs_aperture": 4, "dggs_res_spec": 11 }, "geometry": { "type": "Polygon", "coordinates": [ [ [ 100.273497523261426, 14.133978207325184 ], [ 100.305068794607067, 14.115604873553243 ], [ 100.273600979191059, 14.102818750799946 ], [ 100.273497523261426, 14.133978207325184 ] ] ] } },
{ "type": "Feature", "properties": { "cell_id": "33434478", "resolution": 11, "type": "fuller4t", "dggs_topology": "TRIANGLE", "dggs_type": "FULLER4T", "dggs_proj": "FULLER", "dggs_aperture_type": "PURE", "dggs_aperture": 4, "dggs_res_spec": 11 }, "geometry": { "type": "Polygon", "coordinates": [ [ [ 100.304968549872399, 14.146758384011353 ], [ 100.336538574490191, 14.128383882623057 ], [ 100.305068794607067, 14.115604873553243 ], [ 100.304968549872399, 14.146758384011353 ] ] ] } },
{ "type": "Feature", "properties": { "cell_id": "33430381", "resolution": 11, "type": "fuller4t", "dggs_topology": "TRIANGLE", "dggs_type": "FULLER4T", "dggs_proj": "FULLER", "dggs_aperture_type": "PURE", "dggs_aperture": 4, "dggs_res_spec": 11 }, "geometry": { "type": "Polygon", "coordinates": [ [ [ 100.273497523261426, 14.133978207325184 ], [ 100.304968549872399, 14.146758384011353 ], [ 100.305068794607067, 14.115604873553243 ], [ 100.273497523261426, 14.133978207325184 ] ] ] } },
{ "type": "Feature", "properties": { "cell_id": "33450854", "resolution": 11, "type": "fuller4t", "dggs_topology": "TRIANGLE", "dggs_type": "FULLER4T", "dggs_proj": "FULLER", "dggs_aperture_type": "PURE", "dggs_aperture": 4, "dggs_res_spec": 11 }, "geometry": { "type": "Polygon", "coordinates": [ [ [ 100.431565432872404, 13.948769188026672 ], [ 100.463103037172147, 13.930437428856628 ], [ 100.431651193806232, 13.917639170271904 ], [ 100.431565432872404, 13.948769188026672 ] ] ] } },
{ "type": "Feature", "properties": { "cell_id": "33446757", "resolution": 11, "type": "fuller4t", "dggs_topology": "TRIANGLE", "dggs_type": "FULLER4T", "dggs_proj": "FULLER", "dggs_aperture_type": "PURE", "dggs_aperture": 4, "dggs_res_spec": 11 }, "geometry": { "type": "Polygon", "coordinates": [ [ [ 100.400112286847033, 13.935969797147971 ], [ 100.431565432872404, 13.948769188026672 ], [ 100.431651193806232, 13.917639170271904 ], [ 100.400112286847033, 13.935969797147971 ] ] ] } },
{ "type": "Feature", "properties": { "cell_id": "33450855", "resolution": 11, "type": "fuller4t", "dggs_topology": "TRIANGLE", "dggs_type": "FULLER4T", "dggs_proj": "FULLER", "dggs_aperture_type": "PURE", "dggs_aperture": 4, "dggs_res_spec": 11 }, "geometry": { "type": "Polygon", "coordinates": [ [ [ 100.431565432872404, 13.948769188026672 ], [ 100.463020469893792, 13.961561477028189 ], [ 100.463103037172147, 13.930437428856628 ], [ 100.431565432872404, 13.948769188026672 ] ] ] } },
{ "type": "Feature", "properties": { "cell_id": "33454952", "resolution": 11, "type": "fuller4t", "dggs_topology": "TRIANGLE", "dggs_type": "FULLER4T", "dggs_proj": "FULLER", "dggs_aperture_type": "PURE", "dggs_aperture": 4, "dggs_res_spec": 11 }, "geometry": { "type": "Polygon", "coordinates": [ [ [ 100.463020469893763, 13.961561477028223 ], [ 100.494556759451129, 13.943228586912088 ], [ 100.463103037172147, 13.930437428856628 ], [ 100.463020469893763, 13.961561477028223 ] ] ] } },
{ "type": "Feature", "properties": { "cell_id": "33446758", "resolution": 11, "type": "fuller4t", "dggs_topology": "TRIANGLE", "dggs_type": "FULLER4T", "dggs_proj": "FULLER", "dggs_aperture_type": "PURE", "dggs_aperture": 4, "dggs_res_spec": 11 }, "geometry": { "type": "Polygon", "coordinates": [ [ [ 100.400023138867098, 13.967105741910471 ], [ 100.431565432872404, 13.948769188026672 ], [ 100.400112286847033, 13.935969797147971 ], [ 100.400023138867098, 13.967105741910471 ] ] ] } },
{ "type": "Feature", "properties": { "cell_id": "33454953", "resolution": 11, "type": "fuller4t", "dggs_topology": "TRIANGLE", "dggs_type": "FULLER4T", "dggs_proj": "FULLER", "dggs_aperture_type": "PURE", "dggs_aperture": 4, "dggs_res_spec": 11 }, "geometry": { "type": "Polygon", "coordinates": [ [ [ 100.463020469893763, 13.961561477028223 ], [ 100.49447739418882, 13.974346663304656 ], [ 100.494556759451129, 13.943228586912088 ], [ 100.463020469893763, 13.961561477028223 ] ] ] } },
{ "type": "Feature", "properties": { "cell_id": "33450856", "resolution": 11, "type": "fuller4t", "dggs_topology": "TRIANGLE", "dggs_type": "FULLER4T", "dggs_proj": "FULLER", "dggs_aperture_type": "PURE", "dggs_aperture": 4, "dggs_res_spec": 11 }, "geometry": { "type": "Polygon", "coordinates": [ [ [ 100.431479477610353, 13.979899166935397 ], [ 100.463020469893792, 13.96156147702818 ], [ 100.431565432872418, 13.948769188026629 ], [ 100.431479477610353, 13.979899166935397 ] ] ] } },
{ "type": "Feature", "properties": { "cell_id": "33450857", "resolution": 11, "type": "fuller4t", "dggs_topology": "TRIANGLE", "dggs_type": "FULLER4T", "dggs_proj": "FULLER", "dggs_aperture_type": "PURE", "dggs_aperture": 4, "dggs_res_spec": 11 }, "geometry": { "type": "Polygon", "coordinates": [ [ [ 100.431479477610353, 13.979899166935397 ], [ 100.462937715709884, 13.992685487882818 ], [ 100.463020469893792, 13.96156147702818 ], [ 100.431479477610353, 13.979899166935397 ] ] ] } },
{ "type": "Feature", "properties": { "cell_id": "33454954", "resolution": 11, "type": "fuller4t", "dggs_topology": "TRIANGLE", "dggs_type": "FULLER4T", "dggs_proj": "FULLER", "dggs_aperture_type": "PURE", "dggs_aperture": 4, "dggs_res_spec": 11 }, "geometry": { "type": "Polygon", "coordinates": [ [ [ 100.46293771570987, 13.992685487882863 ], [ 100.494477394188806, 13.974346663304647 ], [ 100.463020469893792, 13.961561477028189 ], [ 100.46293771570987, 13.992685487882863 ] ] ] } },
{ "type": "Feature", "properties": { "cell_id": "33454955", "resolution": 11, "type": "fuller4t", "dggs_topology": "TRIANGLE", "dggs_type": "FULLER4T", "dggs_proj": "FULLER", "dggs_aperture_type": "PURE", "dggs_aperture": 4, "dggs_res_spec": 11 }, "geometry": { "type": "Polygon", "coordinates": [ [ [ 100.46293771570987, 13.992685487882863 ], [ 100.494397849446599, 14.005464703905165 ], [ 100.494477394188806, 13.974346663304647 ], [ 100.46293771570987, 13.992685487882863 ] ] ] } },
{ "type": "Feature", "properties": { "cell_id": "33459048", "resolution": 11, "type": "fuller4t", "dggs_topology": "TRIANGLE", "dggs_type": "FULLER4T", "dggs_proj": "FULLER", "dggs_aperture_type": "PURE", "dggs_aperture": 4, "dggs_res_spec": 11 }, "geometry": { "type": "Polygon", "coordinates": [ [ [ 100.494556759451129, 13.943228586912088 ], [ 100.52608833975745, 13.924900506997275 ], [ 100.494635945265401, 13.912110474842214 ], [ 100.494556759451129, 13.943228586912088 ] ] ] } },
{ "type": "Feature", "properties": { "cell_id": "33463146", "resolution": 11, "type": "fuller4t", "dggs_topology": "TRIANGLE", "dggs_type": "FULLER4T", "dggs_proj": "FULLER", "dggs_aperture_type": "PURE", "dggs_aperture": 4, "dggs_res_spec": 11 }, "geometry": { "type": "Polygon", "coordinates": [ [ [ 100.526012356894356, 13.956012643575079 ], [ 100.557542597309734, 13.937683439117631 ], [ 100.526088339757436, 13.924900506997258 ], [ 100.526012356894356, 13.956012643575079 ] ] ] } },
{ "type": "Feature", "properties": { "cell_id": "33459049", "resolution": 11, "type": "fuller4t", "dggs_topology": "TRIANGLE", "dggs_type": "FULLER4T", "dggs_proj": "FULLER", "dggs_aperture_type": "PURE", "dggs_aperture": 4, "dggs_res_spec": 11 }, "geometry": { "type": "Polygon", "coordinates": [ [ [ 100.494556759451129, 13.943228586912088 ], [ 100.526012356894327, 13.956012643575113 ], [ 100.52608833975745, 13.924900506997275 ], [ 100.494556759451129, 13.943228586912088 ] ] ] } },
{ "type": "Feature", "properties": { "cell_id": "33463147", "resolution": 11, "type": "fuller4t", "dggs_topology": "TRIANGLE", "dggs_type": "FULLER4T", "dggs_proj": "FULLER", "dggs_aperture_type": "PURE", "dggs_aperture": 4, "dggs_res_spec": 11 }, "geometry": { "type": "Polygon", "coordinates": [ [ [ 100.526012356894356, 13.956012643575079 ], [ 100.557469825761885, 13.968789598012417 ], [ 100.557542597309734, 13.937683439117631 ], [ 100.526012356894356, 13.956012643575079 ] ] ] } },
{ "type": "Feature", "properties": { "cell_id": "33459050", "resolution": 11, "type": "fuller4t", "dggs_topology": "TRIANGLE", "dggs_type": "FULLER4T", "dggs_proj": "FULLER", "dggs_aperture_type": "PURE", "dggs_aperture": 4, "dggs_res_spec": 11 }, "geometry": { "type": "Polygon", "coordinates": [ [ [ 100.494477394188806, 13.974346663304647 ], [ 100.526012356894356, 13.956012643575079 ], [ 100.494556759451129, 13.943228586912088 ], [ 100.494477394188806, 13.974346663304647 ] ] ] } },
{ "type": "Feature", "properties": { "cell_id": "33459051", "resolution": 11, "type": "fuller4t", "dggs_topology": "TRIANGLE", "dggs_type": "FULLER4T", "dggs_proj": "FULLER", "dggs_aperture_type": "PURE", "dggs_aperture": 4, "dggs_res_spec": 11 }, "geometry": { "type": "Polygon", "coordinates": [ [ [ 100.494477394188806, 13.974346663304647 ], [ 100.525936202011863, 13.987124745993178 ], [ 100.526012356894356, 13.956012643575079 ], [ 100.494477394188806, 13.974346663304647 ] ] ] } },
{ "type": "Feature", "properties": { "cell_id": "33463148", "resolution": 11, "type": "fuller4t", "dggs_topology": "TRIANGLE", "dggs_type": "FULLER4T", "dggs_proj": "FULLER", "dggs_aperture_type": "PURE", "dggs_aperture": 4, "dggs_res_spec": 11 }, "geometry": { "type": "Polygon", "coordinates": [ [ [ 100.525936202011863, 13.987124745993178 ], [ 100.557469825761885, 13.968789598012417 ], [ 100.526012356894356, 13.956012643575079 ], [ 100.525936202011863, 13.987124745993178 ] ] ] } },
{ "type": "Feature", "properties": { "cell_id": "33463149", "resolution": 11, "type": "fuller4t", "dggs_topology": "TRIANGLE", "dggs_type": "FULLER4T", "dggs_proj": "FULLER", "dggs_aperture_type": "PURE", "dggs_aperture": 4, "dggs_res_spec": 11 }, "geometry": { "type": "Polygon", "coordinates": [ [ [ 100.525936202011863, 13.987124745993178 ], [ 100.557396889642405, 13.999895724283308 ], [ 100.557469825761885, 13.968789598012417 ], [ 100.525936202011863, 13.987124745993178 ] ] ] } },
{ "type": "Feature", "properties": { "cell_id": "33459052", "resolution": 11, "type": "fuller4t", "dggs_topology": "TRIANGLE", "dggs_type": "FULLER4T", "dggs_proj": "FULLER", "dggs_aperture_type": "PURE", "dggs_aperture": 4, "dggs_res_spec": 11 }, "geometry": { "type": "Polygon", "coordinates": [ [ [ 100.494397849446599, 14.005464703905165 ], [ 100.525936202011863, 13.987124745993178 ], [ 100.494477394188806, 13.974346663304647 ], [ 100.494397849446599, 14.005464703905165 ] ] ] } },
{ "type": "Feature", "properties": { "cell_id": "33459053", "resolution": 11, "type": "fuller4t", "dggs_topology": "TRIANGLE", "dggs_type": "FULLER4T", "dggs_proj": "FULLER", "dggs_aperture_type": "PURE", "dggs_aperture": 4, "dggs_res_spec": 11 }, "geometry": { "type": "Polygon", "coordinates": [ [ [ 100.494397849446599, 14.005464703905165 ], [ 100.525859875110257, 14.018236814184805 ], [ 100.525936202011863, 13.987124745993178 ], [ 100.494397849446599, 14.005464703905165 ] ] ] } },
{ "type": "Feature", "properties": { "cell_id": "33438563", "resolution": 11, "type": "fuller4t", "dggs_topology": "TRIANGLE", "dggs_type": "FULLER4T", "dggs_proj": "FULLER", "dggs_aperture_type": "PURE", "dggs_aperture": 4, "dggs_res_spec": 11 }, "geometry": { "type": "Polygon", "coordinates": [ [ [ 100.337116174338348, 13.941497583123546 ], [ 100.368568703208155, 13.954305213685624 ], [ 100.368661035516936, 13.923163305225112 ], [ 100.337116174338348, 13.941497583123546 ] ] ] } },
{ "type": "Feature", "properties": { "cell_id": "33442661", "resolution": 11, "type": "fuller4t", "dggs_topology": "TRIANGLE", "dggs_type": "FULLER4T", "dggs_proj": "FULLER", "dggs_aperture_type": "PURE", "dggs_aperture": 4, "dggs_res_spec": 11 }, "geometry": { "type": "Polygon", "coordinates": [ [ [ 100.368568703208155, 13.954305213685624 ], [ 100.400023138867098, 13.967105741910471 ], [ 100.400112286847033, 13.935969797147971 ], [ 100.368568703208155, 13.954305213685624 ] ] ] } },
{ "type": "Feature", "properties": { "cell_id": "33438564", "resolution": 11, "type": "fuller4t", "dggs_topology": "TRIANGLE", "dggs_type": "FULLER4T", "dggs_proj": "FULLER", "dggs_aperture_type": "PURE", "dggs_aperture": 4, "dggs_res_spec": 11 }, "geometry": { "type": "Polygon", "coordinates": [ [ [ 100.337020449412279, 13.972645409447681 ], [ 100.368568703208155, 13.954305213685624 ], [ 100.337116174338348, 13.941497583123546 ], [ 100.337020449412279, 13.972645409447681 ] ] ] } },
{ "type": "Feature", "properties": { "cell_id": "33446759", "resolution": 11, "type": "fuller4t", "dggs_topology": "TRIANGLE", "dggs_type": "FULLER4T", "dggs_proj": "FULLER", "dggs_aperture_type": "PURE", "dggs_aperture": 4, "dggs_res_spec": 11 }, "geometry": { "type": "Polygon", "coordinates": [ [ [ 100.400023138867098, 13.967105741910471 ], [ 100.431479477610353, 13.979899166935397 ], [ 100.431565432872404, 13.948769188026672 ], [ 100.400023138867098, 13.967105741910471 ] ] ] } },
{ "type": "Feature", "properties": { "cell_id": "33442662", "resolution": 11, "type": "fuller4t", "dggs_topology": "TRIANGLE", "dggs_type": "FULLER4T", "dggs_proj": "FULLER", "dggs_aperture_type": "PURE", "dggs_aperture": 4, "dggs_res_spec": 11 }, "geometry": { "type": "Polygon", "coordinates": [ [ [ 100.368476161686957, 13.985447080079835 ], [ 100.400023138867098, 13.967105741910471 ], [ 100.368568703208155, 13.954305213685624 ], [ 100.368476161686957, 13.985447080079835 ] ] ] } },
{ "type": "Feature", "properties": { "cell_id": "33438565", "resolution": 11, "type": "fuller4t", "dggs_topology": "TRIANGLE", "dggs_type": "FULLER4T", "dggs_proj": "FULLER", "dggs_aperture_type": "PURE", "dggs_aperture": 4, "dggs_res_spec": 11 }, "geometry": { "type": "Polygon", "coordinates": [ [ [ 100.337020449412279, 13.972645409447681 ], [ 100.368476161686957, 13.985447080079835 ], [ 100.368568703208155, 13.954305213685624 ], [ 100.337020449412279, 13.972645409447681 ] ] ] } },
{ "type": "Feature", "properties": { "cell_id": "33442663", "resolution": 11, "type": "fuller4t", "dggs_topology": "TRIANGLE", "dggs_type": "FULLER4T", "dggs_proj": "FULLER", "dggs_aperture_type": "PURE", "dggs_aperture": 4, "dggs_res_spec": 11 }, "geometry": { "type": "Polygon", "coordinates": [ [ [ 100.368476161686957, 13.985447080079835 ], [ 100.399933789107436, 13.998241646169605 ], [ 100.400023138867098, 13.967105741910471 ], [ 100.368476161686957, 13.985447080079835 ] ] ] } },
{ "type": "Feature", "properties": { "cell_id": "33446760", "resolution": 11, "type": "fuller4t", "dggs_topology": "TRIANGLE", "dggs_type": "FULLER4T", "dggs_proj": "FULLER", "dggs_aperture_type": "PURE", "dggs_aperture": 4, "dggs_res_spec": 11 }, "geometry": { "type": "Polygon", "coordinates": [ [ [ 100.399933789107436, 13.998241646169605 ], [ 100.431479477610353, 13.979899166935397 ], [ 100.400023138867098, 13.967105741910471 ], [ 100.399933789107436, 13.998241646169605 ] ] ] } },
{ "type": "Feature", "properties": { "cell_id": "33438566", "resolution": 11, "type": "fuller4t", "dggs_topology": "TRIANGLE", "dggs_type": "FULLER4T", "dggs_proj": "FULLER", "dggs_aperture_type": "PURE", "dggs_aperture": 4, "dggs_res_spec": 11 }, "geometry": { "type": "Polygon", "coordinates": [ [ [ 100.336924507828456, 14.003793192030322 ], [ 100.368476161686957, 13.985447080079835 ], [ 100.337020449412279, 13.972645409447681 ], [ 100.336924507828456, 14.003793192030322 ] ] ] } },
{ "type": "Feature", "properties": { "cell_id": "33446761", "resolution": 11, "type": "fuller4t", "dggs_topology": "TRIANGLE", "dggs_type": "FULLER4T", "dggs_proj": "FULLER", "dggs_aperture_type": "PURE", "dggs_aperture": 4, "dggs_res_spec": 11 }, "geometry": { "type": "Polygon", "coordinates": [ [ [ 100.399933789107436, 13.998241646169605 ], [ 100.431393327972231, 14.011029106854679 ], [ 100.431479477610353, 13.979899166935397 ], [ 100.399933789107436, 13.998241646169605 ] ] ] } },
{ "type": "Feature", "properties": { "cell_id": "33442664", "resolution": 11, "type": "fuller4t", "dggs_topology": "TRIANGLE", "dggs_type": "FULLER4T", "dggs_proj": "FULLER", "dggs_aperture_type": "PURE", "dggs_aperture": 4, "dggs_res_spec": 11 }, "geometry": { "type": "Polygon", "coordinates": [ [ [ 100.368383410921652, 14.016588904280342 ], [ 100.399933789107436, 13.998241646169605 ], [ 100.368476161686957, 13.985447080079835 ], [ 100.368383410921652, 14.016588904280342 ] ] ] } },
{ "type": "Feature", "properties": { "cell_id": "33438567", "resolution": 11, "type": "fuller4t", "dggs_topology": "TRIANGLE", "dggs_type": "FULLER4T", "dggs_proj": "FULLER", "dggs_aperture_type": "PURE", "dggs_aperture": 4, "dggs_res_spec": 11 }, "geometry": { "type": "Polygon", "coordinates": [ [ [ 100.336924507828456, 14.003793192030322 ], [ 100.368383410921652, 14.016588904280342 ], [ 100.368476161686957, 13.985447080079835 ], [ 100.336924507828456, 14.003793192030322 ] ] ] } },
{ "type": "Feature", "properties": { "cell_id": "33442665", "resolution": 11, "type": "fuller4t", "dggs_topology": "TRIANGLE", "dggs_type": "FULLER4T", "dggs_proj": "FULLER", "dggs_aperture_type": "PURE", "dggs_aperture": 4, "dggs_res_spec": 11 }, "geometry": { "type": "Polygon", "coordinates": [ [ [ 100.368383410921652, 14.016588904280342 ], [ 100.399844237536371, 14.029377509801165 ], [ 100.399933789107436, 13.998241646169605 ], [ 100.368383410921652, 14.016588904280342 ] ] ] } },
{ "type": "Feature", "properties": { "cell_id": "33446762", "resolution": 11, "type": "fuller4t", "dggs_topology": "TRIANGLE", "dggs_type": "FULLER4T", "dggs_proj": "FULLER", "dggs_aperture_type": "PURE", "dggs_aperture": 4, "dggs_res_spec": 11 }, "geometry": { "type": "Polygon", "coordinates": [ [ [ 100.399844237536371, 14.029377509801208 ], [ 100.431393327972202, 14.011029106854716 ], [ 100.39993378910745, 13.998241646169616 ], [ 100.399844237536371, 14.029377509801208 ] ] ] } },
{ "type": "Feature", "properties": { "cell_id": "33438568", "resolution": 11, "type": "fuller4t", "dggs_topology": "TRIANGLE", "dggs_type": "FULLER4T", "dggs_proj": "FULLER", "dggs_aperture_type": "PURE", "dggs_aperture": 4, "dggs_res_spec": 11 }, "geometry": { "type": "Polygon", "coordinates": [ [ [ 100.336828349571221, 14.034940930763209 ], [ 100.368383410921652, 14.016588904280342 ], [ 100.336924507828456, 14.003793192030322 ], [ 100.336828349571221, 14.034940930763209 ] ] ] } },
{ "type": "Feature", "properties": { "cell_id": "33446763", "resolution": 11, "type": "fuller4t", "dggs_topology": "TRIANGLE", "dggs_type": "FULLER4T", "dggs_proj": "FULLER", "dggs_aperture_type": "PURE", "dggs_aperture": 4, "dggs_res_spec": 11 }, "geometry": { "type": "Polygon", "coordinates": [ [ [ 100.399844237536371, 14.029377509801208 ], [ 100.431306983974366, 14.042159007730827 ], [ 100.431393327972202, 14.011029106854716 ], [ 100.399844237536371, 14.029377509801208 ] ] ] } },
{ "type": "Feature", "properties": { "cell_id": "33442666", "resolution": 11, "type": "fuller4t", "dggs_topology": "TRIANGLE", "dggs_type": "FULLER4T", "dggs_proj": "FULLER", "dggs_aperture_type": "PURE", "dggs_aperture": 4, "dggs_res_spec": 11 }, "geometry": { "type": "Polygon", "coordinates": [ [ [ 100.368290450896524, 14.047730686182078 ], [ 100.399844237536357, 14.029377509801154 ], [ 100.368383410921652, 14.016588904280342 ], [ 100.368290450896524, 14.047730686182078 ] ] ] } },
{ "type": "Feature", "properties": { "cell_id": "33438569", "resolution": 11, "type": "fuller4t", "dggs_topology": "TRIANGLE", "dggs_type": "FULLER4T", "dggs_proj": "FULLER", "dggs_aperture_type": "PURE", "dggs_aperture": 4, "dggs_res_spec": 11 }, "geometry": { "type": "Polygon", "coordinates": [ [ [ 100.336828349571221, 14.034940930763209 ], [ 100.368290450896538, 14.04773068618209 ], [ 100.368383410921652, 14.016588904280342 ], [ 100.336828349571221, 14.034940930763209 ] ] ] } },
{ "type": "Feature", "properties": { "cell_id": "33442667", "resolution": 11, "type": "fuller4t", "dggs_topology": "TRIANGLE", "dggs_type": "FULLER4T", "dggs_proj": "FULLER", "dggs_aperture_type": "PURE", "dggs_aperture": 4, "dggs_res_spec": 11 }, "geometry": { "type": "Polygon", "coordinates": [ [ [ 100.368290450896524, 14.047730686182078 ], [ 100.399754484122113, 14.060513332680811 ], [ 100.399844237536357, 14.029377509801154 ], [ 100.368290450896524, 14.047730686182078 ] ] ] } },
{ "type": "Feature", "properties": { "cell_id": "33446764", "resolution": 11, "type": "fuller4t", "dggs_topology": "TRIANGLE", "dggs_type": "FULLER4T", "dggs_proj": "FULLER", "dggs_aperture_type": "PURE", "dggs_aperture": 4, "dggs_res_spec": 11 }, "geometry": { "type": "Polygon", "coordinates": [ [ [ 100.399754484122084, 14.060513332680847 ], [ 100.431306983974352, 14.042159007730818 ], [ 100.399844237536371, 14.029377509801165 ], [ 100.399754484122084, 14.060513332680847 ] ] ] } },
{ "type": "Feature", "properties": { "cell_id": "33450858", "resolution": 11, "type": "fuller4t", "dggs_topology": "TRIANGLE", "dggs_type": "FULLER4T", "dggs_proj": "FULLER", "dggs_aperture_type": "PURE", "dggs_aperture": 4, "dggs_res_spec": 11 }, "geometry": { "type": "Polygon", "coordinates": [ [ [ 100.431393327972202, 14.011029106854716 ], [ 100.46293771570987, 13.992685487882863 ], [ 100.431479477610353, 13.979899166935397 ], [ 100.431393327972202, 14.011029106854716 ] ] ] } },
{ "type": "Feature", "properties": { "cell_id": "33450859", "resolution": 11, "type": "fuller4t", "dggs_topology": "TRIANGLE", "dggs_type": "FULLER4T", "dggs_proj": "FULLER", "dggs_aperture_type": "PURE", "dggs_aperture": 4, "dggs_res_spec": 11 }, "geometry": { "type": "Polygon", "coordinates": [ [ [ 100.431393327972202, 14.011029106854716 ], [ 100.462854774588592, 14.023809461302692 ], [ 100.46293771570987, 13.992685487882863 ], [ 100.431393327972202, 14.011029106854716 ] ] ] } },
{ "type": "Feature", "properties": { "cell_id": "33454956", "resolution": 11, "type": "fuller4t", "dggs_topology": "TRIANGLE", "dggs_type": "FULLER4T", "dggs_proj": "FULLER", "dggs_aperture_type": "PURE", "dggs_aperture": 4, "dggs_res_spec": 11 }, "geometry": { "type": "Polygon", "coordinates": [ [ [ 100.462854774588592, 14.023809461302692 ], [ 100.494397849446599, 14.005464703905165 ], [ 100.46293771570987, 13.992685487882863 ], [ 100.462854774588592, 14.023809461302692 ] ] ] } },
{ "type": "Feature", "properties": { "cell_id": "33454957", "resolution": 11, "type": "fuller4t", "dggs_topology": "TRIANGLE", "dggs_type": "FULLER4T", "dggs_proj": "FULLER", "dggs_aperture_type": "PURE", "dggs_aperture": 4, "dggs_res_spec": 11 }, "geometry": { "type": "Polygon", "coordinates": [ [ [ 100.462854774588592, 14.023809461302692 ], [ 100.494318125224751, 14.036582708643826 ], [ 100.494397849446599, 14.005464703905165 ], [ 100.462854774588592, 14.023809461302692 ] ] ] } },
{ "type": "Feature", "properties": { "cell_id": "33450860", "resolution": 11, "type": "fuller4t", "dggs_topology": "TRIANGLE", "dggs_type": "FULLER4T", "dggs_proj": "FULLER", "dggs_aperture_type": "PURE", "dggs_aperture": 4, "dggs_res_spec": 11 }, "geometry": { "type": "Polygon", "coordinates": [ [ [ 100.431306983974352, 14.042159007730818 ], [ 100.462854774588592, 14.023809461302692 ], [ 100.431393327972231, 14.011029106854679 ], [ 100.431306983974352, 14.042159007730818 ] ] ] } },
{ "type": "Feature", "properties": { "cell_id": "33450861", "resolution": 11, "type": "fuller4t", "dggs_topology": "TRIANGLE", "dggs_type": "FULLER4T", "dggs_proj": "FULLER", "dggs_aperture_type": "PURE", "dggs_aperture": 4, "dggs_res_spec": 11 }, "geometry": { "type": "Polygon", "coordinates": [ [ [ 100.431306983974352, 14.042159007730818 ], [ 100.462771646530229, 14.054933397214691 ], [ 100.462854774588592, 14.023809461302692 ], [ 100.431306983974352, 14.042159007730818 ] ] ] } },
{ "type": "Feature", "properties": { "cell_id": "33454958", "resolution": 11, "type": "fuller4t", "dggs_topology": "TRIANGLE", "dggs_type": "FULLER4T", "dggs_proj": "FULLER", "dggs_aperture_type": "PURE", "dggs_aperture": 4, "dggs_res_spec": 11 }, "geometry": { "type": "Polygon", "coordinates": [ [ [ 100.462771646530243, 14.054933397214699 ], [ 100.494318125224751, 14.036582708643826 ], [ 100.462854774588592, 14.023809461302692 ], [ 100.462771646530243, 14.054933397214699 ] ] ] } },
{ "type": "Feature", "properties": { "cell_id": "33454959", "resolution": 11, "type": "fuller4t", "dggs_topology": "TRIANGLE", "dggs_type": "FULLER4T", "dggs_proj": "FULLER", "dggs_aperture_type": "PURE", "dggs_aperture": 4, "dggs_res_spec": 11 }, "geometry": { "type": "Polygon", "coordinates": [ [ [ 100.462771646530243, 14.054933397214699 ], [ 100.494238221491429, 14.067700677405769 ], [ 100.494318125224751, 14.036582708643826 ], [ 100.462771646530243, 14.054933397214699 ] ] ] } },
{ "type": "Feature", "properties": { "cell_id": "33450862", "resolution": 11, "type": "fuller4t", "dggs_topology": "TRIANGLE", "dggs_type": "FULLER4T", "dggs_proj": "FULLER", "dggs_aperture_type": "PURE", "dggs_aperture": 4, "dggs_res_spec": 11 }, "geometry": { "type": "Polygon", "coordinates": [ [ [ 100.431220445585026, 14.073288869442559 ], [ 100.462771646530229, 14.054933397214691 ], [ 100.431306983974352, 14.042159007730818 ], [ 100.431220445585026, 14.073288869442559 ] ] ] } },
{ "type": "Feature", "properties": { "cell_id": "33450863", "resolution": 11, "type": "fuller4t", "dggs_topology": "TRIANGLE", "dggs_type": "FULLER4T", "dggs_proj": "FULLER", "dggs_aperture_type": "PURE", "dggs_aperture": 4, "dggs_res_spec": 11 }, "geometry": { "type": "Polygon", "coordinates": [ [ [ 100.431220445585026, 14.073288869442559 ], [ 100.462688331519018, 14.086057295523297 ], [ 100.462771646530229, 14.054933397214691 ], [ 100.431220445585026, 14.073288869442559 ] ] ] } },
{ "type": "Feature", "properties": { "cell_id": "33463150", "resolution": 11, "type": "fuller4t", "dggs_topology": "TRIANGLE", "dggs_type": "FULLER4T", "dggs_proj": "FULLER", "dggs_aperture_type": "PURE", "dggs_aperture": 4, "dggs_res_spec": 11 }, "geometry": { "type": "Polygon", "coordinates": [ [ [ 100.525859875110257, 14.018236814184805 ], [ 100.557396889642405, 13.999895724283308 ], [ 100.525936202011863, 13.987124745993178 ], [ 100.525859875110257, 14.018236814184805 ] ] ] } },
{ "type": "Feature", "properties": { "cell_id": "33463151", "resolution": 11, "type": "fuller4t", "dggs_topology": "TRIANGLE", "dggs_type": "FULLER4T", "dggs_proj": "FULLER", "dggs_aperture_type": "PURE", "dggs_aperture": 4, "dggs_res_spec": 11 }, "geometry": { "type": "Polygon", "coordinates": [ [ [ 100.525859875110257, 14.018236814184805 ], [ 100.557323788951464, 14.03100181786666 ], [ 100.557396889642405, 13.999895724283308 ], [ 100.525859875110257, 14.018236814184805 ] ] ] } },
{ "type": "Feature", "properties": { "cell_id": "33459054", "resolution": 11, "type": "fuller4t", "dggs_topology": "TRIANGLE", "dggs_type": "FULLER4T", "dggs_proj": "FULLER", "dggs_aperture_type": "PURE", "dggs_aperture": 4, "dggs_res_spec": 11 }, "geometry": { "type": "Polygon", "coordinates": [ [ [ 100.494318125224751, 14.036582708643826 ], [ 100.525859875110257, 14.018236814184805 ], [ 100.494397849446599, 14.005464703905165 ], [ 100.494318125224751, 14.036582708643826 ] ] ] } },
{ "type": "Feature", "properties": { "cell_id": "33463152", "resolution": 11, "type": "fuller4t", "dggs_topology": "TRIANGLE", "dggs_type": "FULLER4T", "dggs_proj": "FULLER", "dggs_aperture_type": "PURE", "dggs_aperture": 4, "dggs_res_spec": 11 }, "geometry": { "type": "Polygon", "coordinates": [ [ [ 100.525783376157662, 14.04934884803833 ], [ 100.557323788951464, 14.03100181786666 ], [ 100.525859875110257, 14.018236814184805 ], [ 100.525783376157662, 14.04934884803833 ] ] ] } },
{ "type": "Feature", "properties": { "cell_id": "33459055", "resolution": 11, "type": "fuller4t", "dggs_topology": "TRIANGLE", "dggs_type": "FULLER4T", "dggs_proj": "FULLER", "dggs_aperture_type": "PURE", "dggs_aperture": 4, "dggs_res_spec": 11 }, "geometry": { "type": "Polygon", "coordinates": [ [ [ 100.494318125224751, 14.036582708643826 ], [ 100.525783376157662, 14.04934884803833 ], [ 100.525859875110257, 14.018236814184805 ], [ 100.494318125224751, 14.036582708643826 ] ] ] } },
{ "type": "Feature", "properties": { "cell_id": "33463153", "resolution": 11, "type": "fuller4t", "dggs_topology": "TRIANGLE", "dggs_type": "FULLER4T", "dggs_proj": "FULLER", "dggs_aperture_type": "PURE", "dggs_aperture": 4, "dggs_res_spec": 11 }, "geometry": { "type": "Polygon", "coordinates": [ [ [ 100.525783376157662, 14.04934884803833 ], [ 100.557250523657217, 14.062107878653917 ], [ 100.557323788951464, 14.03100181786666 ], [ 100.525783376157662, 14.04934884803833 ] ] ] } },
{ "type": "Feature", "properties": { "cell_id": "33459056", "resolution": 11, "type": "fuller4t", "dggs_topology": "TRIANGLE", "dggs_type": "FULLER4T", "dggs_proj": "FULLER", "dggs_aperture_type": "PURE", "dggs_aperture": 4, "dggs_res_spec": 11 }, "geometry": { "type": "Polygon", "coordinates": [ [ [ 100.494238221491429, 14.067700677405769 ], [ 100.525783376157662, 14.04934884803833 ], [ 100.494318125224751, 14.036582708643826 ], [ 100.494238221491429, 14.067700677405769 ] ] ] } },
{ "type": "Feature", "properties": { "cell_id": "33463154", "resolution": 11, "type": "fuller4t", "dggs_topology": "TRIANGLE", "dggs_type": "FULLER4T", "dggs_proj": "FULLER", "dggs_aperture_type": "PURE", "dggs_aperture": 4, "dggs_res_spec": 11 }, "geometry": { "type": "Polygon", "coordinates": [ [ [ 100.525706705138248, 14.080460847464531 ], [ 100.557250523657217, 14.062107878653917 ], [ 100.525783376157662, 14.04934884803833 ], [ 100.525706705138248, 14.080460847464531 ] ] ] } },
{ "type": "Feature", "properties": { "cell_id": "33459057", "resolution": 11, "type": "fuller4t", "dggs_topology": "TRIANGLE", "dggs_type": "FULLER4T", "dggs_proj": "FULLER", "dggs_aperture_type": "PURE", "dggs_aperture": 4, "dggs_res_spec": 11 }, "geometry": { "type": "Polygon", "coordinates": [ [ [ 100.494238221491429, 14.067700677405769 ], [ 100.525706705138248, 14.080460847464531 ], [ 100.525783376157662, 14.04934884803833 ], [ 100.494238221491429, 14.067700677405769 ] ] ] } },
{ "type": "Feature", "properties": { "cell_id": "33463155", "resolution": 11, "type": "fuller4t", "dggs_topology": "TRIANGLE", "dggs_type": "FULLER4T", "dggs_proj": "FULLER", "dggs_aperture_type": "PURE", "dggs_aperture": 4, "dggs_res_spec": 11 }, "geometry": { "type": "Polygon", "coordinates": [ [ [ 100.525706705138248, 14.080460847464531 ], [ 100.557177093743832, 14.093213906558889 ], [ 100.557250523657217, 14.062107878653917 ], [ 100.525706705138248, 14.080460847464531 ] ] ] } },
{ "type": "Feature", "properties": { "cell_id": "33467248", "resolution": 11, "type": "fuller4t", "dggs_topology": "TRIANGLE", "dggs_type": "FULLER4T", "dggs_proj": "FULLER", "dggs_aperture_type": "PURE", "dggs_aperture": 4, "dggs_res_spec": 11 }, "geometry": { "type": "Polygon", "coordinates": [ [ [ 100.557323788951479, 14.03100181786667 ], [ 100.58885945335274, 14.012659597372178 ], [ 100.557396889642405, 13.999895724283308 ], [ 100.557323788951479, 14.03100181786667 ] ] ] } },
{ "type": "Feature", "properties": { "cell_id": "33471346", "resolution": 11, "type": "fuller4t", "dggs_topology": "TRIANGLE", "dggs_type": "FULLER4T", "dggs_proj": "FULLER", "dggs_aperture_type": "PURE", "dggs_aperture": 4, "dggs_res_spec": 11 }, "geometry": { "type": "Polygon", "coordinates": [ [ [ 100.588789587245827, 14.043759714148129 ], [ 100.620323889392026, 14.025416364441886 ], [ 100.588859453352725, 14.012659597372169 ], [ 100.588789587245827, 14.043759714148129 ] ] ] } },
{ "type": "Feature", "properties": { "cell_id": "33467249", "resolution": 11, "type": "fuller4t", "dggs_topology": "TRIANGLE", "dggs_type": "FULLER4T", "dggs_proj": "FULLER", "dggs_aperture_type": "PURE", "dggs_aperture": 4, "dggs_res_spec": 11 }, "geometry": { "type": "Polygon", "coordinates": [ [ [ 100.557323788951479, 14.03100181786667 ], [ 100.588789587245827, 14.043759714148129 ], [ 100.58885945335274, 14.012659597372178 ], [ 100.557323788951479, 14.03100181786667 ] ] ] } },
{ "type": "Feature", "properties": { "cell_id": "33471347", "resolution": 11, "type": "fuller4t", "dggs_topology": "TRIANGLE", "dggs_type": "FULLER4T", "dggs_proj": "FULLER", "dggs_aperture_type": "PURE", "dggs_aperture": 4, "dggs_res_spec": 11 }, "geometry": { "type": "Polygon", "coordinates": [ [ [ 100.588789587245827, 14.043759714148129 ], [ 100.620257266261788, 14.056510502234103 ], [ 100.620323889392026, 14.025416364441886 ], [ 100.588789587245827, 14.043759714148129 ] ] ] } },
{ "type": "Feature", "properties": { "cell_id": "33467250", "resolution": 11, "type": "fuller4t", "dggs_topology": "TRIANGLE", "dggs_type": "FULLER4T", "dggs_proj": "FULLER", "dggs_aperture_type": "PURE", "dggs_aperture": 4, "dggs_res_spec": 11 }, "geometry": { "type": "Polygon", "coordinates": [ [ [ 100.557250523657217, 14.062107878653917 ], [ 100.588789587245827, 14.043759714148129 ], [ 100.557323788951464, 14.03100181786666 ], [ 100.557250523657217, 14.062107878653917 ] ] ] } },
{ "type": "Feature", "properties": { "cell_id": "33471348", "resolution": 11, "type": "fuller4t", "dggs_topology": "TRIANGLE", "dggs_type": "FULLER4T", "dggs_proj": "FULLER", "dggs_aperture_type": "PURE", "dggs_aperture": 4, "dggs_res_spec": 11 }, "geometry": { "type": "Polygon", "coordinates": [ [ [ 100.58871956398626, 14.074859799665742 ], [ 100.620257266261802, 14.05651050223411 ], [ 100.588789587245827, 14.043759714148129 ], [ 100.58871956398626, 14.074859799665742 ] ] ] } },
{ "type": "Feature", "properties": { "cell_id": "33467251", "resolution": 11, "type": "fuller4t", "dggs_topology": "TRIANGLE", "dggs_type": "FULLER4T", "dggs_proj": "FULLER", "dggs_aperture_type": "PURE", "dggs_aperture": 4, "dggs_res_spec": 11 }, "geometry": { "type": "Polygon", "coordinates": [ [ [ 100.557250523657217, 14.062107878653917 ], [ 100.58871956398626, 14.074859799665742 ], [ 100.588789587245827, 14.043759714148129 ], [ 100.557250523657217, 14.062107878653917 ] ] ] } },
{ "type": "Feature", "properties": { "cell_id": "33471349", "resolution": 11, "type": "fuller4t", "dggs_topology": "TRIANGLE", "dggs_type": "FULLER4T", "dggs_proj": "FULLER", "dggs_aperture_type": "PURE", "dggs_aperture": 4, "dggs_res_spec": 11 }, "geometry": { "type": "Polygon", "coordinates": [ [ [ 100.58871956398626, 14.074859799665742 ], [ 100.620190493432546, 14.087604610301346 ], [ 100.620257266261802, 14.05651050223411 ], [ 100.58871956398626, 14.074859799665742 ] ] ] } },
{ "type": "Feature", "properties": { "cell_id": "33467252", "resolution": 11, "type": "fuller4t", "dggs_topology": "TRIANGLE", "dggs_type": "FULLER4T", "dggs_proj": "FULLER", "dggs_aperture_type": "PURE", "dggs_aperture": 4, "dggs_res_spec": 11 }, "geometry": { "type": "Polygon", "coordinates": [ [ [ 100.55717709374386, 14.093213906558905 ], [ 100.58871956398626, 14.074859799665742 ], [ 100.557250523657231, 14.062107878653924 ], [ 100.55717709374386, 14.093213906558905 ] ] ] } },
{ "type": "Feature", "properties": { "cell_id": "33471350", "resolution": 11, "type": "fuller4t", "dggs_topology": "TRIANGLE", "dggs_type": "FULLER4T", "dggs_proj": "FULLER", "dggs_aperture_type": "PURE", "dggs_aperture": 4, "dggs_res_spec": 11 }, "geometry": { "type": "Polygon", "coordinates": [ [ [ 100.58864938357425, 14.105959853864283 ], [ 100.620190493432546, 14.087604610301346 ], [ 100.58871956398626, 14.074859799665742 ], [ 100.58864938357425, 14.105959853864283 ] ] ] } },
{ "type": "Feature", "properties": { "cell_id": "33454960", "resolution": 11, "type": "fuller4t", "dggs_topology": "TRIANGLE", "dggs_type": "FULLER4T", "dggs_proj": "FULLER", "dggs_aperture_type": "PURE", "dggs_aperture": 4, "dggs_res_spec": 11 }, "geometry": { "type": "Polygon", "coordinates": [ [ [ 100.462688331519018, 14.086057295523297 ], [ 100.494238221491429, 14.067700677405769 ], [ 100.462771646530243, 14.054933397214699 ], [ 100.462688331519018, 14.086057295523297 ] ] ] } },
{ "type": "Feature", "properties": { "cell_id": "33454961", "resolution": 11, "type": "fuller4t", "dggs_topology": "TRIANGLE", "dggs_type": "FULLER4T", "dggs_proj": "FULLER", "dggs_aperture_type": "PURE", "dggs_aperture": 4, "dggs_res_spec": 11 }, "geometry": { "type": "Polygon", "coordinates": [ [ [ 100.462688331519018, 14.086057295523297 ], [ 100.494158138262947, 14.098818610143462 ], [ 100.494238221491429, 14.067700677405769 ], [ 100.462688331519018, 14.086057295523297 ] ] ] } },
{ "type": "Feature", "properties": { "cell_id": "33450864", "resolution": 11, "type": "fuller4t", "dggs_topology": "TRIANGLE", "dggs_type": "FULLER4T", "dggs_proj": "FULLER", "dggs_aperture_type": "PURE", "dggs_aperture": 4, "dggs_res_spec": 11 }, "geometry": { "type": "Polygon", "coordinates": [ [ [ 100.431133712772407, 14.10441869186884 ], [ 100.462688331519018, 14.086057295523297 ], [ 100.431220445585026, 14.073288869442559 ], [ 100.431133712772407, 14.10441869186884 ] ] ] } },
{ "type": "Feature", "properties": { "cell_id": "33450865", "resolution": 11, "type": "fuller4t", "dggs_topology": "TRIANGLE", "dggs_type": "FULLER4T", "dggs_proj": "FULLER", "dggs_aperture_type": "PURE", "dggs_aperture": 4, "dggs_res_spec": 11 }, "geometry": { "type": "Polygon", "coordinates": [ [ [ 100.431133712772407, 14.10441869186884 ], [ 100.462604829539174, 14.117181156132853 ], [ 100.462688331519018, 14.086057295523297 ], [ 100.431133712772407, 14.10441869186884 ] ] ] } },
{ "type": "Feature", "properties": { "cell_id": "33454962", "resolution": 11, "type": "fuller4t", "dggs_topology": "TRIANGLE", "dggs_type": "FULLER4T", "dggs_proj": "FULLER", "dggs_aperture_type": "PURE", "dggs_aperture": 4, "dggs_res_spec": 11 }, "geometry": { "type": "Polygon", "coordinates": [ [ [ 100.462604829539188, 14.117181156132872 ], [ 100.494158138262947, 14.098818610143462 ], [ 100.462688331519018, 14.086057295523297 ], [ 100.462604829539188, 14.117181156132872 ] ] ] } },
{ "type": "Feature", "properties": { "cell_id": "33454963", "resolution": 11, "type": "fuller4t", "dggs_topology": "TRIANGLE", "dggs_type": "FULLER4T", "dggs_proj": "FULLER", "dggs_aperture_type": "PURE", "dggs_aperture": 4, "dggs_res_spec": 11 }, "geometry": { "type": "Polygon", "coordinates": [ [ [ 100.462604829539188, 14.117181156132872 ], [ 100.494077875491399, 14.129936506719512 ], [ 100.494158138262947, 14.098818610143462 ], [ 100.462604829539188, 14.117181156132872 ] ] ] } },
{ "type": "Feature", "properties": { "cell_id": "33450866", "resolution": 11, "type": "fuller4t", "dggs_topology": "TRIANGLE", "dggs_type": "FULLER4T", "dggs_proj": "FULLER", "dggs_aperture_type": "PURE", "dggs_aperture": 4, "dggs_res_spec": 11 }, "geometry": { "type": "Polygon", "coordinates": [ [ [ 100.431046785536765, 14.135548474933119 ], [ 100.462604829539188, 14.117181156132817 ], [ 100.431133712772393, 14.104418691868833 ], [ 100.431046785536765, 14.135548474933119 ] ] ] } },
{ "type": "Feature", "properties": { "cell_id": "33459058", "resolution": 11, "type": "fuller4t", "dggs_topology": "TRIANGLE", "dggs_type": "FULLER4T", "dggs_proj": "FULLER", "dggs_aperture_type": "PURE", "dggs_aperture": 4, "dggs_res_spec": 11 }, "geometry": { "type": "Polygon", "coordinates": [ [ [ 100.494158138262947, 14.098818610143462 ], [ 100.525706705138248, 14.080460847464531 ], [ 100.494238221491429, 14.067700677405769 ], [ 100.494158138262947, 14.098818610143462 ] ] ] } },
{ "type": "Feature", "properties": { "cell_id": "33463156", "resolution": 11, "type": "fuller4t", "dggs_topology": "TRIANGLE", "dggs_type": "FULLER4T", "dggs_proj": "FULLER", "dggs_aperture_type": "PURE", "dggs_aperture": 4, "dggs_res_spec": 11 }, "geometry": { "type": "Polygon", "coordinates": [ [ [ 100.5256298620683, 14.11157281241888 ], [ 100.557177093743846, 14.093213906558855 ], [ 100.525706705138234, 14.08046084746452 ], [ 100.5256298620683, 14.11157281241888 ] ] ] } },
{ "type": "Feature", "properties": { "cell_id": "33459059", "resolution": 11, "type": "fuller4t", "dggs_topology": "TRIANGLE", "dggs_type": "FULLER4T", "dggs_proj": "FULLER", "dggs_aperture_type": "PURE", "dggs_aperture": 4, "dggs_res_spec": 11 }, "geometry": { "type": "Polygon", "coordinates": [ [ [ 100.494158138262947, 14.098818610143462 ], [ 100.525629862068271, 14.111572812418915 ], [ 100.525706705138248, 14.080460847464531 ], [ 100.494158138262947, 14.098818610143462 ] ] ] } },
{ "type": "Feature", "properties": { "cell_id": "33463157", "resolution": 11, "type": "fuller4t", "dggs_topology": "TRIANGLE", "dggs_type": "FULLER4T", "dggs_proj": "FULLER", "dggs_aperture_type": "PURE", "dggs_aperture": 4, "dggs_res_spec": 11 }, "geometry": { "type": "Polygon", "coordinates": [ [ [ 100.5256298620683, 14.11157281241888 ], [ 100.557103499211479, 14.124319901517771 ], [ 100.557177093743846, 14.093213906558855 ], [ 100.5256298620683, 14.11157281241888 ] ] ] } },
{ "type": "Feature", "properties": { "cell_id": "33459060", "resolution": 11, "type": "fuller4t", "dggs_topology": "TRIANGLE", "dggs_type": "FULLER4T", "dggs_proj": "FULLER", "dggs_aperture_type": "PURE", "dggs_aperture": 4, "dggs_res_spec": 11 }, "geometry": { "type": "Polygon", "coordinates": [ [ [ 100.494077875491428, 14.129936506719474 ], [ 100.5256298620683, 14.11157281241888 ], [ 100.494158138262932, 14.098818610143452 ], [ 100.494077875491428, 14.129936506719474 ] ] ] } },
{ "type": "Feature", "properties": { "cell_id": "33463158", "resolution": 11, "type": "fuller4t", "dggs_topology": "TRIANGLE", "dggs_type": "FULLER4T", "dggs_proj": "FULLER", "dggs_aperture_type": "PURE", "dggs_aperture": 4, "dggs_res_spec": 11 }, "geometry": { "type": "Polygon", "coordinates": [ [ [ 100.525552846899913, 14.142684742767205 ], [ 100.557103499211479, 14.124319901517771 ], [ 100.5256298620683, 14.11157281241888 ], [ 100.525552846899913, 14.142684742767205 ] ] ] } },
{ "type": "Feature", "properties": { "cell_id": "33459061", "resolution": 11, "type": "fuller4t", "dggs_topology": "TRIANGLE", "dggs_type": "FULLER4T", "dggs_proj": "FULLER", "dggs_aperture_type": "PURE", "dggs_aperture": 4, "dggs_res_spec": 11 }, "geometry": { "type": "Polygon", "coordinates": [ [ [ 100.494077875491428, 14.129936506719474 ], [ 100.525552846899913, 14.142684742767205 ], [ 100.5256298620683, 14.11157281241888 ], [ 100.494077875491428, 14.129936506719474 ] ] ] } },
{ "type": "Feature", "properties": { "cell_id": "33467253", "resolution": 11, "type": "fuller4t", "dggs_topology": "TRIANGLE", "dggs_type": "FULLER4T", "dggs_proj": "FULLER", "dggs_aperture_type": "PURE", "dggs_aperture": 4, "dggs_res_spec": 11 }, "geometry": { "type": "Polygon", "coordinates": [ [ [ 100.55717709374386, 14.093213906558905 ], [ 100.588649383574264, 14.105959853864288 ], [ 100.58871956398626, 14.074859799665742 ], [ 100.55717709374386, 14.093213906558905 ] ] ] } },
{ "type": "Feature", "properties": { "cell_id": "33471351", "resolution": 11, "type": "fuller4t", "dggs_topology": "TRIANGLE", "dggs_type": "FULLER4T", "dggs_proj": "FULLER", "dggs_aperture_type": "PURE", "dggs_aperture": 4, "dggs_res_spec": 11 }, "geometry": { "type": "Polygon", "coordinates": [ [ [ 100.58864938357425, 14.105959853864283 ], [ 100.620123570888424, 14.118698688563667 ], [ 100.620190493432546, 14.087604610301346 ], [ 100.58864938357425, 14.105959853864283 ] ] ] } },
{ "type": "Feature", "properties": { "cell_id": "33467254", "resolution": 11, "type": "fuller4t", "dggs_topology": "TRIANGLE", "dggs_type": "FULLER4T", "dggs_proj": "FULLER", "dggs_aperture_type": "PURE", "dggs_aperture": 4, "dggs_res_spec": 11 }, "geometry": { "type": "Polygon", "coordinates": [ [ [ 100.557103499211479, 14.12431990151782 ], [ 100.58864938357425, 14.105959853864283 ], [ 100.557177093743832, 14.093213906558889 ], [ 100.557103499211479, 14.12431990151782 ] ] ] } },
{ "type": "Feature", "properties": { "cell_id": "33467255", "resolution": 11, "type": "fuller4t", "dggs_topology": "TRIANGLE", "dggs_type": "FULLER4T", "dggs_proj": "FULLER", "dggs_aperture_type": "PURE", "dggs_aperture": 4, "dggs_res_spec": 11 }, "geometry": { "type": "Polygon", "coordinates": [ [ [ 100.557103499211479, 14.12431990151782 ], [ 100.588579045977852, 14.137059876638205 ], [ 100.58864938357425, 14.105959853864283 ], [ 100.557103499211479, 14.12431990151782 ] ] ] } },
{ "type": "Feature", "properties": { "cell_id": "33471352", "resolution": 11, "type": "fuller4t", "dggs_topology": "TRIANGLE", "dggs_type": "FULLER4T", "dggs_proj": "FULLER", "dggs_aperture_type": "PURE", "dggs_aperture": 4, "dggs_res_spec": 11 }, "geometry": { "type": "Polygon", "coordinates": [ [ [ 100.588579045977852, 14.137059876638205 ], [ 100.620123570888424, 14.118698688563667 ], [ 100.58864938357425, 14.105959853864283 ], [ 100.588579045977852, 14.137059876638205 ] ] ] } },
{ "type": "Feature", "properties": { "cell_id": "33471353", "resolution": 11, "type": "fuller4t", "dggs_topology": "TRIANGLE", "dggs_type": "FULLER4T", "dggs_proj": "FULLER", "dggs_aperture_type": "PURE", "dggs_aperture": 4, "dggs_res_spec": 11 }, "geometry": { "type": "Polygon", "coordinates": [ [ [ 100.588579045977852, 14.137059876638205 ], [ 100.62005649862958, 14.149792736963267 ], [ 100.620123570888424, 14.118698688563667 ], [ 100.588579045977852, 14.137059876638205 ] ] ] } },
{ "type": "Feature", "properties": { "cell_id": "33426281", "resolution": 11, "type": "fuller4t", "dggs_topology": "TRIANGLE", "dggs_type": "FULLER4T", "dggs_proj": "FULLER", "dggs_aperture_type": "PURE", "dggs_aperture": 4, "dggs_res_spec": 11 }, "geometry": { "type": "Polygon", "coordinates": [ [ [ 100.242135131905599, 14.090025515246669 ], [ 100.273600979191059, 14.102818750799946 ], [ 100.273704203518562, 14.071659246783955 ], [ 100.242135131905599, 14.090025515246669 ] ] ] } },
{ "type": "Feature", "properties": { "cell_id": "33442671", "resolution": 11, "type": "fuller4t", "dggs_topology": "TRIANGLE", "dggs_type": "FULLER4T", "dggs_proj": "FULLER", "dggs_aperture_type": "PURE", "dggs_aperture": 4, "dggs_res_spec": 11 }, "geometry": { "type": "Polygon", "coordinates": [ [ [ 100.368103903004183, 14.110014122668838 ], [ 100.399574371781313, 14.122784855888911 ], [ 100.399664528897048, 14.091649114773995 ], [ 100.368103903004183, 14.110014122668838 ] ] ] } },
{ "type": "Feature", "properties": { "cell_id": "33446768", "resolution": 11, "type": "fuller4t", "dggs_topology": "TRIANGLE", "dggs_type": "FULLER4T", "dggs_proj": "FULLER", "dggs_aperture_type": "PURE", "dggs_aperture": 4, "dggs_res_spec": 11 }, "geometry": { "type": "Polygon", "coordinates": [ [ [ 100.399574371781313, 14.122784855888911 ], [ 100.431133712772407, 14.10441869186884 ], [ 100.399664528897048, 14.091649114773995 ], [ 100.399574371781313, 14.122784855888911 ] ] ] } },
{ "type": "Feature", "properties": { "cell_id": "33438574", "resolution": 11, "type": "fuller4t", "dggs_topology": "TRIANGLE", "dggs_type": "FULLER4T", "dggs_proj": "FULLER", "dggs_aperture_type": "PURE", "dggs_aperture": 4, "dggs_res_spec": 11 }, "geometry": { "type": "Polygon", "coordinates": [ [ [ 100.336538574490191, 14.128383882623057 ], [ 100.368103903004183, 14.110014122668838 ], [ 100.336635382909719, 14.097236276156753 ], [ 100.336538574490191, 14.128383882623057 ] ] ] } },
{ "type": "Feature", "properties": { "cell_id": "33446769", "resolution": 11, "type": "fuller4t", "dggs_topology": "TRIANGLE", "dggs_type": "FULLER4T", "dggs_proj": "FULLER", "dggs_aperture_type": "PURE", "dggs_aperture": 4, "dggs_res_spec": 11 }, "geometry": { "type": "Polygon", "coordinates": [ [ [ 100.399574371781313, 14.122784855888911 ], [ 100.431046785536751, 14.135548474933159 ], [ 100.431133712772407, 14.10441869186884 ], [ 100.399574371781313, 14.122784855888911 ] ] ] } },
{ "type": "Feature", "properties": { "cell_id": "33438575", "resolution": 11, "type": "fuller4t", "dggs_topology": "TRIANGLE", "dggs_type": "FULLER4T", "dggs_proj": "FULLER", "dggs_aperture_type": "PURE", "dggs_aperture": 4, "dggs_res_spec": 11 }, "geometry": { "type": "Polygon", "coordinates": [ [ [ 100.336538574490191, 14.128383882623057 ], [ 100.368010315105536, 14.141155777043474 ], [ 100.368103903004183, 14.110014122668838 ], [ 100.336538574490191, 14.128383882623057 ] ] ] } },
{ "type": "Feature", "properties": { "cell_id": "33442672", "resolution": 11, "type": "fuller4t", "dggs_topology": "TRIANGLE", "dggs_type": "FULLER4T", "dggs_proj": "FULLER", "dggs_aperture_type": "PURE", "dggs_aperture": 4, "dggs_res_spec": 11 }, "geometry": { "type": "Polygon", "coordinates": [ [ [ 100.368010315105536, 14.141155777043474 ], [ 100.399574371781313, 14.122784855888911 ], [ 100.368103903004183, 14.110014122668838 ], [ 100.368010315105536, 14.141155777043474 ] ] ] } }
]
}
